solid OpenSCAD_Model
  facet normal 0.49999999642730675 0.49999999642730675 -0.7071067862390986
    outer loop
      vertex 12.399999618530273 7.582181930541992 1.8999996185302734
      vertex 9.123676300048828 12.399999618530273 2.9900007247924805
      vertex 12.399999618530273 9.123676300048828 2.9900007247924805
    endloop
  endfacet
  facet normal 0.4999999964273068 0.4999999964273068 -0.7071067862390987
    outer loop
      vertex 9.123676300048828 12.399999618530273 2.9900007247924805
      vertex 12.399999618530273 7.582181930541992 1.8999996185302734
      vertex 7.582181930541992 12.399999618530273 1.8999996185302734
    endloop
  endfacet
  facet normal -0.7071067811865475 -0.7071067811865475 0
    outer loop
      vertex 12.399999618530273 7.582181930541992 1.8999996185302734
      vertex 7.582181930541992 12.399999618530273 2.9900007247924805
      vertex 7.582181930541992 12.399999618530273 1.8999996185302734
    endloop
  endfacet
  facet normal -0.7071067811865475 -0.7071067811865475 0
    outer loop
      vertex 7.582181930541992 12.399999618530273 2.9900007247924805
      vertex 12.399999618530273 7.582181930541992 1.8999996185302734
      vertex 12.399999618530273 7.582181930541992 2.9900007247924805
    endloop
  endfacet
  facet normal -0.4999999964273068 0.4999999964273068 -0.7071067862390987
    outer loop
      vertex -12.399999618530273 7.582181930541992 1.8999996185302734
      vertex -9.123676300048828 12.399999618530273 2.9900007247924805
      vertex -7.582181930541992 12.399999618530273 1.8999996185302734
    endloop
  endfacet
  facet normal -0.49999999642730675 0.49999999642730675 -0.7071067862390986
    outer loop
      vertex -9.123676300048828 12.399999618530273 2.9900007247924805
      vertex -12.399999618530273 7.582181930541992 1.8999996185302734
      vertex -12.399999618530273 9.123676300048828 2.9900007247924805
    endloop
  endfacet
  facet normal 0.7071067811865475 -0.7071067811865475 0
    outer loop
      vertex -12.399999618530273 7.582181930541992 2.9900007247924805
      vertex -7.582181930541992 12.399999618530273 1.8999996185302734
      vertex -7.582181930541992 12.399999618530273 2.9900007247924805
    endloop
  endfacet
  facet normal 0.7071067811865475 -0.7071067811865475 0
    outer loop
      vertex -7.582181930541992 12.399999618530273 1.8999996185302734
      vertex -12.399999618530273 7.582181930541992 2.9900007247924805
      vertex -12.399999618530273 7.582181930541992 1.8999996185302734
    endloop
  endfacet
  facet normal -0.49999999642730675 -0.49999999642730675 -0.7071067862390986
    outer loop
      vertex -12.399999618530273 -9.123676300048828 2.9900007247924805
      vertex -7.582181930541992 -12.399999618530273 1.8999996185302734
      vertex -9.123676300048828 -12.399999618530273 2.9900007247924805
    endloop
  endfacet
  facet normal -0.4999999964273068 -0.4999999964273068 -0.7071067862390987
    outer loop
      vertex -7.582181930541992 -12.399999618530273 1.8999996185302734
      vertex -12.399999618530273 -9.123676300048828 2.9900007247924805
      vertex -12.399999618530273 -7.582181930541992 1.8999996185302734
    endloop
  endfacet
  facet normal 0.7071067811865475 0.7071067811865475 0
    outer loop
      vertex -7.582181930541992 -12.399999618530273 2.9900007247924805
      vertex -12.399999618530273 -7.582181930541992 1.8999996185302734
      vertex -12.399999618530273 -7.582181930541992 2.9900007247924805
    endloop
  endfacet
  facet normal 0.7071067811865475 0.7071067811865475 0
    outer loop
      vertex -12.399999618530273 -7.582181930541992 1.8999996185302734
      vertex -7.582181930541992 -12.399999618530273 2.9900007247924805
      vertex -7.582181930541992 -12.399999618530273 1.8999996185302734
    endloop
  endfacet
  facet normal -0.7071067811865475 0.7071067811865475 0
    outer loop
      vertex 7.582181930541992 -12.399999618530273 1.8999996185302734
      vertex 12.399999618530273 -7.582181930541992 2.9900007247924805
      vertex 12.399999618530273 -7.582181930541992 1.8999996185302734
    endloop
  endfacet
  facet normal -0.7071067811865475 0.7071067811865475 0
    outer loop
      vertex 12.399999618530273 -7.582181930541992 2.9900007247924805
      vertex 7.582181930541992 -12.399999618530273 1.8999996185302734
      vertex 7.582181930541992 -12.399999618530273 2.9900007247924805
    endloop
  endfacet
  facet normal 0.49999999642730675 -0.49999999642730675 -0.7071067862390986
    outer loop
      vertex 9.123676300048828 -12.399999618530273 2.9900007247924805
      vertex 12.399999618530273 -7.582181930541992 1.8999996185302734
      vertex 12.399999618530273 -9.123676300048828 2.9900007247924805
    endloop
  endfacet
  facet normal 0.4999999964273068 -0.4999999964273068 -0.7071067862390987
    outer loop
      vertex 12.399999618530273 -7.582181930541992 1.8999996185302734
      vertex 9.123676300048828 -12.399999618530273 2.9900007247924805
      vertex 7.582181930541992 -12.399999618530273 1.8999996185302734
    endloop
  endfacet
  facet normal -0.7071067811865475 -0.7071067811865475 0
    outer loop
      vertex -9.137256622314453 -12.399999618530273 2.9900007247924805
      vertex -12.399999618530273 -9.137256622314453 3.399998664855957
      vertex -12.399999618530273 -9.137256622314453 2.9900007247924805
    endloop
  endfacet
  facet normal -0.7071067811865475 -0.7071067811865475 0
    outer loop
      vertex -12.399999618530273 -9.137256622314453 3.399998664855957
      vertex -9.137256622314453 -12.399999618530273 2.9900007247924805
      vertex -9.137256622314453 -12.399999618530273 3.399998664855957
    endloop
  endfacet
  facet normal -1 0 0
    outer loop
      vertex -12.399999618530273 -7.582181930541992 1.8999996185302734
      vertex -12.399999618530273 -9.123676300048828 2.9900007247924805
      vertex -12.399999618530273 -7.582181930541992 2.9900007247924805
    endloop
  endfacet
  facet normal -1 0 0
    outer loop
      vertex -12.399999618530273 7.581629753112793 0.5999994277954102
      vertex -12.399999618530273 6 2.1999998092651367
      vertex -12.399999618530273 7.581629753112793 2.9900007247924805
    endloop
  endfacet
  facet normal -1 0 0
    outer loop
      vertex -12.399999618530273 7.581629753112793 0.5999994277954102
      vertex -12.399999618530273 -6 2.1999998092651367
      vertex -12.399999618530273 6 2.1999998092651367
    endloop
  endfacet
  facet normal -1 0 0
    outer loop
      vertex -12.399999618530273 -7.581629753112793 2.9900007247924805
      vertex -12.399999618530273 -6 2.1999998092651367
      vertex -12.399999618530273 -7.581629753112793 0.5999994277954102
    endloop
  endfacet
  facet normal -1 0 0
    outer loop
      vertex -12.399999618530273 -7.581629753112793 0.5999994277954102
      vertex -12.399999618530273 -6 2.1999998092651367
      vertex -12.399999618530273 7.581629753112793 0.5999994277954102
    endloop
  endfacet
  facet normal -1 0 0
    outer loop
      vertex -12.399999618530273 9.123676300048828 2.9900007247924805
      vertex -12.399999618530273 9.137256622314453 3.399998664855957
      vertex -12.399999618530273 9.137256622314453 2.9900007247924805
    endloop
  endfacet
  facet normal -1 0 0
    outer loop
      vertex -12.399999618530273 7.582181930541992 2.9900007247924805
      vertex -12.399999618530273 9.123676300048828 2.9900007247924805
      vertex -12.399999618530273 7.582181930541992 1.8999996185302734
    endloop
  endfacet
  facet normal -1 0 0
    outer loop
      vertex -12.399999618530273 9.123676300048828 2.9900007247924805
      vertex -12.399999618530273 7.582181930541992 2.9900007247924805
      vertex -12.399999618530273 9.137256622314453 3.399998664855957
    endloop
  endfacet
  facet normal -1 0 0
    outer loop
      vertex -12.399999618530273 7.581629753112793 2.9900007247924805
      vertex -12.399999618530273 9.137256622314453 3.399998664855957
      vertex -12.399999618530273 7.582181930541992 2.9900007247924805
    endloop
  endfacet
  facet normal -1 0 0
    outer loop
      vertex -12.399999618530273 6 2.59999942779541
      vertex -12.399999618530273 7.581629753112793 2.9900007247924805
      vertex -12.399999618530273 6 2.1999998092651367
    endloop
  endfacet
  facet normal -1 0 0
    outer loop
      vertex -12.399999618530273 -7.581629753112793 2.9900007247924805
      vertex -12.399999618530273 7.581629753112793 2.9900007247924805
      vertex -12.399999618530273 6 2.59999942779541
    endloop
  endfacet
  facet normal -1 0 0
    outer loop
      vertex -12.399999618530273 -7.581629753112793 2.9900007247924805
      vertex -12.399999618530273 6 2.59999942779541
      vertex -12.399999618530273 -6 2.59999942779541
    endloop
  endfacet
  facet normal -1 0 0
    outer loop
      vertex -12.399999618530273 -6 2.1999998092651367
      vertex -12.399999618530273 -7.581629753112793 2.9900007247924805
      vertex -12.399999618530273 -6 2.59999942779541
    endloop
  endfacet
  facet normal -1 0 0
    outer loop
      vertex -12.399999618530273 7.581629753112793 2.9900007247924805
      vertex -12.399999618530273 -7.581629753112793 2.9900007247924805
      vertex -12.399999618530273 9.137256622314453 3.399998664855957
    endloop
  endfacet
  facet normal -1 0 0
    outer loop
      vertex -12.399999618530273 -9.137256622314453 3.399998664855957
      vertex -12.399999618530273 -7.581629753112793 2.9900007247924805
      vertex -12.399999618530273 -7.582181930541992 2.9900007247924805
    endloop
  endfacet
  facet normal -1 0 0
    outer loop
      vertex -12.399999618530273 -9.137256622314453 3.399998664855957
      vertex -12.399999618530273 -7.582181930541992 2.9900007247924805
      vertex -12.399999618530273 -9.123676300048828 2.9900007247924805
    endloop
  endfacet
  facet normal -1 0 0
    outer loop
      vertex -12.399999618530273 -9.137256622314453 3.399998664855957
      vertex -12.399999618530273 -9.123676300048828 2.9900007247924805
      vertex -12.399999618530273 -9.137256622314453 2.9900007247924805
    endloop
  endfacet
  facet normal -1 0 0
    outer loop
      vertex -12.399999618530273 -7.581629753112793 2.9900007247924805
      vertex -12.399999618530273 -9.137256622314453 3.399998664855957
      vertex -12.399999618530273 9.137256622314453 3.399998664855957
    endloop
  endfacet
  facet normal 0.7071067811865475 0.7071067811865475 0
    outer loop
      vertex 12.399999618530273 9.137256622314453 3.399998664855957
      vertex 9.137256622314453 12.399999618530273 2.9900007247924805
      vertex 9.137256622314453 12.399999618530273 3.399998664855957
    endloop
  endfacet
  facet normal 0.7071067811865475 0.7071067811865475 0
    outer loop
      vertex 9.137256622314453 12.399999618530273 2.9900007247924805
      vertex 12.399999618530273 9.137256622314453 3.399998664855957
      vertex 12.399999618530273 9.137256622314453 2.9900007247924805
    endloop
  endfacet
  facet normal 0 -1 0
    outer loop
      vertex 7.582181930541992 -12.399999618530273 2.9900007247924805
      vertex 7.582181930541992 -12.399999618530273 1.8999996185302734
      vertex 9.123676300048828 -12.399999618530273 2.9900007247924805
    endloop
  endfacet
  facet normal 0 -1 0
    outer loop
      vertex -7.581629753112793 -12.399999618530273 2.9900007247924805
      vertex -6 -12.399999618530273 2.59999942779541
      vertex 7.581629753112793 -12.399999618530273 2.9900007247924805
    endloop
  endfacet
  facet normal 0 -1 0
    outer loop
      vertex -7.581629753112793 -12.399999618530273 2.9900007247924805
      vertex -6 -12.399999618530273 2.1999998092651367
      vertex -6 -12.399999618530273 2.59999942779541
    endloop
  endfacet
  facet normal 0 -1 0
    outer loop
      vertex -6 -12.399999618530273 2.1999998092651367
      vertex -7.581629753112793 -12.399999618530273 0
      vertex 6 -12.399999618530273 2.1999998092651367
    endloop
  endfacet
  facet normal 0 -1 0
    outer loop
      vertex -7.581629753112793 -12.399999618530273 0
      vertex -6 -12.399999618530273 2.1999998092651367
      vertex -7.581629753112793 -12.399999618530273 2.9900007247924805
    endloop
  endfacet
  facet normal 0 -1 0
    outer loop
      vertex -9.123676300048828 -12.399999618530273 2.9900007247924805
      vertex -7.582181930541992 -12.399999618530273 1.8999996185302734
      vertex -7.582181930541992 -12.399999618530273 2.9900007247924805
    endloop
  endfacet
  facet normal 0 -1 0
    outer loop
      vertex -9.123676300048828 -12.399999618530273 2.9900007247924805
      vertex -9.137256622314453 -12.399999618530273 3.399998664855957
      vertex -9.137256622314453 -12.399999618530273 2.9900007247924805
    endloop
  endfacet
  facet normal 0 -1 0
    outer loop
      vertex -7.582181930541992 -12.399999618530273 2.9900007247924805
      vertex -9.137256622314453 -12.399999618530273 3.399998664855957
      vertex -9.123676300048828 -12.399999618530273 2.9900007247924805
    endloop
  endfacet
  facet normal 0 -1 0
    outer loop
      vertex -7.581629753112793 -12.399999618530273 2.9900007247924805
      vertex -9.137256622314453 -12.399999618530273 3.399998664855957
      vertex -7.582181930541992 -12.399999618530273 2.9900007247924805
    endloop
  endfacet
  facet normal 0 -1 0
    outer loop
      vertex -9.137256622314453 -12.399999618530273 3.399998664855957
      vertex -7.581629753112793 -12.399999618530273 2.9900007247924805
      vertex 9.137256622314453 -12.399999618530273 3.399998664855957
    endloop
  endfacet
  facet normal 0 -1 0
    outer loop
      vertex 7.581629753112793 -12.399999618530273 2.9900007247924805
      vertex 9.137256622314453 -12.399999618530273 3.399998664855957
      vertex -7.581629753112793 -12.399999618530273 2.9900007247924805
    endloop
  endfacet
  facet normal 0 -1 0
    outer loop
      vertex 7.582181930541992 -12.399999618530273 2.9900007247924805
      vertex 9.137256622314453 -12.399999618530273 3.399998664855957
      vertex 7.581629753112793 -12.399999618530273 2.9900007247924805
    endloop
  endfacet
  facet normal 0 -1 0
    outer loop
      vertex 9.123676300048828 -12.399999618530273 2.9900007247924805
      vertex 9.137256622314453 -12.399999618530273 3.399998664855957
      vertex 7.582181930541992 -12.399999618530273 2.9900007247924805
    endloop
  endfacet
  facet normal 0 -1 0
    outer loop
      vertex 9.137256622314453 -12.399999618530273 3.399998664855957
      vertex 9.123676300048828 -12.399999618530273 2.9900007247924805
      vertex 9.137256622314453 -12.399999618530273 2.9900007247924805
    endloop
  endfacet
  facet normal 0 -1 0
    outer loop
      vertex 6 -12.399999618530273 2.59999942779541
      vertex 7.581629753112793 -12.399999618530273 2.9900007247924805
      vertex -6 -12.399999618530273 2.59999942779541
    endloop
  endfacet
  facet normal 0 -1 0
    outer loop
      vertex 6 -12.399999618530273 2.1999998092651367
      vertex 7.581629753112793 -12.399999618530273 2.9900007247924805
      vertex 6 -12.399999618530273 2.59999942779541
    endloop
  endfacet
  facet normal 0 -1 0
    outer loop
      vertex 6 -12.399999618530273 2.1999998092651367
      vertex 7.581629753112793 -12.399999618530273 0
      vertex 7.581629753112793 -12.399999618530273 2.9900007247924805
    endloop
  endfacet
  facet normal 0 -1 0
    outer loop
      vertex 7.581629753112793 -12.399999618530273 0
      vertex 6 -12.399999618530273 2.1999998092651367
      vertex -7.581629753112793 -12.399999618530273 0
    endloop
  endfacet
  facet normal 0 1 0
    outer loop
      vertex -7.582181930541992 12.399999618530273 2.9900007247924805
      vertex -7.582181930541992 12.399999618530273 1.8999996185302734
      vertex -9.123676300048828 12.399999618530273 2.9900007247924805
    endloop
  endfacet
  facet normal 0 1 0
    outer loop
      vertex 7.581629753112793 12.399999618530273 2.9900007247924805
      vertex 6 12.399999618530273 2.59999942779541
      vertex -7.581629753112793 12.399999618530273 2.9900007247924805
    endloop
  endfacet
  facet normal 0 1 0
    outer loop
      vertex 7.581629753112793 12.399999618530273 2.9900007247924805
      vertex 6 12.399999618530273 2.1999998092651367
      vertex 6 12.399999618530273 2.59999942779541
    endloop
  endfacet
  facet normal 0 1 0
    outer loop
      vertex 6 12.399999618530273 2.1999998092651367
      vertex 7.581629753112793 12.399999618530273 0
      vertex -6 12.399999618530273 2.1999998092651367
    endloop
  endfacet
  facet normal 0 1 0
    outer loop
      vertex 7.581629753112793 12.399999618530273 0
      vertex 6 12.399999618530273 2.1999998092651367
      vertex 7.581629753112793 12.399999618530273 2.9900007247924805
    endloop
  endfacet
  facet normal 0 1 0
    outer loop
      vertex 9.123676300048828 12.399999618530273 2.9900007247924805
      vertex 7.582181930541992 12.399999618530273 1.8999996185302734
      vertex 7.582181930541992 12.399999618530273 2.9900007247924805
    endloop
  endfacet
  facet normal 0 1 0
    outer loop
      vertex 9.123676300048828 12.399999618530273 2.9900007247924805
      vertex 9.137256622314453 12.399999618530273 3.399998664855957
      vertex 9.137256622314453 12.399999618530273 2.9900007247924805
    endloop
  endfacet
  facet normal 0 1 0
    outer loop
      vertex 7.582181930541992 12.399999618530273 2.9900007247924805
      vertex 9.137256622314453 12.399999618530273 3.399998664855957
      vertex 9.123676300048828 12.399999618530273 2.9900007247924805
    endloop
  endfacet
  facet normal 0 1 0
    outer loop
      vertex 7.581629753112793 12.399999618530273 2.9900007247924805
      vertex 9.137256622314453 12.399999618530273 3.399998664855957
      vertex 7.582181930541992 12.399999618530273 2.9900007247924805
    endloop
  endfacet
  facet normal 0 1 0
    outer loop
      vertex 9.137256622314453 12.399999618530273 3.399998664855957
      vertex 7.581629753112793 12.399999618530273 2.9900007247924805
      vertex -9.137256622314453 12.399999618530273 3.399998664855957
    endloop
  endfacet
  facet normal 0 1 0
    outer loop
      vertex -7.581629753112793 12.399999618530273 2.9900007247924805
      vertex -9.137256622314453 12.399999618530273 3.399998664855957
      vertex 7.581629753112793 12.399999618530273 2.9900007247924805
    endloop
  endfacet
  facet normal 0 1 0
    outer loop
      vertex -7.582181930541992 12.399999618530273 2.9900007247924805
      vertex -9.137256622314453 12.399999618530273 3.399998664855957
      vertex -7.581629753112793 12.399999618530273 2.9900007247924805
    endloop
  endfacet
  facet normal 0 1 0
    outer loop
      vertex -9.123676300048828 12.399999618530273 2.9900007247924805
      vertex -9.137256622314453 12.399999618530273 3.399998664855957
      vertex -7.582181930541992 12.399999618530273 2.9900007247924805
    endloop
  endfacet
  facet normal 0 1 0
    outer loop
      vertex -9.137256622314453 12.399999618530273 3.399998664855957
      vertex -9.123676300048828 12.399999618530273 2.9900007247924805
      vertex -9.137256622314453 12.399999618530273 2.9900007247924805
    endloop
  endfacet
  facet normal 0 1 0
    outer loop
      vertex -6 12.399999618530273 2.59999942779541
      vertex -7.581629753112793 12.399999618530273 2.9900007247924805
      vertex 6 12.399999618530273 2.59999942779541
    endloop
  endfacet
  facet normal 0 1 0
    outer loop
      vertex -6 12.399999618530273 2.1999998092651367
      vertex -7.581629753112793 12.399999618530273 2.9900007247924805
      vertex -6 12.399999618530273 2.59999942779541
    endloop
  endfacet
  facet normal 0 1 0
    outer loop
      vertex -6 12.399999618530273 2.1999998092651367
      vertex -7.581629753112793 12.399999618530273 0
      vertex -7.581629753112793 12.399999618530273 2.9900007247924805
    endloop
  endfacet
  facet normal 0 1 0
    outer loop
      vertex -7.581629753112793 12.399999618530273 0
      vertex -6 12.399999618530273 2.1999998092651367
      vertex 7.581629753112793 12.399999618530273 0
    endloop
  endfacet
  facet normal 0.7071067811865475 -0.7071067811865475 0
    outer loop
      vertex 9.137256622314453 -12.399999618530273 3.399998664855957
      vertex 12.399999618530273 -9.137256622314453 2.9900007247924805
      vertex 12.399999618530273 -9.137256622314453 3.399998664855957
    endloop
  endfacet
  facet normal 0.7071067811865475 -0.7071067811865475 0
    outer loop
      vertex 12.399999618530273 -9.137256622314453 2.9900007247924805
      vertex 9.137256622314453 -12.399999618530273 3.399998664855957
      vertex 9.137256622314453 -12.399999618530273 2.9900007247924805
    endloop
  endfacet
  facet normal 1 0 0
    outer loop
      vertex 12.399999618530273 9.137256622314453 3.399998664855957
      vertex 12.399999618530273 9.123676300048828 2.9900007247924805
      vertex 12.399999618530273 9.137256622314453 2.9900007247924805
    endloop
  endfacet
  facet normal 1 0 0
    outer loop
      vertex 12.399999618530273 9.137256622314453 3.399998664855957
      vertex 12.399999618530273 7.582181930541992 2.9900007247924805
      vertex 12.399999618530273 9.123676300048828 2.9900007247924805
    endloop
  endfacet
  facet normal 1 0 0
    outer loop
      vertex 12.399999618530273 9.137256622314453 3.399998664855957
      vertex 12.399999618530273 7.581629753112793 2.9900007247924805
      vertex 12.399999618530273 7.582181930541992 2.9900007247924805
    endloop
  endfacet
  facet normal 1 0 0
    outer loop
      vertex 12.399999618530273 7.581629753112793 2.9900007247924805
      vertex 12.399999618530273 -7.581629753112793 2.9900007247924805
      vertex 12.399999618530273 7.581629753112793 0
    endloop
  endfacet
  facet normal 1 0 0
    outer loop
      vertex 12.399999618530273 9.137256622314453 3.399998664855957
      vertex 12.399999618530273 -7.581629753112793 2.9900007247924805
      vertex 12.399999618530273 7.581629753112793 2.9900007247924805
    endloop
  endfacet
  facet normal 1 0 0
    outer loop
      vertex 12.399999618530273 -9.137256622314453 3.399998664855957
      vertex 12.399999618530273 -7.581629753112793 2.9900007247924805
      vertex 12.399999618530273 9.137256622314453 3.399998664855957
    endloop
  endfacet
  facet normal 1 0 0
    outer loop
      vertex 12.399999618530273 -7.582181930541992 2.9900007247924805
      vertex 12.399999618530273 -9.123676300048828 2.9900007247924805
      vertex 12.399999618530273 -7.582181930541992 1.8999996185302734
    endloop
  endfacet
  facet normal 1 0 0
    outer loop
      vertex 12.399999618530273 -7.581629753112793 2.9900007247924805
      vertex 12.399999618530273 -9.137256622314453 3.399998664855957
      vertex 12.399999618530273 -7.582181930541992 2.9900007247924805
    endloop
  endfacet
  facet normal 1 0 0
    outer loop
      vertex 12.399999618530273 -7.582181930541992 2.9900007247924805
      vertex 12.399999618530273 -9.137256622314453 3.399998664855957
      vertex 12.399999618530273 -9.123676300048828 2.9900007247924805
    endloop
  endfacet
  facet normal 1 0 0
    outer loop
      vertex 12.399999618530273 -9.123676300048828 2.9900007247924805
      vertex 12.399999618530273 -9.137256622314453 3.399998664855957
      vertex 12.399999618530273 -9.137256622314453 2.9900007247924805
    endloop
  endfacet
  facet normal 1 0 0
    outer loop
      vertex 12.399999618530273 9.123676300048828 2.9900007247924805
      vertex 12.399999618530273 7.582181930541992 2.9900007247924805
      vertex 12.399999618530273 7.582181930541992 1.8999996185302734
    endloop
  endfacet
  facet normal 1 0 0
    outer loop
      vertex 12.399999618530273 7.581629753112793 0
      vertex 12.399999618530273 -7.581629753112793 2.9900007247924805
      vertex 12.399999618530273 -7.581629753112793 0
    endloop
  endfacet
  facet normal -0.7071067811865475 0.7071067811865475 0
    outer loop
      vertex -12.399999618530273 9.137256622314453 2.9900007247924805
      vertex -9.137256622314453 12.399999618530273 3.399998664855957
      vertex -9.137256622314453 12.399999618530273 2.9900007247924805
    endloop
  endfacet
  facet normal -0.7071067811865475 0.7071067811865475 0
    outer loop
      vertex -9.137256622314453 12.399999618530273 3.399998664855957
      vertex -12.399999618530273 9.137256622314453 2.9900007247924805
      vertex -12.399999618530273 9.137256622314453 3.399998664855957
    endloop
  endfacet
  facet normal 0 1 0
    outer loop
      vertex 3.554048538208008 12.799999237060547 0.18999958038330078
      vertex -3.554048538208008 12.799999237060547 0.19999980926513672
      vertex 3.554048538208008 12.799999237060547 0.19999980926513672
    endloop
  endfacet
  facet normal 0 1 0
    outer loop
      vertex -3.554048538208008 12.799999237060547 0.19999980926513672
      vertex 3.554048538208008 12.799999237060547 0.18999958038330078
      vertex -3.554048538208008 12.799999237060547 0.18999958038330078
    endloop
  endfacet
  facet normal 0 1 0
    outer loop
      vertex 3.554048538208008 12.799999237060547 0.7999992370605469
      vertex -3.554048538208008 12.799999237060547 1.3999996185302734
      vertex 3.554048538208008 12.799999237060547 1.3999996185302734
    endloop
  endfacet
  facet normal 0 1 0
    outer loop
      vertex -3.554048538208008 12.799999237060547 1.3999996185302734
      vertex 3.554048538208008 12.799999237060547 0.7999992370605469
      vertex -3.554048538208008 12.799999237060547 0.7999992370605469
    endloop
  endfacet
  facet normal 0 0 -1
    outer loop
      vertex 5.5 12.399999618530273 0.18999958038330078
      vertex 5.473926544189453 12.427510261535645 0.18999958038330078
      vertex 5.5 12.421170234680176 0.18999958038330078
    endloop
  endfacet
  facet normal 0 0 -1
    outer loop
      vertex 5.5 12.399999618530273 0.18999958038330078
      vertex 5.297207832336426 12.468979835510254 0.18999958038330078
      vertex 5.473926544189453 12.427510261535645 0.18999958038330078
    endloop
  endfacet
  facet normal 0 0 -1
    outer loop
      vertex 5.5 12.399999618530273 0.18999958038330078
      vertex 5.119908332824707 12.509085655212402 0.18999958038330078
      vertex 5.297207832336426 12.468979835510254 0.18999958038330078
    endloop
  endfacet
  facet normal 0 0 -1
    outer loop
      vertex 5.5 12.399999618530273 0.18999958038330078
      vertex 4.942048072814941 12.54782485961914 0.18999958038330078
      vertex 5.119908332824707 12.509085655212402 0.18999958038330078
    endloop
  endfacet
  facet normal 0 0 -1
    outer loop
      vertex 5.5 12.399999618530273 0.18999958038330078
      vertex 4.763645172119141 12.58519172668457 0.18999958038330078
      vertex 4.942048072814941 12.54782485961914 0.18999958038330078
    endloop
  endfacet
  facet normal 0 0 -1
    outer loop
      vertex 5.5 12.399999618530273 0.18999958038330078
      vertex 4.584719657897949 12.621183395385742 0.18999958038330078
      vertex 4.763645172119141 12.58519172668457 0.18999958038330078
    endloop
  endfacet
  facet normal 0 0 -1
    outer loop
      vertex 5.5 12.399999618530273 0.18999958038330078
      vertex 4.405292510986328 12.655795097351074 0.18999958038330078
      vertex 4.584719657897949 12.621183395385742 0.18999958038330078
    endloop
  endfacet
  facet normal 0 0 -1
    outer loop
      vertex 5.5 12.399999618530273 0.18999958038330078
      vertex 4.225380897521973 12.6890230178833 0.18999958038330078
      vertex 4.405292510986328 12.655795097351074 0.18999958038330078
    endloop
  endfacet
  facet normal 0 0 -1
    outer loop
      vertex 5.5 12.399999618530273 0.18999958038330078
      vertex 4.04500675201416 12.720864295959473 0.18999958038330078
      vertex 4.225380897521973 12.6890230178833 0.18999958038330078
    endloop
  endfacet
  facet normal 0 0 -1
    outer loop
      vertex 5.5 12.399999618530273 0.18999958038330078
      vertex 3.8641891479492188 12.751315116882324 0.18999958038330078
      vertex 4.04500675201416 12.720864295959473 0.18999958038330078
    endloop
  endfacet
  facet normal 0 0 -1
    outer loop
      vertex 5.5 12.399999618530273 0.18999958038330078
      vertex 3.6829471588134766 12.78037166595459 0.18999958038330078
      vertex 3.8641891479492188 12.751315116882324 0.18999958038330078
    endloop
  endfacet
  facet normal 0 0 -1
    outer loop
      vertex 5.5 12.399999618530273 0.18999958038330078
      vertex 3.554048538208008 12.799999237060547 0.18999958038330078
      vertex 3.6829471588134766 12.78037166595459 0.18999958038330078
    endloop
  endfacet
  facet normal 0 0 -1
    outer loop
      vertex 5.5 12.399999618530273 0.18999958038330078
      vertex -3.554048538208008 12.799999237060547 0.18999958038330078
      vertex 3.554048538208008 12.799999237060547 0.18999958038330078
    endloop
  endfacet
  facet normal 0 0 -1
    outer loop
      vertex -5.5 12.399999618530273 0.18999958038330078
      vertex -3.554048538208008 12.799999237060547 0.18999958038330078
      vertex 5.5 12.399999618530273 0.18999958038330078
    endloop
  endfacet
  facet normal 0 0 -1
    outer loop
      vertex -3.554048538208008 12.799999237060547 0.18999958038330078
      vertex -5.5 12.399999618530273 0.18999958038330078
      vertex -3.6829471588134766 12.78037166595459 0.18999958038330078
    endloop
  endfacet
  facet normal 0 0 -1
    outer loop
      vertex -3.6829471588134766 12.78037166595459 0.18999958038330078
      vertex -5.5 12.399999618530273 0.18999958038330078
      vertex -3.8641891479492188 12.751315116882324 0.18999958038330078
    endloop
  endfacet
  facet normal 0 0 -1
    outer loop
      vertex -3.8641891479492188 12.751315116882324 0.18999958038330078
      vertex -5.5 12.399999618530273 0.18999958038330078
      vertex -4.04500675201416 12.720864295959473 0.18999958038330078
    endloop
  endfacet
  facet normal 0 0 -1
    outer loop
      vertex -4.04500675201416 12.720864295959473 0.18999958038330078
      vertex -5.5 12.399999618530273 0.18999958038330078
      vertex -4.225380897521973 12.6890230178833 0.18999958038330078
    endloop
  endfacet
  facet normal 0 0 -1
    outer loop
      vertex -4.225380897521973 12.6890230178833 0.18999958038330078
      vertex -5.5 12.399999618530273 0.18999958038330078
      vertex -4.405292510986328 12.655795097351074 0.18999958038330078
    endloop
  endfacet
  facet normal 0 0 -1
    outer loop
      vertex -4.405292510986328 12.655795097351074 0.18999958038330078
      vertex -5.5 12.399999618530273 0.18999958038330078
      vertex -4.584719657897949 12.621183395385742 0.18999958038330078
    endloop
  endfacet
  facet normal 0 0 -1
    outer loop
      vertex -4.584719657897949 12.621183395385742 0.18999958038330078
      vertex -5.5 12.399999618530273 0.18999958038330078
      vertex -4.763645172119141 12.58519172668457 0.18999958038330078
    endloop
  endfacet
  facet normal 0 0 -1
    outer loop
      vertex -4.763645172119141 12.58519172668457 0.18999958038330078
      vertex -5.5 12.399999618530273 0.18999958038330078
      vertex -4.942048072814941 12.54782485961914 0.18999958038330078
    endloop
  endfacet
  facet normal 0 0 -1
    outer loop
      vertex -4.942048072814941 12.54782485961914 0.18999958038330078
      vertex -5.5 12.399999618530273 0.18999958038330078
      vertex -5.119908332824707 12.509085655212402 0.18999958038330078
    endloop
  endfacet
  facet normal 0 0 -1
    outer loop
      vertex -5.119908332824707 12.509085655212402 0.18999958038330078
      vertex -5.5 12.399999618530273 0.18999958038330078
      vertex -5.297207832336426 12.468979835510254 0.18999958038330078
    endloop
  endfacet
  facet normal 0 0 -1
    outer loop
      vertex -5.297207832336426 12.468979835510254 0.18999958038330078
      vertex -5.5 12.399999618530273 0.18999958038330078
      vertex -5.473926544189453 12.427510261535645 0.18999958038330078
    endloop
  endfacet
  facet normal 0 0 -1
    outer loop
      vertex -5.473926544189453 12.427510261535645 0.18999958038330078
      vertex -5.5 12.399999618530273 0.18999958038330078
      vertex -5.5 12.421170234680176 0.18999958038330078
    endloop
  endfacet
  facet normal 0 -1 0
    outer loop
      vertex -5.5 12.399999618530273 0.19999980926513672
      vertex 5.5 12.399999618530273 2
      vertex -5.5 12.399999618530273 2
    endloop
  endfacet
  facet normal 0 -1 0
    outer loop
      vertex 5.5 12.399999618530273 2
      vertex -5.5 12.399999618530273 0.19999980926513672
      vertex 5.5 12.399999618530273 0.19999980926513672
    endloop
  endfacet
  facet normal 0 -1 0
    outer loop
      vertex -5.5 12.399999618530273 0.18999958038330078
      vertex 5.5 12.399999618530273 0.19999980926513672
      vertex -5.5 12.399999618530273 0.19999980926513672
    endloop
  endfacet
  facet normal 0 -1 0
    outer loop
      vertex 5.5 12.399999618530273 0.19999980926513672
      vertex -5.5 12.399999618530273 0.18999958038330078
      vertex 5.5 12.399999618530273 0.18999958038330078
    endloop
  endfacet
  facet normal -1 0 0
    outer loop
      vertex -5.5 12.399999618530273 0.19999980926513672
      vertex -5.5 12.421170234680176 1.9682444334030151
      vertex -5.5 12.421170234680176 0.231755331158638
    endloop
  endfacet
  facet normal -1 0 0
    outer loop
      vertex -5.5 12.421170234680176 1.9682444334030151
      vertex -5.5 12.399999618530273 0.19999980926513672
      vertex -5.5 12.399999618530273 2
    endloop
  endfacet
  facet normal -1 0 0
    outer loop
      vertex -5.5 12.399999618530273 0.18999958038330078
      vertex -5.5 12.421170234680176 0.19999980926513672
      vertex -5.5 12.421170234680176 0.18999958038330078
    endloop
  endfacet
  facet normal -1 0 0
    outer loop
      vertex -5.5 12.421170234680176 0.19999980926513672
      vertex -5.5 12.399999618530273 0.18999958038330078
      vertex -5.5 12.399999618530273 0.19999980926513672
    endloop
  endfacet
  facet normal 1 0 0
    outer loop
      vertex 5.5 12.399999618530273 2
      vertex 5.5 12.421170234680176 0.231755331158638
      vertex 5.5 12.421170234680176 1.9682444334030151
    endloop
  endfacet
  facet normal 1 0 0
    outer loop
      vertex 5.5 12.421170234680176 0.231755331158638
      vertex 5.5 12.399999618530273 2
      vertex 5.5 12.399999618530273 0.19999980926513672
    endloop
  endfacet
  facet normal 1 0 0
    outer loop
      vertex 5.5 12.399999618530273 0.19999980926513672
      vertex 5.5 12.421170234680176 0.18999958038330078
      vertex 5.5 12.421170234680176 0.19999980926513672
    endloop
  endfacet
  facet normal 1 0 0
    outer loop
      vertex 5.5 12.421170234680176 0.18999958038330078
      vertex 5.5 12.399999618530273 0.19999980926513672
      vertex 5.5 12.399999618530273 0.18999958038330078
    endloop
  endfacet
  facet normal -0.000012423075532715529 0.8320474110528925 0.5547045209891897
    outer loop
      vertex 5.473926544189453 12.427510261535645 1.9587339162826538
      vertex 5.5 12.399999618530273 2
      vertex 5.5 12.421170234680176 1.9682444334030151
    endloop
  endfacet
  facet normal 7.253710808133898e-7 0.8320512454444123 0.5546987695622518
    outer loop
      vertex 5.297207832336426 12.468979835510254 1.8965295553207397
      vertex 5.5 12.399999618530273 2
      vertex 5.473926544189453 12.427510261535645 1.9587339162826538
    endloop
  endfacet
  facet normal -4.6603043189745436e-7 0.8320501677378553 0.5547003861249689
    outer loop
      vertex 5.119908332824707 12.509085655212402 1.8363707065582275
      vertex 5.5 12.399999618530273 2
      vertex 5.297207832336426 12.468979835510254 1.8965295553207397
    endloop
  endfacet
  facet normal 0.000012423075532715529 0.8320474110528925 0.5547045209891897
    outer loop
      vertex -5.5 12.399999618530273 2
      vertex -5.473926544189453 12.427510261535645 1.9587339162826538
      vertex -5.5 12.421170234680176 1.9682444334030151
    endloop
  endfacet
  facet normal -4.468227923736132e-7 0.8320501883303837 0.5547003552362061
    outer loop
      vertex 4.942048072814941 12.54782485961914 1.7782617807388306
      vertex 5.5 12.399999618530273 2
      vertex 5.119908332824707 12.509085655212402 1.8363707065582275
    endloop
  endfacet
  facet normal -7.253710808133898e-7 0.8320512454444123 0.5546987695622518
    outer loop
      vertex -5.5 12.399999618530273 2
      vertex -5.297207832336426 12.468979835510254 1.8965295553207397
      vertex -5.473926544189453 12.427510261535645 1.9587339162826538
    endloop
  endfacet
  facet normal -4.2768021897936774e-7 0.8320502105616864 0.5547003218892799
    outer loop
      vertex 4.763645172119141 12.58519172668457 1.7222113609313965
      vertex 5.5 12.399999618530273 2
      vertex 4.942048072814941 12.54782485961914 1.7782617807388306
    endloop
  endfacet
  facet normal 4.6603043189745436e-7 0.8320501677378553 0.5547003861249689
    outer loop
      vertex -5.5 12.399999618530273 2
      vertex -5.119908332824707 12.509085655212402 1.8363707065582275
      vertex -5.297207832336426 12.468979835510254 1.8965295553207397
    endloop
  endfacet
  facet normal 0.0000014352277350521041 0.8320524897005893 0.5546969031651346
    outer loop
      vertex 4.584719657897949 12.621183395385742 1.6682238578796387
      vertex 5.5 12.399999618530273 2
      vertex 4.763645172119141 12.58519172668457 1.7222113609313965
    endloop
  endfacet
  facet normal 4.468227923736132e-7 0.8320501883303837 0.5547003552362061
    outer loop
      vertex -5.5 12.399999618530273 2
      vertex -4.942048072814941 12.54782485961914 1.7782617807388306
      vertex -5.119908332824707 12.509085655212402 1.8363707065582275
    endloop
  endfacet
  facet normal -6.832832286314399e-7 0.8320497922923047 0.5547009492923785
    outer loop
      vertex 4.405292510986328 12.655795097351074 1.616306185722351
      vertex 5.5 12.399999618530273 2
      vertex 4.584719657897949 12.621183395385742 1.6682238578796387
    endloop
  endfacet
  facet normal 4.2768021897936774e-7 0.8320502105616864 0.5547003218892799
    outer loop
      vertex -5.5 12.399999618530273 2
      vertex -4.763645172119141 12.58519172668457 1.7222113609313965
      vertex -4.942048072814941 12.54782485961914 1.7782617807388306
    endloop
  endfacet
  facet normal -6.146287018284046e-7 0.832049882697063 0.5547008136855632
    outer loop
      vertex 4.225380897521973 12.6890230178833 1.5664641857147217
      vertex 5.5 12.399999618530273 2
      vertex 4.405292510986328 12.655795097351074 1.616306185722351
    endloop
  endfacet
  facet normal -0.0000014352277350521041 0.8320524897005893 0.5546969031651346
    outer loop
      vertex -5.5 12.399999618530273 2
      vertex -4.584719657897949 12.621183395385742 1.6682238578796387
      vertex -4.763645172119141 12.58519172668457 1.7222113609313965
    endloop
  endfacet
  facet normal 0.0000010940684517335278 0.8320522013071197 0.5546973357595828
    outer loop
      vertex 4.04500675201416 12.720864295959473 1.5187022686004639
      vertex 5.5 12.399999618530273 2
      vertex 4.225380897521973 12.6890230178833 1.5664641857147217
    endloop
  endfacet
  facet normal 6.832832286314399e-7 0.8320497922923047 0.5547009492923785
    outer loop
      vertex -5.5 12.399999618530273 2
      vertex -4.405292510986328 12.655795097351074 1.616306185722351
      vertex -4.584719657897949 12.621183395385742 1.6682238578796387
    endloop
  endfacet
  facet normal -6.662574777009903e-7 0.832049745198929 0.5547010199323175
    outer loop
      vertex 3.8641891479492188 12.751315116882324 1.473025918006897
      vertex 5.5 12.399999618530273 2
      vertex 4.04500675201416 12.720864295959473 1.5187022686004639
    endloop
  endfacet
  facet normal 6.146287018284046e-7 0.832049882697063 0.5547008136855632
    outer loop
      vertex -5.5 12.399999618530273 2
      vertex -4.225380897521973 12.6890230178833 1.5664641857147217
      vertex -4.405292510986328 12.655795097351074 1.616306185722351
    endloop
  endfacet
  facet normal -6.059471892292136e-7 0.8320498316049686 0.5547008903235835
    outer loop
      vertex 3.6829471588134766 12.78037166595459 1.429440975189209
      vertex 5.5 12.399999618530273 2
      vertex 3.8641891479492188 12.751315116882324 1.473025918006897
    endloop
  endfacet
  facet normal -0.0000010940684517335278 0.8320522013071197 0.5546973357595828
    outer loop
      vertex -5.5 12.399999618530273 2
      vertex -4.04500675201416 12.720864295959473 1.5187022686004639
      vertex -4.225380897521973 12.6890230178833 1.5664641857147217
    endloop
  endfacet
  facet normal 7.768746706548543e-7 0.8320518641522852 0.5546978414958035
    outer loop
      vertex 3.554048538208008 12.799999237060547 1.3999996185302734
      vertex 5.5 12.399999618530273 2
      vertex 3.6829471588134766 12.78037166595459 1.429440975189209
    endloop
  endfacet
  facet normal 6.662574777009903e-7 0.832049745198929 0.5547010199323175
    outer loop
      vertex -5.5 12.399999618530273 2
      vertex -3.8641891479492188 12.751315116882324 1.473025918006897
      vertex -4.04500675201416 12.720864295959473 1.5187022686004639
    endloop
  endfacet
  facet normal 0 0.8320507012631989 0.5546995858367112
    outer loop
      vertex 5.5 12.399999618530273 2
      vertex 3.554048538208008 12.799999237060547 1.3999996185302734
      vertex -5.5 12.399999618530273 2
    endloop
  endfacet
  facet normal 6.059471892292136e-7 0.8320498316049686 0.5547008903235835
    outer loop
      vertex -5.5 12.399999618530273 2
      vertex -3.6829471588134766 12.78037166595459 1.429440975189209
      vertex -3.8641891479492188 12.751315116882324 1.473025918006897
    endloop
  endfacet
  facet normal 0 0.8320507012631989 0.5546995858367112
    outer loop
      vertex -3.554048538208008 12.799999237060547 1.3999996185302734
      vertex -5.5 12.399999618530273 2
      vertex 3.554048538208008 12.799999237060547 1.3999996185302734
    endloop
  endfacet
  facet normal -7.768746706548543e-7 0.8320518641522852 0.5546978414958035
    outer loop
      vertex -5.5 12.399999618530273 2
      vertex -3.554048538208008 12.799999237060547 1.3999996185302734
      vertex -3.6829471588134766 12.78037166595459 1.429440975189209
    endloop
  endfacet
  facet normal 0 0.8320502943378437 -0.5547001962252291
    outer loop
      vertex 5.5 12.399999618530273 0.19999980926513672
      vertex 3.554048538208008 12.799999237060547 0.7999992370605469
      vertex 3.6829471588134766 12.78037166595459 0.7705578804016113
    endloop
  endfacet
  facet normal 0 0.8320502943378436 -0.554700196225229
    outer loop
      vertex 3.554048538208008 12.799999237060547 0.7999992370605469
      vertex 5.5 12.399999618530273 0.19999980926513672
      vertex -3.554048538208008 12.799999237060547 0.7999992370605469
    endloop
  endfacet
  facet normal 0 0.8320502943378437 -0.5547001962252291
    outer loop
      vertex 5.5 12.399999618530273 0.19999980926513672
      vertex 3.6829471588134766 12.78037166595459 0.7705578804016113
      vertex 3.8641891479492188 12.751315116882324 0.7269730567932129
    endloop
  endfacet
  facet normal 0 0.8320502943378436 -0.5547001962252291
    outer loop
      vertex -5.5 12.399999618530273 0.19999980926513672
      vertex -3.554048538208008 12.799999237060547 0.7999992370605469
      vertex 5.5 12.399999618530273 0.19999980926513672
    endloop
  endfacet
  facet normal 0 0.8320502943378437 -0.5547001962252291
    outer loop
      vertex 5.5 12.399999618530273 0.19999980926513672
      vertex 3.8641891479492188 12.751315116882324 0.7269730567932129
      vertex 4.04500675201416 12.720864295959473 0.6812968254089355
    endloop
  endfacet
  facet normal 0 0.8320502943378437 -0.5547001962252291
    outer loop
      vertex -3.554048538208008 12.799999237060547 0.7999992370605469
      vertex -5.5 12.399999618530273 0.19999980926513672
      vertex -3.6829471588134766 12.78037166595459 0.7705578804016113
    endloop
  endfacet
  facet normal 0 0.8320502943378436 -0.5547001962252291
    outer loop
      vertex 5.5 12.399999618530273 0.19999980926513672
      vertex 4.04500675201416 12.720864295959473 0.6812968254089355
      vertex 4.225380897521973 12.6890230178833 0.6335349082946777
    endloop
  endfacet
  facet normal 0 0.8320502943378437 -0.5547001962252291
    outer loop
      vertex -3.6829471588134766 12.78037166595459 0.7705578804016113
      vertex -5.5 12.399999618530273 0.19999980926513672
      vertex -3.8641891479492188 12.751315116882324 0.7269730567932129
    endloop
  endfacet
  facet normal 0 0.8320502943378437 -0.5547001962252291
    outer loop
      vertex 5.5 12.399999618530273 0.19999980926513672
      vertex 4.225380897521973 12.6890230178833 0.6335349082946777
      vertex 4.405292510986328 12.655795097351074 0.5836930274963379
    endloop
  endfacet
  facet normal 0 0.8320502943378437 -0.5547001962252291
    outer loop
      vertex -3.8641891479492188 12.751315116882324 0.7269730567932129
      vertex -5.5 12.399999618530273 0.19999980926513672
      vertex -4.04500675201416 12.720864295959473 0.6812968254089355
    endloop
  endfacet
  facet normal 0 0.8320502943378437 -0.5547001962252291
    outer loop
      vertex 5.5 12.399999618530273 0.19999980926513672
      vertex 4.405292510986328 12.655795097351074 0.5836930274963379
      vertex 4.584719657897949 12.621183395385742 0.5317754745483398
    endloop
  endfacet
  facet normal 0 0.8320502943378436 -0.5547001962252291
    outer loop
      vertex -4.04500675201416 12.720864295959473 0.6812968254089355
      vertex -5.5 12.399999618530273 0.19999980926513672
      vertex -4.225380897521973 12.6890230178833 0.6335349082946777
    endloop
  endfacet
  facet normal 0 0.8320502943378437 -0.5547001962252291
    outer loop
      vertex 5.5 12.399999618530273 0.19999980926513672
      vertex 4.584719657897949 12.621183395385742 0.5317754745483398
      vertex 4.763645172119141 12.58519172668457 0.47778797149658203
    endloop
  endfacet
  facet normal 0 0.8320502943378437 -0.5547001962252291
    outer loop
      vertex -4.225380897521973 12.6890230178833 0.6335349082946777
      vertex -5.5 12.399999618530273 0.19999980926513672
      vertex -4.405292510986328 12.655795097351074 0.5836930274963379
    endloop
  endfacet
  facet normal 0 0.8320502943378436 -0.554700196225229
    outer loop
      vertex 5.5 12.399999618530273 0.19999980926513672
      vertex 4.763645172119141 12.58519172668457 0.47778797149658203
      vertex 4.942048072814941 12.54782485961914 0.4217376708984375
    endloop
  endfacet
  facet normal 0 0.8320502943378437 -0.5547001962252291
    outer loop
      vertex -4.405292510986328 12.655795097351074 0.5836930274963379
      vertex -5.5 12.399999618530273 0.19999980926513672
      vertex -4.584719657897949 12.621183395385742 0.5317754745483398
    endloop
  endfacet
  facet normal 0 0.8320502943378436 -0.554700196225229
    outer loop
      vertex 5.5 12.399999618530273 0.19999980926513672
      vertex 4.942048072814941 12.54782485961914 0.4217376708984375
      vertex 5.119908332824707 12.509085655212402 0.3636288642883301
    endloop
  endfacet
  facet normal 0 0.8320502943378437 -0.5547001962252291
    outer loop
      vertex -4.584719657897949 12.621183395385742 0.5317754745483398
      vertex -5.5 12.399999618530273 0.19999980926513672
      vertex -4.763645172119141 12.58519172668457 0.47778797149658203
    endloop
  endfacet
  facet normal 0 0.8320502943378437 -0.5547001962252291
    outer loop
      vertex 5.5 12.399999618530273 0.19999980926513672
      vertex 5.119908332824707 12.509085655212402 0.3636288642883301
      vertex 5.297207832336426 12.468979835510254 0.3034701347351074
    endloop
  endfacet
  facet normal 0 0.8320502943378436 -0.554700196225229
    outer loop
      vertex -4.763645172119141 12.58519172668457 0.47778797149658203
      vertex -5.5 12.399999618530273 0.19999980926513672
      vertex -4.942048072814941 12.54782485961914 0.4217376708984375
    endloop
  endfacet
  facet normal 0 0.8320502943378436 -0.554700196225229
    outer loop
      vertex 5.5 12.399999618530273 0.19999980926513672
      vertex 5.297207832336426 12.468979835510254 0.3034701347351074
      vertex 5.473926544189453 12.427510261535645 0.24126577377319336
    endloop
  endfacet
  facet normal 0 0.8320502943378436 -0.554700196225229
    outer loop
      vertex -4.942048072814941 12.54782485961914 0.4217376708984375
      vertex -5.5 12.399999618530273 0.19999980926513672
      vertex -5.119908332824707 12.509085655212402 0.3636288642883301
    endloop
  endfacet
  facet normal -0.000011122813416446376 0.8320470506582945 -0.5547050616022147
    outer loop
      vertex 5.5 12.399999618530273 0.19999980926513672
      vertex 5.473926544189453 12.427510261535645 0.24126577377319336
      vertex 5.5 12.421170234680176 0.231755331158638
    endloop
  endfacet
  facet normal 0 0.8320502943378437 -0.5547001962252291
    outer loop
      vertex -5.119908332824707 12.509085655212402 0.3636288642883301
      vertex -5.5 12.399999618530273 0.19999980926513672
      vertex -5.297207832336426 12.468979835510254 0.3034701347351074
    endloop
  endfacet
  facet normal 0 0.8320502943378436 -0.554700196225229
    outer loop
      vertex -5.297207832336426 12.468979835510254 0.3034701347351074
      vertex -5.5 12.399999618530273 0.19999980926513672
      vertex -5.473926544189453 12.427510261535645 0.24126577377319336
    endloop
  endfacet
  facet normal 0.000011122813416446376 0.8320470506582945 -0.5547050616022147
    outer loop
      vertex -5.473926544189453 12.427510261535645 0.24126577377319336
      vertex -5.5 12.399999618530273 0.19999980926513672
      vertex -5.5 12.421170234680176 0.231755331158638
    endloop
  endfacet
  facet normal 0 0 1
    outer loop
      vertex 5.473926544189453 12.427510261535645 0.19999980926513672
      vertex 5.5 12.399999618530273 0.19999980926513672
      vertex 5.5 12.421170234680176 0.19999980926513672
    endloop
  endfacet
  facet normal 0 0 1
    outer loop
      vertex 5.297207832336426 12.468979835510254 0.19999980926513672
      vertex 5.5 12.399999618530273 0.19999980926513672
      vertex 5.473926544189453 12.427510261535645 0.19999980926513672
    endloop
  endfacet
  facet normal 0 0 1
    outer loop
      vertex 5.119908332824707 12.509085655212402 0.19999980926513672
      vertex 5.5 12.399999618530273 0.19999980926513672
      vertex 5.297207832336426 12.468979835510254 0.19999980926513672
    endloop
  endfacet
  facet normal 0 0 1
    outer loop
      vertex 4.942048072814941 12.54782485961914 0.19999980926513672
      vertex 5.5 12.399999618530273 0.19999980926513672
      vertex 5.119908332824707 12.509085655212402 0.19999980926513672
    endloop
  endfacet
  facet normal 0 0 1
    outer loop
      vertex 4.763645172119141 12.58519172668457 0.19999980926513672
      vertex 5.5 12.399999618530273 0.19999980926513672
      vertex 4.942048072814941 12.54782485961914 0.19999980926513672
    endloop
  endfacet
  facet normal 0 0 1
    outer loop
      vertex 4.584719657897949 12.621183395385742 0.19999980926513672
      vertex 5.5 12.399999618530273 0.19999980926513672
      vertex 4.763645172119141 12.58519172668457 0.19999980926513672
    endloop
  endfacet
  facet normal 0 0 1
    outer loop
      vertex 4.405292510986328 12.655795097351074 0.19999980926513672
      vertex 5.5 12.399999618530273 0.19999980926513672
      vertex 4.584719657897949 12.621183395385742 0.19999980926513672
    endloop
  endfacet
  facet normal 0 0 1
    outer loop
      vertex 4.225380897521973 12.6890230178833 0.19999980926513672
      vertex 5.5 12.399999618530273 0.19999980926513672
      vertex 4.405292510986328 12.655795097351074 0.19999980926513672
    endloop
  endfacet
  facet normal 0 0 1
    outer loop
      vertex 4.04500675201416 12.720864295959473 0.19999980926513672
      vertex 5.5 12.399999618530273 0.19999980926513672
      vertex 4.225380897521973 12.6890230178833 0.19999980926513672
    endloop
  endfacet
  facet normal 0 0 1
    outer loop
      vertex 3.8641891479492188 12.751315116882324 0.19999980926513672
      vertex 5.5 12.399999618530273 0.19999980926513672
      vertex 4.04500675201416 12.720864295959473 0.19999980926513672
    endloop
  endfacet
  facet normal 0 0 1
    outer loop
      vertex 3.6829471588134766 12.78037166595459 0.19999980926513672
      vertex 5.5 12.399999618530273 0.19999980926513672
      vertex 3.8641891479492188 12.751315116882324 0.19999980926513672
    endloop
  endfacet
  facet normal 0 0 1
    outer loop
      vertex 3.554048538208008 12.799999237060547 0.19999980926513672
      vertex 5.5 12.399999618530273 0.19999980926513672
      vertex 3.6829471588134766 12.78037166595459 0.19999980926513672
    endloop
  endfacet
  facet normal 0 0 1
    outer loop
      vertex -3.554048538208008 12.799999237060547 0.19999980926513672
      vertex 5.5 12.399999618530273 0.19999980926513672
      vertex 3.554048538208008 12.799999237060547 0.19999980926513672
    endloop
  endfacet
  facet normal 0 0 1
    outer loop
      vertex -5.5 12.399999618530273 0.19999980926513672
      vertex -3.554048538208008 12.799999237060547 0.19999980926513672
      vertex -3.6829471588134766 12.78037166595459 0.19999980926513672
    endloop
  endfacet
  facet normal 0 0 1
    outer loop
      vertex -5.5 12.399999618530273 0.19999980926513672
      vertex -3.6829471588134766 12.78037166595459 0.19999980926513672
      vertex -3.8641891479492188 12.751315116882324 0.19999980926513672
    endloop
  endfacet
  facet normal 0 0 1
    outer loop
      vertex -5.5 12.399999618530273 0.19999980926513672
      vertex -3.8641891479492188 12.751315116882324 0.19999980926513672
      vertex -4.04500675201416 12.720864295959473 0.19999980926513672
    endloop
  endfacet
  facet normal 0 0 1
    outer loop
      vertex -5.5 12.399999618530273 0.19999980926513672
      vertex -4.04500675201416 12.720864295959473 0.19999980926513672
      vertex -4.225380897521973 12.6890230178833 0.19999980926513672
    endloop
  endfacet
  facet normal 0 0 1
    outer loop
      vertex -5.5 12.399999618530273 0.19999980926513672
      vertex -4.225380897521973 12.6890230178833 0.19999980926513672
      vertex -4.405292510986328 12.655795097351074 0.19999980926513672
    endloop
  endfacet
  facet normal 0 0 1
    outer loop
      vertex -5.5 12.399999618530273 0.19999980926513672
      vertex -4.405292510986328 12.655795097351074 0.19999980926513672
      vertex -4.584719657897949 12.621183395385742 0.19999980926513672
    endloop
  endfacet
  facet normal 0 0 1
    outer loop
      vertex -5.5 12.399999618530273 0.19999980926513672
      vertex -4.584719657897949 12.621183395385742 0.19999980926513672
      vertex -4.763645172119141 12.58519172668457 0.19999980926513672
    endloop
  endfacet
  facet normal 0 0 1
    outer loop
      vertex -5.5 12.399999618530273 0.19999980926513672
      vertex -4.763645172119141 12.58519172668457 0.19999980926513672
      vertex -4.942048072814941 12.54782485961914 0.19999980926513672
    endloop
  endfacet
  facet normal 0 0 1
    outer loop
      vertex -5.5 12.399999618530273 0.19999980926513672
      vertex -4.942048072814941 12.54782485961914 0.19999980926513672
      vertex -5.119908332824707 12.509085655212402 0.19999980926513672
    endloop
  endfacet
  facet normal 0 0 1
    outer loop
      vertex -5.5 12.399999618530273 0.19999980926513672
      vertex -5.119908332824707 12.509085655212402 0.19999980926513672
      vertex -5.297207832336426 12.468979835510254 0.19999980926513672
    endloop
  endfacet
  facet normal 0 0 1
    outer loop
      vertex -5.5 12.399999618530273 0.19999980926513672
      vertex -5.297207832336426 12.468979835510254 0.19999980926513672
      vertex -5.473926544189453 12.427510261535645 0.19999980926513672
    endloop
  endfacet
  facet normal 0 0 1
    outer loop
      vertex -5.5 12.399999618530273 0.19999980926513672
      vertex -5.473926544189453 12.427510261535645 0.19999980926513672
      vertex -5.5 12.421170234680176 0.19999980926513672
    endloop
  endfacet
  facet normal 0 0 1
    outer loop
      vertex -3.554048538208008 12.799999237060547 0.19999980926513672
      vertex -5.5 12.399999618530273 0.19999980926513672
      vertex 5.5 12.399999618530273 0.19999980926513672
    endloop
  endfacet
  facet normal 0.19720429167993125 0.9803624163252163 0
    outer loop
      vertex 4.763645172119141 12.58519172668457 0.18999958038330078
      vertex 4.584719657897949 12.621183395385742 0.19999980926513672
      vertex 4.763645172119141 12.58519172668457 0.19999980926513672
    endloop
  endfacet
  facet normal 0.19720429167993125 0.9803624163252163 0
    outer loop
      vertex 4.584719657897949 12.621183395385742 0.19999980926513672
      vertex 4.763645172119141 12.58519172668457 0.18999958038330078
      vertex 4.584719657897949 12.621183395385742 0.18999958038330078
    endloop
  endfacet
  facet normal 0.19720429167993123 0.9803624163252161 0
    outer loop
      vertex 4.763645172119141 12.58519172668457 1.7222113609313965
      vertex 4.584719657897949 12.621183395385742 0.5317754745483398
      vertex 4.584719657897949 12.621183395385742 1.6682238578796387
    endloop
  endfacet
  facet normal 0.19720429167993125 0.9803624163252163 0
    outer loop
      vertex 4.584719657897949 12.621183395385742 0.5317754745483398
      vertex 4.763645172119141 12.58519172668457 1.7222113609313965
      vertex 4.763645172119141 12.58519172668457 0.47778797149658203
    endloop
  endfacet
  facet normal -0.18940929086441305 0.9818982231037188 0
    outer loop
      vertex -4.405292510986328 12.655795097351074 0.18999958038330078
      vertex -4.584719657897949 12.621183395385742 0.19999980926513672
      vertex -4.405292510986328 12.655795097351074 0.19999980926513672
    endloop
  endfacet
  facet normal -0.18940929086441305 0.9818982231037188 0
    outer loop
      vertex -4.584719657897949 12.621183395385742 0.19999980926513672
      vertex -4.405292510986328 12.655795097351074 0.18999958038330078
      vertex -4.584719657897949 12.621183395385742 0.18999958038330078
    endloop
  endfacet
  facet normal -0.18940929086441305 0.9818982231037188 0
    outer loop
      vertex -4.405292510986328 12.655795097351074 0.5836930274963379
      vertex -4.584719657897949 12.621183395385742 1.6682238578796387
      vertex -4.405292510986328 12.655795097351074 1.616306185722351
    endloop
  endfacet
  facet normal -0.18940929086441302 0.9818982231037187 0
    outer loop
      vertex -4.584719657897949 12.621183395385742 1.6682238578796387
      vertex -4.405292510986328 12.655795097351074 0.5836930274963379
      vertex -4.584719657897949 12.621183395385742 0.5317754745483398
    endloop
  endfacet
  facet normal -0.1582976868056369 0.9873914331975868 0
    outer loop
      vertex -3.6829471588134766 12.78037166595459 0.18999958038330078
      vertex -3.8641891479492188 12.751315116882324 0.19999980926513672
      vertex -3.6829471588134766 12.78037166595459 0.19999980926513672
    endloop
  endfacet
  facet normal -0.1582976868056369 0.9873914331975868 0
    outer loop
      vertex -3.8641891479492188 12.751315116882324 0.19999980926513672
      vertex -3.6829471588134766 12.78037166595459 0.18999958038330078
      vertex -3.8641891479492188 12.751315116882324 0.18999958038330078
    endloop
  endfacet
  facet normal -0.1582976868056369 0.9873914331975868 0
    outer loop
      vertex -3.6829471588134766 12.78037166595459 0.7705578804016113
      vertex -3.8641891479492188 12.751315116882324 1.473025918006897
      vertex -3.6829471588134766 12.78037166595459 1.429440975189209
    endloop
  endfacet
  facet normal -0.1582976868056369 0.9873914331975868 0
    outer loop
      vertex -3.8641891479492188 12.751315116882324 1.473025918006897
      vertex -3.6829471588134766 12.78037166595459 0.7705578804016113
      vertex -3.8641891479492188 12.751315116882324 0.7269730567932129
    endloop
  endfacet
  facet normal 0.16606785044307681 0.9861143285893457 0
    outer loop
      vertex 4.04500675201416 12.720864295959473 0.18999958038330078
      vertex 3.8641891479492188 12.751315116882324 0.19999980926513672
      vertex 4.04500675201416 12.720864295959473 0.19999980926513672
    endloop
  endfacet
  facet normal 0.16606785044307681 0.9861143285893457 0
    outer loop
      vertex 3.8641891479492188 12.751315116882324 0.19999980926513672
      vertex 4.04500675201416 12.720864295959473 0.18999958038330078
      vertex 3.8641891479492188 12.751315116882324 0.18999958038330078
    endloop
  endfacet
  facet normal 0.16606785044307684 0.9861143285893458 0
    outer loop
      vertex 4.04500675201416 12.720864295959473 1.5187022686004639
      vertex 3.8641891479492188 12.751315116882324 0.7269730567932129
      vertex 3.8641891479492188 12.751315116882324 1.473025918006897
    endloop
  endfacet
  facet normal 0.1660678504430768 0.9861143285893456 0
    outer loop
      vertex 3.8641891479492188 12.751315116882324 0.7269730567932129
      vertex 4.04500675201416 12.720864295959473 1.5187022686004639
      vertex 4.04500675201416 12.720864295959473 0.6812968254089355
    endloop
  endfacet
  facet normal -0.21281744387255314 0.9770919790805535 0
    outer loop
      vertex -4.942048072814941 12.54782485961914 0.18999958038330078
      vertex -5.119908332824707 12.509085655212402 0.19999980926513672
      vertex -4.942048072814941 12.54782485961914 0.19999980926513672
    endloop
  endfacet
  facet normal -0.21281744387255314 0.9770919790805535 0
    outer loop
      vertex -5.119908332824707 12.509085655212402 0.19999980926513672
      vertex -4.942048072814941 12.54782485961914 0.18999958038330078
      vertex -5.119908332824707 12.509085655212402 0.18999958038330078
    endloop
  endfacet
  facet normal -0.21281744387255314 0.9770919790805535 0
    outer loop
      vertex -4.942048072814941 12.54782485961914 0.4217376708984375
      vertex -5.119908332824707 12.509085655212402 1.8363707065582275
      vertex -4.942048072814941 12.54782485961914 1.7782617807388306
    endloop
  endfacet
  facet normal -0.21281744387255316 0.9770919790805535 0
    outer loop
      vertex -5.119908332824707 12.509085655212402 1.8363707065582275
      vertex -4.942048072814941 12.54782485961914 0.4217376708984375
      vertex -5.119908332824707 12.509085655212402 0.3636288642883301
    endloop
  endfacet
  facet normal -0.2206296059101169 0.9753576661901758 0
    outer loop
      vertex -5.119908332824707 12.509085655212402 0.18999958038330078
      vertex -5.297207832336426 12.468979835510254 0.19999980926513672
      vertex -5.119908332824707 12.509085655212402 0.19999980926513672
    endloop
  endfacet
  facet normal -0.2206296059101169 0.9753576661901758 0
    outer loop
      vertex -5.297207832336426 12.468979835510254 0.19999980926513672
      vertex -5.119908332824707 12.509085655212402 0.18999958038330078
      vertex -5.297207832336426 12.468979835510254 0.18999958038330078
    endloop
  endfacet
  facet normal -0.22062960591011688 0.9753576661901757 0
    outer loop
      vertex -5.119908332824707 12.509085655212402 0.3636288642883301
      vertex -5.297207832336426 12.468979835510254 1.8965295553207397
      vertex -5.119908332824707 12.509085655212402 1.8363707065582275
    endloop
  endfacet
  facet normal -0.22062960591011688 0.9753576661901757 0
    outer loop
      vertex -5.297207832336426 12.468979835510254 1.8965295553207397
      vertex -5.119908332824707 12.509085655212402 0.3636288642883301
      vertex -5.297207832336426 12.468979835510254 0.3034701347351074
    endloop
  endfacet
  facet normal 0.1582976868056369 0.9873914331975868 0
    outer loop
      vertex 3.8641891479492188 12.751315116882324 0.18999958038330078
      vertex 3.6829471588134766 12.78037166595459 0.19999980926513672
      vertex 3.8641891479492188 12.751315116882324 0.19999980926513672
    endloop
  endfacet
  facet normal 0.1582976868056369 0.9873914331975868 0
    outer loop
      vertex 3.6829471588134766 12.78037166595459 0.19999980926513672
      vertex 3.8641891479492188 12.751315116882324 0.18999958038330078
      vertex 3.6829471588134766 12.78037166595459 0.18999958038330078
    endloop
  endfacet
  facet normal 0.1582976868056369 0.9873914331975868 0
    outer loop
      vertex 3.8641891479492188 12.751315116882324 1.473025918006897
      vertex 3.6829471588134766 12.78037166595459 0.7705578804016113
      vertex 3.6829471588134766 12.78037166595459 1.429440975189209
    endloop
  endfacet
  facet normal 0.1582976868056369 0.9873914331975868 0
    outer loop
      vertex 3.6829471588134766 12.78037166595459 0.7705578804016113
      vertex 3.8641891479492188 12.751315116882324 1.473025918006897
      vertex 3.8641891479492188 12.751315116882324 0.7269730567932129
    endloop
  endfacet
  facet normal -0.18161867101582438 0.9833690346652398 0
    outer loop
      vertex -4.225380897521973 12.6890230178833 0.18999958038330078
      vertex -4.405292510986328 12.655795097351074 0.19999980926513672
      vertex -4.225380897521973 12.6890230178833 0.19999980926513672
    endloop
  endfacet
  facet normal -0.18161867101582438 0.9833690346652398 0
    outer loop
      vertex -4.405292510986328 12.655795097351074 0.19999980926513672
      vertex -4.225380897521973 12.6890230178833 0.18999958038330078
      vertex -4.405292510986328 12.655795097351074 0.18999958038330078
    endloop
  endfacet
  facet normal -0.18161867101582438 0.9833690346652398 0
    outer loop
      vertex -4.225380897521973 12.6890230178833 0.6335349082946777
      vertex -4.405292510986328 12.655795097351074 1.616306185722351
      vertex -4.225380897521973 12.6890230178833 1.5664641857147217
    endloop
  endfacet
  facet normal -0.18161867101582438 0.9833690346652398 0
    outer loop
      vertex -4.405292510986328 12.655795097351074 1.616306185722351
      vertex -4.225380897521973 12.6890230178833 0.6335349082946777
      vertex -4.405292510986328 12.655795097351074 0.5836930274963379
    endloop
  endfacet
  facet normal 0.2362753985030004 0.9716861304259974 0
    outer loop
      vertex 5.5 12.421170234680176 0.18999958038330078
      vertex 5.473926544189453 12.427510261535645 0.19999980926513672
      vertex 5.5 12.421170234680176 0.19999980926513672
    endloop
  endfacet
  facet normal 0.2362753985030004 0.9716861304259974 0
    outer loop
      vertex 5.473926544189453 12.427510261535645 0.19999980926513672
      vertex 5.5 12.421170234680176 0.18999958038330078
      vertex 5.473926544189453 12.427510261535645 0.18999958038330078
    endloop
  endfacet
  facet normal 0.2362753985030004 0.9716861304259974 0
    outer loop
      vertex 5.5 12.421170234680176 1.9682444334030151
      vertex 5.473926544189453 12.427510261535645 0.24126577377319336
      vertex 5.473926544189453 12.427510261535645 1.9587339162826538
    endloop
  endfacet
  facet normal 0.2362753985030004 0.9716861304259974 0
    outer loop
      vertex 5.473926544189453 12.427510261535645 0.24126577377319336
      vertex 5.5 12.421170234680176 1.9682444334030151
      vertex 5.5 12.421170234680176 0.231755331158638
    endloop
  endfacet
  facet normal 0.2206296059101169 0.9753576661901758 0
    outer loop
      vertex 5.297207832336426 12.468979835510254 0.18999958038330078
      vertex 5.119908332824707 12.509085655212402 0.19999980926513672
      vertex 5.297207832336426 12.468979835510254 0.19999980926513672
    endloop
  endfacet
  facet normal 0.2206296059101169 0.9753576661901758 0
    outer loop
      vertex 5.119908332824707 12.509085655212402 0.19999980926513672
      vertex 5.297207832336426 12.468979835510254 0.18999958038330078
      vertex 5.119908332824707 12.509085655212402 0.18999958038330078
    endloop
  endfacet
  facet normal 0.22062960591011688 0.9753576661901757 0
    outer loop
      vertex 5.297207832336426 12.468979835510254 1.8965295553207397
      vertex 5.119908332824707 12.509085655212402 0.3636288642883301
      vertex 5.119908332824707 12.509085655212402 1.8363707065582275
    endloop
  endfacet
  facet normal 0.22062960591011688 0.9753576661901757 0
    outer loop
      vertex 5.119908332824707 12.509085655212402 0.3636288642883301
      vertex 5.297207832336426 12.468979835510254 1.8965295553207397
      vertex 5.297207832336426 12.468979835510254 0.3034701347351074
    endloop
  endfacet
  facet normal -0.15053617376005599 0.9886045015018302 0
    outer loop
      vertex -3.554048538208008 12.799999237060547 0.18999958038330078
      vertex -3.6829471588134766 12.78037166595459 0.19999980926513672
      vertex -3.554048538208008 12.799999237060547 0.19999980926513672
    endloop
  endfacet
  facet normal -0.15053617376005599 0.9886045015018302 0
    outer loop
      vertex -3.6829471588134766 12.78037166595459 0.19999980926513672
      vertex -3.554048538208008 12.799999237060547 0.18999958038330078
      vertex -3.6829471588134766 12.78037166595459 0.18999958038330078
    endloop
  endfacet
  facet normal -0.15053617376005599 0.9886045015018301 0
    outer loop
      vertex -3.554048538208008 12.799999237060547 0.7999992370605469
      vertex -3.6829471588134766 12.78037166595459 1.429440975189209
      vertex -3.554048538208008 12.799999237060547 1.3999996185302734
    endloop
  endfacet
  facet normal -0.15053617376005599 0.9886045015018302 0
    outer loop
      vertex -3.6829471588134766 12.78037166595459 1.429440975189209
      vertex -3.554048538208008 12.799999237060547 0.7999992370605469
      vertex -3.6829471588134766 12.78037166595459 0.7705578804016113
    endloop
  endfacet
  facet normal 0.2284583035275619 0.9735536983388787 0
    outer loop
      vertex 5.473926544189453 12.427510261535645 0.18999958038330078
      vertex 5.297207832336426 12.468979835510254 0.19999980926513672
      vertex 5.473926544189453 12.427510261535645 0.19999980926513672
    endloop
  endfacet
  facet normal 0.2284583035275619 0.9735536983388787 0
    outer loop
      vertex 5.297207832336426 12.468979835510254 0.19999980926513672
      vertex 5.473926544189453 12.427510261535645 0.18999958038330078
      vertex 5.297207832336426 12.468979835510254 0.18999958038330078
    endloop
  endfacet
  facet normal 0.22845830352756188 0.9735536983388787 0
    outer loop
      vertex 5.473926544189453 12.427510261535645 1.9587339162826538
      vertex 5.297207832336426 12.468979835510254 0.3034701347351074
      vertex 5.297207832336426 12.468979835510254 1.8965295553207397
    endloop
  endfacet
  facet normal 0.22845830352756188 0.9735536983388787 0
    outer loop
      vertex 5.297207832336426 12.468979835510254 0.3034701347351074
      vertex 5.473926544189453 12.427510261535645 1.9587339162826538
      vertex 5.473926544189453 12.427510261535645 0.24126577377319336
    endloop
  endfacet
  facet normal 0.20500361862921612 0.9787612151842384 0
    outer loop
      vertex 4.942048072814941 12.54782485961914 0.18999958038330078
      vertex 4.763645172119141 12.58519172668457 0.19999980926513672
      vertex 4.942048072814941 12.54782485961914 0.19999980926513672
    endloop
  endfacet
  facet normal 0.20500361862921612 0.9787612151842384 0
    outer loop
      vertex 4.763645172119141 12.58519172668457 0.19999980926513672
      vertex 4.942048072814941 12.54782485961914 0.18999958038330078
      vertex 4.763645172119141 12.58519172668457 0.18999958038330078
    endloop
  endfacet
  facet normal 0.20500361862921612 0.9787612151842384 0
    outer loop
      vertex 4.942048072814941 12.54782485961914 1.7782617807388306
      vertex 4.763645172119141 12.58519172668457 0.47778797149658203
      vertex 4.763645172119141 12.58519172668457 1.7222113609313965
    endloop
  endfacet
  facet normal 0.2050036186292161 0.9787612151842383 0
    outer loop
      vertex 4.763645172119141 12.58519172668457 0.47778797149658203
      vertex 4.942048072814941 12.54782485961914 1.7782617807388306
      vertex 4.942048072814941 12.54782485961914 0.4217376708984375
    endloop
  endfacet
  facet normal 0.17384117457339193 0.9847737029505528 0
    outer loop
      vertex 4.225380897521973 12.6890230178833 0.18999958038330078
      vertex 4.04500675201416 12.720864295959473 0.19999980926513672
      vertex 4.225380897521973 12.6890230178833 0.19999980926513672
    endloop
  endfacet
  facet normal 0.17384117457339193 0.9847737029505528 0
    outer loop
      vertex 4.04500675201416 12.720864295959473 0.19999980926513672
      vertex 4.225380897521973 12.6890230178833 0.18999958038330078
      vertex 4.04500675201416 12.720864295959473 0.18999958038330078
    endloop
  endfacet
  facet normal 0.1738411745733919 0.9847737029505527 0
    outer loop
      vertex 4.225380897521973 12.6890230178833 1.5664641857147217
      vertex 4.04500675201416 12.720864295959473 0.6812968254089355
      vertex 4.04500675201416 12.720864295959473 1.5187022686004639
    endloop
  endfacet
  facet normal 0.1738411745733919 0.9847737029505527 0
    outer loop
      vertex 4.04500675201416 12.720864295959473 0.6812968254089355
      vertex 4.225380897521973 12.6890230178833 1.5664641857147217
      vertex 4.225380897521973 12.6890230178833 0.6335349082946777
    endloop
  endfacet
  facet normal 0.18940929086441305 0.9818982231037188 0
    outer loop
      vertex 4.584719657897949 12.621183395385742 0.18999958038330078
      vertex 4.405292510986328 12.655795097351074 0.19999980926513672
      vertex 4.584719657897949 12.621183395385742 0.19999980926513672
    endloop
  endfacet
  facet normal 0.18940929086441305 0.9818982231037188 0
    outer loop
      vertex 4.405292510986328 12.655795097351074 0.19999980926513672
      vertex 4.584719657897949 12.621183395385742 0.18999958038330078
      vertex 4.405292510986328 12.655795097351074 0.18999958038330078
    endloop
  endfacet
  facet normal 0.18940929086441305 0.9818982231037188 0
    outer loop
      vertex 4.584719657897949 12.621183395385742 1.6682238578796387
      vertex 4.405292510986328 12.655795097351074 0.5836930274963379
      vertex 4.405292510986328 12.655795097351074 1.616306185722351
    endloop
  endfacet
  facet normal 0.18940929086441302 0.9818982231037187 0
    outer loop
      vertex 4.405292510986328 12.655795097351074 0.5836930274963379
      vertex 4.584719657897949 12.621183395385742 1.6682238578796387
      vertex 4.584719657897949 12.621183395385742 0.5317754745483398
    endloop
  endfacet
  facet normal -0.16606785044307681 0.9861143285893457 0
    outer loop
      vertex -3.8641891479492188 12.751315116882324 0.18999958038330078
      vertex -4.04500675201416 12.720864295959473 0.19999980926513672
      vertex -3.8641891479492188 12.751315116882324 0.19999980926513672
    endloop
  endfacet
  facet normal -0.16606785044307681 0.9861143285893457 0
    outer loop
      vertex -4.04500675201416 12.720864295959473 0.19999980926513672
      vertex -3.8641891479492188 12.751315116882324 0.18999958038330078
      vertex -4.04500675201416 12.720864295959473 0.18999958038330078
    endloop
  endfacet
  facet normal -0.16606785044307684 0.9861143285893458 0
    outer loop
      vertex -3.8641891479492188 12.751315116882324 0.7269730567932129
      vertex -4.04500675201416 12.720864295959473 1.5187022686004639
      vertex -3.8641891479492188 12.751315116882324 1.473025918006897
    endloop
  endfacet
  facet normal -0.1660678504430768 0.9861143285893456 0
    outer loop
      vertex -4.04500675201416 12.720864295959473 1.5187022686004639
      vertex -3.8641891479492188 12.751315116882324 0.7269730567932129
      vertex -4.04500675201416 12.720864295959473 0.6812968254089355
    endloop
  endfacet
  facet normal 0.15053617376005599 0.9886045015018302 0
    outer loop
      vertex 3.6829471588134766 12.78037166595459 0.18999958038330078
      vertex 3.554048538208008 12.799999237060547 0.19999980926513672
      vertex 3.6829471588134766 12.78037166595459 0.19999980926513672
    endloop
  endfacet
  facet normal 0.15053617376005599 0.9886045015018302 0
    outer loop
      vertex 3.554048538208008 12.799999237060547 0.19999980926513672
      vertex 3.6829471588134766 12.78037166595459 0.18999958038330078
      vertex 3.554048538208008 12.799999237060547 0.18999958038330078
    endloop
  endfacet
  facet normal 0.15053617376005599 0.9886045015018301 0
    outer loop
      vertex 3.6829471588134766 12.78037166595459 1.429440975189209
      vertex 3.554048538208008 12.799999237060547 0.7999992370605469
      vertex 3.554048538208008 12.799999237060547 1.3999996185302734
    endloop
  endfacet
  facet normal 0.15053617376005599 0.9886045015018302 0
    outer loop
      vertex 3.554048538208008 12.799999237060547 0.7999992370605469
      vertex 3.6829471588134766 12.78037166595459 1.429440975189209
      vertex 3.6829471588134766 12.78037166595459 0.7705578804016113
    endloop
  endfacet
  facet normal -0.2284583035275619 0.9735536983388787 0
    outer loop
      vertex -5.297207832336426 12.468979835510254 0.18999958038330078
      vertex -5.473926544189453 12.427510261535645 0.19999980926513672
      vertex -5.297207832336426 12.468979835510254 0.19999980926513672
    endloop
  endfacet
  facet normal -0.2284583035275619 0.9735536983388787 0
    outer loop
      vertex -5.473926544189453 12.427510261535645 0.19999980926513672
      vertex -5.297207832336426 12.468979835510254 0.18999958038330078
      vertex -5.473926544189453 12.427510261535645 0.18999958038330078
    endloop
  endfacet
  facet normal -0.22845830352756188 0.9735536983388787 0
    outer loop
      vertex -5.297207832336426 12.468979835510254 0.3034701347351074
      vertex -5.473926544189453 12.427510261535645 1.9587339162826538
      vertex -5.297207832336426 12.468979835510254 1.8965295553207397
    endloop
  endfacet
  facet normal -0.22845830352756188 0.9735536983388787 0
    outer loop
      vertex -5.473926544189453 12.427510261535645 1.9587339162826538
      vertex -5.297207832336426 12.468979835510254 0.3034701347351074
      vertex -5.473926544189453 12.427510261535645 0.24126577377319336
    endloop
  endfacet
  facet normal 0.21281744387255314 0.9770919790805535 0
    outer loop
      vertex 5.119908332824707 12.509085655212402 0.18999958038330078
      vertex 4.942048072814941 12.54782485961914 0.19999980926513672
      vertex 5.119908332824707 12.509085655212402 0.19999980926513672
    endloop
  endfacet
  facet normal 0.21281744387255314 0.9770919790805535 0
    outer loop
      vertex 4.942048072814941 12.54782485961914 0.19999980926513672
      vertex 5.119908332824707 12.509085655212402 0.18999958038330078
      vertex 4.942048072814941 12.54782485961914 0.18999958038330078
    endloop
  endfacet
  facet normal 0.21281744387255314 0.9770919790805535 0
    outer loop
      vertex 5.119908332824707 12.509085655212402 1.8363707065582275
      vertex 4.942048072814941 12.54782485961914 0.4217376708984375
      vertex 4.942048072814941 12.54782485961914 1.7782617807388306
    endloop
  endfacet
  facet normal 0.21281744387255316 0.9770919790805535 0
    outer loop
      vertex 4.942048072814941 12.54782485961914 0.4217376708984375
      vertex 5.119908332824707 12.509085655212402 1.8363707065582275
      vertex 5.119908332824707 12.509085655212402 0.3636288642883301
    endloop
  endfacet
  facet normal -0.2362753985030004 0.9716861304259974 0
    outer loop
      vertex -5.473926544189453 12.427510261535645 0.18999958038330078
      vertex -5.5 12.421170234680176 0.19999980926513672
      vertex -5.473926544189453 12.427510261535645 0.19999980926513672
    endloop
  endfacet
  facet normal -0.2362753985030004 0.9716861304259974 0
    outer loop
      vertex -5.5 12.421170234680176 0.19999980926513672
      vertex -5.473926544189453 12.427510261535645 0.18999958038330078
      vertex -5.5 12.421170234680176 0.18999958038330078
    endloop
  endfacet
  facet normal -0.2362753985030004 0.9716861304259974 0
    outer loop
      vertex -5.473926544189453 12.427510261535645 0.24126577377319336
      vertex -5.5 12.421170234680176 1.9682444334030151
      vertex -5.473926544189453 12.427510261535645 1.9587339162826538
    endloop
  endfacet
  facet normal -0.2362753985030004 0.9716861304259974 0
    outer loop
      vertex -5.5 12.421170234680176 1.9682444334030151
      vertex -5.473926544189453 12.427510261535645 0.24126577377319336
      vertex -5.5 12.421170234680176 0.231755331158638
    endloop
  endfacet
  facet normal -0.17384117457339193 0.9847737029505528 0
    outer loop
      vertex -4.04500675201416 12.720864295959473 0.18999958038330078
      vertex -4.225380897521973 12.6890230178833 0.19999980926513672
      vertex -4.04500675201416 12.720864295959473 0.19999980926513672
    endloop
  endfacet
  facet normal -0.17384117457339193 0.9847737029505528 0
    outer loop
      vertex -4.225380897521973 12.6890230178833 0.19999980926513672
      vertex -4.04500675201416 12.720864295959473 0.18999958038330078
      vertex -4.225380897521973 12.6890230178833 0.18999958038330078
    endloop
  endfacet
  facet normal -0.1738411745733919 0.9847737029505527 0
    outer loop
      vertex -4.04500675201416 12.720864295959473 0.6812968254089355
      vertex -4.225380897521973 12.6890230178833 1.5664641857147217
      vertex -4.04500675201416 12.720864295959473 1.5187022686004639
    endloop
  endfacet
  facet normal -0.1738411745733919 0.9847737029505527 0
    outer loop
      vertex -4.225380897521973 12.6890230178833 1.5664641857147217
      vertex -4.04500675201416 12.720864295959473 0.6812968254089355
      vertex -4.225380897521973 12.6890230178833 0.6335349082946777
    endloop
  endfacet
  facet normal -0.19720429167993125 0.9803624163252163 0
    outer loop
      vertex -4.584719657897949 12.621183395385742 0.18999958038330078
      vertex -4.763645172119141 12.58519172668457 0.19999980926513672
      vertex -4.584719657897949 12.621183395385742 0.19999980926513672
    endloop
  endfacet
  facet normal -0.19720429167993125 0.9803624163252163 0
    outer loop
      vertex -4.763645172119141 12.58519172668457 0.19999980926513672
      vertex -4.584719657897949 12.621183395385742 0.18999958038330078
      vertex -4.763645172119141 12.58519172668457 0.18999958038330078
    endloop
  endfacet
  facet normal -0.19720429167993123 0.9803624163252161 0
    outer loop
      vertex -4.584719657897949 12.621183395385742 0.5317754745483398
      vertex -4.763645172119141 12.58519172668457 1.7222113609313965
      vertex -4.584719657897949 12.621183395385742 1.6682238578796387
    endloop
  endfacet
  facet normal -0.19720429167993125 0.9803624163252163 0
    outer loop
      vertex -4.763645172119141 12.58519172668457 1.7222113609313965
      vertex -4.584719657897949 12.621183395385742 0.5317754745483398
      vertex -4.763645172119141 12.58519172668457 0.47778797149658203
    endloop
  endfacet
  facet normal 0.18161867101582438 0.9833690346652398 0
    outer loop
      vertex 4.405292510986328 12.655795097351074 0.18999958038330078
      vertex 4.225380897521973 12.6890230178833 0.19999980926513672
      vertex 4.405292510986328 12.655795097351074 0.19999980926513672
    endloop
  endfacet
  facet normal 0.18161867101582438 0.9833690346652398 0
    outer loop
      vertex 4.225380897521973 12.6890230178833 0.19999980926513672
      vertex 4.405292510986328 12.655795097351074 0.18999958038330078
      vertex 4.225380897521973 12.6890230178833 0.18999958038330078
    endloop
  endfacet
  facet normal 0.18161867101582438 0.9833690346652398 0
    outer loop
      vertex 4.405292510986328 12.655795097351074 1.616306185722351
      vertex 4.225380897521973 12.6890230178833 0.6335349082946777
      vertex 4.225380897521973 12.6890230178833 1.5664641857147217
    endloop
  endfacet
  facet normal 0.18161867101582438 0.9833690346652398 0
    outer loop
      vertex 4.225380897521973 12.6890230178833 0.6335349082946777
      vertex 4.405292510986328 12.655795097351074 1.616306185722351
      vertex 4.405292510986328 12.655795097351074 0.5836930274963379
    endloop
  endfacet
  facet normal -0.20500361862921612 0.9787612151842384 0
    outer loop
      vertex -4.763645172119141 12.58519172668457 0.18999958038330078
      vertex -4.942048072814941 12.54782485961914 0.19999980926513672
      vertex -4.763645172119141 12.58519172668457 0.19999980926513672
    endloop
  endfacet
  facet normal -0.20500361862921612 0.9787612151842384 0
    outer loop
      vertex -4.942048072814941 12.54782485961914 0.19999980926513672
      vertex -4.763645172119141 12.58519172668457 0.18999958038330078
      vertex -4.942048072814941 12.54782485961914 0.18999958038330078
    endloop
  endfacet
  facet normal -0.20500361862921612 0.9787612151842384 0
    outer loop
      vertex -4.763645172119141 12.58519172668457 0.47778797149658203
      vertex -4.942048072814941 12.54782485961914 1.7782617807388306
      vertex -4.763645172119141 12.58519172668457 1.7222113609313965
    endloop
  endfacet
  facet normal -0.2050036186292161 0.9787612151842383 0
    outer loop
      vertex -4.942048072814941 12.54782485961914 1.7782617807388306
      vertex -4.763645172119141 12.58519172668457 0.47778797149658203
      vertex -4.942048072814941 12.54782485961914 0.4217376708984375
    endloop
  endfacet
  facet normal 0 -1 0
    outer loop
      vertex -3.554048538208008 -12.799999237060547 0.18999958038330078
      vertex 3.554048538208008 -12.799999237060547 0.19999980926513672
      vertex -3.554048538208008 -12.799999237060547 0.19999980926513672
    endloop
  endfacet
  facet normal 0 -1 0
    outer loop
      vertex 3.554048538208008 -12.799999237060547 0.19999980926513672
      vertex -3.554048538208008 -12.799999237060547 0.18999958038330078
      vertex 3.554048538208008 -12.799999237060547 0.18999958038330078
    endloop
  endfacet
  facet normal 0 -1 0
    outer loop
      vertex -3.554048538208008 -12.799999237060547 0.7999992370605469
      vertex 3.554048538208008 -12.799999237060547 1.3999996185302734
      vertex -3.554048538208008 -12.799999237060547 1.3999996185302734
    endloop
  endfacet
  facet normal 0 -1 0
    outer loop
      vertex 3.554048538208008 -12.799999237060547 1.3999996185302734
      vertex -3.554048538208008 -12.799999237060547 0.7999992370605469
      vertex 3.554048538208008 -12.799999237060547 0.7999992370605469
    endloop
  endfacet
  facet normal 0 0 -1
    outer loop
      vertex 5.473926544189453 -12.427510261535645 0.18999958038330078
      vertex 5.5 -12.399999618530273 0.18999958038330078
      vertex 5.5 -12.421170234680176 0.18999958038330078
    endloop
  endfacet
  facet normal 0 0 -1
    outer loop
      vertex 5.297207832336426 -12.468979835510254 0.18999958038330078
      vertex 5.5 -12.399999618530273 0.18999958038330078
      vertex 5.473926544189453 -12.427510261535645 0.18999958038330078
    endloop
  endfacet
  facet normal 0 0 -1
    outer loop
      vertex 5.119908332824707 -12.509085655212402 0.18999958038330078
      vertex 5.5 -12.399999618530273 0.18999958038330078
      vertex 5.297207832336426 -12.468979835510254 0.18999958038330078
    endloop
  endfacet
  facet normal 0 0 -1
    outer loop
      vertex 4.942048072814941 -12.54782485961914 0.18999958038330078
      vertex 5.5 -12.399999618530273 0.18999958038330078
      vertex 5.119908332824707 -12.509085655212402 0.18999958038330078
    endloop
  endfacet
  facet normal 0 0 -1
    outer loop
      vertex 4.763645172119141 -12.58519172668457 0.18999958038330078
      vertex 5.5 -12.399999618530273 0.18999958038330078
      vertex 4.942048072814941 -12.54782485961914 0.18999958038330078
    endloop
  endfacet
  facet normal 0 0 -1
    outer loop
      vertex 4.584719657897949 -12.621183395385742 0.18999958038330078
      vertex 5.5 -12.399999618530273 0.18999958038330078
      vertex 4.763645172119141 -12.58519172668457 0.18999958038330078
    endloop
  endfacet
  facet normal 0 0 -1
    outer loop
      vertex 4.405292510986328 -12.655795097351074 0.18999958038330078
      vertex 5.5 -12.399999618530273 0.18999958038330078
      vertex 4.584719657897949 -12.621183395385742 0.18999958038330078
    endloop
  endfacet
  facet normal 0 0 -1
    outer loop
      vertex 4.225380897521973 -12.6890230178833 0.18999958038330078
      vertex 5.5 -12.399999618530273 0.18999958038330078
      vertex 4.405292510986328 -12.655795097351074 0.18999958038330078
    endloop
  endfacet
  facet normal 0 0 -1
    outer loop
      vertex 4.04500675201416 -12.720864295959473 0.18999958038330078
      vertex 5.5 -12.399999618530273 0.18999958038330078
      vertex 4.225380897521973 -12.6890230178833 0.18999958038330078
    endloop
  endfacet
  facet normal 0 0 -1
    outer loop
      vertex 3.8641891479492188 -12.751315116882324 0.18999958038330078
      vertex 5.5 -12.399999618530273 0.18999958038330078
      vertex 4.04500675201416 -12.720864295959473 0.18999958038330078
    endloop
  endfacet
  facet normal 0 0 -1
    outer loop
      vertex 3.6829471588134766 -12.78037166595459 0.18999958038330078
      vertex 5.5 -12.399999618530273 0.18999958038330078
      vertex 3.8641891479492188 -12.751315116882324 0.18999958038330078
    endloop
  endfacet
  facet normal 0 0 -1
    outer loop
      vertex 3.554048538208008 -12.799999237060547 0.18999958038330078
      vertex 5.5 -12.399999618530273 0.18999958038330078
      vertex 3.6829471588134766 -12.78037166595459 0.18999958038330078
    endloop
  endfacet
  facet normal 0 0 -1
    outer loop
      vertex -3.554048538208008 -12.799999237060547 0.18999958038330078
      vertex 5.5 -12.399999618530273 0.18999958038330078
      vertex 3.554048538208008 -12.799999237060547 0.18999958038330078
    endloop
  endfacet
  facet normal 0 0 -1
    outer loop
      vertex -5.5 -12.399999618530273 0.18999958038330078
      vertex -3.554048538208008 -12.799999237060547 0.18999958038330078
      vertex -3.6829471588134766 -12.78037166595459 0.18999958038330078
    endloop
  endfacet
  facet normal 0 0 -1
    outer loop
      vertex -5.5 -12.399999618530273 0.18999958038330078
      vertex -3.6829471588134766 -12.78037166595459 0.18999958038330078
      vertex -3.8641891479492188 -12.751315116882324 0.18999958038330078
    endloop
  endfacet
  facet normal 0 0 -1
    outer loop
      vertex -5.5 -12.399999618530273 0.18999958038330078
      vertex -3.8641891479492188 -12.751315116882324 0.18999958038330078
      vertex -4.04500675201416 -12.720864295959473 0.18999958038330078
    endloop
  endfacet
  facet normal 0 0 -1
    outer loop
      vertex -5.5 -12.399999618530273 0.18999958038330078
      vertex -4.04500675201416 -12.720864295959473 0.18999958038330078
      vertex -4.225380897521973 -12.6890230178833 0.18999958038330078
    endloop
  endfacet
  facet normal 0 0 -1
    outer loop
      vertex -5.5 -12.399999618530273 0.18999958038330078
      vertex -4.225380897521973 -12.6890230178833 0.18999958038330078
      vertex -4.405292510986328 -12.655795097351074 0.18999958038330078
    endloop
  endfacet
  facet normal 0 0 -1
    outer loop
      vertex -5.5 -12.399999618530273 0.18999958038330078
      vertex -4.405292510986328 -12.655795097351074 0.18999958038330078
      vertex -4.584719657897949 -12.621183395385742 0.18999958038330078
    endloop
  endfacet
  facet normal 0 0 -1
    outer loop
      vertex -5.5 -12.399999618530273 0.18999958038330078
      vertex -4.584719657897949 -12.621183395385742 0.18999958038330078
      vertex -4.763645172119141 -12.58519172668457 0.18999958038330078
    endloop
  endfacet
  facet normal 0 0 -1
    outer loop
      vertex -5.5 -12.399999618530273 0.18999958038330078
      vertex -4.763645172119141 -12.58519172668457 0.18999958038330078
      vertex -4.942048072814941 -12.54782485961914 0.18999958038330078
    endloop
  endfacet
  facet normal 0 0 -1
    outer loop
      vertex -5.5 -12.399999618530273 0.18999958038330078
      vertex -4.942048072814941 -12.54782485961914 0.18999958038330078
      vertex -5.119908332824707 -12.509085655212402 0.18999958038330078
    endloop
  endfacet
  facet normal 0 0 -1
    outer loop
      vertex -5.5 -12.399999618530273 0.18999958038330078
      vertex -5.119908332824707 -12.509085655212402 0.18999958038330078
      vertex -5.297207832336426 -12.468979835510254 0.18999958038330078
    endloop
  endfacet
  facet normal 0 0 -1
    outer loop
      vertex -5.5 -12.399999618530273 0.18999958038330078
      vertex -5.297207832336426 -12.468979835510254 0.18999958038330078
      vertex -5.473926544189453 -12.427510261535645 0.18999958038330078
    endloop
  endfacet
  facet normal 0 0 -1
    outer loop
      vertex -5.5 -12.399999618530273 0.18999958038330078
      vertex -5.473926544189453 -12.427510261535645 0.18999958038330078
      vertex -5.5 -12.421170234680176 0.18999958038330078
    endloop
  endfacet
  facet normal 0 0 -1
    outer loop
      vertex -3.554048538208008 -12.799999237060547 0.18999958038330078
      vertex -5.5 -12.399999618530273 0.18999958038330078
      vertex 5.5 -12.399999618530273 0.18999958038330078
    endloop
  endfacet
  facet normal 0 1 0
    outer loop
      vertex 5.5 -12.399999618530273 0.19999980926513672
      vertex -5.5 -12.399999618530273 2
      vertex 5.5 -12.399999618530273 2
    endloop
  endfacet
  facet normal 0 1 0
    outer loop
      vertex -5.5 -12.399999618530273 2
      vertex 5.5 -12.399999618530273 0.19999980926513672
      vertex -5.5 -12.399999618530273 0.19999980926513672
    endloop
  endfacet
  facet normal 0 1 0
    outer loop
      vertex 5.5 -12.399999618530273 0.18999958038330078
      vertex -5.5 -12.399999618530273 0.19999980926513672
      vertex 5.5 -12.399999618530273 0.19999980926513672
    endloop
  endfacet
  facet normal 0 1 0
    outer loop
      vertex -5.5 -12.399999618530273 0.19999980926513672
      vertex 5.5 -12.399999618530273 0.18999958038330078
      vertex -5.5 -12.399999618530273 0.18999958038330078
    endloop
  endfacet
  facet normal 1 0 0
    outer loop
      vertex 5.5 -12.421170234680176 1.9682444334030151
      vertex 5.5 -12.399999618530273 0.19999980926513672
      vertex 5.5 -12.399999618530273 2
    endloop
  endfacet
  facet normal 1 0 0
    outer loop
      vertex 5.5 -12.399999618530273 0.19999980926513672
      vertex 5.5 -12.421170234680176 1.9682444334030151
      vertex 5.5 -12.421170234680176 0.231755331158638
    endloop
  endfacet
  facet normal 1 0 0
    outer loop
      vertex 5.5 -12.421170234680176 0.19999980926513672
      vertex 5.5 -12.399999618530273 0.18999958038330078
      vertex 5.5 -12.399999618530273 0.19999980926513672
    endloop
  endfacet
  facet normal 1 0 0
    outer loop
      vertex 5.5 -12.399999618530273 0.18999958038330078
      vertex 5.5 -12.421170234680176 0.19999980926513672
      vertex 5.5 -12.421170234680176 0.18999958038330078
    endloop
  endfacet
  facet normal -1 0 0
    outer loop
      vertex -5.5 -12.421170234680176 0.231755331158638
      vertex -5.5 -12.399999618530273 2
      vertex -5.5 -12.399999618530273 0.19999980926513672
    endloop
  endfacet
  facet normal -1 0 0
    outer loop
      vertex -5.5 -12.399999618530273 2
      vertex -5.5 -12.421170234680176 0.231755331158638
      vertex -5.5 -12.421170234680176 1.9682444334030151
    endloop
  endfacet
  facet normal -1 0 0
    outer loop
      vertex -5.5 -12.421170234680176 0.18999958038330078
      vertex -5.5 -12.399999618530273 0.19999980926513672
      vertex -5.5 -12.399999618530273 0.18999958038330078
    endloop
  endfacet
  facet normal -1 0 0
    outer loop
      vertex -5.5 -12.399999618530273 0.19999980926513672
      vertex -5.5 -12.421170234680176 0.18999958038330078
      vertex -5.5 -12.421170234680176 0.19999980926513672
    endloop
  endfacet
  facet normal 0.000012423075532715529 -0.8320474110528925 0.5547045209891897
    outer loop
      vertex -5.473926544189453 -12.427510261535645 1.9587339162826538
      vertex -5.5 -12.399999618530273 2
      vertex -5.5 -12.421170234680176 1.9682444334030151
    endloop
  endfacet
  facet normal -7.253710808133898e-7 -0.8320512454444123 0.5546987695622518
    outer loop
      vertex -5.297207832336426 -12.468979835510254 1.8965295553207397
      vertex -5.5 -12.399999618530273 2
      vertex -5.473926544189453 -12.427510261535645 1.9587339162826538
    endloop
  endfacet
  facet normal 4.6603043189745436e-7 -0.8320501677378553 0.5547003861249689
    outer loop
      vertex -5.119908332824707 -12.509085655212402 1.8363707065582275
      vertex -5.5 -12.399999618530273 2
      vertex -5.297207832336426 -12.468979835510254 1.8965295553207397
    endloop
  endfacet
  facet normal -0.000012423075532715529 -0.8320474110528925 0.5547045209891897
    outer loop
      vertex 5.5 -12.399999618530273 2
      vertex 5.473926544189453 -12.427510261535645 1.9587339162826538
      vertex 5.5 -12.421170234680176 1.9682444334030151
    endloop
  endfacet
  facet normal 4.468227923736132e-7 -0.8320501883303837 0.5547003552362061
    outer loop
      vertex -4.942048072814941 -12.54782485961914 1.7782617807388306
      vertex -5.5 -12.399999618530273 2
      vertex -5.119908332824707 -12.509085655212402 1.8363707065582275
    endloop
  endfacet
  facet normal 7.253710808133898e-7 -0.8320512454444123 0.5546987695622518
    outer loop
      vertex 5.5 -12.399999618530273 2
      vertex 5.297207832336426 -12.468979835510254 1.8965295553207397
      vertex 5.473926544189453 -12.427510261535645 1.9587339162826538
    endloop
  endfacet
  facet normal 4.2768021897936774e-7 -0.8320502105616864 0.5547003218892799
    outer loop
      vertex -4.763645172119141 -12.58519172668457 1.7222113609313965
      vertex -5.5 -12.399999618530273 2
      vertex -4.942048072814941 -12.54782485961914 1.7782617807388306
    endloop
  endfacet
  facet normal -4.6603043189745436e-7 -0.8320501677378553 0.5547003861249689
    outer loop
      vertex 5.5 -12.399999618530273 2
      vertex 5.119908332824707 -12.509085655212402 1.8363707065582275
      vertex 5.297207832336426 -12.468979835510254 1.8965295553207397
    endloop
  endfacet
  facet normal -0.0000014352277350521041 -0.8320524897005893 0.5546969031651346
    outer loop
      vertex -4.584719657897949 -12.621183395385742 1.6682238578796387
      vertex -5.5 -12.399999618530273 2
      vertex -4.763645172119141 -12.58519172668457 1.7222113609313965
    endloop
  endfacet
  facet normal -4.468227923736132e-7 -0.8320501883303837 0.5547003552362061
    outer loop
      vertex 5.5 -12.399999618530273 2
      vertex 4.942048072814941 -12.54782485961914 1.7782617807388306
      vertex 5.119908332824707 -12.509085655212402 1.8363707065582275
    endloop
  endfacet
  facet normal 6.832832286314399e-7 -0.8320497922923047 0.5547009492923785
    outer loop
      vertex -4.405292510986328 -12.655795097351074 1.616306185722351
      vertex -5.5 -12.399999618530273 2
      vertex -4.584719657897949 -12.621183395385742 1.6682238578796387
    endloop
  endfacet
  facet normal -4.2768021897936774e-7 -0.8320502105616864 0.5547003218892799
    outer loop
      vertex 5.5 -12.399999618530273 2
      vertex 4.763645172119141 -12.58519172668457 1.7222113609313965
      vertex 4.942048072814941 -12.54782485961914 1.7782617807388306
    endloop
  endfacet
  facet normal 6.146287018284046e-7 -0.832049882697063 0.5547008136855632
    outer loop
      vertex -4.225380897521973 -12.6890230178833 1.5664641857147217
      vertex -5.5 -12.399999618530273 2
      vertex -4.405292510986328 -12.655795097351074 1.616306185722351
    endloop
  endfacet
  facet normal 0.0000014352277350521041 -0.8320524897005893 0.5546969031651346
    outer loop
      vertex 5.5 -12.399999618530273 2
      vertex 4.584719657897949 -12.621183395385742 1.6682238578796387
      vertex 4.763645172119141 -12.58519172668457 1.7222113609313965
    endloop
  endfacet
  facet normal -0.0000010940684517335278 -0.8320522013071197 0.5546973357595828
    outer loop
      vertex -4.04500675201416 -12.720864295959473 1.5187022686004639
      vertex -5.5 -12.399999618530273 2
      vertex -4.225380897521973 -12.6890230178833 1.5664641857147217
    endloop
  endfacet
  facet normal -6.832832286314399e-7 -0.8320497922923047 0.5547009492923785
    outer loop
      vertex 5.5 -12.399999618530273 2
      vertex 4.405292510986328 -12.655795097351074 1.616306185722351
      vertex 4.584719657897949 -12.621183395385742 1.6682238578796387
    endloop
  endfacet
  facet normal 6.662574777009903e-7 -0.832049745198929 0.5547010199323175
    outer loop
      vertex -3.8641891479492188 -12.751315116882324 1.473025918006897
      vertex -5.5 -12.399999618530273 2
      vertex -4.04500675201416 -12.720864295959473 1.5187022686004639
    endloop
  endfacet
  facet normal -6.146287018284046e-7 -0.832049882697063 0.5547008136855632
    outer loop
      vertex 5.5 -12.399999618530273 2
      vertex 4.225380897521973 -12.6890230178833 1.5664641857147217
      vertex 4.405292510986328 -12.655795097351074 1.616306185722351
    endloop
  endfacet
  facet normal 6.059471892292136e-7 -0.8320498316049686 0.5547008903235835
    outer loop
      vertex -3.6829471588134766 -12.78037166595459 1.429440975189209
      vertex -5.5 -12.399999618530273 2
      vertex -3.8641891479492188 -12.751315116882324 1.473025918006897
    endloop
  endfacet
  facet normal 0.0000010940684517335278 -0.8320522013071197 0.5546973357595828
    outer loop
      vertex 5.5 -12.399999618530273 2
      vertex 4.04500675201416 -12.720864295959473 1.5187022686004639
      vertex 4.225380897521973 -12.6890230178833 1.5664641857147217
    endloop
  endfacet
  facet normal -7.768746706548543e-7 -0.8320518641522852 0.5546978414958035
    outer loop
      vertex -3.554048538208008 -12.799999237060547 1.3999996185302734
      vertex -5.5 -12.399999618530273 2
      vertex -3.6829471588134766 -12.78037166595459 1.429440975189209
    endloop
  endfacet
  facet normal -6.662574777009903e-7 -0.832049745198929 0.5547010199323175
    outer loop
      vertex 5.5 -12.399999618530273 2
      vertex 3.8641891479492188 -12.751315116882324 1.473025918006897
      vertex 4.04500675201416 -12.720864295959473 1.5187022686004639
    endloop
  endfacet
  facet normal 0 -0.8320507012631989 0.5546995858367112
    outer loop
      vertex -5.5 -12.399999618530273 2
      vertex -3.554048538208008 -12.799999237060547 1.3999996185302734
      vertex 5.5 -12.399999618530273 2
    endloop
  endfacet
  facet normal -6.059471892292136e-7 -0.8320498316049686 0.5547008903235835
    outer loop
      vertex 5.5 -12.399999618530273 2
      vertex 3.6829471588134766 -12.78037166595459 1.429440975189209
      vertex 3.8641891479492188 -12.751315116882324 1.473025918006897
    endloop
  endfacet
  facet normal 0 -0.8320507012631989 0.5546995858367112
    outer loop
      vertex 3.554048538208008 -12.799999237060547 1.3999996185302734
      vertex 5.5 -12.399999618530273 2
      vertex -3.554048538208008 -12.799999237060547 1.3999996185302734
    endloop
  endfacet
  facet normal 7.768746706548543e-7 -0.8320518641522852 0.5546978414958035
    outer loop
      vertex 5.5 -12.399999618530273 2
      vertex 3.554048538208008 -12.799999237060547 1.3999996185302734
      vertex 3.6829471588134766 -12.78037166595459 1.429440975189209
    endloop
  endfacet
  facet normal 0 -0.8320502943378437 -0.5547001962252291
    outer loop
      vertex -5.5 -12.399999618530273 0.19999980926513672
      vertex -3.554048538208008 -12.799999237060547 0.7999992370605469
      vertex -3.6829471588134766 -12.78037166595459 0.7705578804016113
    endloop
  endfacet
  facet normal 0 -0.8320502943378436 -0.554700196225229
    outer loop
      vertex -3.554048538208008 -12.799999237060547 0.7999992370605469
      vertex -5.5 -12.399999618530273 0.19999980926513672
      vertex 3.554048538208008 -12.799999237060547 0.7999992370605469
    endloop
  endfacet
  facet normal 0 -0.8320502943378437 -0.5547001962252291
    outer loop
      vertex -5.5 -12.399999618530273 0.19999980926513672
      vertex -3.6829471588134766 -12.78037166595459 0.7705578804016113
      vertex -3.8641891479492188 -12.751315116882324 0.7269730567932129
    endloop
  endfacet
  facet normal 0 -0.8320502943378436 -0.5547001962252291
    outer loop
      vertex 5.5 -12.399999618530273 0.19999980926513672
      vertex 3.554048538208008 -12.799999237060547 0.7999992370605469
      vertex -5.5 -12.399999618530273 0.19999980926513672
    endloop
  endfacet
  facet normal 0 -0.8320502943378437 -0.5547001962252291
    outer loop
      vertex -5.5 -12.399999618530273 0.19999980926513672
      vertex -3.8641891479492188 -12.751315116882324 0.7269730567932129
      vertex -4.04500675201416 -12.720864295959473 0.6812968254089355
    endloop
  endfacet
  facet normal 0 -0.8320502943378437 -0.5547001962252291
    outer loop
      vertex 3.554048538208008 -12.799999237060547 0.7999992370605469
      vertex 5.5 -12.399999618530273 0.19999980926513672
      vertex 3.6829471588134766 -12.78037166595459 0.7705578804016113
    endloop
  endfacet
  facet normal 0 -0.8320502943378436 -0.5547001962252291
    outer loop
      vertex -5.5 -12.399999618530273 0.19999980926513672
      vertex -4.04500675201416 -12.720864295959473 0.6812968254089355
      vertex -4.225380897521973 -12.6890230178833 0.6335349082946777
    endloop
  endfacet
  facet normal 0 -0.8320502943378437 -0.5547001962252291
    outer loop
      vertex 3.6829471588134766 -12.78037166595459 0.7705578804016113
      vertex 5.5 -12.399999618530273 0.19999980926513672
      vertex 3.8641891479492188 -12.751315116882324 0.7269730567932129
    endloop
  endfacet
  facet normal 0 -0.8320502943378437 -0.5547001962252291
    outer loop
      vertex -5.5 -12.399999618530273 0.19999980926513672
      vertex -4.225380897521973 -12.6890230178833 0.6335349082946777
      vertex -4.405292510986328 -12.655795097351074 0.5836930274963379
    endloop
  endfacet
  facet normal 0 -0.8320502943378437 -0.5547001962252291
    outer loop
      vertex 3.8641891479492188 -12.751315116882324 0.7269730567932129
      vertex 5.5 -12.399999618530273 0.19999980926513672
      vertex 4.04500675201416 -12.720864295959473 0.6812968254089355
    endloop
  endfacet
  facet normal 0 -0.8320502943378437 -0.5547001962252291
    outer loop
      vertex -5.5 -12.399999618530273 0.19999980926513672
      vertex -4.405292510986328 -12.655795097351074 0.5836930274963379
      vertex -4.584719657897949 -12.621183395385742 0.5317754745483398
    endloop
  endfacet
  facet normal 0 -0.8320502943378436 -0.5547001962252291
    outer loop
      vertex 4.04500675201416 -12.720864295959473 0.6812968254089355
      vertex 5.5 -12.399999618530273 0.19999980926513672
      vertex 4.225380897521973 -12.6890230178833 0.6335349082946777
    endloop
  endfacet
  facet normal 0 -0.8320502943378437 -0.5547001962252291
    outer loop
      vertex -5.5 -12.399999618530273 0.19999980926513672
      vertex -4.584719657897949 -12.621183395385742 0.5317754745483398
      vertex -4.763645172119141 -12.58519172668457 0.47778797149658203
    endloop
  endfacet
  facet normal 0 -0.8320502943378437 -0.5547001962252291
    outer loop
      vertex 4.225380897521973 -12.6890230178833 0.6335349082946777
      vertex 5.5 -12.399999618530273 0.19999980926513672
      vertex 4.405292510986328 -12.655795097351074 0.5836930274963379
    endloop
  endfacet
  facet normal 0 -0.8320502943378436 -0.554700196225229
    outer loop
      vertex -5.5 -12.399999618530273 0.19999980926513672
      vertex -4.763645172119141 -12.58519172668457 0.47778797149658203
      vertex -4.942048072814941 -12.54782485961914 0.4217376708984375
    endloop
  endfacet
  facet normal 0 -0.8320502943378437 -0.5547001962252291
    outer loop
      vertex 4.405292510986328 -12.655795097351074 0.5836930274963379
      vertex 5.5 -12.399999618530273 0.19999980926513672
      vertex 4.584719657897949 -12.621183395385742 0.5317754745483398
    endloop
  endfacet
  facet normal 0 -0.8320502943378436 -0.554700196225229
    outer loop
      vertex -5.5 -12.399999618530273 0.19999980926513672
      vertex -4.942048072814941 -12.54782485961914 0.4217376708984375
      vertex -5.119908332824707 -12.509085655212402 0.3636288642883301
    endloop
  endfacet
  facet normal 0 -0.8320502943378437 -0.5547001962252291
    outer loop
      vertex 4.584719657897949 -12.621183395385742 0.5317754745483398
      vertex 5.5 -12.399999618530273 0.19999980926513672
      vertex 4.763645172119141 -12.58519172668457 0.47778797149658203
    endloop
  endfacet
  facet normal 0 -0.8320502943378437 -0.5547001962252291
    outer loop
      vertex -5.5 -12.399999618530273 0.19999980926513672
      vertex -5.119908332824707 -12.509085655212402 0.3636288642883301
      vertex -5.297207832336426 -12.468979835510254 0.3034701347351074
    endloop
  endfacet
  facet normal 0 -0.8320502943378436 -0.554700196225229
    outer loop
      vertex 4.763645172119141 -12.58519172668457 0.47778797149658203
      vertex 5.5 -12.399999618530273 0.19999980926513672
      vertex 4.942048072814941 -12.54782485961914 0.4217376708984375
    endloop
  endfacet
  facet normal 0 -0.8320502943378436 -0.554700196225229
    outer loop
      vertex -5.5 -12.399999618530273 0.19999980926513672
      vertex -5.297207832336426 -12.468979835510254 0.3034701347351074
      vertex -5.473926544189453 -12.427510261535645 0.24126577377319336
    endloop
  endfacet
  facet normal 0 -0.8320502943378436 -0.554700196225229
    outer loop
      vertex 4.942048072814941 -12.54782485961914 0.4217376708984375
      vertex 5.5 -12.399999618530273 0.19999980926513672
      vertex 5.119908332824707 -12.509085655212402 0.3636288642883301
    endloop
  endfacet
  facet normal 0.000011122813416446376 -0.8320470506582945 -0.5547050616022147
    outer loop
      vertex -5.5 -12.399999618530273 0.19999980926513672
      vertex -5.473926544189453 -12.427510261535645 0.24126577377319336
      vertex -5.5 -12.421170234680176 0.231755331158638
    endloop
  endfacet
  facet normal 0 -0.8320502943378437 -0.5547001962252291
    outer loop
      vertex 5.119908332824707 -12.509085655212402 0.3636288642883301
      vertex 5.5 -12.399999618530273 0.19999980926513672
      vertex 5.297207832336426 -12.468979835510254 0.3034701347351074
    endloop
  endfacet
  facet normal 0 -0.8320502943378436 -0.554700196225229
    outer loop
      vertex 5.297207832336426 -12.468979835510254 0.3034701347351074
      vertex 5.5 -12.399999618530273 0.19999980926513672
      vertex 5.473926544189453 -12.427510261535645 0.24126577377319336
    endloop
  endfacet
  facet normal -0.000011122813416446376 -0.8320470506582945 -0.5547050616022147
    outer loop
      vertex 5.473926544189453 -12.427510261535645 0.24126577377319336
      vertex 5.5 -12.399999618530273 0.19999980926513672
      vertex 5.5 -12.421170234680176 0.231755331158638
    endloop
  endfacet
  facet normal 0 0 1
    outer loop
      vertex 5.5 -12.399999618530273 0.19999980926513672
      vertex 5.473926544189453 -12.427510261535645 0.19999980926513672
      vertex 5.5 -12.421170234680176 0.19999980926513672
    endloop
  endfacet
  facet normal 0 0 1
    outer loop
      vertex 5.5 -12.399999618530273 0.19999980926513672
      vertex 5.297207832336426 -12.468979835510254 0.19999980926513672
      vertex 5.473926544189453 -12.427510261535645 0.19999980926513672
    endloop
  endfacet
  facet normal 0 0 1
    outer loop
      vertex 5.5 -12.399999618530273 0.19999980926513672
      vertex 5.119908332824707 -12.509085655212402 0.19999980926513672
      vertex 5.297207832336426 -12.468979835510254 0.19999980926513672
    endloop
  endfacet
  facet normal 0 0 1
    outer loop
      vertex 5.5 -12.399999618530273 0.19999980926513672
      vertex 4.942048072814941 -12.54782485961914 0.19999980926513672
      vertex 5.119908332824707 -12.509085655212402 0.19999980926513672
    endloop
  endfacet
  facet normal 0 0 1
    outer loop
      vertex 5.5 -12.399999618530273 0.19999980926513672
      vertex 4.763645172119141 -12.58519172668457 0.19999980926513672
      vertex 4.942048072814941 -12.54782485961914 0.19999980926513672
    endloop
  endfacet
  facet normal 0 0 1
    outer loop
      vertex 5.5 -12.399999618530273 0.19999980926513672
      vertex 4.584719657897949 -12.621183395385742 0.19999980926513672
      vertex 4.763645172119141 -12.58519172668457 0.19999980926513672
    endloop
  endfacet
  facet normal 0 0 1
    outer loop
      vertex 5.5 -12.399999618530273 0.19999980926513672
      vertex 4.405292510986328 -12.655795097351074 0.19999980926513672
      vertex 4.584719657897949 -12.621183395385742 0.19999980926513672
    endloop
  endfacet
  facet normal 0 0 1
    outer loop
      vertex 5.5 -12.399999618530273 0.19999980926513672
      vertex 4.225380897521973 -12.6890230178833 0.19999980926513672
      vertex 4.405292510986328 -12.655795097351074 0.19999980926513672
    endloop
  endfacet
  facet normal 0 0 1
    outer loop
      vertex 5.5 -12.399999618530273 0.19999980926513672
      vertex 4.04500675201416 -12.720864295959473 0.19999980926513672
      vertex 4.225380897521973 -12.6890230178833 0.19999980926513672
    endloop
  endfacet
  facet normal 0 0 1
    outer loop
      vertex 5.5 -12.399999618530273 0.19999980926513672
      vertex 3.8641891479492188 -12.751315116882324 0.19999980926513672
      vertex 4.04500675201416 -12.720864295959473 0.19999980926513672
    endloop
  endfacet
  facet normal 0 0 1
    outer loop
      vertex 5.5 -12.399999618530273 0.19999980926513672
      vertex 3.6829471588134766 -12.78037166595459 0.19999980926513672
      vertex 3.8641891479492188 -12.751315116882324 0.19999980926513672
    endloop
  endfacet
  facet normal 0 0 1
    outer loop
      vertex 5.5 -12.399999618530273 0.19999980926513672
      vertex 3.554048538208008 -12.799999237060547 0.19999980926513672
      vertex 3.6829471588134766 -12.78037166595459 0.19999980926513672
    endloop
  endfacet
  facet normal 0 0 1
    outer loop
      vertex 5.5 -12.399999618530273 0.19999980926513672
      vertex -3.554048538208008 -12.799999237060547 0.19999980926513672
      vertex 3.554048538208008 -12.799999237060547 0.19999980926513672
    endloop
  endfacet
  facet normal 0 0 1
    outer loop
      vertex -5.5 -12.399999618530273 0.19999980926513672
      vertex -3.554048538208008 -12.799999237060547 0.19999980926513672
      vertex 5.5 -12.399999618530273 0.19999980926513672
    endloop
  endfacet
  facet normal 0 0 1
    outer loop
      vertex -3.554048538208008 -12.799999237060547 0.19999980926513672
      vertex -5.5 -12.399999618530273 0.19999980926513672
      vertex -3.6829471588134766 -12.78037166595459 0.19999980926513672
    endloop
  endfacet
  facet normal 0 0 1
    outer loop
      vertex -3.6829471588134766 -12.78037166595459 0.19999980926513672
      vertex -5.5 -12.399999618530273 0.19999980926513672
      vertex -3.8641891479492188 -12.751315116882324 0.19999980926513672
    endloop
  endfacet
  facet normal 0 0 1
    outer loop
      vertex -3.8641891479492188 -12.751315116882324 0.19999980926513672
      vertex -5.5 -12.399999618530273 0.19999980926513672
      vertex -4.04500675201416 -12.720864295959473 0.19999980926513672
    endloop
  endfacet
  facet normal 0 0 1
    outer loop
      vertex -4.04500675201416 -12.720864295959473 0.19999980926513672
      vertex -5.5 -12.399999618530273 0.19999980926513672
      vertex -4.225380897521973 -12.6890230178833 0.19999980926513672
    endloop
  endfacet
  facet normal 0 0 1
    outer loop
      vertex -4.225380897521973 -12.6890230178833 0.19999980926513672
      vertex -5.5 -12.399999618530273 0.19999980926513672
      vertex -4.405292510986328 -12.655795097351074 0.19999980926513672
    endloop
  endfacet
  facet normal 0 0 1
    outer loop
      vertex -4.405292510986328 -12.655795097351074 0.19999980926513672
      vertex -5.5 -12.399999618530273 0.19999980926513672
      vertex -4.584719657897949 -12.621183395385742 0.19999980926513672
    endloop
  endfacet
  facet normal 0 0 1
    outer loop
      vertex -4.584719657897949 -12.621183395385742 0.19999980926513672
      vertex -5.5 -12.399999618530273 0.19999980926513672
      vertex -4.763645172119141 -12.58519172668457 0.19999980926513672
    endloop
  endfacet
  facet normal 0 0 1
    outer loop
      vertex -4.763645172119141 -12.58519172668457 0.19999980926513672
      vertex -5.5 -12.399999618530273 0.19999980926513672
      vertex -4.942048072814941 -12.54782485961914 0.19999980926513672
    endloop
  endfacet
  facet normal 0 0 1
    outer loop
      vertex -4.942048072814941 -12.54782485961914 0.19999980926513672
      vertex -5.5 -12.399999618530273 0.19999980926513672
      vertex -5.119908332824707 -12.509085655212402 0.19999980926513672
    endloop
  endfacet
  facet normal 0 0 1
    outer loop
      vertex -5.119908332824707 -12.509085655212402 0.19999980926513672
      vertex -5.5 -12.399999618530273 0.19999980926513672
      vertex -5.297207832336426 -12.468979835510254 0.19999980926513672
    endloop
  endfacet
  facet normal 0 0 1
    outer loop
      vertex -5.297207832336426 -12.468979835510254 0.19999980926513672
      vertex -5.5 -12.399999618530273 0.19999980926513672
      vertex -5.473926544189453 -12.427510261535645 0.19999980926513672
    endloop
  endfacet
  facet normal 0 0 1
    outer loop
      vertex -5.473926544189453 -12.427510261535645 0.19999980926513672
      vertex -5.5 -12.399999618530273 0.19999980926513672
      vertex -5.5 -12.421170234680176 0.19999980926513672
    endloop
  endfacet
  facet normal -0.19720429167993125 -0.9803624163252163 0
    outer loop
      vertex -4.763645172119141 -12.58519172668457 0.18999958038330078
      vertex -4.584719657897949 -12.621183395385742 0.19999980926513672
      vertex -4.763645172119141 -12.58519172668457 0.19999980926513672
    endloop
  endfacet
  facet normal -0.19720429167993125 -0.9803624163252163 0
    outer loop
      vertex -4.584719657897949 -12.621183395385742 0.19999980926513672
      vertex -4.763645172119141 -12.58519172668457 0.18999958038330078
      vertex -4.584719657897949 -12.621183395385742 0.18999958038330078
    endloop
  endfacet
  facet normal -0.19720429167993123 -0.9803624163252161 0
    outer loop
      vertex -4.763645172119141 -12.58519172668457 1.7222113609313965
      vertex -4.584719657897949 -12.621183395385742 0.5317754745483398
      vertex -4.584719657897949 -12.621183395385742 1.6682238578796387
    endloop
  endfacet
  facet normal -0.19720429167993125 -0.9803624163252163 0
    outer loop
      vertex -4.584719657897949 -12.621183395385742 0.5317754745483398
      vertex -4.763645172119141 -12.58519172668457 1.7222113609313965
      vertex -4.763645172119141 -12.58519172668457 0.47778797149658203
    endloop
  endfacet
  facet normal 0.18940929086441305 -0.9818982231037188 0
    outer loop
      vertex 4.405292510986328 -12.655795097351074 0.18999958038330078
      vertex 4.584719657897949 -12.621183395385742 0.19999980926513672
      vertex 4.405292510986328 -12.655795097351074 0.19999980926513672
    endloop
  endfacet
  facet normal 0.18940929086441305 -0.9818982231037188 0
    outer loop
      vertex 4.584719657897949 -12.621183395385742 0.19999980926513672
      vertex 4.405292510986328 -12.655795097351074 0.18999958038330078
      vertex 4.584719657897949 -12.621183395385742 0.18999958038330078
    endloop
  endfacet
  facet normal 0.18940929086441305 -0.9818982231037188 0
    outer loop
      vertex 4.405292510986328 -12.655795097351074 0.5836930274963379
      vertex 4.584719657897949 -12.621183395385742 1.6682238578796387
      vertex 4.405292510986328 -12.655795097351074 1.616306185722351
    endloop
  endfacet
  facet normal 0.18940929086441302 -0.9818982231037187 0
    outer loop
      vertex 4.584719657897949 -12.621183395385742 1.6682238578796387
      vertex 4.405292510986328 -12.655795097351074 0.5836930274963379
      vertex 4.584719657897949 -12.621183395385742 0.5317754745483398
    endloop
  endfacet
  facet normal 0.1582976868056369 -0.9873914331975868 0
    outer loop
      vertex 3.6829471588134766 -12.78037166595459 0.18999958038330078
      vertex 3.8641891479492188 -12.751315116882324 0.19999980926513672
      vertex 3.6829471588134766 -12.78037166595459 0.19999980926513672
    endloop
  endfacet
  facet normal 0.1582976868056369 -0.9873914331975868 0
    outer loop
      vertex 3.8641891479492188 -12.751315116882324 0.19999980926513672
      vertex 3.6829471588134766 -12.78037166595459 0.18999958038330078
      vertex 3.8641891479492188 -12.751315116882324 0.18999958038330078
    endloop
  endfacet
  facet normal 0.1582976868056369 -0.9873914331975868 0
    outer loop
      vertex 3.6829471588134766 -12.78037166595459 0.7705578804016113
      vertex 3.8641891479492188 -12.751315116882324 1.473025918006897
      vertex 3.6829471588134766 -12.78037166595459 1.429440975189209
    endloop
  endfacet
  facet normal 0.1582976868056369 -0.9873914331975868 0
    outer loop
      vertex 3.8641891479492188 -12.751315116882324 1.473025918006897
      vertex 3.6829471588134766 -12.78037166595459 0.7705578804016113
      vertex 3.8641891479492188 -12.751315116882324 0.7269730567932129
    endloop
  endfacet
  facet normal -0.16606785044307681 -0.9861143285893457 0
    outer loop
      vertex -4.04500675201416 -12.720864295959473 0.18999958038330078
      vertex -3.8641891479492188 -12.751315116882324 0.19999980926513672
      vertex -4.04500675201416 -12.720864295959473 0.19999980926513672
    endloop
  endfacet
  facet normal -0.16606785044307681 -0.9861143285893457 0
    outer loop
      vertex -3.8641891479492188 -12.751315116882324 0.19999980926513672
      vertex -4.04500675201416 -12.720864295959473 0.18999958038330078
      vertex -3.8641891479492188 -12.751315116882324 0.18999958038330078
    endloop
  endfacet
  facet normal -0.16606785044307684 -0.9861143285893458 0
    outer loop
      vertex -4.04500675201416 -12.720864295959473 1.5187022686004639
      vertex -3.8641891479492188 -12.751315116882324 0.7269730567932129
      vertex -3.8641891479492188 -12.751315116882324 1.473025918006897
    endloop
  endfacet
  facet normal -0.1660678504430768 -0.9861143285893456 0
    outer loop
      vertex -3.8641891479492188 -12.751315116882324 0.7269730567932129
      vertex -4.04500675201416 -12.720864295959473 1.5187022686004639
      vertex -4.04500675201416 -12.720864295959473 0.6812968254089355
    endloop
  endfacet
  facet normal 0.21281744387255314 -0.9770919790805535 0
    outer loop
      vertex 4.942048072814941 -12.54782485961914 0.18999958038330078
      vertex 5.119908332824707 -12.509085655212402 0.19999980926513672
      vertex 4.942048072814941 -12.54782485961914 0.19999980926513672
    endloop
  endfacet
  facet normal 0.21281744387255314 -0.9770919790805535 0
    outer loop
      vertex 5.119908332824707 -12.509085655212402 0.19999980926513672
      vertex 4.942048072814941 -12.54782485961914 0.18999958038330078
      vertex 5.119908332824707 -12.509085655212402 0.18999958038330078
    endloop
  endfacet
  facet normal 0.21281744387255314 -0.9770919790805535 0
    outer loop
      vertex 4.942048072814941 -12.54782485961914 0.4217376708984375
      vertex 5.119908332824707 -12.509085655212402 1.8363707065582275
      vertex 4.942048072814941 -12.54782485961914 1.7782617807388306
    endloop
  endfacet
  facet normal 0.21281744387255316 -0.9770919790805535 0
    outer loop
      vertex 5.119908332824707 -12.509085655212402 1.8363707065582275
      vertex 4.942048072814941 -12.54782485961914 0.4217376708984375
      vertex 5.119908332824707 -12.509085655212402 0.3636288642883301
    endloop
  endfacet
  facet normal 0.2206296059101169 -0.9753576661901758 0
    outer loop
      vertex 5.119908332824707 -12.509085655212402 0.18999958038330078
      vertex 5.297207832336426 -12.468979835510254 0.19999980926513672
      vertex 5.119908332824707 -12.509085655212402 0.19999980926513672
    endloop
  endfacet
  facet normal 0.2206296059101169 -0.9753576661901758 0
    outer loop
      vertex 5.297207832336426 -12.468979835510254 0.19999980926513672
      vertex 5.119908332824707 -12.509085655212402 0.18999958038330078
      vertex 5.297207832336426 -12.468979835510254 0.18999958038330078
    endloop
  endfacet
  facet normal 0.22062960591011688 -0.9753576661901757 0
    outer loop
      vertex 5.119908332824707 -12.509085655212402 0.3636288642883301
      vertex 5.297207832336426 -12.468979835510254 1.8965295553207397
      vertex 5.119908332824707 -12.509085655212402 1.8363707065582275
    endloop
  endfacet
  facet normal 0.22062960591011688 -0.9753576661901757 0
    outer loop
      vertex 5.297207832336426 -12.468979835510254 1.8965295553207397
      vertex 5.119908332824707 -12.509085655212402 0.3636288642883301
      vertex 5.297207832336426 -12.468979835510254 0.3034701347351074
    endloop
  endfacet
  facet normal -0.1582976868056369 -0.9873914331975868 0
    outer loop
      vertex -3.8641891479492188 -12.751315116882324 0.18999958038330078
      vertex -3.6829471588134766 -12.78037166595459 0.19999980926513672
      vertex -3.8641891479492188 -12.751315116882324 0.19999980926513672
    endloop
  endfacet
  facet normal -0.1582976868056369 -0.9873914331975868 0
    outer loop
      vertex -3.6829471588134766 -12.78037166595459 0.19999980926513672
      vertex -3.8641891479492188 -12.751315116882324 0.18999958038330078
      vertex -3.6829471588134766 -12.78037166595459 0.18999958038330078
    endloop
  endfacet
  facet normal -0.1582976868056369 -0.9873914331975868 0
    outer loop
      vertex -3.8641891479492188 -12.751315116882324 1.473025918006897
      vertex -3.6829471588134766 -12.78037166595459 0.7705578804016113
      vertex -3.6829471588134766 -12.78037166595459 1.429440975189209
    endloop
  endfacet
  facet normal -0.1582976868056369 -0.9873914331975868 0
    outer loop
      vertex -3.6829471588134766 -12.78037166595459 0.7705578804016113
      vertex -3.8641891479492188 -12.751315116882324 1.473025918006897
      vertex -3.8641891479492188 -12.751315116882324 0.7269730567932129
    endloop
  endfacet
  facet normal 0.18161867101582438 -0.9833690346652398 0
    outer loop
      vertex 4.225380897521973 -12.6890230178833 0.18999958038330078
      vertex 4.405292510986328 -12.655795097351074 0.19999980926513672
      vertex 4.225380897521973 -12.6890230178833 0.19999980926513672
    endloop
  endfacet
  facet normal 0.18161867101582438 -0.9833690346652398 0
    outer loop
      vertex 4.405292510986328 -12.655795097351074 0.19999980926513672
      vertex 4.225380897521973 -12.6890230178833 0.18999958038330078
      vertex 4.405292510986328 -12.655795097351074 0.18999958038330078
    endloop
  endfacet
  facet normal 0.18161867101582438 -0.9833690346652398 0
    outer loop
      vertex 4.225380897521973 -12.6890230178833 0.6335349082946777
      vertex 4.405292510986328 -12.655795097351074 1.616306185722351
      vertex 4.225380897521973 -12.6890230178833 1.5664641857147217
    endloop
  endfacet
  facet normal 0.18161867101582438 -0.9833690346652398 0
    outer loop
      vertex 4.405292510986328 -12.655795097351074 1.616306185722351
      vertex 4.225380897521973 -12.6890230178833 0.6335349082946777
      vertex 4.405292510986328 -12.655795097351074 0.5836930274963379
    endloop
  endfacet
  facet normal -0.2362753985030004 -0.9716861304259974 0
    outer loop
      vertex -5.5 -12.421170234680176 0.18999958038330078
      vertex -5.473926544189453 -12.427510261535645 0.19999980926513672
      vertex -5.5 -12.421170234680176 0.19999980926513672
    endloop
  endfacet
  facet normal -0.2362753985030004 -0.9716861304259974 0
    outer loop
      vertex -5.473926544189453 -12.427510261535645 0.19999980926513672
      vertex -5.5 -12.421170234680176 0.18999958038330078
      vertex -5.473926544189453 -12.427510261535645 0.18999958038330078
    endloop
  endfacet
  facet normal -0.2362753985030004 -0.9716861304259974 0
    outer loop
      vertex -5.5 -12.421170234680176 1.9682444334030151
      vertex -5.473926544189453 -12.427510261535645 0.24126577377319336
      vertex -5.473926544189453 -12.427510261535645 1.9587339162826538
    endloop
  endfacet
  facet normal -0.2362753985030004 -0.9716861304259974 0
    outer loop
      vertex -5.473926544189453 -12.427510261535645 0.24126577377319336
      vertex -5.5 -12.421170234680176 1.9682444334030151
      vertex -5.5 -12.421170234680176 0.231755331158638
    endloop
  endfacet
  facet normal -0.2206296059101169 -0.9753576661901758 0
    outer loop
      vertex -5.297207832336426 -12.468979835510254 0.18999958038330078
      vertex -5.119908332824707 -12.509085655212402 0.19999980926513672
      vertex -5.297207832336426 -12.468979835510254 0.19999980926513672
    endloop
  endfacet
  facet normal -0.2206296059101169 -0.9753576661901758 0
    outer loop
      vertex -5.119908332824707 -12.509085655212402 0.19999980926513672
      vertex -5.297207832336426 -12.468979835510254 0.18999958038330078
      vertex -5.119908332824707 -12.509085655212402 0.18999958038330078
    endloop
  endfacet
  facet normal -0.22062960591011688 -0.9753576661901757 0
    outer loop
      vertex -5.297207832336426 -12.468979835510254 1.8965295553207397
      vertex -5.119908332824707 -12.509085655212402 0.3636288642883301
      vertex -5.119908332824707 -12.509085655212402 1.8363707065582275
    endloop
  endfacet
  facet normal -0.22062960591011688 -0.9753576661901757 0
    outer loop
      vertex -5.119908332824707 -12.509085655212402 0.3636288642883301
      vertex -5.297207832336426 -12.468979835510254 1.8965295553207397
      vertex -5.297207832336426 -12.468979835510254 0.3034701347351074
    endloop
  endfacet
  facet normal 0.15053617376005599 -0.9886045015018302 0
    outer loop
      vertex 3.554048538208008 -12.799999237060547 0.18999958038330078
      vertex 3.6829471588134766 -12.78037166595459 0.19999980926513672
      vertex 3.554048538208008 -12.799999237060547 0.19999980926513672
    endloop
  endfacet
  facet normal 0.15053617376005599 -0.9886045015018302 0
    outer loop
      vertex 3.6829471588134766 -12.78037166595459 0.19999980926513672
      vertex 3.554048538208008 -12.799999237060547 0.18999958038330078
      vertex 3.6829471588134766 -12.78037166595459 0.18999958038330078
    endloop
  endfacet
  facet normal 0.15053617376005599 -0.9886045015018301 0
    outer loop
      vertex 3.554048538208008 -12.799999237060547 0.7999992370605469
      vertex 3.6829471588134766 -12.78037166595459 1.429440975189209
      vertex 3.554048538208008 -12.799999237060547 1.3999996185302734
    endloop
  endfacet
  facet normal 0.15053617376005599 -0.9886045015018302 0
    outer loop
      vertex 3.6829471588134766 -12.78037166595459 1.429440975189209
      vertex 3.554048538208008 -12.799999237060547 0.7999992370605469
      vertex 3.6829471588134766 -12.78037166595459 0.7705578804016113
    endloop
  endfacet
  facet normal -0.2284583035275619 -0.9735536983388787 0
    outer loop
      vertex -5.473926544189453 -12.427510261535645 0.18999958038330078
      vertex -5.297207832336426 -12.468979835510254 0.19999980926513672
      vertex -5.473926544189453 -12.427510261535645 0.19999980926513672
    endloop
  endfacet
  facet normal -0.2284583035275619 -0.9735536983388787 0
    outer loop
      vertex -5.297207832336426 -12.468979835510254 0.19999980926513672
      vertex -5.473926544189453 -12.427510261535645 0.18999958038330078
      vertex -5.297207832336426 -12.468979835510254 0.18999958038330078
    endloop
  endfacet
  facet normal -0.22845830352756188 -0.9735536983388787 0
    outer loop
      vertex -5.473926544189453 -12.427510261535645 1.9587339162826538
      vertex -5.297207832336426 -12.468979835510254 0.3034701347351074
      vertex -5.297207832336426 -12.468979835510254 1.8965295553207397
    endloop
  endfacet
  facet normal -0.22845830352756188 -0.9735536983388787 0
    outer loop
      vertex -5.297207832336426 -12.468979835510254 0.3034701347351074
      vertex -5.473926544189453 -12.427510261535645 1.9587339162826538
      vertex -5.473926544189453 -12.427510261535645 0.24126577377319336
    endloop
  endfacet
  facet normal -0.20500361862921612 -0.9787612151842384 0
    outer loop
      vertex -4.942048072814941 -12.54782485961914 0.18999958038330078
      vertex -4.763645172119141 -12.58519172668457 0.19999980926513672
      vertex -4.942048072814941 -12.54782485961914 0.19999980926513672
    endloop
  endfacet
  facet normal -0.20500361862921612 -0.9787612151842384 0
    outer loop
      vertex -4.763645172119141 -12.58519172668457 0.19999980926513672
      vertex -4.942048072814941 -12.54782485961914 0.18999958038330078
      vertex -4.763645172119141 -12.58519172668457 0.18999958038330078
    endloop
  endfacet
  facet normal -0.20500361862921612 -0.9787612151842384 0
    outer loop
      vertex -4.942048072814941 -12.54782485961914 1.7782617807388306
      vertex -4.763645172119141 -12.58519172668457 0.47778797149658203
      vertex -4.763645172119141 -12.58519172668457 1.7222113609313965
    endloop
  endfacet
  facet normal -0.2050036186292161 -0.9787612151842383 0
    outer loop
      vertex -4.763645172119141 -12.58519172668457 0.47778797149658203
      vertex -4.942048072814941 -12.54782485961914 1.7782617807388306
      vertex -4.942048072814941 -12.54782485961914 0.4217376708984375
    endloop
  endfacet
  facet normal -0.17384117457339193 -0.9847737029505528 0
    outer loop
      vertex -4.225380897521973 -12.6890230178833 0.18999958038330078
      vertex -4.04500675201416 -12.720864295959473 0.19999980926513672
      vertex -4.225380897521973 -12.6890230178833 0.19999980926513672
    endloop
  endfacet
  facet normal -0.17384117457339193 -0.9847737029505528 0
    outer loop
      vertex -4.04500675201416 -12.720864295959473 0.19999980926513672
      vertex -4.225380897521973 -12.6890230178833 0.18999958038330078
      vertex -4.04500675201416 -12.720864295959473 0.18999958038330078
    endloop
  endfacet
  facet normal -0.1738411745733919 -0.9847737029505527 0
    outer loop
      vertex -4.225380897521973 -12.6890230178833 1.5664641857147217
      vertex -4.04500675201416 -12.720864295959473 0.6812968254089355
      vertex -4.04500675201416 -12.720864295959473 1.5187022686004639
    endloop
  endfacet
  facet normal -0.1738411745733919 -0.9847737029505527 0
    outer loop
      vertex -4.04500675201416 -12.720864295959473 0.6812968254089355
      vertex -4.225380897521973 -12.6890230178833 1.5664641857147217
      vertex -4.225380897521973 -12.6890230178833 0.6335349082946777
    endloop
  endfacet
  facet normal -0.18940929086441305 -0.9818982231037188 0
    outer loop
      vertex -4.584719657897949 -12.621183395385742 0.18999958038330078
      vertex -4.405292510986328 -12.655795097351074 0.19999980926513672
      vertex -4.584719657897949 -12.621183395385742 0.19999980926513672
    endloop
  endfacet
  facet normal -0.18940929086441305 -0.9818982231037188 0
    outer loop
      vertex -4.405292510986328 -12.655795097351074 0.19999980926513672
      vertex -4.584719657897949 -12.621183395385742 0.18999958038330078
      vertex -4.405292510986328 -12.655795097351074 0.18999958038330078
    endloop
  endfacet
  facet normal -0.18940929086441305 -0.9818982231037188 0
    outer loop
      vertex -4.584719657897949 -12.621183395385742 1.6682238578796387
      vertex -4.405292510986328 -12.655795097351074 0.5836930274963379
      vertex -4.405292510986328 -12.655795097351074 1.616306185722351
    endloop
  endfacet
  facet normal -0.18940929086441302 -0.9818982231037187 0
    outer loop
      vertex -4.405292510986328 -12.655795097351074 0.5836930274963379
      vertex -4.584719657897949 -12.621183395385742 1.6682238578796387
      vertex -4.584719657897949 -12.621183395385742 0.5317754745483398
    endloop
  endfacet
  facet normal 0.16606785044307681 -0.9861143285893457 0
    outer loop
      vertex 3.8641891479492188 -12.751315116882324 0.18999958038330078
      vertex 4.04500675201416 -12.720864295959473 0.19999980926513672
      vertex 3.8641891479492188 -12.751315116882324 0.19999980926513672
    endloop
  endfacet
  facet normal 0.16606785044307681 -0.9861143285893457 0
    outer loop
      vertex 4.04500675201416 -12.720864295959473 0.19999980926513672
      vertex 3.8641891479492188 -12.751315116882324 0.18999958038330078
      vertex 4.04500675201416 -12.720864295959473 0.18999958038330078
    endloop
  endfacet
  facet normal 0.16606785044307684 -0.9861143285893458 0
    outer loop
      vertex 3.8641891479492188 -12.751315116882324 0.7269730567932129
      vertex 4.04500675201416 -12.720864295959473 1.5187022686004639
      vertex 3.8641891479492188 -12.751315116882324 1.473025918006897
    endloop
  endfacet
  facet normal 0.1660678504430768 -0.9861143285893456 0
    outer loop
      vertex 4.04500675201416 -12.720864295959473 1.5187022686004639
      vertex 3.8641891479492188 -12.751315116882324 0.7269730567932129
      vertex 4.04500675201416 -12.720864295959473 0.6812968254089355
    endloop
  endfacet
  facet normal -0.15053617376005599 -0.9886045015018302 0
    outer loop
      vertex -3.6829471588134766 -12.78037166595459 0.18999958038330078
      vertex -3.554048538208008 -12.799999237060547 0.19999980926513672
      vertex -3.6829471588134766 -12.78037166595459 0.19999980926513672
    endloop
  endfacet
  facet normal -0.15053617376005599 -0.9886045015018302 0
    outer loop
      vertex -3.554048538208008 -12.799999237060547 0.19999980926513672
      vertex -3.6829471588134766 -12.78037166595459 0.18999958038330078
      vertex -3.554048538208008 -12.799999237060547 0.18999958038330078
    endloop
  endfacet
  facet normal -0.15053617376005599 -0.9886045015018301 0
    outer loop
      vertex -3.6829471588134766 -12.78037166595459 1.429440975189209
      vertex -3.554048538208008 -12.799999237060547 0.7999992370605469
      vertex -3.554048538208008 -12.799999237060547 1.3999996185302734
    endloop
  endfacet
  facet normal -0.15053617376005599 -0.9886045015018302 0
    outer loop
      vertex -3.554048538208008 -12.799999237060547 0.7999992370605469
      vertex -3.6829471588134766 -12.78037166595459 1.429440975189209
      vertex -3.6829471588134766 -12.78037166595459 0.7705578804016113
    endloop
  endfacet
  facet normal 0.2284583035275619 -0.9735536983388787 0
    outer loop
      vertex 5.297207832336426 -12.468979835510254 0.18999958038330078
      vertex 5.473926544189453 -12.427510261535645 0.19999980926513672
      vertex 5.297207832336426 -12.468979835510254 0.19999980926513672
    endloop
  endfacet
  facet normal 0.2284583035275619 -0.9735536983388787 0
    outer loop
      vertex 5.473926544189453 -12.427510261535645 0.19999980926513672
      vertex 5.297207832336426 -12.468979835510254 0.18999958038330078
      vertex 5.473926544189453 -12.427510261535645 0.18999958038330078
    endloop
  endfacet
  facet normal 0.22845830352756188 -0.9735536983388787 0
    outer loop
      vertex 5.297207832336426 -12.468979835510254 0.3034701347351074
      vertex 5.473926544189453 -12.427510261535645 1.9587339162826538
      vertex 5.297207832336426 -12.468979835510254 1.8965295553207397
    endloop
  endfacet
  facet normal 0.22845830352756188 -0.9735536983388787 0
    outer loop
      vertex 5.473926544189453 -12.427510261535645 1.9587339162826538
      vertex 5.297207832336426 -12.468979835510254 0.3034701347351074
      vertex 5.473926544189453 -12.427510261535645 0.24126577377319336
    endloop
  endfacet
  facet normal -0.21281744387255314 -0.9770919790805535 0
    outer loop
      vertex -5.119908332824707 -12.509085655212402 0.18999958038330078
      vertex -4.942048072814941 -12.54782485961914 0.19999980926513672
      vertex -5.119908332824707 -12.509085655212402 0.19999980926513672
    endloop
  endfacet
  facet normal -0.21281744387255314 -0.9770919790805535 0
    outer loop
      vertex -4.942048072814941 -12.54782485961914 0.19999980926513672
      vertex -5.119908332824707 -12.509085655212402 0.18999958038330078
      vertex -4.942048072814941 -12.54782485961914 0.18999958038330078
    endloop
  endfacet
  facet normal -0.21281744387255314 -0.9770919790805535 0
    outer loop
      vertex -5.119908332824707 -12.509085655212402 1.8363707065582275
      vertex -4.942048072814941 -12.54782485961914 0.4217376708984375
      vertex -4.942048072814941 -12.54782485961914 1.7782617807388306
    endloop
  endfacet
  facet normal -0.21281744387255316 -0.9770919790805535 0
    outer loop
      vertex -4.942048072814941 -12.54782485961914 0.4217376708984375
      vertex -5.119908332824707 -12.509085655212402 1.8363707065582275
      vertex -5.119908332824707 -12.509085655212402 0.3636288642883301
    endloop
  endfacet
  facet normal 0.2362753985030004 -0.9716861304259974 0
    outer loop
      vertex 5.473926544189453 -12.427510261535645 0.18999958038330078
      vertex 5.5 -12.421170234680176 0.19999980926513672
      vertex 5.473926544189453 -12.427510261535645 0.19999980926513672
    endloop
  endfacet
  facet normal 0.2362753985030004 -0.9716861304259974 0
    outer loop
      vertex 5.5 -12.421170234680176 0.19999980926513672
      vertex 5.473926544189453 -12.427510261535645 0.18999958038330078
      vertex 5.5 -12.421170234680176 0.18999958038330078
    endloop
  endfacet
  facet normal 0.2362753985030004 -0.9716861304259974 0
    outer loop
      vertex 5.473926544189453 -12.427510261535645 0.24126577377319336
      vertex 5.5 -12.421170234680176 1.9682444334030151
      vertex 5.473926544189453 -12.427510261535645 1.9587339162826538
    endloop
  endfacet
  facet normal 0.2362753985030004 -0.9716861304259974 0
    outer loop
      vertex 5.5 -12.421170234680176 1.9682444334030151
      vertex 5.473926544189453 -12.427510261535645 0.24126577377319336
      vertex 5.5 -12.421170234680176 0.231755331158638
    endloop
  endfacet
  facet normal 0.17384117457339193 -0.9847737029505528 0
    outer loop
      vertex 4.04500675201416 -12.720864295959473 0.18999958038330078
      vertex 4.225380897521973 -12.6890230178833 0.19999980926513672
      vertex 4.04500675201416 -12.720864295959473 0.19999980926513672
    endloop
  endfacet
  facet normal 0.17384117457339193 -0.9847737029505528 0
    outer loop
      vertex 4.225380897521973 -12.6890230178833 0.19999980926513672
      vertex 4.04500675201416 -12.720864295959473 0.18999958038330078
      vertex 4.225380897521973 -12.6890230178833 0.18999958038330078
    endloop
  endfacet
  facet normal 0.1738411745733919 -0.9847737029505527 0
    outer loop
      vertex 4.04500675201416 -12.720864295959473 0.6812968254089355
      vertex 4.225380897521973 -12.6890230178833 1.5664641857147217
      vertex 4.04500675201416 -12.720864295959473 1.5187022686004639
    endloop
  endfacet
  facet normal 0.1738411745733919 -0.9847737029505527 0
    outer loop
      vertex 4.225380897521973 -12.6890230178833 1.5664641857147217
      vertex 4.04500675201416 -12.720864295959473 0.6812968254089355
      vertex 4.225380897521973 -12.6890230178833 0.6335349082946777
    endloop
  endfacet
  facet normal 0.19720429167993125 -0.9803624163252163 0
    outer loop
      vertex 4.584719657897949 -12.621183395385742 0.18999958038330078
      vertex 4.763645172119141 -12.58519172668457 0.19999980926513672
      vertex 4.584719657897949 -12.621183395385742 0.19999980926513672
    endloop
  endfacet
  facet normal 0.19720429167993125 -0.9803624163252163 0
    outer loop
      vertex 4.763645172119141 -12.58519172668457 0.19999980926513672
      vertex 4.584719657897949 -12.621183395385742 0.18999958038330078
      vertex 4.763645172119141 -12.58519172668457 0.18999958038330078
    endloop
  endfacet
  facet normal 0.19720429167993123 -0.9803624163252161 0
    outer loop
      vertex 4.584719657897949 -12.621183395385742 0.5317754745483398
      vertex 4.763645172119141 -12.58519172668457 1.7222113609313965
      vertex 4.584719657897949 -12.621183395385742 1.6682238578796387
    endloop
  endfacet
  facet normal 0.19720429167993125 -0.9803624163252163 0
    outer loop
      vertex 4.763645172119141 -12.58519172668457 1.7222113609313965
      vertex 4.584719657897949 -12.621183395385742 0.5317754745483398
      vertex 4.763645172119141 -12.58519172668457 0.47778797149658203
    endloop
  endfacet
  facet normal -0.18161867101582438 -0.9833690346652398 0
    outer loop
      vertex -4.405292510986328 -12.655795097351074 0.18999958038330078
      vertex -4.225380897521973 -12.6890230178833 0.19999980926513672
      vertex -4.405292510986328 -12.655795097351074 0.19999980926513672
    endloop
  endfacet
  facet normal -0.18161867101582438 -0.9833690346652398 0
    outer loop
      vertex -4.225380897521973 -12.6890230178833 0.19999980926513672
      vertex -4.405292510986328 -12.655795097351074 0.18999958038330078
      vertex -4.225380897521973 -12.6890230178833 0.18999958038330078
    endloop
  endfacet
  facet normal -0.18161867101582438 -0.9833690346652398 0
    outer loop
      vertex -4.405292510986328 -12.655795097351074 1.616306185722351
      vertex -4.225380897521973 -12.6890230178833 0.6335349082946777
      vertex -4.225380897521973 -12.6890230178833 1.5664641857147217
    endloop
  endfacet
  facet normal -0.18161867101582438 -0.9833690346652398 0
    outer loop
      vertex -4.225380897521973 -12.6890230178833 0.6335349082946777
      vertex -4.405292510986328 -12.655795097351074 1.616306185722351
      vertex -4.405292510986328 -12.655795097351074 0.5836930274963379
    endloop
  endfacet
  facet normal 0.20500361862921612 -0.9787612151842384 0
    outer loop
      vertex 4.763645172119141 -12.58519172668457 0.18999958038330078
      vertex 4.942048072814941 -12.54782485961914 0.19999980926513672
      vertex 4.763645172119141 -12.58519172668457 0.19999980926513672
    endloop
  endfacet
  facet normal 0.20500361862921612 -0.9787612151842384 0
    outer loop
      vertex 4.942048072814941 -12.54782485961914 0.19999980926513672
      vertex 4.763645172119141 -12.58519172668457 0.18999958038330078
      vertex 4.942048072814941 -12.54782485961914 0.18999958038330078
    endloop
  endfacet
  facet normal 0.20500361862921612 -0.9787612151842384 0
    outer loop
      vertex 4.763645172119141 -12.58519172668457 0.47778797149658203
      vertex 4.942048072814941 -12.54782485961914 1.7782617807388306
      vertex 4.763645172119141 -12.58519172668457 1.7222113609313965
    endloop
  endfacet
  facet normal 0.2050036186292161 -0.9787612151842383 0
    outer loop
      vertex 4.942048072814941 -12.54782485961914 1.7782617807388306
      vertex 4.763645172119141 -12.58519172668457 0.47778797149658203
      vertex 4.942048072814941 -12.54782485961914 0.4217376708984375
    endloop
  endfacet
  facet normal 1 0 0
    outer loop
      vertex 13.19999885559082 -4.391234874725342 1
      vertex 13.19999885559082 4.391234874725342 0.39999961853027344
      vertex 13.19999885559082 4.391234874725342 1
    endloop
  endfacet
  facet normal 1 0 0
    outer loop
      vertex 13.19999885559082 4.391234874725342 0.39999961853027344
      vertex 13.19999885559082 -4.391234874725342 1
      vertex 13.19999885559082 -4.391234874725342 0.39999961853027344
    endloop
  endfacet
  facet normal 0 0 1
    outer loop
      vertex 12.399999618530273 7 1.9999990463256836
      vertex 12.40000057220459 -7 1.9999990463256836
      vertex 12.40000057220459 7 1.9999990463256836
    endloop
  endfacet
  facet normal 0 0 1
    outer loop
      vertex 12.40000057220459 -7 1.9999990463256836
      vertex 12.399999618530273 7 1.9999990463256836
      vertex 12.399999618530273 -7 1.9999990463256836
    endloop
  endfacet
  facet normal -1 0 0
    outer loop
      vertex 12.399999618530273 -7 0
      vertex 12.399999618530273 7 1.9999990463256836
      vertex 12.399999618530273 7 0
    endloop
  endfacet
  facet normal -1 0 0
    outer loop
      vertex 12.399999618530273 7 1.9999990463256836
      vertex 12.399999618530273 -7 0
      vertex 12.399999618530273 -7 1.9999990463256836
    endloop
  endfacet
  facet normal 0 1 0
    outer loop
      vertex 12.430706977844238 7 1.9616165161132812
      vertex 12.399999618530273 7 1.9999990463256836
      vertex 12.40000057220459 7 1.9999990463256836
    endloop
  endfacet
  facet normal 0 1 0
    outer loop
      vertex 12.399999618530273 7 0
      vertex 12.430706977844238 7 1.9616165161132812
      vertex 12.430706977844238 7 0
    endloop
  endfacet
  facet normal 0 1 0
    outer loop
      vertex 12.430706977844238 7 1.9616165161132812
      vertex 12.399999618530273 7 0
      vertex 12.399999618530273 7 1.9999990463256836
    endloop
  endfacet
  facet normal 0 -1 0
    outer loop
      vertex 12.399999618530273 -7 1.9999990463256836
      vertex 12.430706977844238 -7 1.9616165161132812
      vertex 12.40000057220459 -7 1.9999990463256836
    endloop
  endfacet
  facet normal 0 -1 0
    outer loop
      vertex 12.399999618530273 -7 0
      vertex 12.430706977844238 -7 1.9616165161132812
      vertex 12.399999618530273 -7 1.9999990463256836
    endloop
  endfacet
  facet normal 0 -1 0
    outer loop
      vertex 12.430706977844238 -7 1.9616165161132812
      vertex 12.399999618530273 -7 0
      vertex 12.430706977844238 -7 0
    endloop
  endfacet
  facet normal 0.7808650230853422 -0.00003992973097040415 0.6246997791960108
    outer loop
      vertex 12.40000057220459 7 1.9999990463256836
      vertex 12.435371398925781 6.987676620483398 1.9557852745056152
      vertex 12.430706977844238 7 1.9616165161132812
    endloop
  endfacet
  facet normal 0.7808706201209272 0.000001231621870627501 0.6246927841991147
    outer loop
      vertex 12.40000057220459 7 1.9999990463256836
      vertex 12.492799758911133 6.831791877746582 1.8839997053146362
      vertex 12.435371398925781 6.987676620483398 1.9557852745056152
    endloop
  endfacet
  facet normal 0.7808714900724659 0.000002461493533616836 0.6246916967480424
    outer loop
      vertex 12.40000057220459 7 1.9999990463256836
      vertex 12.548928260803223 6.67515754699707 1.813839077949524
      vertex 12.492799758911133 6.831791877746582 1.8839997053146362
    endloop
  endfacet
  facet normal 0.7808695699968868 2.0576204990229754e-7 0.6246940968608833
    outer loop
      vertex 12.40000057220459 7 1.9999990463256836
      vertex 12.603753089904785 6.517791748046875 1.7453079223632812
      vertex 12.548928260803223 6.67515754699707 1.813839077949524
    endloop
  endfacet
  facet normal 0.7808694905892266 1.1978237440184788e-7 0.6246941961207159
    outer loop
      vertex 12.40000057220459 7 1.9999990463256836
      vertex 12.657266616821289 6.359711647033691 1.6784158945083618
      vertex 12.603753089904785 6.517791748046875 1.7453079223632812
    endloop
  endfacet
  facet normal 0.7808719156649672 0.0000026166680789288664 0.6246911647517336
    outer loop
      vertex 12.40000057220459 7 1.9999990463256836
      vertex 12.709463119506836 6.200933456420898 1.6131702661514282
      vertex 12.657266616821289 6.359711647033691 1.6784158945083618
    endloop
  endfacet
  facet normal 0.7808688035072435 -4.718684173471076e-7 0.6246950549739796
    outer loop
      vertex 12.40000057220459 7 1.9999990463256836
      vertex 12.760337829589844 6.041475296020508 1.549576759338379
      vertex 12.709463119506836 6.200933456420898 1.6131702661514282
    endloop
  endfacet
  facet normal 0.7808715450620413 0.0000021691324699551203 0.6246916280115457
    outer loop
      vertex 12.40000057220459 7 1.9999990463256836
      vertex 12.809884071350098 5.881355285644531 1.4876439571380615
      vertex 12.760337829589844 6.041475296020508 1.549576759338379
    endloop
  endfacet
  facet normal 0.7808684351802748 -7.508324490888379e-7 0.62469551538213
    outer loop
      vertex 12.40000057220459 7 1.9999990463256836
      vertex 12.858097076416016 5.720589637756348 1.4273775815963745
      vertex 12.809884071350098 5.881355285644531 1.4876439571380615
    endloop
  endfacet
  facet normal 0.7808711608665649 0.0000017500210883829582 0.6246921082612144
    outer loop
      vertex 12.40000057220459 7 1.9999990463256836
      vertex 12.9049711227417 5.559196472167969 1.36878502368927
      vertex 12.858097076416016 5.720589637756348 1.4273775815963745
    endloop
  endfacet
  facet normal 0.7808682592827659 -8.559017295176671e-7 0.6246957352535477
    outer loop
      vertex 12.40000057220459 7 1.9999990463256836
      vertex 12.950501441955566 5.397194862365723 1.3118720054626465
      vertex 12.9049711227417 5.559196472167969 1.36878502368927
    endloop
  endfacet
  facet normal 0.7808708314228661 0.0000014078920737481862 0.6246925200696577
    outer loop
      vertex 12.40000057220459 7 1.9999990463256836
      vertex 12.994682312011719 5.234600067138672 1.256645917892456
      vertex 12.950501441955566 5.397194862365723 1.3118720054626465
    endloop
  endfacet
  facet normal 0.780870580011966 0.0000011908760296806514 0.6246928343356898
    outer loop
      vertex 12.40000057220459 7 1.9999990463256836
      vertex 13.03750991821289 5.071432113647461 1.2031114101409912
      vertex 12.994682312011719 5.234600067138672 1.256645917892456
    endloop
  endfacet
  facet normal 0.7808680724437903 -9.331950787334887e-7 0.6246959688016632
    outer loop
      vertex 12.40000057220459 7 1.9999990463256836
      vertex 13.0789794921875 4.907707214355469 1.15127432346344
      vertex 13.03750991821289 5.071432113647461 1.2031114101409912
    endloop
  endfacet
  facet normal 0.7808703650650152 9.732781556148527e-7 0.6246931030212216
    outer loop
      vertex 12.40000057220459 7 1.9999990463256836
      vertex 13.119085311889648 4.743444442749023 1.1011420488357544
      vertex 13.0789794921875 4.907707214355469 1.15127432346344
    endloop
  endfacet
  facet normal 0.7808680860642311 -8.8770773322786e-7 0.6246959517762194
    outer loop
      vertex 12.40000057220459 7 1.9999990463256836
      vertex 13.157824516296387 4.578661918640137 1.052717924118042
      vertex 13.119085311889648 4.743444442749023 1.1011420488357544
    endloop
  endfacet
  facet normal 0.7808701905477285 8.000997045121988e-7 0.6246933211691269
    outer loop
      vertex 12.40000057220459 7 1.9999990463256836
      vertex 13.195191383361816 4.413376808166504 1.0060093402862549
      vertex 13.157824516296387 4.578661918640137 1.052717924118042
    endloop
  endfacet
  facet normal 0.7808700535978464 6.922136327390393e-7 0.6246934923573458
    outer loop
      vertex 12.40000057220459 7 1.9999990463256836
      vertex 13.19999885559082 4.391234874725342 1
      vertex 13.195191383361816 4.413376808166504 1.0060093402862549
    endloop
  endfacet
  facet normal 0.7808691727090372 0 0.624694593471645
    outer loop
      vertex 12.40000057220459 7 1.9999990463256836
      vertex 13.19999885559082 -4.391234874725342 1
      vertex 13.19999885559082 4.391234874725342 1
    endloop
  endfacet
  facet normal 0.7808691727090371 0 0.624694593471645
    outer loop
      vertex 12.40000057220459 -7 1.9999990463256836
      vertex 13.19999885559082 -4.391234874725342 1
      vertex 12.40000057220459 7 1.9999990463256836
    endloop
  endfacet
  facet normal 0.7808700535978464 -6.922136327390393e-7 0.6246934923573458
    outer loop
      vertex 13.19999885559082 -4.391234874725342 1
      vertex 12.40000057220459 -7 1.9999990463256836
      vertex 13.195191383361816 -4.413376808166504 1.0060093402862549
    endloop
  endfacet
  facet normal 0.7808701905477285 -8.000997045121988e-7 0.6246933211691269
    outer loop
      vertex 13.195191383361816 -4.413376808166504 1.0060093402862549
      vertex 12.40000057220459 -7 1.9999990463256836
      vertex 13.157824516296387 -4.578661918640137 1.052717924118042
    endloop
  endfacet
  facet normal 0.7808680860642311 8.8770773322786e-7 0.6246959517762194
    outer loop
      vertex 13.157824516296387 -4.578661918640137 1.052717924118042
      vertex 12.40000057220459 -7 1.9999990463256836
      vertex 13.119085311889648 -4.743444442749023 1.1011420488357544
    endloop
  endfacet
  facet normal 0.7808703650650152 -9.732781556148527e-7 0.6246931030212216
    outer loop
      vertex 13.119085311889648 -4.743444442749023 1.1011420488357544
      vertex 12.40000057220459 -7 1.9999990463256836
      vertex 13.0789794921875 -4.907707214355469 1.15127432346344
    endloop
  endfacet
  facet normal 0.7808680724437903 9.331950787334887e-7 0.6246959688016632
    outer loop
      vertex 13.0789794921875 -4.907707214355469 1.15127432346344
      vertex 12.40000057220459 -7 1.9999990463256836
      vertex 13.03750991821289 -5.071432113647461 1.2031114101409912
    endloop
  endfacet
  facet normal 0.780870580011966 -0.0000011908760296806514 0.6246928343356898
    outer loop
      vertex 13.03750991821289 -5.071432113647461 1.2031114101409912
      vertex 12.40000057220459 -7 1.9999990463256836
      vertex 12.994682312011719 -5.234600067138672 1.256645917892456
    endloop
  endfacet
  facet normal 0.7808708314228661 -0.0000014078920737481862 0.6246925200696577
    outer loop
      vertex 12.994682312011719 -5.234600067138672 1.256645917892456
      vertex 12.40000057220459 -7 1.9999990463256836
      vertex 12.950501441955566 -5.397194862365723 1.3118720054626465
    endloop
  endfacet
  facet normal 0.7808682592827659 8.559017295176671e-7 0.6246957352535477
    outer loop
      vertex 12.950501441955566 -5.397194862365723 1.3118720054626465
      vertex 12.40000057220459 -7 1.9999990463256836
      vertex 12.9049711227417 -5.559196472167969 1.36878502368927
    endloop
  endfacet
  facet normal 0.7808711608665649 -0.0000017500210883829582 0.6246921082612144
    outer loop
      vertex 12.9049711227417 -5.559196472167969 1.36878502368927
      vertex 12.40000057220459 -7 1.9999990463256836
      vertex 12.858097076416016 -5.720589637756348 1.4273775815963745
    endloop
  endfacet
  facet normal 0.7808684351802748 7.508324490888379e-7 0.62469551538213
    outer loop
      vertex 12.858097076416016 -5.720589637756348 1.4273775815963745
      vertex 12.40000057220459 -7 1.9999990463256836
      vertex 12.809884071350098 -5.881355285644531 1.4876439571380615
    endloop
  endfacet
  facet normal 0.7808715450620413 -0.0000021691324699551203 0.6246916280115457
    outer loop
      vertex 12.809884071350098 -5.881355285644531 1.4876439571380615
      vertex 12.40000057220459 -7 1.9999990463256836
      vertex 12.760337829589844 -6.041475296020508 1.549576759338379
    endloop
  endfacet
  facet normal 0.7808688035072435 4.718684173471076e-7 0.6246950549739796
    outer loop
      vertex 12.760337829589844 -6.041475296020508 1.549576759338379
      vertex 12.40000057220459 -7 1.9999990463256836
      vertex 12.709463119506836 -6.200933456420898 1.6131702661514282
    endloop
  endfacet
  facet normal 0.7808719156649672 -0.0000026166680789288664 0.6246911647517336
    outer loop
      vertex 12.709463119506836 -6.200933456420898 1.6131702661514282
      vertex 12.40000057220459 -7 1.9999990463256836
      vertex 12.657266616821289 -6.359711647033691 1.6784158945083618
    endloop
  endfacet
  facet normal 0.7808694905892266 -1.1978237440184788e-7 0.6246941961207159
    outer loop
      vertex 12.657266616821289 -6.359711647033691 1.6784158945083618
      vertex 12.40000057220459 -7 1.9999990463256836
      vertex 12.603753089904785 -6.517791748046875 1.7453079223632812
    endloop
  endfacet
  facet normal 0.7808695699968868 -2.0576204990229754e-7 0.6246940968608833
    outer loop
      vertex 12.603753089904785 -6.517791748046875 1.7453079223632812
      vertex 12.40000057220459 -7 1.9999990463256836
      vertex 12.548928260803223 -6.67515754699707 1.813839077949524
    endloop
  endfacet
  facet normal 0.7808714900724659 -0.000002461493533616836 0.6246916967480424
    outer loop
      vertex 12.548928260803223 -6.67515754699707 1.813839077949524
      vertex 12.40000057220459 -7 1.9999990463256836
      vertex 12.492799758911133 -6.831791877746582 1.8839997053146362
    endloop
  endfacet
  facet normal 0.7808706201209272 -0.000001231621870627501 0.6246927841991147
    outer loop
      vertex 12.492799758911133 -6.831791877746582 1.8839997053146362
      vertex 12.40000057220459 -7 1.9999990463256836
      vertex 12.435371398925781 -6.987676620483398 1.9557852745056152
    endloop
  endfacet
  facet normal 0.7808650230853422 0.00003992973097040415 0.6246997791960108
    outer loop
      vertex 12.435371398925781 -6.987676620483398 1.9557852745056152
      vertex 12.40000057220459 -7 1.9999990463256836
      vertex 12.430706977844238 -7 1.9616165161132812
    endloop
  endfacet
  facet normal 0 0 -1
    outer loop
      vertex 12.399999618530273 -7 0
      vertex 12.799999237060547 -5.913300514221191 0
      vertex 12.760337829589844 -6.041475296020508 0
    endloop
  endfacet
  facet normal 0 0 -1
    outer loop
      vertex 12.799999237060547 -5.913300514221191 0
      vertex 12.399999618530273 -7 0
      vertex 12.799999237060547 5.913300514221191 0
    endloop
  endfacet
  facet normal 0 0 -1
    outer loop
      vertex 12.399999618530273 -7 0
      vertex 12.760337829589844 -6.041475296020508 0
      vertex 12.709463119506836 -6.200933456420898 0
    endloop
  endfacet
  facet normal 0 0 -1
    outer loop
      vertex 12.399999618530273 7 0
      vertex 12.799999237060547 5.913300514221191 0
      vertex 12.399999618530273 -7 0
    endloop
  endfacet
  facet normal 0 0 -1
    outer loop
      vertex 12.399999618530273 -7 0
      vertex 12.709463119506836 -6.200933456420898 0
      vertex 12.657266616821289 -6.359711647033691 0
    endloop
  endfacet
  facet normal 0 0 -1
    outer loop
      vertex 12.799999237060547 5.913300514221191 0
      vertex 12.399999618530273 7 0
      vertex 12.760337829589844 6.041475296020508 0
    endloop
  endfacet
  facet normal 0 0 -1
    outer loop
      vertex 12.399999618530273 -7 0
      vertex 12.657266616821289 -6.359711647033691 0
      vertex 12.603753089904785 -6.517791748046875 0
    endloop
  endfacet
  facet normal 0 0 -1
    outer loop
      vertex 12.760337829589844 6.041475296020508 0
      vertex 12.399999618530273 7 0
      vertex 12.709463119506836 6.200933456420898 0
    endloop
  endfacet
  facet normal 0 0 -1
    outer loop
      vertex 12.399999618530273 -7 0
      vertex 12.603753089904785 -6.517791748046875 0
      vertex 12.548928260803223 -6.67515754699707 0
    endloop
  endfacet
  facet normal 0 0 -1
    outer loop
      vertex 12.709463119506836 6.200933456420898 0
      vertex 12.399999618530273 7 0
      vertex 12.657266616821289 6.359711647033691 0
    endloop
  endfacet
  facet normal 0 0 -1
    outer loop
      vertex 12.399999618530273 -7 0
      vertex 12.548928260803223 -6.67515754699707 0
      vertex 12.492799758911133 -6.831791877746582 0
    endloop
  endfacet
  facet normal 0 0 -1
    outer loop
      vertex 12.657266616821289 6.359711647033691 0
      vertex 12.399999618530273 7 0
      vertex 12.603753089904785 6.517791748046875 0
    endloop
  endfacet
  facet normal 0 0 -1
    outer loop
      vertex 12.399999618530273 -7 0
      vertex 12.492799758911133 -6.831791877746582 0
      vertex 12.435371398925781 -6.987676620483398 0
    endloop
  endfacet
  facet normal 0 0 -1
    outer loop
      vertex 12.603753089904785 6.517791748046875 0
      vertex 12.399999618530273 7 0
      vertex 12.548928260803223 6.67515754699707 0
    endloop
  endfacet
  facet normal 0 0 -1
    outer loop
      vertex 12.399999618530273 -7 0
      vertex 12.435371398925781 -6.987676620483398 0
      vertex 12.430706977844238 -7 0
    endloop
  endfacet
  facet normal 0 0 -1
    outer loop
      vertex 12.548928260803223 6.67515754699707 0
      vertex 12.399999618530273 7 0
      vertex 12.492799758911133 6.831791877746582 0
    endloop
  endfacet
  facet normal 0 0 -1
    outer loop
      vertex 12.492799758911133 6.831791877746582 0
      vertex 12.399999618530273 7 0
      vertex 12.435371398925781 6.987676620483398 0
    endloop
  endfacet
  facet normal 0 0 -1
    outer loop
      vertex 12.435371398925781 6.987676620483398 0
      vertex 12.399999618530273 7 0
      vertex 12.430706977844238 7 0
    endloop
  endfacet
  facet normal 0.7071067811865476 0 -0.7071067811865476
    outer loop
      vertex 12.858097076416016 5.720589637756348 0.05809783935546875
      vertex 12.799999237060547 5.913300514221191 0
      vertex 12.809884071350098 5.881355285644531 0.009884834289550781
    endloop
  endfacet
  facet normal 0.7071067811865475 0 -0.7071067811865475
    outer loop
      vertex 12.9049711227417 5.559196472167969 0.10497188568115234
      vertex 12.799999237060547 5.913300514221191 0
      vertex 12.858097076416016 5.720589637756348 0.05809783935546875
    endloop
  endfacet
  facet normal 0.7071067811865476 0 -0.7071067811865476
    outer loop
      vertex 12.950501441955566 5.397194862365723 0.15050220489501953
      vertex 12.799999237060547 5.913300514221191 0
      vertex 12.9049711227417 5.559196472167969 0.10497188568115234
    endloop
  endfacet
  facet normal 0.7071067811865476 0 -0.7071067811865476
    outer loop
      vertex 12.994682312011719 5.234600067138672 0.19468307495117188
      vertex 12.799999237060547 5.913300514221191 0
      vertex 12.950501441955566 5.397194862365723 0.15050220489501953
    endloop
  endfacet
  facet normal 0.7071067811865476 0 -0.7071067811865476
    outer loop
      vertex 13.03750991821289 5.071432113647461 0.23751068115234375
      vertex 12.799999237060547 5.913300514221191 0
      vertex 12.994682312011719 5.234600067138672 0.19468307495117188
    endloop
  endfacet
  facet normal 0.7071067811865475 0 -0.7071067811865475
    outer loop
      vertex 13.0789794921875 4.907707214355469 0.2789802551269531
      vertex 12.799999237060547 5.913300514221191 0
      vertex 13.03750991821289 5.071432113647461 0.23751068115234375
    endloop
  endfacet
  facet normal 0.7071067811865475 0 -0.7071067811865475
    outer loop
      vertex 13.119085311889648 4.743444442749023 0.31908607482910156
      vertex 12.799999237060547 5.913300514221191 0
      vertex 13.0789794921875 4.907707214355469 0.2789802551269531
    endloop
  endfacet
  facet normal 0.7071067811865475 0 -0.7071067811865475
    outer loop
      vertex 13.157824516296387 4.578661918640137 0.35782527923583984
      vertex 12.799999237060547 5.913300514221191 0
      vertex 13.119085311889648 4.743444442749023 0.31908607482910156
    endloop
  endfacet
  facet normal 0.7071067811865475 0 -0.7071067811865475
    outer loop
      vertex 13.195191383361816 4.413376808166504 0.39519214630126953
      vertex 12.799999237060547 5.913300514221191 0
      vertex 13.157824516296387 4.578661918640137 0.35782527923583984
    endloop
  endfacet
  facet normal 0.7071067811865476 0 -0.7071067811865476
    outer loop
      vertex 13.19999885559082 4.391234874725342 0.39999961853027344
      vertex 12.799999237060547 5.913300514221191 0
      vertex 13.195191383361816 4.413376808166504 0.39519214630126953
    endloop
  endfacet
  facet normal 0.7071067811865475 0 -0.7071067811865475
    outer loop
      vertex 13.19999885559082 -4.391234874725342 0.39999961853027344
      vertex 12.799999237060547 5.913300514221191 0
      vertex 13.19999885559082 4.391234874725342 0.39999961853027344
    endloop
  endfacet
  facet normal 0.7071067811865475 0 -0.7071067811865475
    outer loop
      vertex 13.195191383361816 -4.413376808166504 0.39519214630126953
      vertex 12.799999237060547 5.913300514221191 0
      vertex 13.19999885559082 -4.391234874725342 0.39999961853027344
    endloop
  endfacet
  facet normal 0.7071067811865475 0 -0.7071067811865475
    outer loop
      vertex 13.157824516296387 -4.578661918640137 0.35782527923583984
      vertex 12.799999237060547 5.913300514221191 0
      vertex 13.195191383361816 -4.413376808166504 0.39519214630126953
    endloop
  endfacet
  facet normal 0.7071067811865476 0 -0.7071067811865476
    outer loop
      vertex 13.119085311889648 -4.743444442749023 0.31908607482910156
      vertex 12.799999237060547 5.913300514221191 0
      vertex 13.157824516296387 -4.578661918640137 0.35782527923583984
    endloop
  endfacet
  facet normal 0.7071067811865475 0 -0.7071067811865475
    outer loop
      vertex 13.0789794921875 -4.907707214355469 0.2789802551269531
      vertex 12.799999237060547 5.913300514221191 0
      vertex 13.119085311889648 -4.743444442749023 0.31908607482910156
    endloop
  endfacet
  facet normal 0.7071067811865476 0 -0.7071067811865476
    outer loop
      vertex 13.03750991821289 -5.071432113647461 0.23751068115234375
      vertex 12.799999237060547 5.913300514221191 0
      vertex 13.0789794921875 -4.907707214355469 0.2789802551269531
    endloop
  endfacet
  facet normal 0.7071067811865476 0 -0.7071067811865476
    outer loop
      vertex 12.994682312011719 -5.234600067138672 0.19468307495117188
      vertex 12.799999237060547 5.913300514221191 0
      vertex 13.03750991821289 -5.071432113647461 0.23751068115234375
    endloop
  endfacet
  facet normal 0.7071067811865476 0 -0.7071067811865476
    outer loop
      vertex 12.950501441955566 -5.397194862365723 0.15050220489501953
      vertex 12.799999237060547 5.913300514221191 0
      vertex 12.994682312011719 -5.234600067138672 0.19468307495117188
    endloop
  endfacet
  facet normal 0.7071067811865475 0 -0.7071067811865475
    outer loop
      vertex 12.9049711227417 -5.559196472167969 0.10497188568115234
      vertex 12.799999237060547 5.913300514221191 0
      vertex 12.950501441955566 -5.397194862365723 0.15050220489501953
    endloop
  endfacet
  facet normal 0.7071067811865475 0 -0.7071067811865475
    outer loop
      vertex 12.858097076416016 -5.720589637756348 0.05809783935546875
      vertex 12.799999237060547 5.913300514221191 0
      vertex 12.9049711227417 -5.559196472167969 0.10497188568115234
    endloop
  endfacet
  facet normal 0.7071067811865476 0 -0.7071067811865476
    outer loop
      vertex 12.809884071350098 -5.881355285644531 0.009884834289550781
      vertex 12.799999237060547 5.913300514221191 0
      vertex 12.858097076416016 -5.720589637756348 0.05809783935546875
    endloop
  endfacet
  facet normal 0.7071067811865476 0 -0.7071067811865476
    outer loop
      vertex 12.799999237060547 5.913300514221191 0
      vertex 12.809884071350098 -5.881355285644531 0.009884834289550781
      vertex 12.799999237060547 -5.913300514221191 0
    endloop
  endfacet
  facet normal 0.9578536486080242 0.2872566584925325 0
    outer loop
      vertex 12.858097076416016 5.720589637756348 1.4273775815963745
      vertex 12.809884071350098 5.881355285644531 0.009884834289550781
      vertex 12.809884071350098 5.881355285644531 1.4876439571380615
    endloop
  endfacet
  facet normal 0.9578536486080245 0.28725665849253257 0
    outer loop
      vertex 12.809884071350098 5.881355285644531 0.009884834289550781
      vertex 12.858097076416016 5.720589637756348 1.4273775815963745
      vertex 12.858097076416016 5.720589637756348 0.05809783935546875
    endloop
  endfacet
  facet normal 0.9627014670456465 -0.27056586138713057 0
    outer loop
      vertex 12.9049711227417 -5.559196472167969 0.10497188568115234
      vertex 12.950501441955566 -5.397194862365723 1.3118720054626465
      vertex 12.9049711227417 -5.559196472167969 1.36878502368927
    endloop
  endfacet
  facet normal 0.9627014670456466 -0.2705658613871306 0
    outer loop
      vertex 12.950501441955566 -5.397194862365723 1.3118720054626465
      vertex 12.9049711227417 -5.559196472167969 0.10497188568115234
      vertex 12.950501441955566 -5.397194862365723 0.15050220489501953
    endloop
  endfacet
  facet normal 0.9672367613383781 -0.2538760475421925 0
    outer loop
      vertex 12.994682312011719 -5.234600067138672 0.19468307495117188
      vertex 13.03750991821289 -5.071432113647461 1.2031114101409912
      vertex 12.994682312011719 -5.234600067138672 1.256645917892456
    endloop
  endfacet
  facet normal 0.967236761338378 -0.2538760475421925 0
    outer loop
      vertex 13.03750991821289 -5.071432113647461 1.2031114101409912
      vertex 12.994682312011719 -5.234600067138672 0.19468307495117188
      vertex 13.03750991821289 -5.071432113647461 0.23751068115234375
    endloop
  endfacet
  facet normal 0.9734608178120417 -0.2288537440915286 0
    outer loop
      vertex 13.119085311889648 -4.743444442749023 0.31908607482910156
      vertex 13.157824516296387 -4.578661918640137 1.052717924118042
      vertex 13.119085311889648 -4.743444442749023 1.1011420488357544
    endloop
  endfacet
  facet normal 0.9734608178120417 -0.2288537440915286 0
    outer loop
      vertex 13.157824516296387 -4.578661918640137 1.052717924118042
      vertex 13.119085311889648 -4.743444442749023 0.31908607482910156
      vertex 13.157824516296387 -4.578661918640137 0.35782527923583984
    endloop
  endfacet
  facet normal 0.9603175985398664 -0.2789087842550388 0
    outer loop
      vertex 12.858097076416016 -5.720589637756348 0.05809783935546875
      vertex 12.9049711227417 -5.559196472167969 1.36878502368927
      vertex 12.858097076416016 -5.720589637756348 1.4273775815963745
    endloop
  endfacet
  facet normal 0.9603175985398664 -0.2789087842550388 0
    outer loop
      vertex 12.9049711227417 -5.559196472167969 1.36878502368927
      vertex 12.858097076416016 -5.720589637756348 0.05809783935546875
      vertex 12.9049711227417 -5.559196472167969 0.10497188568115234
    endloop
  endfacet
  facet normal 0.9413841244893572 0.33733652360722294 0
    outer loop
      vertex 12.548928260803223 6.67515754699707 1.813839077949524
      vertex 12.492799758911133 6.831791877746582 0
      vertex 12.492799758911133 6.831791877746582 1.8839997053146362
    endloop
  endfacet
  facet normal 0.9413841244893572 0.33733652360722294 0
    outer loop
      vertex 12.492799758911133 6.831791877746582 0
      vertex 12.548928260803223 6.67515754699707 1.813839077949524
      vertex 12.548928260803223 6.67515754699707 0
    endloop
  endfacet
  facet normal 0.9578536486080242 -0.2872566584925325 0
    outer loop
      vertex 12.809884071350098 -5.881355285644531 0.009884834289550781
      vertex 12.858097076416016 -5.720589637756348 1.4273775815963745
      vertex 12.809884071350098 -5.881355285644531 1.4876439571380615
    endloop
  endfacet
  facet normal 0.9578536486080245 -0.28725665849253257 0
    outer loop
      vertex 12.858097076416016 -5.720589637756348 1.4273775815963745
      vertex 12.809884071350098 -5.881355285644531 0.009884834289550781
      vertex 12.858097076416016 -5.720589637756348 0.05809783935546875
    endloop
  endfacet
  facet normal 0.9714634980914754 0.23718910572763266 0
    outer loop
      vertex 13.119085311889648 4.743444442749023 1.1011420488357544
      vertex 13.0789794921875 4.907707214355469 0.2789802551269531
      vertex 13.0789794921875 4.907707214355469 1.15127432346344
    endloop
  endfacet
  facet normal 0.9714634980914754 0.23718910572763266 0
    outer loop
      vertex 13.0789794921875 4.907707214355469 0.2789802551269531
      vertex 13.119085311889648 4.743444442749023 1.1011420488357544
      vertex 13.119085311889648 4.743444442749023 0.31908607482910156
    endloop
  endfacet
  facet normal 0.9526872277617003 -0.3039523746571593 0
    outer loop
      vertex 12.709463119506836 -6.200933456420898 0
      vertex 12.760337829589844 -6.041475296020508 1.549576759338379
      vertex 12.709463119506836 -6.200933456420898 1.6131702661514282
    endloop
  endfacet
  facet normal 0.9526872277617003 -0.30395237465715935 0
    outer loop
      vertex 12.760337829589844 -6.041475296020508 1.549576759338379
      vertex 12.709463119506836 -6.200933456420898 0
      vertex 12.760337829589844 -6.041475296020508 0
    endloop
  endfacet
  facet normal 0.9650092231385619 -0.26221594012856925 0
    outer loop
      vertex 12.950501441955566 -5.397194862365723 0.15050220489501953
      vertex 12.994682312011719 -5.234600067138672 1.256645917892456
      vertex 12.950501441955566 -5.397194862365723 1.3118720054626465
    endloop
  endfacet
  facet normal 0.9650092231385617 -0.2622159401285692 0
    outer loop
      vertex 12.994682312011719 -5.234600067138672 1.256645917892456
      vertex 12.950501441955566 -5.397194862365723 0.15050220489501953
      vertex 12.994682312011719 -5.234600067138672 0.19468307495117188
    endloop
  endfacet
  facet normal 0.9772312234144688 0.21217713350844566 0
    outer loop
      vertex 13.19999885559082 4.391234874725342 1
      vertex 13.195191383361816 4.413376808166504 0.39519214630126953
      vertex 13.195191383361816 4.413376808166504 1.0060093402862549
    endloop
  endfacet
  facet normal 0.9772312234144687 0.21217713350844564 0
    outer loop
      vertex 13.195191383361816 4.413376808166504 0.39519214630126953
      vertex 13.19999885559082 4.391234874725342 1
      vertex 13.19999885559082 4.391234874725342 0.39999961853027344
    endloop
  endfacet
  facet normal 0.9352480520586941 -0.35399305236179174 0
    outer loop
      vertex 12.430706977844238 -7 0
      vertex 12.435371398925781 -6.987676620483398 1.9557852745056152
      vertex 12.430706977844238 -7 1.9616165161132812
    endloop
  endfacet
  facet normal 0.9352480520586941 -0.35399305236179174 0
    outer loop
      vertex 12.435371398925781 -6.987676620483398 1.9557852745056152
      vertex 12.430706977844238 -7 0
      vertex 12.435371398925781 -6.987676620483398 0
    endloop
  endfacet
  facet normal 0.95531068355998 0.2956036161418935 0
    outer loop
      vertex 12.809884071350098 5.881355285644531 1.4876439571380615
      vertex 12.760337829589844 6.041475296020508 0
      vertex 12.760337829589844 6.041475296020508 1.549576759338379
    endloop
  endfacet
  facet normal 0.9553106835599798 0.2956036161418935 0
    outer loop
      vertex 12.809884071350098 5.881355285644531 0.009884834289550781
      vertex 12.760337829589844 6.041475296020508 0
      vertex 12.809884071350098 5.881355285644531 1.4876439571380615
    endloop
  endfacet
  facet normal 0.9553106014062739 0.2956038816026973 0.0000047118639191769645
    outer loop
      vertex 12.760337829589844 6.041475296020508 0
      vertex 12.809884071350098 5.881355285644531 0.009884834289550781
      vertex 12.799999237060547 5.913300514221191 0
    endloop
  endfacet
  facet normal 0.9352480520586941 0.35399305236179174 0
    outer loop
      vertex 12.435371398925781 6.987676620483398 1.9557852745056152
      vertex 12.430706977844238 7 0
      vertex 12.430706977844238 7 1.9616165161132812
    endloop
  endfacet
  facet normal 0.9352480520586941 0.35399305236179174 0
    outer loop
      vertex 12.430706977844238 7 0
      vertex 12.435371398925781 6.987676620483398 1.9557852745056152
      vertex 12.435371398925781 6.987676620483398 0
    endloop
  endfacet
  facet normal 0.9383487033228389 -0.3456901950769604 0
    outer loop
      vertex 12.435371398925781 -6.987676620483398 0
      vertex 12.492799758911133 -6.831791877746582 1.8839997053146362
      vertex 12.435371398925781 -6.987676620483398 1.9557852745056152
    endloop
  endfacet
  facet normal 0.9383487033228389 -0.34569019507696036 0
    outer loop
      vertex 12.492799758911133 -6.831791877746582 1.8839997053146362
      vertex 12.435371398925781 -6.987676620483398 0
      vertex 12.492799758911133 -6.831791877746582 0
    endloop
  endfacet
  facet normal 0.9714634980914754 -0.23718910572763266 0
    outer loop
      vertex 13.0789794921875 -4.907707214355469 0.2789802551269531
      vertex 13.119085311889648 -4.743444442749023 1.1011420488357544
      vertex 13.0789794921875 -4.907707214355469 1.15127432346344
    endloop
  endfacet
  facet normal 0.9714634980914754 -0.23718910572763266 0
    outer loop
      vertex 13.119085311889648 -4.743444442749023 1.1011420488357544
      vertex 13.0789794921875 -4.907707214355469 0.2789802551269531
      vertex 13.119085311889648 -4.743444442749023 0.31908607482910156
    endloop
  endfacet
  facet normal 0.9603175985398664 0.2789087842550388 0
    outer loop
      vertex 12.9049711227417 5.559196472167969 1.36878502368927
      vertex 12.858097076416016 5.720589637756348 0.05809783935546875
      vertex 12.858097076416016 5.720589637756348 1.4273775815963745
    endloop
  endfacet
  facet normal 0.9603175985398664 0.2789087842550388 0
    outer loop
      vertex 12.858097076416016 5.720589637756348 0.05809783935546875
      vertex 12.9049711227417 5.559196472167969 1.36878502368927
      vertex 12.9049711227417 5.559196472167969 0.10497188568115234
    endloop
  endfacet
  facet normal 0.9499846730554342 -0.3122965272937878 0
    outer loop
      vertex 12.657266616821289 -6.359711647033691 0
      vertex 12.709463119506836 -6.200933456420898 1.6131702661514282
      vertex 12.657266616821289 -6.359711647033691 1.6784158945083618
    endloop
  endfacet
  facet normal 0.9499846730554343 -0.3122965272937879 0
    outer loop
      vertex 12.709463119506836 -6.200933456420898 1.6131702661514282
      vertex 12.657266616821289 -6.359711647033691 0
      vertex 12.709463119506836 -6.200933456420898 0
    endloop
  endfacet
  facet normal 0.9672367613383781 0.2538760475421925 0
    outer loop
      vertex 13.03750991821289 5.071432113647461 1.2031114101409912
      vertex 12.994682312011719 5.234600067138672 0.19468307495117188
      vertex 12.994682312011719 5.234600067138672 1.256645917892456
    endloop
  endfacet
  facet normal 0.967236761338378 0.2538760475421925 0
    outer loop
      vertex 12.994682312011719 5.234600067138672 0.19468307495117188
      vertex 13.03750991821289 5.071432113647461 1.2031114101409912
      vertex 13.03750991821289 5.071432113647461 0.23751068115234375
    endloop
  endfacet
  facet normal 0.9413841244893572 -0.33733652360722294 0
    outer loop
      vertex 12.492799758911133 -6.831791877746582 0
      vertex 12.548928260803223 -6.67515754699707 1.813839077949524
      vertex 12.492799758911133 -6.831791877746582 1.8839997053146362
    endloop
  endfacet
  facet normal 0.9413841244893572 -0.33733652360722294 0
    outer loop
      vertex 12.548928260803223 -6.67515754699707 1.813839077949524
      vertex 12.492799758911133 -6.831791877746582 0
      vertex 12.548928260803223 -6.67515754699707 0
    endloop
  endfacet
  facet normal 0.9443311478004254 0.32899647915126873 0
    outer loop
      vertex 12.603753089904785 6.517791748046875 1.7453079223632812
      vertex 12.548928260803223 6.67515754699707 0
      vertex 12.548928260803223 6.67515754699707 1.813839077949524
    endloop
  endfacet
  facet normal 0.9443311478004254 0.32899647915126873 0
    outer loop
      vertex 12.548928260803223 6.67515754699707 0
      vertex 12.603753089904785 6.517791748046875 1.7453079223632812
      vertex 12.603753089904785 6.517791748046875 0
    endloop
  endfacet
  facet normal 0.9734608178120417 0.2288537440915286 0
    outer loop
      vertex 13.157824516296387 4.578661918640137 1.052717924118042
      vertex 13.119085311889648 4.743444442749023 0.31908607482910156
      vertex 13.119085311889648 4.743444442749023 1.1011420488357544
    endloop
  endfacet
  facet normal 0.9734608178120417 0.2288537440915286 0
    outer loop
      vertex 13.119085311889648 4.743444442749023 0.31908607482910156
      vertex 13.157824516296387 4.578661918640137 1.052717924118042
      vertex 13.157824516296387 4.578661918640137 0.35782527923583984
    endloop
  endfacet
  facet normal 0.9499846730554342 0.3122965272937878 0
    outer loop
      vertex 12.709463119506836 6.200933456420898 1.6131702661514282
      vertex 12.657266616821289 6.359711647033691 0
      vertex 12.657266616821289 6.359711647033691 1.6784158945083618
    endloop
  endfacet
  facet normal 0.9499846730554343 0.3122965272937879 0
    outer loop
      vertex 12.657266616821289 6.359711647033691 0
      vertex 12.709463119506836 6.200933456420898 1.6131702661514282
      vertex 12.709463119506836 6.200933456420898 0
    endloop
  endfacet
  facet normal 0.9443311478004254 -0.32899647915126873 0
    outer loop
      vertex 12.548928260803223 -6.67515754699707 0
      vertex 12.603753089904785 -6.517791748046875 1.7453079223632812
      vertex 12.548928260803223 -6.67515754699707 1.813839077949524
    endloop
  endfacet
  facet normal 0.9443311478004254 -0.32899647915126873 0
    outer loop
      vertex 12.603753089904785 -6.517791748046875 1.7453079223632812
      vertex 12.548928260803223 -6.67515754699707 0
      vertex 12.603753089904785 -6.517791748046875 0
    endloop
  endfacet
  facet normal 0.9471986954177423 -0.3206472070655335 0
    outer loop
      vertex 12.603753089904785 -6.517791748046875 0
      vertex 12.657266616821289 -6.359711647033691 1.6784158945083618
      vertex 12.603753089904785 -6.517791748046875 1.7453079223632812
    endloop
  endfacet
  facet normal 0.9471986954177424 -0.32064720706553357 0
    outer loop
      vertex 12.657266616821289 -6.359711647033691 1.6784158945083618
      vertex 12.603753089904785 -6.517791748046875 0
      vertex 12.657266616821289 -6.359711647033691 0
    endloop
  endfacet
  facet normal 0.9753846471312757 0.2205102948630673 0
    outer loop
      vertex 13.195191383361816 4.413376808166504 1.0060093402862549
      vertex 13.157824516296387 4.578661918640137 0.35782527923583984
      vertex 13.157824516296387 4.578661918640137 1.052717924118042
    endloop
  endfacet
  facet normal 0.9753846471312757 0.22051029486306728 0
    outer loop
      vertex 13.157824516296387 4.578661918640137 0.35782527923583984
      vertex 13.195191383361816 4.413376808166504 1.0060093402862549
      vertex 13.195191383361816 4.413376808166504 0.39519214630126953
    endloop
  endfacet
  facet normal 0.9553106835599798 -0.2956036161418935 0
    outer loop
      vertex 12.760337829589844 -6.041475296020508 0
      vertex 12.809884071350098 -5.881355285644531 0.009884834289550781
      vertex 12.809884071350098 -5.881355285644531 1.4876439571380615
    endloop
  endfacet
  facet normal 0.95531068355998 -0.2956036161418935 0
    outer loop
      vertex 12.760337829589844 -6.041475296020508 0
      vertex 12.809884071350098 -5.881355285644531 1.4876439571380615
      vertex 12.760337829589844 -6.041475296020508 1.549576759338379
    endloop
  endfacet
  facet normal 0.9553106014062739 -0.2956038816026973 0.0000047118639191769645
    outer loop
      vertex 12.809884071350098 -5.881355285644531 0.009884834289550781
      vertex 12.760337829589844 -6.041475296020508 0
      vertex 12.799999237060547 -5.913300514221191 0
    endloop
  endfacet
  facet normal 0.9526872277617003 0.3039523746571593 0
    outer loop
      vertex 12.760337829589844 6.041475296020508 1.549576759338379
      vertex 12.709463119506836 6.200933456420898 0
      vertex 12.709463119506836 6.200933456420898 1.6131702661514282
    endloop
  endfacet
  facet normal 0.9526872277617003 0.30395237465715935 0
    outer loop
      vertex 12.709463119506836 6.200933456420898 0
      vertex 12.760337829589844 6.041475296020508 1.549576759338379
      vertex 12.760337829589844 6.041475296020508 0
    endloop
  endfacet
  facet normal 0.9471986954177423 0.3206472070655335 0
    outer loop
      vertex 12.657266616821289 6.359711647033691 1.6784158945083618
      vertex 12.603753089904785 6.517791748046875 0
      vertex 12.603753089904785 6.517791748046875 1.7453079223632812
    endloop
  endfacet
  facet normal 0.9471986954177424 0.32064720706553357 0
    outer loop
      vertex 12.603753089904785 6.517791748046875 0
      vertex 12.657266616821289 6.359711647033691 1.6784158945083618
      vertex 12.657266616821289 6.359711647033691 0
    endloop
  endfacet
  facet normal 0.9650092231385619 0.26221594012856925 0
    outer loop
      vertex 12.994682312011719 5.234600067138672 1.256645917892456
      vertex 12.950501441955566 5.397194862365723 0.15050220489501953
      vertex 12.950501441955566 5.397194862365723 1.3118720054626465
    endloop
  endfacet
  facet normal 0.9650092231385617 0.2622159401285692 0
    outer loop
      vertex 12.950501441955566 5.397194862365723 0.15050220489501953
      vertex 12.994682312011719 5.234600067138672 1.256645917892456
      vertex 12.994682312011719 5.234600067138672 0.19468307495117188
    endloop
  endfacet
  facet normal 0.9693878674316421 0.24553444254591458 0
    outer loop
      vertex 13.0789794921875 4.907707214355469 1.15127432346344
      vertex 13.03750991821289 5.071432113647461 0.23751068115234375
      vertex 13.03750991821289 5.071432113647461 1.2031114101409912
    endloop
  endfacet
  facet normal 0.9693878674316422 0.2455344425459146 0
    outer loop
      vertex 13.03750991821289 5.071432113647461 0.23751068115234375
      vertex 13.0789794921875 4.907707214355469 1.15127432346344
      vertex 13.0789794921875 4.907707214355469 0.2789802551269531
    endloop
  endfacet
  facet normal 0.9753846471312757 -0.2205102948630673 0
    outer loop
      vertex 13.157824516296387 -4.578661918640137 0.35782527923583984
      vertex 13.195191383361816 -4.413376808166504 1.0060093402862549
      vertex 13.157824516296387 -4.578661918640137 1.052717924118042
    endloop
  endfacet
  facet normal 0.9753846471312757 -0.22051029486306728 0
    outer loop
      vertex 13.195191383361816 -4.413376808166504 1.0060093402862549
      vertex 13.157824516296387 -4.578661918640137 0.35782527923583984
      vertex 13.195191383361816 -4.413376808166504 0.39519214630126953
    endloop
  endfacet
  facet normal 0.9772312234144688 -0.21217713350844566 0
    outer loop
      vertex 13.195191383361816 -4.413376808166504 0.39519214630126953
      vertex 13.19999885559082 -4.391234874725342 1
      vertex 13.195191383361816 -4.413376808166504 1.0060093402862549
    endloop
  endfacet
  facet normal 0.9772312234144687 -0.21217713350844564 0
    outer loop
      vertex 13.19999885559082 -4.391234874725342 1
      vertex 13.195191383361816 -4.413376808166504 0.39519214630126953
      vertex 13.19999885559082 -4.391234874725342 0.39999961853027344
    endloop
  endfacet
  facet normal 0.9693878674316421 -0.24553444254591458 0
    outer loop
      vertex 13.03750991821289 -5.071432113647461 0.23751068115234375
      vertex 13.0789794921875 -4.907707214355469 1.15127432346344
      vertex 13.03750991821289 -5.071432113647461 1.2031114101409912
    endloop
  endfacet
  facet normal 0.9693878674316422 -0.2455344425459146 0
    outer loop
      vertex 13.0789794921875 -4.907707214355469 1.15127432346344
      vertex 13.03750991821289 -5.071432113647461 0.23751068115234375
      vertex 13.0789794921875 -4.907707214355469 0.2789802551269531
    endloop
  endfacet
  facet normal 0.9627014670456465 0.27056586138713057 0
    outer loop
      vertex 12.950501441955566 5.397194862365723 1.3118720054626465
      vertex 12.9049711227417 5.559196472167969 0.10497188568115234
      vertex 12.9049711227417 5.559196472167969 1.36878502368927
    endloop
  endfacet
  facet normal 0.9627014670456466 0.2705658613871306 0
    outer loop
      vertex 12.9049711227417 5.559196472167969 0.10497188568115234
      vertex 12.950501441955566 5.397194862365723 1.3118720054626465
      vertex 12.950501441955566 5.397194862365723 0.15050220489501953
    endloop
  endfacet
  facet normal 0.9383487033228389 0.3456901950769604 0
    outer loop
      vertex 12.492799758911133 6.831791877746582 1.8839997053146362
      vertex 12.435371398925781 6.987676620483398 0
      vertex 12.435371398925781 6.987676620483398 1.9557852745056152
    endloop
  endfacet
  facet normal 0.9383487033228389 0.34569019507696036 0
    outer loop
      vertex 12.435371398925781 6.987676620483398 0
      vertex 12.492799758911133 6.831791877746582 1.8839997053146362
      vertex 12.492799758911133 6.831791877746582 0
    endloop
  endfacet
  facet normal -1 0 0
    outer loop
      vertex -12.799999237060547 -3.2275612354278564 0.6399993896484375
      vertex -12.799999237060547 3.2275612354278564 0.6499996185302734
      vertex -12.799999237060547 3.2275612354278564 0.6399993896484375
    endloop
  endfacet
  facet normal -1 0 0
    outer loop
      vertex -12.799999237060547 3.2275612354278564 0.6499996185302734
      vertex -12.799999237060547 -3.2275612354278564 0.6399993896484375
      vertex -12.799999237060547 -3.2275612354278564 0.6499996185302734
    endloop
  endfacet
  facet normal -1 0 0
    outer loop
      vertex -12.799999237060547 -3.2275612354278564 1.25
      vertex -12.799999237060547 3.2275612354278564 1.3999996185302734
      vertex -12.799999237060547 3.2275612354278564 1.25
    endloop
  endfacet
  facet normal -1 0 0
    outer loop
      vertex -12.799999237060547 3.2275612354278564 1.3999996185302734
      vertex -12.799999237060547 -3.2275612354278564 1.25
      vertex -12.799999237060547 -3.2275612354278564 1.3999996185302734
    endloop
  endfacet
  facet normal 0 0 -1
    outer loop
      vertex -12.41897964477539 -5.33615779876709 0.6399993896484375
      vertex -12.399999618530273 -5.399999618530273 0.6399993896484375
      vertex -12.404108047485352 -5.399999618530273 0.6399993896484375
    endloop
  endfacet
  facet normal 0 0 -1
    outer loop
      vertex -12.459085464477539 -5.15755558013916 0.6399993896484375
      vertex -12.399999618530273 -5.399999618530273 0.6399993896484375
      vertex -12.41897964477539 -5.33615779876709 0.6399993896484375
    endloop
  endfacet
  facet normal 0 0 -1
    outer loop
      vertex -12.497824668884277 -4.978386878967285 0.6399993896484375
      vertex -12.399999618530273 -5.399999618530273 0.6399993896484375
      vertex -12.459085464477539 -5.15755558013916 0.6399993896484375
    endloop
  endfacet
  facet normal 0 0 -1
    outer loop
      vertex -12.399999618530273 5.399999618530273 0.6399993896484375
      vertex -12.41897964477539 5.33615779876709 0.6399993896484375
      vertex -12.404108047485352 5.399999618530273 0.6399993896484375
    endloop
  endfacet
  facet normal 0 0 -1
    outer loop
      vertex -12.399999618530273 -5.399999618530273 0.6399993896484375
      vertex -12.497824668884277 -4.978386878967285 0.6399993896484375
      vertex -12.399999618530273 5.399999618530273 0.6399993896484375
    endloop
  endfacet
  facet normal 0 0 -1
    outer loop
      vertex -12.399999618530273 5.399999618530273 0.6399993896484375
      vertex -12.459085464477539 5.15755558013916 0.6399993896484375
      vertex -12.41897964477539 5.33615779876709 0.6399993896484375
    endloop
  endfacet
  facet normal 0 0 -1
    outer loop
      vertex -12.497824668884277 4.978386878967285 0.6399993896484375
      vertex -12.399999618530273 5.399999618530273 0.6399993896484375
      vertex -12.497824668884277 -4.978386878967285 0.6399993896484375
    endloop
  endfacet
  facet normal 0 0 -1
    outer loop
      vertex -12.399999618530273 5.399999618530273 0.6399993896484375
      vertex -12.497824668884277 4.978386878967285 0.6399993896484375
      vertex -12.459085464477539 5.15755558013916 0.6399993896484375
    endloop
  endfacet
  facet normal 0 0 -1
    outer loop
      vertex -12.535191535949707 -4.798671722412109 0.6399993896484375
      vertex -12.497824668884277 4.978386878967285 0.6399993896484375
      vertex -12.497824668884277 -4.978386878967285 0.6399993896484375
    endloop
  endfacet
  facet normal 0 0 -1
    outer loop
      vertex -12.535191535949707 -4.798671722412109 0.6399993896484375
      vertex -12.535191535949707 4.798671722412109 0.6399993896484375
      vertex -12.497824668884277 4.978386878967285 0.6399993896484375
    endloop
  endfacet
  facet normal 0 0 -1
    outer loop
      vertex -12.571183204650879 -4.618431091308594 0.6399993896484375
      vertex -12.535191535949707 4.798671722412109 0.6399993896484375
      vertex -12.535191535949707 -4.798671722412109 0.6399993896484375
    endloop
  endfacet
  facet normal 0 0 -1
    outer loop
      vertex -12.571183204650879 -4.618431091308594 0.6399993896484375
      vertex -12.571183204650879 4.618431091308594 0.6399993896484375
      vertex -12.535191535949707 4.798671722412109 0.6399993896484375
    endloop
  endfacet
  facet normal 0 0 -1
    outer loop
      vertex -12.605794906616211 -4.437684059143066 0.6399993896484375
      vertex -12.571183204650879 4.618431091308594 0.6399993896484375
      vertex -12.571183204650879 -4.618431091308594 0.6399993896484375
    endloop
  endfacet
  facet normal 0 0 -1
    outer loop
      vertex -12.605794906616211 -4.437684059143066 0.6399993896484375
      vertex -12.605794906616211 4.437684059143066 0.6399993896484375
      vertex -12.571183204650879 4.618431091308594 0.6399993896484375
    endloop
  endfacet
  facet normal 0 0 -1
    outer loop
      vertex -12.639022827148438 -4.2564496994018555 0.6399993896484375
      vertex -12.605794906616211 4.437684059143066 0.6399993896484375
      vertex -12.605794906616211 -4.437684059143066 0.6399993896484375
    endloop
  endfacet
  facet normal 0 0 -1
    outer loop
      vertex -12.639022827148438 -4.2564496994018555 0.6399993896484375
      vertex -12.639022827148438 4.2564496994018555 0.6399993896484375
      vertex -12.605794906616211 4.437684059143066 0.6399993896484375
    endloop
  endfacet
  facet normal 0 0 -1
    outer loop
      vertex -12.67086410522461 -4.074749946594238 0.6399993896484375
      vertex -12.639022827148438 4.2564496994018555 0.6399993896484375
      vertex -12.639022827148438 -4.2564496994018555 0.6399993896484375
    endloop
  endfacet
  facet normal 0 0 -1
    outer loop
      vertex -12.67086410522461 -4.074749946594238 0.6399993896484375
      vertex -12.67086410522461 4.074749946594238 0.6399993896484375
      vertex -12.639022827148438 4.2564496994018555 0.6399993896484375
    endloop
  endfacet
  facet normal 0 0 -1
    outer loop
      vertex -12.701314926147461 -3.89260196685791 0.6399993896484375
      vertex -12.67086410522461 4.074749946594238 0.6399993896484375
      vertex -12.67086410522461 -4.074749946594238 0.6399993896484375
    endloop
  endfacet
  facet normal 0 0 -1
    outer loop
      vertex -12.701314926147461 -3.89260196685791 0.6399993896484375
      vertex -12.701314926147461 3.89260196685791 0.6399993896484375
      vertex -12.67086410522461 4.074749946594238 0.6399993896484375
    endloop
  endfacet
  facet normal 0 0 -1
    outer loop
      vertex -12.730371475219727 -3.7100276947021484 0.6399993896484375
      vertex -12.701314926147461 3.89260196685791 0.6399993896484375
      vertex -12.701314926147461 -3.89260196685791 0.6399993896484375
    endloop
  endfacet
  facet normal 0 0 -1
    outer loop
      vertex -12.730371475219727 -3.7100276947021484 0.6399993896484375
      vertex -12.730371475219727 3.7100276947021484 0.6399993896484375
      vertex -12.701314926147461 3.89260196685791 0.6399993896484375
    endloop
  endfacet
  facet normal 0 0 -1
    outer loop
      vertex -12.758030891418457 -3.5270462036132812 0.6399993896484375
      vertex -12.730371475219727 3.7100276947021484 0.6399993896484375
      vertex -12.730371475219727 -3.7100276947021484 0.6399993896484375
    endloop
  endfacet
  facet normal 0 0 -1
    outer loop
      vertex -12.758030891418457 -3.5270462036132812 0.6399993896484375
      vertex -12.758030891418457 3.5270462036132812 0.6399993896484375
      vertex -12.730371475219727 3.7100276947021484 0.6399993896484375
    endloop
  endfacet
  facet normal 0 0 -1
    outer loop
      vertex -12.784290313720703 -3.3436784744262695 0.6399993896484375
      vertex -12.758030891418457 3.5270462036132812 0.6399993896484375
      vertex -12.758030891418457 -3.5270462036132812 0.6399993896484375
    endloop
  endfacet
  facet normal 0 0 -1
    outer loop
      vertex -12.784290313720703 -3.3436784744262695 0.6399993896484375
      vertex -12.784290313720703 3.3436784744262695 0.6399993896484375
      vertex -12.758030891418457 3.5270462036132812 0.6399993896484375
    endloop
  endfacet
  facet normal 0 0 -1
    outer loop
      vertex -12.799999237060547 -3.2275612354278564 0.6399993896484375
      vertex -12.784290313720703 3.3436784744262695 0.6399993896484375
      vertex -12.784290313720703 -3.3436784744262695 0.6399993896484375
    endloop
  endfacet
  facet normal 0 0 -1
    outer loop
      vertex -12.784290313720703 3.3436784744262695 0.6399993896484375
      vertex -12.799999237060547 -3.2275612354278564 0.6399993896484375
      vertex -12.799999237060547 3.2275612354278564 0.6399993896484375
    endloop
  endfacet
  facet normal 1 0 0
    outer loop
      vertex -12.399999618530273 -5.399999618530273 2
      vertex -12.399999618530273 5.399999618530273 0.6499996185302734
      vertex -12.399999618530273 5.399999618530273 2
    endloop
  endfacet
  facet normal 1 0 0
    outer loop
      vertex -12.399999618530273 5.399999618530273 0.6499996185302734
      vertex -12.399999618530273 -5.399999618530273 2
      vertex -12.399999618530273 -5.399999618530273 0.6499996185302734
    endloop
  endfacet
  facet normal 1 0 0
    outer loop
      vertex -12.399999618530273 -5.399999618530273 0.6499996185302734
      vertex -12.399999618530273 5.399999618530273 0.6399993896484375
      vertex -12.399999618530273 5.399999618530273 0.6499996185302734
    endloop
  endfacet
  facet normal 1 0 0
    outer loop
      vertex -12.399999618530273 5.399999618530273 0.6399993896484375
      vertex -12.399999618530273 -5.399999618530273 0.6499996185302734
      vertex -12.399999618530273 -5.399999618530273 0.6399993896484375
    endloop
  endfacet
  facet normal 0 -1 0
    outer loop
      vertex -12.404108047485352 -5.399999618530273 0.6561622023582458
      vertex -12.399999618530273 -5.399999618530273 2
      vertex -12.404108047485352 -5.399999618530273 1.9938374757766724
    endloop
  endfacet
  facet normal 0 -1 0
    outer loop
      vertex -12.399999618530273 -5.399999618530273 2
      vertex -12.404108047485352 -5.399999618530273 0.6561622023582458
      vertex -12.399999618530273 -5.399999618530273 0.6499996185302734
    endloop
  endfacet
  facet normal 0 -1 0
    outer loop
      vertex -12.404108047485352 -5.399999618530273 0.6399993896484375
      vertex -12.399999618530273 -5.399999618530273 0.6499996185302734
      vertex -12.404108047485352 -5.399999618530273 0.6499996185302734
    endloop
  endfacet
  facet normal 0 -1 0
    outer loop
      vertex -12.399999618530273 -5.399999618530273 0.6499996185302734
      vertex -12.404108047485352 -5.399999618530273 0.6399993896484375
      vertex -12.399999618530273 -5.399999618530273 0.6399993896484375
    endloop
  endfacet
  facet normal 0 1 0
    outer loop
      vertex -12.399999618530273 5.399999618530273 2
      vertex -12.404108047485352 5.399999618530273 0.6561622023582458
      vertex -12.404108047485352 5.399999618530273 1.9938374757766724
    endloop
  endfacet
  facet normal 0 1 0
    outer loop
      vertex -12.404108047485352 5.399999618530273 0.6561622023582458
      vertex -12.399999618530273 5.399999618530273 2
      vertex -12.399999618530273 5.399999618530273 0.6499996185302734
    endloop
  endfacet
  facet normal 0 1 0
    outer loop
      vertex -12.399999618530273 5.399999618530273 0.6399993896484375
      vertex -12.404108047485352 5.399999618530273 0.6499996185302734
      vertex -12.399999618530273 5.399999618530273 0.6499996185302734
    endloop
  endfacet
  facet normal 0 1 0
    outer loop
      vertex -12.404108047485352 5.399999618530273 0.6499996185302734
      vertex -12.399999618530273 5.399999618530273 0.6399993896484375
      vertex -12.404108047485352 5.399999618530273 0.6399993896484375
    endloop
  endfacet
  facet normal -0.832045341902249 -0.000004785088834502785 0.5547076247861323
    outer loop
      vertex -12.41897964477539 5.33615779876709 1.9715299606323242
      vertex -12.399999618530273 5.399999618530273 2
      vertex -12.404108047485352 5.399999618530273 1.9938374757766724
    endloop
  endfacet
  facet normal -0.8320487282898299 -0.0000015131389168488173 0.5547025452880013
    outer loop
      vertex -12.459085464477539 5.15755558013916 1.911371111869812
      vertex -12.399999618530273 5.399999618530273 2
      vertex -12.41897964477539 5.33615779876709 1.9715299606323242
    endloop
  endfacet
  facet normal -0.8320492163145013 -0.0000011265979210245878 0.554701813255694
    outer loop
      vertex -12.497824668884277 4.978386878967285 1.853262186050415
      vertex -12.399999618530273 5.399999618530273 2
      vertex -12.459085464477539 5.15755558013916 1.911371111869812
    endloop
  endfacet
  facet normal -0.8320496015779946 -8.360774394315371e-7 0.5547012353629667
    outer loop
      vertex -12.535191535949707 4.798671722412109 1.797211766242981
      vertex -12.399999618530273 5.399999618530273 2
      vertex -12.497824668884277 4.978386878967285 1.853262186050415
    endloop
  endfacet
  facet normal -0.832054332646543 0.0000026208057765337618 0.5546941387082139
    outer loop
      vertex -12.571183204650879 4.618431091308594 1.7432242631912231
      vertex -12.399999618530273 5.399999618530273 2
      vertex -12.535191535949707 4.798671722412109 1.797211766242981
    endloop
  endfacet
  facet normal -0.8320490423928781 -0.0000011449934338218825 0.5547020741369041
    outer loop
      vertex -12.605794906616211 4.437684059143066 1.6913065910339355
      vertex -12.399999618530273 5.399999618530273 2
      vertex -12.571183204650879 4.618431091308594 1.7432242631912231
    endloop
  endfacet
  facet normal -0.832049386728491 -9.056716888489539e-7 0.5547015576361056
    outer loop
      vertex -12.639022827148438 4.2564496994018555 1.6414645910263062
      vertex -12.399999618530273 5.399999618530273 2
      vertex -12.605794906616211 4.437684059143066 1.6913065910339355
    endloop
  endfacet
  facet normal -0.8320529280513671 0.0000014999947902775142 0.5546962456325952
    outer loop
      vertex -12.67086410522461 4.074749946594238 1.5937026739120483
      vertex -12.399999618530273 5.399999618530273 2
      vertex -12.639022827148438 4.2564496994018555 1.6414645910263062
    endloop
  endfacet
  facet normal -0.8320493554246482 -8.731644304383265e-7 0.5547016045917528
    outer loop
      vertex -12.701314926147461 3.89260196685791 1.5480263233184814
      vertex -12.399999618530273 5.399999618530273 2
      vertex -12.67086410522461 4.074749946594238 1.5937026739120483
    endloop
  endfacet
  facet normal -0.832049546814235 -7.488291660647045e-7 0.5547013175084999
    outer loop
      vertex -12.730371475219727 3.7100276947021484 1.5044413805007935
      vertex -12.399999618530273 5.399999618530273 2
      vertex -12.701314926147461 3.89260196685791 1.5480263233184814
    endloop
  endfacet
  facet normal -0.8320521954305131 9.339501462607081e-7 0.5546973445748511
    outer loop
      vertex -12.758030891418457 3.5270462036132812 1.4629522562026978
      vertex -12.399999618530273 5.399999618530273 2
      vertex -12.730371475219727 3.7100276947021484 1.5044413805007935
    endloop
  endfacet
  facet normal -0.8320495661861721 -6.995135175369269e-7 0.5547012884507422
    outer loop
      vertex -12.784290313720703 3.3436784744262695 1.423563003540039
      vertex -12.399999618530273 5.399999618530273 2
      vertex -12.758030891418457 3.5270462036132812 1.4629522562026978
    endloop
  endfacet
  facet normal -0.8320518284313133 6.745060604496625e-7 0.5546978950777202
    outer loop
      vertex -12.799999237060547 3.2275612354278564 1.3999996185302734
      vertex -12.399999618530273 5.399999618530273 2
      vertex -12.784290313720703 3.3436784744262695 1.423563003540039
    endloop
  endfacet
  facet normal -0.8320507012631989 0 0.5546995858367112
    outer loop
      vertex -12.799999237060547 -3.2275612354278564 1.3999996185302734
      vertex -12.399999618530273 5.399999618530273 2
      vertex -12.799999237060547 3.2275612354278564 1.3999996185302734
    endloop
  endfacet
  facet normal -0.8320503981997163 -4.566561314270574e-8 0.554700040432387
    outer loop
      vertex -12.784290313720703 -3.3436784744262695 1.423563003540039
      vertex -12.399999618530273 5.399999618530273 2
      vertex -12.799999237060547 -3.2275612354278564 1.3999996185302734
    endloop
  endfacet
  facet normal -0.8320509866671612 3.8391114057881096e-8 0.5546991577298473
    outer loop
      vertex -12.758030891418457 -3.5270462036132812 1.4629522562026978
      vertex -12.399999618530273 5.399999618530273 2
      vertex -12.784290313720703 -3.3436784744262695 1.423563003540039
    endloop
  endfacet
  facet normal -0.8320503777515503 -4.097855883348354e-8 0.5547000711046474
    outer loop
      vertex -12.730371475219727 -3.7100276947021484 1.5044413805007935
      vertex -12.399999618530273 5.399999618530273 2
      vertex -12.758030891418457 -3.5270462036132812 1.4629522562026978
    endloop
  endfacet
  facet normal -0.8320509446221245 2.583299565469256e-8 0.5546992207975685
    outer loop
      vertex -12.701314926147461 -3.89260196685791 1.5480263233184814
      vertex -12.399999618530273 5.399999618530273 2
      vertex -12.730371475219727 -3.7100276947021484 1.5044413805007935
    endloop
  endfacet
  facet normal -0.832050919777341 2.3214790450609238e-8 0.5546992580648368
    outer loop
      vertex -12.67086410522461 -4.074749946594238 1.5937026739120483
      vertex -12.399999618530273 5.399999618530273 2
      vertex -12.701314926147461 -3.89260196685791 1.5480263233184814
    endloop
  endfacet
  facet normal -0.8320503470148158 -3.0001319352827165e-8 0.554700117209762
    outer loop
      vertex -12.639022827148438 -4.2564496994018555 1.6414645910263062
      vertex -12.399999618530273 5.399999618530273 2
      vertex -12.67086410522461 -4.074749946594238 1.5937026739120483
    endloop
  endfacet
  facet normal -0.8320508844521078 1.3233598969278764e-8 0.5546993110528126
    outer loop
      vertex -12.605794906616211 -4.437684059143066 1.6913065910339355
      vertex -12.399999618530273 5.399999618530273 2
      vertex -12.639022827148438 -4.2564496994018555 1.6414645910263062
    endloop
  endfacet
  facet normal -0.8320508632344911 1.1791072863406573e-8 0.5546993428793099
    outer loop
      vertex -12.571183204650879 -4.618431091308594 1.7432242631912231
      vertex -12.399999618530273 5.399999618530273 2
      vertex -12.605794906616211 -4.437684059143066 1.6913065910339355
    endloop
  endfacet
  facet normal -0.8320503224439126 -1.824033334117442e-8 0.554700154066123
    outer loop
      vertex -12.535191535949707 -4.798671722412109 1.797211766242981
      vertex -12.399999618530273 5.399999618530273 2
      vertex -12.571183204650879 -4.618431091308594 1.7432242631912231
    endloop
  endfacet
  facet normal -0.8320496015779946 8.360774394315371e-7 0.5547012353629667
    outer loop
      vertex -12.399999618530273 -5.399999618530273 2
      vertex -12.535191535949707 -4.798671722412109 1.797211766242981
      vertex -12.497824668884277 -4.978386878967285 1.853262186050415
    endloop
  endfacet
  facet normal -0.8320492163145013 0.0000011265979210245878 0.554701813255694
    outer loop
      vertex -12.399999618530273 -5.399999618530273 2
      vertex -12.497824668884277 -4.978386878967285 1.853262186050415
      vertex -12.459085464477539 -5.15755558013916 1.911371111869812
    endloop
  endfacet
  facet normal -0.8320487282898299 0.0000015131389168488173 0.5547025452880013
    outer loop
      vertex -12.399999618530273 -5.399999618530273 2
      vertex -12.459085464477539 -5.15755558013916 1.911371111869812
      vertex -12.41897964477539 -5.33615779876709 1.9715299606323242
    endloop
  endfacet
  facet normal -0.832045341902249 0.000004785088834502785 0.5547076247861323
    outer loop
      vertex -12.399999618530273 -5.399999618530273 2
      vertex -12.41897964477539 -5.33615779876709 1.9715299606323242
      vertex -12.404108047485352 -5.399999618530273 1.9938374757766724
    endloop
  endfacet
  facet normal -0.8320507458347616 0 0.5546995189792552
    outer loop
      vertex -12.535191535949707 -4.798671722412109 1.797211766242981
      vertex -12.399999618530273 -5.399999618530273 2
      vertex -12.399999618530273 5.399999618530273 2
    endloop
  endfacet
  facet normal 0 0 1
    outer loop
      vertex -12.41897964477539 5.33615779876709 0.6499996185302734
      vertex -12.399999618530273 5.399999618530273 0.6499996185302734
      vertex -12.404108047485352 5.399999618530273 0.6499996185302734
    endloop
  endfacet
  facet normal 0 0 1
    outer loop
      vertex -12.459085464477539 5.15755558013916 0.6499996185302734
      vertex -12.399999618530273 5.399999618530273 0.6499996185302734
      vertex -12.41897964477539 5.33615779876709 0.6499996185302734
    endloop
  endfacet
  facet normal 0 0 1
    outer loop
      vertex -12.497824668884277 4.978386878967285 0.6499996185302734
      vertex -12.399999618530273 5.399999618530273 0.6499996185302734
      vertex -12.459085464477539 5.15755558013916 0.6499996185302734
    endloop
  endfacet
  facet normal 0 0 1
    outer loop
      vertex -12.399999618530273 -5.399999618530273 0.6499996185302734
      vertex -12.41897964477539 -5.33615779876709 0.6499996185302734
      vertex -12.404108047485352 -5.399999618530273 0.6499996185302734
    endloop
  endfacet
  facet normal 0 0 1
    outer loop
      vertex -12.399999618530273 5.399999618530273 0.6499996185302734
      vertex -12.497824668884277 4.978386878967285 0.6499996185302734
      vertex -12.399999618530273 -5.399999618530273 0.6499996185302734
    endloop
  endfacet
  facet normal 0 0 1
    outer loop
      vertex -12.399999618530273 -5.399999618530273 0.6499996185302734
      vertex -12.459085464477539 -5.15755558013916 0.6499996185302734
      vertex -12.41897964477539 -5.33615779876709 0.6499996185302734
    endloop
  endfacet
  facet normal 0 0 1
    outer loop
      vertex -12.497824668884277 -4.978386878967285 0.6499996185302734
      vertex -12.399999618530273 -5.399999618530273 0.6499996185302734
      vertex -12.497824668884277 4.978386878967285 0.6499996185302734
    endloop
  endfacet
  facet normal 0 0 1
    outer loop
      vertex -12.399999618530273 -5.399999618530273 0.6499996185302734
      vertex -12.497824668884277 -4.978386878967285 0.6499996185302734
      vertex -12.459085464477539 -5.15755558013916 0.6499996185302734
    endloop
  endfacet
  facet normal 0 0 1
    outer loop
      vertex -12.535191535949707 4.798671722412109 0.6499996185302734
      vertex -12.497824668884277 -4.978386878967285 0.6499996185302734
      vertex -12.497824668884277 4.978386878967285 0.6499996185302734
    endloop
  endfacet
  facet normal 0 0 1
    outer loop
      vertex -12.535191535949707 4.798671722412109 0.6499996185302734
      vertex -12.535191535949707 -4.798671722412109 0.6499996185302734
      vertex -12.497824668884277 -4.978386878967285 0.6499996185302734
    endloop
  endfacet
  facet normal 0 0 1
    outer loop
      vertex -12.571183204650879 4.618431091308594 0.6499996185302734
      vertex -12.535191535949707 -4.798671722412109 0.6499996185302734
      vertex -12.535191535949707 4.798671722412109 0.6499996185302734
    endloop
  endfacet
  facet normal 0 0 1
    outer loop
      vertex -12.571183204650879 4.618431091308594 0.6499996185302734
      vertex -12.571183204650879 -4.618431091308594 0.6499996185302734
      vertex -12.535191535949707 -4.798671722412109 0.6499996185302734
    endloop
  endfacet
  facet normal 0 0 1
    outer loop
      vertex -12.605794906616211 4.437684059143066 0.6499996185302734
      vertex -12.571183204650879 -4.618431091308594 0.6499996185302734
      vertex -12.571183204650879 4.618431091308594 0.6499996185302734
    endloop
  endfacet
  facet normal 0 0 1
    outer loop
      vertex -12.605794906616211 4.437684059143066 0.6499996185302734
      vertex -12.605794906616211 -4.437684059143066 0.6499996185302734
      vertex -12.571183204650879 -4.618431091308594 0.6499996185302734
    endloop
  endfacet
  facet normal 0 0 1
    outer loop
      vertex -12.639022827148438 4.2564496994018555 0.6499996185302734
      vertex -12.605794906616211 -4.437684059143066 0.6499996185302734
      vertex -12.605794906616211 4.437684059143066 0.6499996185302734
    endloop
  endfacet
  facet normal 0 0 1
    outer loop
      vertex -12.639022827148438 4.2564496994018555 0.6499996185302734
      vertex -12.639022827148438 -4.2564496994018555 0.6499996185302734
      vertex -12.605794906616211 -4.437684059143066 0.6499996185302734
    endloop
  endfacet
  facet normal 0 0 1
    outer loop
      vertex -12.67086410522461 4.074749946594238 0.6499996185302734
      vertex -12.639022827148438 -4.2564496994018555 0.6499996185302734
      vertex -12.639022827148438 4.2564496994018555 0.6499996185302734
    endloop
  endfacet
  facet normal 0 0 1
    outer loop
      vertex -12.67086410522461 4.074749946594238 0.6499996185302734
      vertex -12.67086410522461 -4.074749946594238 0.6499996185302734
      vertex -12.639022827148438 -4.2564496994018555 0.6499996185302734
    endloop
  endfacet
  facet normal 0 0 1
    outer loop
      vertex -12.701314926147461 3.89260196685791 0.6499996185302734
      vertex -12.67086410522461 -4.074749946594238 0.6499996185302734
      vertex -12.67086410522461 4.074749946594238 0.6499996185302734
    endloop
  endfacet
  facet normal 0 0 1
    outer loop
      vertex -12.701314926147461 3.89260196685791 0.6499996185302734
      vertex -12.701314926147461 -3.89260196685791 0.6499996185302734
      vertex -12.67086410522461 -4.074749946594238 0.6499996185302734
    endloop
  endfacet
  facet normal 0 0 1
    outer loop
      vertex -12.730371475219727 3.7100276947021484 0.6499996185302734
      vertex -12.701314926147461 -3.89260196685791 0.6499996185302734
      vertex -12.701314926147461 3.89260196685791 0.6499996185302734
    endloop
  endfacet
  facet normal 0 0 1
    outer loop
      vertex -12.730371475219727 3.7100276947021484 0.6499996185302734
      vertex -12.730371475219727 -3.7100276947021484 0.6499996185302734
      vertex -12.701314926147461 -3.89260196685791 0.6499996185302734
    endloop
  endfacet
  facet normal 0 0 1
    outer loop
      vertex -12.758030891418457 3.5270462036132812 0.6499996185302734
      vertex -12.730371475219727 -3.7100276947021484 0.6499996185302734
      vertex -12.730371475219727 3.7100276947021484 0.6499996185302734
    endloop
  endfacet
  facet normal 0 0 1
    outer loop
      vertex -12.758030891418457 3.5270462036132812 0.6499996185302734
      vertex -12.758030891418457 -3.5270462036132812 0.6499996185302734
      vertex -12.730371475219727 -3.7100276947021484 0.6499996185302734
    endloop
  endfacet
  facet normal 0 0 1
    outer loop
      vertex -12.784290313720703 3.3436784744262695 0.6499996185302734
      vertex -12.758030891418457 -3.5270462036132812 0.6499996185302734
      vertex -12.758030891418457 3.5270462036132812 0.6499996185302734
    endloop
  endfacet
  facet normal 0 0 1
    outer loop
      vertex -12.784290313720703 3.3436784744262695 0.6499996185302734
      vertex -12.784290313720703 -3.3436784744262695 0.6499996185302734
      vertex -12.758030891418457 -3.5270462036132812 0.6499996185302734
    endloop
  endfacet
  facet normal 0 0 1
    outer loop
      vertex -12.799999237060547 3.2275612354278564 0.6499996185302734
      vertex -12.784290313720703 -3.3436784744262695 0.6499996185302734
      vertex -12.784290313720703 3.3436784744262695 0.6499996185302734
    endloop
  endfacet
  facet normal 0 0 1
    outer loop
      vertex -12.784290313720703 -3.3436784744262695 0.6499996185302734
      vertex -12.799999237060547 3.2275612354278564 0.6499996185302734
      vertex -12.799999237060547 -3.2275612354278564 0.6499996185302734
    endloop
  endfacet
  facet normal -0.8320478181461561 -0.000002910416666080268 -0.5547039104871628
    outer loop
      vertex -12.399999618530273 5.399999618530273 0.6499996185302734
      vertex -12.41897964477539 5.33615779876709 0.678469717502594
      vertex -12.404108047485352 5.399999618530273 0.6561622023582458
    endloop
  endfacet
  facet normal -0.8320517018633552 8.42095863724023e-7 -0.554698084930519
    outer loop
      vertex -12.399999618530273 5.399999618530273 0.6499996185302734
      vertex -12.459085464477539 5.15755558013916 0.7386285066604614
      vertex -12.41897964477539 5.33615779876709 0.678469717502594
    endloop
  endfacet
  facet normal -0.8320492163145013 -0.0000011265979210245878 -0.554701813255694
    outer loop
      vertex -12.399999618530273 5.399999618530273 0.6499996185302734
      vertex -12.497824668884277 4.978386878967285 0.7967374324798584
      vertex -12.459085464477539 5.15755558013916 0.7386285066604614
    endloop
  endfacet
  facet normal -0.8320519501055542 9.349139283378134e-7 -0.5546977125648438
    outer loop
      vertex -12.399999618530273 5.399999618530273 0.6499996185302734
      vertex -12.535191535949707 4.798671722412109 0.8527877926826477
      vertex -12.497824668884277 4.978386878967285 0.7967374324798584
    endloop
  endfacet
  facet normal -0.8320491686337401 -0.0000010974343415931895 -0.5547018847765868
    outer loop
      vertex -12.399999618530273 5.399999618530273 0.6499996185302734
      vertex -12.571183204650879 4.618431091308594 0.9067754149436951
      vertex -12.535191535949707 4.798671722412109 0.8527877926826477
    endloop
  endfacet
  facet normal -0.8320515593621987 6.043682348085076e-7 -0.5546982986836795
    outer loop
      vertex -12.399999618530273 5.399999618530273 0.6499996185302734
      vertex -12.605794906616211 4.437684059143066 0.9586930274963379
      vertex -12.571183204650879 4.618431091308594 0.9067754149436951
    endloop
  endfacet
  facet normal -0.832049386728491 -9.056716888489539e-7 -0.5547015576361056
    outer loop
      vertex -12.399999618530273 5.399999618530273 0.6499996185302734
      vertex -12.639022827148438 4.2564496994018555 1.0085350275039673
      vertex -12.605794906616211 4.437684059143066 0.9586930274963379
    endloop
  endfacet
  facet normal -0.8320529280513671 0.0000014999947902775142 -0.5546962456325952
    outer loop
      vertex -12.399999618530273 5.399999618530273 0.6499996185302734
      vertex -12.67086410522461 4.074749946594238 1.056296944618225
      vertex -12.639022827148438 4.2564496994018555 1.0085350275039673
    endloop
  endfacet
  facet normal -0.8320493554246482 -8.731644304383265e-7 -0.5547016045917528
    outer loop
      vertex -12.399999618530273 5.399999618530273 0.6499996185302734
      vertex -12.701314926147461 3.89260196685791 1.101973295211792
      vertex -12.67086410522461 4.074749946594238 1.056296944618225
    endloop
  endfacet
  facet normal -0.832049546814235 -7.488291660647045e-7 -0.5547013175084999
    outer loop
      vertex -12.399999618530273 5.399999618530273 0.6499996185302734
      vertex -12.730371475219727 3.7100276947021484 1.14555823802948
      vertex -12.701314926147461 3.89260196685791 1.101973295211792
    endloop
  endfacet
  facet normal -0.8320521954305131 9.339501462607081e-7 -0.5546973445748511
    outer loop
      vertex -12.399999618530273 5.399999618530273 0.6499996185302734
      vertex -12.758030891418457 3.5270462036132812 1.1870473623275757
      vertex -12.730371475219727 3.7100276947021484 1.14555823802948
    endloop
  endfacet
  facet normal -0.8320495661861721 -6.995135175369269e-7 -0.5547012884507422
    outer loop
      vertex -12.399999618530273 5.399999618530273 0.6499996185302734
      vertex -12.784290313720703 3.3436784744262695 1.2264366149902344
      vertex -12.758030891418457 3.5270462036132812 1.1870473623275757
    endloop
  endfacet
  facet normal -0.8320518284313133 6.745060604496625e-7 -0.5546978950777202
    outer loop
      vertex -12.399999618530273 5.399999618530273 0.6499996185302734
      vertex -12.799999237060547 3.2275612354278564 1.25
      vertex -12.784290313720703 3.3436784744262695 1.2264366149902344
    endloop
  endfacet
  facet normal -0.8320507012631989 0 -0.5546995858367112
    outer loop
      vertex -12.399999618530273 5.399999618530273 0.6499996185302734
      vertex -12.799999237060547 -3.2275612354278564 1.25
      vertex -12.799999237060547 3.2275612354278564 1.25
    endloop
  endfacet
  facet normal -0.8320503981997163 -4.566561314270574e-8 -0.554700040432387
    outer loop
      vertex -12.399999618530273 5.399999618530273 0.6499996185302734
      vertex -12.784290313720703 -3.3436784744262695 1.2264366149902344
      vertex -12.799999237060547 -3.2275612354278564 1.25
    endloop
  endfacet
  facet normal -0.8320509866671612 3.8391114057881096e-8 -0.5546991577298473
    outer loop
      vertex -12.399999618530273 5.399999618530273 0.6499996185302734
      vertex -12.758030891418457 -3.5270462036132812 1.1870473623275757
      vertex -12.784290313720703 -3.3436784744262695 1.2264366149902344
    endloop
  endfacet
  facet normal -0.8320503777515503 -4.097855883348354e-8 -0.5547000711046474
    outer loop
      vertex -12.399999618530273 5.399999618530273 0.6499996185302734
      vertex -12.730371475219727 -3.7100276947021484 1.14555823802948
      vertex -12.758030891418457 -3.5270462036132812 1.1870473623275757
    endloop
  endfacet
  facet normal -0.8320509446221245 2.583299565469256e-8 -0.5546992207975685
    outer loop
      vertex -12.399999618530273 5.399999618530273 0.6499996185302734
      vertex -12.701314926147461 -3.89260196685791 1.101973295211792
      vertex -12.730371475219727 -3.7100276947021484 1.14555823802948
    endloop
  endfacet
  facet normal -0.832050919777341 2.3214790450609238e-8 -0.5546992580648368
    outer loop
      vertex -12.399999618530273 5.399999618530273 0.6499996185302734
      vertex -12.67086410522461 -4.074749946594238 1.056296944618225
      vertex -12.701314926147461 -3.89260196685791 1.101973295211792
    endloop
  endfacet
  facet normal -0.8320503470148158 -3.0001319352827165e-8 -0.554700117209762
    outer loop
      vertex -12.399999618530273 5.399999618530273 0.6499996185302734
      vertex -12.639022827148438 -4.2564496994018555 1.0085350275039673
      vertex -12.67086410522461 -4.074749946594238 1.056296944618225
    endloop
  endfacet
  facet normal -0.8320508844521078 1.3233598969278764e-8 -0.5546993110528126
    outer loop
      vertex -12.399999618530273 5.399999618530273 0.6499996185302734
      vertex -12.605794906616211 -4.437684059143066 0.9586930274963379
      vertex -12.639022827148438 -4.2564496994018555 1.0085350275039673
    endloop
  endfacet
  facet normal -0.8320505982599485 -6.223794208318979e-9 -0.5546997403418014
    outer loop
      vertex -12.399999618530273 5.399999618530273 0.6499996185302734
      vertex -12.571183204650879 -4.618431091308594 0.9067754149436951
      vertex -12.605794906616211 -4.437684059143066 0.9586930274963379
    endloop
  endfacet
  facet normal -0.8320508478729726 7.637826662119267e-9 -0.554699365921638
    outer loop
      vertex -12.399999618530273 5.399999618530273 0.6499996185302734
      vertex -12.535191535949707 -4.798671722412109 0.8527877926826477
      vertex -12.571183204650879 -4.618431091308594 0.9067754149436951
    endloop
  endfacet
  facet normal -0.8320506705853902 0 -0.5546996318534948
    outer loop
      vertex -12.399999618530273 -5.399999618530273 0.6499996185302734
      vertex -12.535191535949707 -4.798671722412109 0.8527877926826477
      vertex -12.399999618530273 5.399999618530273 0.6499996185302734
    endloop
  endfacet
  facet normal -0.8320519501055542 -9.349139283378134e-7 -0.5546977125648438
    outer loop
      vertex -12.535191535949707 -4.798671722412109 0.8527877926826477
      vertex -12.399999618530273 -5.399999618530273 0.6499996185302734
      vertex -12.497824668884277 -4.978386878967285 0.7967374324798584
    endloop
  endfacet
  facet normal -0.8320492163145013 0.0000011265979210245878 -0.554701813255694
    outer loop
      vertex -12.497824668884277 -4.978386878967285 0.7967374324798584
      vertex -12.399999618530273 -5.399999618530273 0.6499996185302734
      vertex -12.459085464477539 -5.15755558013916 0.7386285066604614
    endloop
  endfacet
  facet normal -0.8320517018633552 -8.42095863724023e-7 -0.554698084930519
    outer loop
      vertex -12.459085464477539 -5.15755558013916 0.7386285066604614
      vertex -12.399999618530273 -5.399999618530273 0.6499996185302734
      vertex -12.41897964477539 -5.33615779876709 0.678469717502594
    endloop
  endfacet
  facet normal -0.8320478181461561 0.000002910416666080268 -0.5547039104871628
    outer loop
      vertex -12.41897964477539 -5.33615779876709 0.678469717502594
      vertex -12.399999618530273 -5.399999618530273 0.6499996185302734
      vertex -12.404108047485352 -5.399999618530273 0.6561622023582458
    endloop
  endfacet
  facet normal -0.9790606100678568 -0.20356896083036835 0
    outer loop
      vertex -12.497824668884277 -4.978386878967285 0.6399993896484375
      vertex -12.535191535949707 -4.798671722412109 0.6499996185302734
      vertex -12.535191535949707 -4.798671722412109 0.6399993896484375
    endloop
  endfacet
  facet normal -0.9790606100678568 -0.20356896083036835 0
    outer loop
      vertex -12.535191535949707 -4.798671722412109 0.6499996185302734
      vertex -12.497824668884277 -4.978386878967285 0.6399993896484375
      vertex -12.497824668884277 -4.978386878967285 0.6499996185302734
    endloop
  endfacet
  facet normal -0.9790606100678568 -0.20356896083036838 0
    outer loop
      vertex -12.497824668884277 -4.978386878967285 0.7967374324798584
      vertex -12.535191535949707 -4.798671722412109 1.797211766242981
      vertex -12.535191535949707 -4.798671722412109 0.8527877926826477
    endloop
  endfacet
  facet normal -0.9790606100678567 -0.20356896083036835 0
    outer loop
      vertex -12.535191535949707 -4.798671722412109 1.797211766242981
      vertex -12.497824668884277 -4.978386878967285 0.7967374324798584
      vertex -12.497824668884277 -4.978386878967285 1.853262186050415
    endloop
  endfacet
  facet normal -0.9875713727534622 -0.15717119239174315 0
    outer loop
      vertex -12.701314926147461 -3.89260196685791 0.6399993896484375
      vertex -12.730371475219727 -3.7100276947021484 0.6499996185302734
      vertex -12.730371475219727 -3.7100276947021484 0.6399993896484375
    endloop
  endfacet
  facet normal -0.9875713727534622 -0.15717119239174315 0
    outer loop
      vertex -12.730371475219727 -3.7100276947021484 0.6499996185302734
      vertex -12.701314926147461 -3.89260196685791 0.6399993896484375
      vertex -12.701314926147461 -3.89260196685791 0.6499996185302734
    endloop
  endfacet
  facet normal -0.9875713727534621 -0.15717119239174315 0
    outer loop
      vertex -12.701314926147461 -3.89260196685791 1.101973295211792
      vertex -12.730371475219727 -3.7100276947021484 1.5044413805007935
      vertex -12.730371475219727 -3.7100276947021484 1.14555823802948
    endloop
  endfacet
  facet normal -0.9875713727534622 -0.15717119239174315 0
    outer loop
      vertex -12.730371475219727 -3.7100276947021484 1.5044413805007935
      vertex -12.701314926147461 -3.89260196685791 1.101973295211792
      vertex -12.701314926147461 -3.89260196685791 1.5480263233184814
    endloop
  endfacet
  facet normal -0.9821546216264168 -0.1880752488177808 0
    outer loop
      vertex -12.571183204650879 -4.618431091308594 0.6399993896484375
      vertex -12.605794906616211 -4.437684059143066 0.6499996185302734
      vertex -12.605794906616211 -4.437684059143066 0.6399993896484375
    endloop
  endfacet
  facet normal -0.9821546216264168 -0.1880752488177808 0
    outer loop
      vertex -12.605794906616211 -4.437684059143066 0.6499996185302734
      vertex -12.571183204650879 -4.618431091308594 0.6399993896484375
      vertex -12.571183204650879 -4.618431091308594 0.6499996185302734
    endloop
  endfacet
  facet normal -0.9821546216264168 -0.18807524881778082 0
    outer loop
      vertex -12.571183204650879 -4.618431091308594 0.9067754149436951
      vertex -12.605794906616211 -4.437684059143066 1.6913065910339355
      vertex -12.605794906616211 -4.437684059143066 0.9586930274963379
    endloop
  endfacet
  facet normal -0.9821546216264166 -0.1880752488177808 0
    outer loop
      vertex -12.605794906616211 -4.437684059143066 1.6913065910339355
      vertex -12.571183204650879 -4.618431091308594 0.9067754149436951
      vertex -12.571183204650879 -4.618431091308594 1.7432242631912231
    endloop
  endfacet
  facet normal -0.9875713727534622 0.15717119239174315 0
    outer loop
      vertex -12.730371475219727 3.7100276947021484 0.6399993896484375
      vertex -12.701314926147461 3.89260196685791 0.6499996185302734
      vertex -12.701314926147461 3.89260196685791 0.6399993896484375
    endloop
  endfacet
  facet normal -0.9875713727534622 0.15717119239174315 0
    outer loop
      vertex -12.701314926147461 3.89260196685791 0.6499996185302734
      vertex -12.730371475219727 3.7100276947021484 0.6399993896484375
      vertex -12.730371475219727 3.7100276947021484 0.6499996185302734
    endloop
  endfacet
  facet normal -0.9875713727534622 0.15717119239174315 0
    outer loop
      vertex -12.730371475219727 3.7100276947021484 1.14555823802948
      vertex -12.701314926147461 3.89260196685791 1.5480263233184814
      vertex -12.701314926147461 3.89260196685791 1.101973295211792
    endloop
  endfacet
  facet normal -0.9875713727534621 0.15717119239174315 0
    outer loop
      vertex -12.701314926147461 3.89260196685791 1.5480263233184814
      vertex -12.730371475219727 3.7100276947021484 1.14555823802948
      vertex -12.730371475219727 3.7100276947021484 1.5044413805007935
    endloop
  endfacet
  facet normal -0.9887675096955747 -0.1494617401558386 0
    outer loop
      vertex -12.730371475219727 -3.7100276947021484 0.6399993896484375
      vertex -12.758030891418457 -3.5270462036132812 0.6499996185302734
      vertex -12.758030891418457 -3.5270462036132812 0.6399993896484375
    endloop
  endfacet
  facet normal -0.9887675096955747 -0.1494617401558386 0
    outer loop
      vertex -12.758030891418457 -3.5270462036132812 0.6499996185302734
      vertex -12.730371475219727 -3.7100276947021484 0.6399993896484375
      vertex -12.730371475219727 -3.7100276947021484 0.6499996185302734
    endloop
  endfacet
  facet normal -0.9887675096955748 -0.14946174015583863 0
    outer loop
      vertex -12.730371475219727 -3.7100276947021484 1.14555823802948
      vertex -12.758030891418457 -3.5270462036132812 1.4629522562026978
      vertex -12.758030891418457 -3.5270462036132812 1.1870473623275757
    endloop
  endfacet
  facet normal -0.9887675096955748 -0.14946174015583863 0
    outer loop
      vertex -12.758030891418457 -3.5270462036132812 1.4629522562026978
      vertex -12.730371475219727 -3.7100276947021484 1.14555823802948
      vertex -12.730371475219727 -3.7100276947021484 1.5044413805007935
    endloop
  endfacet
  facet normal -0.9739249549168004 0.2268704083619286 0
    outer loop
      vertex -12.41897964477539 5.33615779876709 0.6399993896484375
      vertex -12.404108047485352 5.399999618530273 0.6499996185302734
      vertex -12.404108047485352 5.399999618530273 0.6399993896484375
    endloop
  endfacet
  facet normal -0.9739249549168004 0.2268704083619286 0
    outer loop
      vertex -12.404108047485352 5.399999618530273 0.6499996185302734
      vertex -12.41897964477539 5.33615779876709 0.6399993896484375
      vertex -12.41897964477539 5.33615779876709 0.6499996185302734
    endloop
  endfacet
  facet normal -0.9739249549168003 0.22687040836192857 0
    outer loop
      vertex -12.41897964477539 5.33615779876709 0.678469717502594
      vertex -12.404108047485352 5.399999618530273 1.9938374757766724
      vertex -12.404108047485352 5.399999618530273 0.6561622023582458
    endloop
  endfacet
  facet normal -0.9739249549168003 0.22687040836192857 0
    outer loop
      vertex -12.404108047485352 5.399999618530273 1.9938374757766724
      vertex -12.41897964477539 5.33615779876709 0.678469717502594
      vertex -12.41897964477539 5.33615779876709 1.9715299606323242
    endloop
  endfacet
  facet normal -0.9739249549168004 -0.2268704083619286 0
    outer loop
      vertex -12.404108047485352 -5.399999618530273 0.6399993896484375
      vertex -12.41897964477539 -5.33615779876709 0.6499996185302734
      vertex -12.41897964477539 -5.33615779876709 0.6399993896484375
    endloop
  endfacet
  facet normal -0.9739249549168004 -0.2268704083619286 0
    outer loop
      vertex -12.41897964477539 -5.33615779876709 0.6499996185302734
      vertex -12.404108047485352 -5.399999618530273 0.6399993896484375
      vertex -12.404108047485352 -5.399999618530273 0.6499996185302734
    endloop
  endfacet
  facet normal -0.9739249549168003 -0.22687040836192857 0
    outer loop
      vertex -12.404108047485352 -5.399999618530273 0.6561622023582458
      vertex -12.41897964477539 -5.33615779876709 1.9715299606323242
      vertex -12.41897964477539 -5.33615779876709 0.678469717502594
    endloop
  endfacet
  facet normal -0.9739249549168003 -0.22687040836192857 0
    outer loop
      vertex -12.41897964477539 -5.33615779876709 1.9715299606323242
      vertex -12.404108047485352 -5.399999618530273 0.6561622023582458
      vertex -12.404108047485352 -5.399999618530273 1.9938374757766724
    endloop
  endfacet
  facet normal -0.9863122943989443 -0.1648880162943637 0
    outer loop
      vertex -12.67086410522461 -4.074749946594238 0.6399993896484375
      vertex -12.701314926147461 -3.89260196685791 0.6499996185302734
      vertex -12.701314926147461 -3.89260196685791 0.6399993896484375
    endloop
  endfacet
  facet normal -0.9863122943989443 -0.1648880162943637 0
    outer loop
      vertex -12.701314926147461 -3.89260196685791 0.6499996185302734
      vertex -12.67086410522461 -4.074749946594238 0.6399993896484375
      vertex -12.67086410522461 -4.074749946594238 0.6499996185302734
    endloop
  endfacet
  facet normal -0.9863122943989443 -0.1648880162943637 0
    outer loop
      vertex -12.67086410522461 -4.074749946594238 1.056296944618225
      vertex -12.701314926147461 -3.89260196685791 1.5480263233184814
      vertex -12.701314926147461 -3.89260196685791 1.101973295211792
    endloop
  endfacet
  facet normal -0.9863122943989443 -0.16488801629436373 0
    outer loop
      vertex -12.701314926147461 -3.89260196685791 1.5480263233184814
      vertex -12.67086410522461 -4.074749946594238 1.056296944618225
      vertex -12.67086410522461 -4.074749946594238 1.5937026739120483
    endloop
  endfacet
  facet normal -0.9806397023320164 -0.19582077063012074 0
    outer loop
      vertex -12.535191535949707 -4.798671722412109 0.6399993896484375
      vertex -12.571183204650879 -4.618431091308594 0.6499996185302734
      vertex -12.571183204650879 -4.618431091308594 0.6399993896484375
    endloop
  endfacet
  facet normal -0.9806397023320164 -0.19582077063012074 0
    outer loop
      vertex -12.571183204650879 -4.618431091308594 0.6499996185302734
      vertex -12.535191535949707 -4.798671722412109 0.6399993896484375
      vertex -12.535191535949707 -4.798671722412109 0.6499996185302734
    endloop
  endfacet
  facet normal -0.9806397023320164 -0.19582077063012074 0
    outer loop
      vertex -12.535191535949707 -4.798671722412109 0.8527877926826477
      vertex -12.571183204650879 -4.618431091308594 1.7432242631912231
      vertex -12.571183204650879 -4.618431091308594 0.9067754149436951
    endloop
  endfacet
  facet normal -0.9806397023320164 -0.1958207706301207 0
    outer loop
      vertex -12.571183204650879 -4.618431091308594 1.7432242631912231
      vertex -12.535191535949707 -4.798671722412109 0.8527877926826477
      vertex -12.535191535949707 -4.798671722412109 1.797211766242981
    endloop
  endfacet
  facet normal -0.989901041108753 -0.14176011008674821 0
    outer loop
      vertex -12.758030891418457 -3.5270462036132812 0.6399993896484375
      vertex -12.784290313720703 -3.3436784744262695 0.6499996185302734
      vertex -12.784290313720703 -3.3436784744262695 0.6399993896484375
    endloop
  endfacet
  facet normal -0.989901041108753 -0.14176011008674821 0
    outer loop
      vertex -12.784290313720703 -3.3436784744262695 0.6499996185302734
      vertex -12.758030891418457 -3.5270462036132812 0.6399993896484375
      vertex -12.758030891418457 -3.5270462036132812 0.6499996185302734
    endloop
  endfacet
  facet normal -0.989901041108753 -0.14176011008674821 0
    outer loop
      vertex -12.758030891418457 -3.5270462036132812 1.1870473623275757
      vertex -12.784290313720703 -3.3436784744262695 1.423563003540039
      vertex -12.784290313720703 -3.3436784744262695 1.2264366149902344
    endloop
  endfacet
  facet normal -0.989901041108753 -0.14176011008674821 0
    outer loop
      vertex -12.784290313720703 -3.3436784744262695 1.423563003540039
      vertex -12.758030891418457 -3.5270462036132812 1.1870473623275757
      vertex -12.758030891418457 -3.5270462036132812 1.4629522562026978
    endloop
  endfacet
  facet normal -0.9909727073924803 -0.13406376543726323 0
    outer loop
      vertex -12.784290313720703 -3.3436784744262695 0.6399993896484375
      vertex -12.799999237060547 -3.2275612354278564 0.6499996185302734
      vertex -12.799999237060547 -3.2275612354278564 0.6399993896484375
    endloop
  endfacet
  facet normal -0.9909727073924803 -0.13406376543726323 0
    outer loop
      vertex -12.799999237060547 -3.2275612354278564 0.6499996185302734
      vertex -12.784290313720703 -3.3436784744262695 0.6399993896484375
      vertex -12.784290313720703 -3.3436784744262695 0.6499996185302734
    endloop
  endfacet
  facet normal -0.9909727073924804 -0.13406376543726323 0
    outer loop
      vertex -12.784290313720703 -3.3436784744262695 1.2264366149902344
      vertex -12.799999237060547 -3.2275612354278564 1.3999996185302734
      vertex -12.799999237060547 -3.2275612354278564 1.25
    endloop
  endfacet
  facet normal -0.9909727073924803 -0.13406376543726323 0
    outer loop
      vertex -12.799999237060547 -3.2275612354278564 1.3999996185302734
      vertex -12.784290313720703 -3.3436784744262695 1.2264366149902344
      vertex -12.784290313720703 -3.3436784744262695 1.423563003540039
    endloop
  endfacet
  facet normal -0.984990103474585 -0.172610822537656 0
    outer loop
      vertex -12.639022827148438 -4.2564496994018555 0.6399993896484375
      vertex -12.67086410522461 -4.074749946594238 0.6499996185302734
      vertex -12.67086410522461 -4.074749946594238 0.6399993896484375
    endloop
  endfacet
  facet normal -0.984990103474585 -0.172610822537656 0
    outer loop
      vertex -12.67086410522461 -4.074749946594238 0.6499996185302734
      vertex -12.639022827148438 -4.2564496994018555 0.6399993896484375
      vertex -12.639022827148438 -4.2564496994018555 0.6499996185302734
    endloop
  endfacet
  facet normal -0.984990103474585 -0.172610822537656 0
    outer loop
      vertex -12.639022827148438 -4.2564496994018555 1.0085350275039673
      vertex -12.67086410522461 -4.074749946594238 1.5937026739120483
      vertex -12.67086410522461 -4.074749946594238 1.056296944618225
    endloop
  endfacet
  facet normal -0.984990103474585 -0.17261082253765597 0
    outer loop
      vertex -12.67086410522461 -4.074749946594238 1.5937026739120483
      vertex -12.639022827148438 -4.2564496994018555 1.0085350275039673
      vertex -12.639022827148438 -4.2564496994018555 1.6414645910263062
    endloop
  endfacet
  facet normal -0.9757028887615564 0.21909786138242876 0
    outer loop
      vertex -12.459085464477539 5.15755558013916 0.6399993896484375
      vertex -12.41897964477539 5.33615779876709 0.6499996185302734
      vertex -12.41897964477539 5.33615779876709 0.6399993896484375
    endloop
  endfacet
  facet normal -0.9757028887615564 0.21909786138242876 0
    outer loop
      vertex -12.41897964477539 5.33615779876709 0.6499996185302734
      vertex -12.459085464477539 5.15755558013916 0.6399993896484375
      vertex -12.459085464477539 5.15755558013916 0.6499996185302734
    endloop
  endfacet
  facet normal -0.9757028887615563 0.21909786138242873 0
    outer loop
      vertex -12.459085464477539 5.15755558013916 0.7386285066604614
      vertex -12.41897964477539 5.33615779876709 1.9715299606323242
      vertex -12.41897964477539 5.33615779876709 0.678469717502594
    endloop
  endfacet
  facet normal -0.9757028887615563 0.21909786138242873 0
    outer loop
      vertex -12.41897964477539 5.33615779876709 1.9715299606323242
      vertex -12.459085464477539 5.15755558013916 0.7386285066604614
      vertex -12.459085464477539 5.15755558013916 1.911371111869812
    endloop
  endfacet
  facet normal -0.9909727073924803 0.13406376543726323 0
    outer loop
      vertex -12.799999237060547 3.2275612354278564 0.6399993896484375
      vertex -12.784290313720703 3.3436784744262695 0.6499996185302734
      vertex -12.784290313720703 3.3436784744262695 0.6399993896484375
    endloop
  endfacet
  facet normal -0.9909727073924803 0.13406376543726323 0
    outer loop
      vertex -12.784290313720703 3.3436784744262695 0.6499996185302734
      vertex -12.799999237060547 3.2275612354278564 0.6399993896484375
      vertex -12.799999237060547 3.2275612354278564 0.6499996185302734
    endloop
  endfacet
  facet normal -0.9909727073924803 0.13406376543726323 0
    outer loop
      vertex -12.799999237060547 3.2275612354278564 1.25
      vertex -12.784290313720703 3.3436784744262695 1.423563003540039
      vertex -12.784290313720703 3.3436784744262695 1.2264366149902344
    endloop
  endfacet
  facet normal -0.9909727073924804 0.13406376543726323 0
    outer loop
      vertex -12.784290313720703 3.3436784744262695 1.423563003540039
      vertex -12.799999237060547 3.2275612354278564 1.25
      vertex -12.799999237060547 3.2275612354278564 1.3999996185302734
    endloop
  endfacet
  facet normal -0.9887675096955747 0.1494617401558386 0
    outer loop
      vertex -12.758030891418457 3.5270462036132812 0.6399993896484375
      vertex -12.730371475219727 3.7100276947021484 0.6499996185302734
      vertex -12.730371475219727 3.7100276947021484 0.6399993896484375
    endloop
  endfacet
  facet normal -0.9887675096955747 0.1494617401558386 0
    outer loop
      vertex -12.730371475219727 3.7100276947021484 0.6499996185302734
      vertex -12.758030891418457 3.5270462036132812 0.6399993896484375
      vertex -12.758030891418457 3.5270462036132812 0.6499996185302734
    endloop
  endfacet
  facet normal -0.9887675096955748 0.14946174015583863 0
    outer loop
      vertex -12.758030891418457 3.5270462036132812 1.1870473623275757
      vertex -12.730371475219727 3.7100276947021484 1.5044413805007935
      vertex -12.730371475219727 3.7100276947021484 1.14555823802948
    endloop
  endfacet
  facet normal -0.9887675096955748 0.14946174015583863 0
    outer loop
      vertex -12.730371475219727 3.7100276947021484 1.5044413805007935
      vertex -12.758030891418457 3.5270462036132812 1.1870473623275757
      vertex -12.758030891418457 3.5270462036132812 1.4629522562026978
    endloop
  endfacet
  facet normal -0.9757028887615564 -0.21909786138242876 0
    outer loop
      vertex -12.41897964477539 -5.33615779876709 0.6399993896484375
      vertex -12.459085464477539 -5.15755558013916 0.6499996185302734
      vertex -12.459085464477539 -5.15755558013916 0.6399993896484375
    endloop
  endfacet
  facet normal -0.9757028887615564 -0.21909786138242876 0
    outer loop
      vertex -12.459085464477539 -5.15755558013916 0.6499996185302734
      vertex -12.41897964477539 -5.33615779876709 0.6399993896484375
      vertex -12.41897964477539 -5.33615779876709 0.6499996185302734
    endloop
  endfacet
  facet normal -0.9757028887615563 -0.21909786138242873 0
    outer loop
      vertex -12.41897964477539 -5.33615779876709 0.678469717502594
      vertex -12.459085464477539 -5.15755558013916 1.911371111869812
      vertex -12.459085464477539 -5.15755558013916 0.7386285066604614
    endloop
  endfacet
  facet normal -0.9757028887615563 -0.21909786138242873 0
    outer loop
      vertex -12.459085464477539 -5.15755558013916 1.911371111869812
      vertex -12.41897964477539 -5.33615779876709 0.678469717502594
      vertex -12.41897964477539 -5.33615779876709 1.9715299606323242
    endloop
  endfacet
  facet normal -0.9774141363955955 -0.2113329268572511 0
    outer loop
      vertex -12.459085464477539 -5.15755558013916 0.6399993896484375
      vertex -12.497824668884277 -4.978386878967285 0.6499996185302734
      vertex -12.497824668884277 -4.978386878967285 0.6399993896484375
    endloop
  endfacet
  facet normal -0.9774141363955955 -0.2113329268572511 0
    outer loop
      vertex -12.497824668884277 -4.978386878967285 0.6499996185302734
      vertex -12.459085464477539 -5.15755558013916 0.6399993896484375
      vertex -12.459085464477539 -5.15755558013916 0.6499996185302734
    endloop
  endfacet
  facet normal -0.9774141363955955 -0.2113329268572511 0
    outer loop
      vertex -12.459085464477539 -5.15755558013916 0.7386285066604614
      vertex -12.497824668884277 -4.978386878967285 1.853262186050415
      vertex -12.497824668884277 -4.978386878967285 0.7967374324798584
    endloop
  endfacet
  facet normal -0.9774141363955956 -0.21133292685725114 0
    outer loop
      vertex -12.497824668884277 -4.978386878967285 1.853262186050415
      vertex -12.459085464477539 -5.15755558013916 0.7386285066604614
      vertex -12.459085464477539 -5.15755558013916 1.911371111869812
    endloop
  endfacet
  facet normal -0.9821546216264168 0.1880752488177808 0
    outer loop
      vertex -12.605794906616211 4.437684059143066 0.6399993896484375
      vertex -12.571183204650879 4.618431091308594 0.6499996185302734
      vertex -12.571183204650879 4.618431091308594 0.6399993896484375
    endloop
  endfacet
  facet normal -0.9821546216264168 0.1880752488177808 0
    outer loop
      vertex -12.571183204650879 4.618431091308594 0.6499996185302734
      vertex -12.605794906616211 4.437684059143066 0.6399993896484375
      vertex -12.605794906616211 4.437684059143066 0.6499996185302734
    endloop
  endfacet
  facet normal -0.9821546216264166 0.1880752488177808 0
    outer loop
      vertex -12.605794906616211 4.437684059143066 0.9586930274963379
      vertex -12.571183204650879 4.618431091308594 1.7432242631912231
      vertex -12.571183204650879 4.618431091308594 0.9067754149436951
    endloop
  endfacet
  facet normal -0.9821546216264168 0.18807524881778082 0
    outer loop
      vertex -12.571183204650879 4.618431091308594 1.7432242631912231
      vertex -12.605794906616211 4.437684059143066 0.9586930274963379
      vertex -12.605794906616211 4.437684059143066 1.6913065910339355
    endloop
  endfacet
  facet normal -0.9836049966616596 -0.18033638163780688 0
    outer loop
      vertex -12.605794906616211 -4.437684059143066 0.6399993896484375
      vertex -12.639022827148438 -4.2564496994018555 0.6499996185302734
      vertex -12.639022827148438 -4.2564496994018555 0.6399993896484375
    endloop
  endfacet
  facet normal -0.9836049966616596 -0.18033638163780688 0
    outer loop
      vertex -12.639022827148438 -4.2564496994018555 0.6499996185302734
      vertex -12.605794906616211 -4.437684059143066 0.6399993896484375
      vertex -12.605794906616211 -4.437684059143066 0.6499996185302734
    endloop
  endfacet
  facet normal -0.9836049966616595 -0.18033638163780685 0
    outer loop
      vertex -12.605794906616211 -4.437684059143066 0.9586930274963379
      vertex -12.639022827148438 -4.2564496994018555 1.6414645910263062
      vertex -12.639022827148438 -4.2564496994018555 1.0085350275039673
    endloop
  endfacet
  facet normal -0.9836049966616596 -0.18033638163780688 0
    outer loop
      vertex -12.639022827148438 -4.2564496994018555 1.6414645910263062
      vertex -12.605794906616211 -4.437684059143066 0.9586930274963379
      vertex -12.605794906616211 -4.437684059143066 1.6913065910339355
    endloop
  endfacet
  facet normal -0.9774141363955955 0.2113329268572511 0
    outer loop
      vertex -12.497824668884277 4.978386878967285 0.6399993896484375
      vertex -12.459085464477539 5.15755558013916 0.6499996185302734
      vertex -12.459085464477539 5.15755558013916 0.6399993896484375
    endloop
  endfacet
  facet normal -0.9774141363955955 0.2113329268572511 0
    outer loop
      vertex -12.459085464477539 5.15755558013916 0.6499996185302734
      vertex -12.497824668884277 4.978386878967285 0.6399993896484375
      vertex -12.497824668884277 4.978386878967285 0.6499996185302734
    endloop
  endfacet
  facet normal -0.9774141363955956 0.21133292685725114 0
    outer loop
      vertex -12.497824668884277 4.978386878967285 0.7967374324798584
      vertex -12.459085464477539 5.15755558013916 1.911371111869812
      vertex -12.459085464477539 5.15755558013916 0.7386285066604614
    endloop
  endfacet
  facet normal -0.9774141363955955 0.2113329268572511 0
    outer loop
      vertex -12.459085464477539 5.15755558013916 1.911371111869812
      vertex -12.497824668884277 4.978386878967285 0.7967374324798584
      vertex -12.497824668884277 4.978386878967285 1.853262186050415
    endloop
  endfacet
  facet normal -0.9863122943989443 0.1648880162943637 0
    outer loop
      vertex -12.701314926147461 3.89260196685791 0.6399993896484375
      vertex -12.67086410522461 4.074749946594238 0.6499996185302734
      vertex -12.67086410522461 4.074749946594238 0.6399993896484375
    endloop
  endfacet
  facet normal -0.9863122943989443 0.1648880162943637 0
    outer loop
      vertex -12.67086410522461 4.074749946594238 0.6499996185302734
      vertex -12.701314926147461 3.89260196685791 0.6399993896484375
      vertex -12.701314926147461 3.89260196685791 0.6499996185302734
    endloop
  endfacet
  facet normal -0.9863122943989443 0.16488801629436373 0
    outer loop
      vertex -12.701314926147461 3.89260196685791 1.101973295211792
      vertex -12.67086410522461 4.074749946594238 1.5937026739120483
      vertex -12.67086410522461 4.074749946594238 1.056296944618225
    endloop
  endfacet
  facet normal -0.9863122943989443 0.1648880162943637 0
    outer loop
      vertex -12.67086410522461 4.074749946594238 1.5937026739120483
      vertex -12.701314926147461 3.89260196685791 1.101973295211792
      vertex -12.701314926147461 3.89260196685791 1.5480263233184814
    endloop
  endfacet
  facet normal -0.9806397023320164 0.19582077063012074 0
    outer loop
      vertex -12.571183204650879 4.618431091308594 0.6399993896484375
      vertex -12.535191535949707 4.798671722412109 0.6499996185302734
      vertex -12.535191535949707 4.798671722412109 0.6399993896484375
    endloop
  endfacet
  facet normal -0.9806397023320164 0.19582077063012074 0
    outer loop
      vertex -12.535191535949707 4.798671722412109 0.6499996185302734
      vertex -12.571183204650879 4.618431091308594 0.6399993896484375
      vertex -12.571183204650879 4.618431091308594 0.6499996185302734
    endloop
  endfacet
  facet normal -0.9806397023320164 0.1958207706301207 0
    outer loop
      vertex -12.571183204650879 4.618431091308594 0.9067754149436951
      vertex -12.535191535949707 4.798671722412109 1.797211766242981
      vertex -12.535191535949707 4.798671722412109 0.8527877926826477
    endloop
  endfacet
  facet normal -0.9806397023320164 0.19582077063012074 0
    outer loop
      vertex -12.535191535949707 4.798671722412109 1.797211766242981
      vertex -12.571183204650879 4.618431091308594 0.9067754149436951
      vertex -12.571183204650879 4.618431091308594 1.7432242631912231
    endloop
  endfacet
  facet normal -0.9790606100678568 0.20356896083036835 0
    outer loop
      vertex -12.535191535949707 4.798671722412109 0.6399993896484375
      vertex -12.497824668884277 4.978386878967285 0.6499996185302734
      vertex -12.497824668884277 4.978386878967285 0.6399993896484375
    endloop
  endfacet
  facet normal -0.9790606100678568 0.20356896083036835 0
    outer loop
      vertex -12.497824668884277 4.978386878967285 0.6499996185302734
      vertex -12.535191535949707 4.798671722412109 0.6399993896484375
      vertex -12.535191535949707 4.798671722412109 0.6499996185302734
    endloop
  endfacet
  facet normal -0.9790606100678567 0.20356896083036835 0
    outer loop
      vertex -12.535191535949707 4.798671722412109 0.8527877926826477
      vertex -12.497824668884277 4.978386878967285 1.853262186050415
      vertex -12.497824668884277 4.978386878967285 0.7967374324798584
    endloop
  endfacet
  facet normal -0.9790606100678568 0.20356896083036838 0
    outer loop
      vertex -12.497824668884277 4.978386878967285 1.853262186050415
      vertex -12.535191535949707 4.798671722412109 0.8527877926826477
      vertex -12.535191535949707 4.798671722412109 1.797211766242981
    endloop
  endfacet
  facet normal -0.9836049966616596 0.18033638163780688 0
    outer loop
      vertex -12.639022827148438 4.2564496994018555 0.6399993896484375
      vertex -12.605794906616211 4.437684059143066 0.6499996185302734
      vertex -12.605794906616211 4.437684059143066 0.6399993896484375
    endloop
  endfacet
  facet normal -0.9836049966616596 0.18033638163780688 0
    outer loop
      vertex -12.605794906616211 4.437684059143066 0.6499996185302734
      vertex -12.639022827148438 4.2564496994018555 0.6399993896484375
      vertex -12.639022827148438 4.2564496994018555 0.6499996185302734
    endloop
  endfacet
  facet normal -0.9836049966616596 0.18033638163780688 0
    outer loop
      vertex -12.639022827148438 4.2564496994018555 1.0085350275039673
      vertex -12.605794906616211 4.437684059143066 1.6913065910339355
      vertex -12.605794906616211 4.437684059143066 0.9586930274963379
    endloop
  endfacet
  facet normal -0.9836049966616595 0.18033638163780685 0
    outer loop
      vertex -12.605794906616211 4.437684059143066 1.6913065910339355
      vertex -12.639022827148438 4.2564496994018555 1.0085350275039673
      vertex -12.639022827148438 4.2564496994018555 1.6414645910263062
    endloop
  endfacet
  facet normal -0.989901041108753 0.14176011008674821 0
    outer loop
      vertex -12.784290313720703 3.3436784744262695 0.6399993896484375
      vertex -12.758030891418457 3.5270462036132812 0.6499996185302734
      vertex -12.758030891418457 3.5270462036132812 0.6399993896484375
    endloop
  endfacet
  facet normal -0.989901041108753 0.14176011008674821 0
    outer loop
      vertex -12.758030891418457 3.5270462036132812 0.6499996185302734
      vertex -12.784290313720703 3.3436784744262695 0.6399993896484375
      vertex -12.784290313720703 3.3436784744262695 0.6499996185302734
    endloop
  endfacet
  facet normal -0.989901041108753 0.14176011008674821 0
    outer loop
      vertex -12.784290313720703 3.3436784744262695 1.2264366149902344
      vertex -12.758030891418457 3.5270462036132812 1.4629522562026978
      vertex -12.758030891418457 3.5270462036132812 1.1870473623275757
    endloop
  endfacet
  facet normal -0.989901041108753 0.14176011008674821 0
    outer loop
      vertex -12.758030891418457 3.5270462036132812 1.4629522562026978
      vertex -12.784290313720703 3.3436784744262695 1.2264366149902344
      vertex -12.784290313720703 3.3436784744262695 1.423563003540039
    endloop
  endfacet
  facet normal -0.984990103474585 0.172610822537656 0
    outer loop
      vertex -12.67086410522461 4.074749946594238 0.6399993896484375
      vertex -12.639022827148438 4.2564496994018555 0.6499996185302734
      vertex -12.639022827148438 4.2564496994018555 0.6399993896484375
    endloop
  endfacet
  facet normal -0.984990103474585 0.172610822537656 0
    outer loop
      vertex -12.639022827148438 4.2564496994018555 0.6499996185302734
      vertex -12.67086410522461 4.074749946594238 0.6399993896484375
      vertex -12.67086410522461 4.074749946594238 0.6499996185302734
    endloop
  endfacet
  facet normal -0.984990103474585 0.17261082253765597 0
    outer loop
      vertex -12.67086410522461 4.074749946594238 1.056296944618225
      vertex -12.639022827148438 4.2564496994018555 1.6414645910263062
      vertex -12.639022827148438 4.2564496994018555 1.0085350275039673
    endloop
  endfacet
  facet normal -0.984990103474585 0.172610822537656 0
    outer loop
      vertex -12.639022827148438 4.2564496994018555 1.6414645910263062
      vertex -12.67086410522461 4.074749946594238 1.056296944618225
      vertex -12.67086410522461 4.074749946594238 1.5937026739120483
    endloop
  endfacet
  facet normal 0 0 1
    outer loop
      vertex 9.137256622314453 12.399999618530273 3.399998664855957
      vertex 12.399999618530273 -9.137256622314453 3.399998664855957
      vertex 12.399999618530273 9.137256622314453 3.399998664855957
    endloop
  endfacet
  facet normal 0 0 1
    outer loop
      vertex 9.137256622314453 12.399999618530273 3.399998664855957
      vertex 9.137256622314453 -12.399999618530273 3.399998664855957
      vertex 12.399999618530273 -9.137256622314453 3.399998664855957
    endloop
  endfacet
  facet normal 0 0 1
    outer loop
      vertex -9.137256622314453 12.399999618530273 3.399998664855957
      vertex 9.137256622314453 -12.399999618530273 3.399998664855957
      vertex 9.137256622314453 12.399999618530273 3.399998664855957
    endloop
  endfacet
  facet normal 0 0 1
    outer loop
      vertex -9.137256622314453 12.399999618530273 3.399998664855957
      vertex -9.137256622314453 -12.399999618530273 3.399998664855957
      vertex 9.137256622314453 -12.399999618530273 3.399998664855957
    endloop
  endfacet
  facet normal 0 0 1
    outer loop
      vertex -12.399999618530273 9.137256622314453 3.399998664855957
      vertex -9.137256622314453 -12.399999618530273 3.399998664855957
      vertex -9.137256622314453 12.399999618530273 3.399998664855957
    endloop
  endfacet
  facet normal 0 0 1
    outer loop
      vertex -9.137256622314453 -12.399999618530273 3.399998664855957
      vertex -12.399999618530273 9.137256622314453 3.399998664855957
      vertex -12.399999618530273 -9.137256622314453 3.399998664855957
    endloop
  endfacet
  facet normal 0 0 -1
    outer loop
      vertex 9.137256622314453 -12.399999618530273 2.9900007247924805
      vertex 12.399999618530273 -9.123676300048828 2.9900007247924805
      vertex 12.399999618530273 -9.137256622314453 2.9900007247924805
    endloop
  endfacet
  facet normal 0 0 -1
    outer loop
      vertex 12.399999618530273 -9.123676300048828 2.9900007247924805
      vertex 9.137256622314453 -12.399999618530273 2.9900007247924805
      vertex 9.123676300048828 -12.399999618530273 2.9900007247924805
    endloop
  endfacet
  facet normal 0 0 -1
    outer loop
      vertex 12.399999618530273 9.123676300048828 2.9900007247924805
      vertex 9.137256622314453 12.399999618530273 2.9900007247924805
      vertex 12.399999618530273 9.137256622314453 2.9900007247924805
    endloop
  endfacet
  facet normal 0 0 -1
    outer loop
      vertex 9.137256622314453 12.399999618530273 2.9900007247924805
      vertex 12.399999618530273 9.123676300048828 2.9900007247924805
      vertex 9.123676300048828 12.399999618530273 2.9900007247924805
    endloop
  endfacet
  facet normal 0 0 -1
    outer loop
      vertex -12.399999618530273 9.123676300048828 2.9900007247924805
      vertex -9.137256622314453 12.399999618530273 2.9900007247924805
      vertex -9.123676300048828 12.399999618530273 2.9900007247924805
    endloop
  endfacet
  facet normal 0 0 -1
    outer loop
      vertex -9.137256622314453 12.399999618530273 2.9900007247924805
      vertex -12.399999618530273 9.123676300048828 2.9900007247924805
      vertex -12.399999618530273 9.137256622314453 2.9900007247924805
    endloop
  endfacet
  facet normal 0 0 -1
    outer loop
      vertex -12.399999618530273 -9.137256622314453 2.9900007247924805
      vertex -9.123676300048828 -12.399999618530273 2.9900007247924805
      vertex -9.137256622314453 -12.399999618530273 2.9900007247924805
    endloop
  endfacet
  facet normal 0 0 -1
    outer loop
      vertex -9.123676300048828 -12.399999618530273 2.9900007247924805
      vertex -12.399999618530273 -9.137256622314453 2.9900007247924805
      vertex -12.399999618530273 -9.123676300048828 2.9900007247924805
    endloop
  endfacet
  facet normal 0 0 -1
    outer loop
      vertex -12.399999618530273 -7.582181930541992 2.9900007247924805
      vertex -7.581629753112793 -12.399999618530273 2.9900007247924805
      vertex -7.582181930541992 -12.399999618530273 2.9900007247924805
    endloop
  endfacet
  facet normal 0 0 -1
    outer loop
      vertex -7.581629753112793 -12.399999618530273 2.9900007247924805
      vertex -12.399999618530273 -7.582181930541992 2.9900007247924805
      vertex -12.399999618530273 -7.581629753112793 2.9900007247924805
    endloop
  endfacet
  facet normal 0 0 -1
    outer loop
      vertex -12.399999618530273 7.581629753112793 2.9900007247924805
      vertex -7.582181930541992 12.399999618530273 2.9900007247924805
      vertex -7.581629753112793 12.399999618530273 2.9900007247924805
    endloop
  endfacet
  facet normal 0 0 -1
    outer loop
      vertex -7.582181930541992 12.399999618530273 2.9900007247924805
      vertex -12.399999618530273 7.581629753112793 2.9900007247924805
      vertex -12.399999618530273 7.582181930541992 2.9900007247924805
    endloop
  endfacet
  facet normal 0 0 -1
    outer loop
      vertex 7.582181930541992 -12.399999618530273 2.9900007247924805
      vertex 12.399999618530273 -7.581629753112793 2.9900007247924805
      vertex 12.399999618530273 -7.582181930541992 2.9900007247924805
    endloop
  endfacet
  facet normal 0 0 -1
    outer loop
      vertex 12.399999618530273 -7.581629753112793 2.9900007247924805
      vertex 7.582181930541992 -12.399999618530273 2.9900007247924805
      vertex 7.581629753112793 -12.399999618530273 2.9900007247924805
    endloop
  endfacet
  facet normal 0 0 -1
    outer loop
      vertex 12.399999618530273 7.581629753112793 2.9900007247924805
      vertex 7.582181930541992 12.399999618530273 2.9900007247924805
      vertex 12.399999618530273 7.582181930541992 2.9900007247924805
    endloop
  endfacet
  facet normal 0 0 -1
    outer loop
      vertex 7.582181930541992 12.399999618530273 2.9900007247924805
      vertex 12.399999618530273 7.581629753112793 2.9900007247924805
      vertex 7.581629753112793 12.399999618530273 2.9900007247924805
    endloop
  endfacet
  facet normal -0.7071067811865475 -0.7071067811865475 0
    outer loop
      vertex -7.581629753112793 -12.399999618530273 0
      vertex -12.399999618530273 -7.581629753112793 0.5999994277954102
      vertex -12.199999809265137 -7.78162956237793 0
    endloop
  endfacet
  facet normal -0.7071067811865475 -0.7071067811865475 0
    outer loop
      vertex -12.399999618530273 -7.581629753112793 0.5999994277954102
      vertex -7.581629753112793 -12.399999618530273 0
      vertex -7.581629753112793 -12.399999618530273 2.9900007247924805
    endloop
  endfacet
  facet normal -0.7071067811865476 -0.7071067811865476 0
    outer loop
      vertex -12.399999618530273 -7.581629753112793 0.5999994277954102
      vertex -7.581629753112793 -12.399999618530273 2.9900007247924805
      vertex -12.399999618530273 -7.581629753112793 2.9900007247924805
    endloop
  endfacet
  facet normal 0.7071067811865475 0.7071067811865475 0
    outer loop
      vertex 12.399999618530273 7.581629753112793 2.9900007247924805
      vertex 7.581629753112793 12.399999618530273 0
      vertex 7.581629753112793 12.399999618530273 2.9900007247924805
    endloop
  endfacet
  facet normal 0.7071067811865475 0.7071067811865475 0
    outer loop
      vertex 7.581629753112793 12.399999618530273 0
      vertex 12.399999618530273 7.581629753112793 2.9900007247924805
      vertex 12.399999618530273 7.581629753112793 0
    endloop
  endfacet
  facet normal 0.7071067811865475 -0.7071067811865475 0
    outer loop
      vertex 7.581629753112793 -12.399999618530273 2.9900007247924805
      vertex 12.399999618530273 -7.581629753112793 0
      vertex 12.399999618530273 -7.581629753112793 2.9900007247924805
    endloop
  endfacet
  facet normal 0.7071067811865475 -0.7071067811865475 0
    outer loop
      vertex 12.399999618530273 -7.581629753112793 0
      vertex 7.581629753112793 -12.399999618530273 2.9900007247924805
      vertex 7.581629753112793 -12.399999618530273 0
    endloop
  endfacet
  facet normal 0 0 -1
    outer loop
      vertex -6.027732849121094 11.128551483154297 0
      vertex -10.93710708618164 6.044526100158691 0
      vertex -6.044526100158691 11.137107849121094 0
    endloop
  endfacet
  facet normal 0 0 -1
    outer loop
      vertex -10.946701049804688 6.060747146606445 0
      vertex -6.044526100158691 11.137107849121094 0
      vertex -10.93710708618164 6.044526100158691 0
    endloop
  endfacet
  facet normal 0 0 -1
    outer loop
      vertex -6.044526100158691 11.137107849121094 0
      vertex -10.946701049804688 6.060747146606445 0
      vertex -6.060747146606445 11.146700859069824 0
    endloop
  endfacet
  facet normal 0 0 -1
    outer loop
      vertex -10.957294464111328 6.0763349533081055 0
      vertex -6.060747146606445 11.146700859069824 0
      vertex -10.946701049804688 6.060747146606445 0
    endloop
  endfacet
  facet normal 0 0 -1
    outer loop
      vertex -6.060747146606445 11.146700859069824 0
      vertex -10.957294464111328 6.0763349533081055 0
      vertex -6.0763349533081055 11.157294273376465 0
    endloop
  endfacet
  facet normal 0 0 -1
    outer loop
      vertex -10.96884536743164 6.091226577758789 0
      vertex -6.0763349533081055 11.157294273376465 0
      vertex -10.957294464111328 6.0763349533081055 0
    endloop
  endfacet
  facet normal 0 0 -1
    outer loop
      vertex -6.0763349533081055 11.157294273376465 0
      vertex -10.96884536743164 6.091226577758789 0
      vertex -6.091226577758789 11.168845176696777 0
    endloop
  endfacet
  facet normal 0 0 -1
    outer loop
      vertex -10.981308937072754 6.105363845825195 0
      vertex -6.091226577758789 11.168845176696777 0
      vertex -10.96884536743164 6.091226577758789 0
    endloop
  endfacet
  facet normal 0 0 -1
    outer loop
      vertex -6.091226577758789 11.168845176696777 0
      vertex -10.981308937072754 6.105363845825195 0
      vertex -6.105363845825195 11.18130874633789 0
    endloop
  endfacet
  facet normal 0 0 -1
    outer loop
      vertex -10.994635581970215 6.118690490722656 0
      vertex -6.105363845825195 11.18130874633789 0
      vertex -10.981308937072754 6.105363845825195 0
    endloop
  endfacet
  facet normal 0 0 -1
    outer loop
      vertex -6.105363845825195 11.18130874633789 0
      vertex -10.994635581970215 6.118690490722656 0
      vertex -6.118690490722656 11.194635391235352 0
    endloop
  endfacet
  facet normal 0 0 -1
    outer loop
      vertex -11.008771896362305 6.131153106689453 0
      vertex -6.118690490722656 11.194635391235352 0
      vertex -10.994635581970215 6.118690490722656 0
    endloop
  endfacet
  facet normal 0 0 -1
    outer loop
      vertex -6.118690490722656 11.194635391235352 0
      vertex -11.008771896362305 6.131153106689453 0
      vertex -6.131153106689453 11.208772659301758 0
    endloop
  endfacet
  facet normal 0 0 -1
    outer loop
      vertex -11.023663520812988 6.142704963684082 0
      vertex -6.131153106689453 11.208772659301758 0
      vertex -11.008771896362305 6.131153106689453 0
    endloop
  endfacet
  facet normal 0 0 -1
    outer loop
      vertex -12.199999809265137 7.78162956237793 0
      vertex -6.131153106689453 11.208772659301758 0
      vertex -11.023663520812988 6.142704963684082 0
    endloop
  endfacet
  facet normal 0 0 -1
    outer loop
      vertex -6.131153106689453 11.208772659301758 0
      vertex -12.199999809265137 7.78162956237793 0
      vertex -6.142704963684082 11.223664283752441 0
    endloop
  endfacet
  facet normal 0 0 -1
    outer loop
      vertex -12.199999809265137 7.78162956237793 0
      vertex -11.023663520812988 6.142704963684082 0
      vertex -11.039251327514648 6.153297424316406 0
    endloop
  endfacet
  facet normal 0 0 -1
    outer loop
      vertex -12.199999809265137 7.78162956237793 0
      vertex -11.039251327514648 6.153297424316406 0
      vertex -11.055473327636719 6.162891387939453 0
    endloop
  endfacet
  facet normal 0 0 -1
    outer loop
      vertex -12.199999809265137 7.78162956237793 0
      vertex -11.055473327636719 6.162891387939453 0
      vertex -11.072265625 6.17144775390625 0
    endloop
  endfacet
  facet normal 0 0 -1
    outer loop
      vertex -12.199999809265137 7.78162956237793 0
      vertex -11.072265625 6.17144775390625 0
      vertex -11.08956241607666 6.178932189941406 0
    endloop
  endfacet
  facet normal 0 0 -1
    outer loop
      vertex -12.199999809265137 7.78162956237793 0
      vertex -11.08956241607666 6.178932189941406 0
      vertex -11.107294082641602 6.18531608581543 0
    endloop
  endfacet
  facet normal 0 0 -1
    outer loop
      vertex -12.199999809265137 7.78162956237793 0
      vertex -11.107294082641602 6.18531608581543 0
      vertex -11.12539291381836 6.190574645996094 0
    endloop
  endfacet
  facet normal 0 0 -1
    outer loop
      vertex -12.199999809265137 7.78162956237793 0
      vertex -11.12539291381836 6.190574645996094 0
      vertex -11.14378547668457 6.194685935974121 0
    endloop
  endfacet
  facet normal 0 0 -1
    outer loop
      vertex -12.199999809265137 7.78162956237793 0
      vertex -11.14378547668457 6.194685935974121 0
      vertex -11.162399291992188 6.197633743286133 0
    endloop
  endfacet
  facet normal 0 0 -1
    outer loop
      vertex -12.199999809265137 7.78162956237793 0
      vertex -11.162399291992188 6.197633743286133 0
      vertex -11.18116283416748 6.199407577514648 0
    endloop
  endfacet
  facet normal 0 0 -1
    outer loop
      vertex -12.199999809265137 7.78162956237793 0
      vertex -11.18116283416748 6.199407577514648 0
      vertex -11.199999809265137 6.199999809265137 0
    endloop
  endfacet
  facet normal 0 0 -1
    outer loop
      vertex -12.199999809265137 7.78162956237793 0
      vertex -11.199999809265137 6.199999809265137 0
      vertex -11.218836784362793 6.199407577514648 0
    endloop
  endfacet
  facet normal 0 0 -1
    outer loop
      vertex -12.199999809265137 7.78162956237793 0
      vertex -11.218836784362793 6.199407577514648 0
      vertex -11.23759937286377 6.197633743286133 0
    endloop
  endfacet
  facet normal 0 0 -1
    outer loop
      vertex -12.199999809265137 7.78162956237793 0
      vertex -11.23759937286377 6.197633743286133 0
      vertex -11.256214141845703 6.194685935974121 0
    endloop
  endfacet
  facet normal 0 0 -1
    outer loop
      vertex -12.199999809265137 7.78162956237793 0
      vertex -11.256214141845703 6.194685935974121 0
      vertex -11.274606704711914 6.190574645996094 0
    endloop
  endfacet
  facet normal 0 0 -1
    outer loop
      vertex -12.199999809265137 7.78162956237793 0
      vertex -11.274606704711914 6.190574645996094 0
      vertex -11.292704582214355 6.18531608581543 0
    endloop
  endfacet
  facet normal 0 0 -1
    outer loop
      vertex -12.199999809265137 7.78162956237793 0
      vertex -11.292704582214355 6.18531608581543 0
      vertex -11.310437202453613 6.178932189941406 0
    endloop
  endfacet
  facet normal 0 0 -1
    outer loop
      vertex -12.199999809265137 7.78162956237793 0
      vertex -11.310437202453613 6.178932189941406 0
      vertex -11.327733039855957 6.17144775390625 0
    endloop
  endfacet
  facet normal 0 0 -1
    outer loop
      vertex -12.199999809265137 7.78162956237793 0
      vertex -11.327733039855957 6.17144775390625 0
      vertex -11.344525337219238 6.162891387939453 0
    endloop
  endfacet
  facet normal 0 0 -1
    outer loop
      vertex -12.199999809265137 7.78162956237793 0
      vertex -11.344525337219238 6.162891387939453 0
      vertex -11.360747337341309 6.153297424316406 0
    endloop
  endfacet
  facet normal 0 0 -1
    outer loop
      vertex -12.199999809265137 7.78162956237793 0
      vertex -11.360747337341309 6.153297424316406 0
      vertex -11.376335144042969 6.142704963684082 0
    endloop
  endfacet
  facet normal 0 0 -1
    outer loop
      vertex -12.199999809265137 7.78162956237793 0
      vertex -11.376335144042969 6.142704963684082 0
      vertex -11.391226768493652 6.131153106689453 0
    endloop
  endfacet
  facet normal 0 0 -1
    outer loop
      vertex -12.199999809265137 7.78162956237793 0
      vertex -11.391226768493652 6.131153106689453 0
      vertex -11.405364036560059 6.118690490722656 0
    endloop
  endfacet
  facet normal 0 0 -1
    outer loop
      vertex -12.199999809265137 7.78162956237793 0
      vertex -11.405364036560059 6.118690490722656 0
      vertex -11.418689727783203 6.105363845825195 0
    endloop
  endfacet
  facet normal 0 0 -1
    outer loop
      vertex -12.199999809265137 7.78162956237793 0
      vertex -11.418689727783203 6.105363845825195 0
      vertex -11.431153297424316 6.091226577758789 0
    endloop
  endfacet
  facet normal 0 0 -1
    outer loop
      vertex -12.199999809265137 7.78162956237793 0
      vertex -11.431153297424316 6.091226577758789 0
      vertex -11.442704200744629 6.0763349533081055 0
    endloop
  endfacet
  facet normal 0 0 -1
    outer loop
      vertex -12.199999809265137 7.78162956237793 0
      vertex -11.442704200744629 6.0763349533081055 0
      vertex -11.45329761505127 6.060747146606445 0
    endloop
  endfacet
  facet normal 0 0 -1
    outer loop
      vertex -12.199999809265137 7.78162956237793 0
      vertex -11.5 5.899999618530273 0
      vertex -12.199999809265137 -7.78162956237793 0
    endloop
  endfacet
  facet normal 0 0 -1
    outer loop
      vertex -6.142704963684082 11.223664283752441 0
      vertex -12.199999809265137 7.78162956237793 0
      vertex -7.581629753112793 12.399999618530273 0
    endloop
  endfacet
  facet normal 0 0 -1
    outer loop
      vertex -11.462891578674316 6.044526100158691 0
      vertex -12.199999809265137 7.78162956237793 0
      vertex -11.45329761505127 6.060747146606445 0
    endloop
  endfacet
  facet normal 0 0 -1
    outer loop
      vertex -11.471447944641113 6.027732849121094 0
      vertex -12.199999809265137 7.78162956237793 0
      vertex -11.462891578674316 6.044526100158691 0
    endloop
  endfacet
  facet normal 0 0 -1
    outer loop
      vertex -11.47893238067627 6.01043701171875 0
      vertex -12.199999809265137 7.78162956237793 0
      vertex -11.471447944641113 6.027732849121094 0
    endloop
  endfacet
  facet normal 0 0 -1
    outer loop
      vertex -11.485316276550293 5.992704391479492 0
      vertex -12.199999809265137 7.78162956237793 0
      vertex -11.47893238067627 6.01043701171875 0
    endloop
  endfacet
  facet normal 0 0 -1
    outer loop
      vertex -11.490574836730957 5.974606513977051 0
      vertex -12.199999809265137 7.78162956237793 0
      vertex -11.485316276550293 5.992704391479492 0
    endloop
  endfacet
  facet normal 0 0 -1
    outer loop
      vertex -11.494686126708984 5.95621395111084 0
      vertex -12.199999809265137 7.78162956237793 0
      vertex -11.490574836730957 5.974606513977051 0
    endloop
  endfacet
  facet normal 0 0 -1
    outer loop
      vertex -11.497633934020996 5.937599182128906 0
      vertex -12.199999809265137 7.78162956237793 0
      vertex -11.494686126708984 5.95621395111084 0
    endloop
  endfacet
  facet normal 0 0 -1
    outer loop
      vertex -11.499407768249512 5.91883659362793 0
      vertex -12.199999809265137 7.78162956237793 0
      vertex -11.497633934020996 5.937599182128906 0
    endloop
  endfacet
  facet normal 0 0 -1
    outer loop
      vertex -11.5 5.899999618530273 0
      vertex -12.199999809265137 7.78162956237793 0
      vertex -11.499407768249512 5.91883659362793 0
    endloop
  endfacet
  facet normal 0 0 -1
    outer loop
      vertex 6.18531608581543 -11.307294845581055 0
      vertex 7.581629753112793 -12.399999618530273 0
      vertex 6.190574645996094 -11.325392723083496 0
    endloop
  endfacet
  facet normal 0 0 -1
    outer loop
      vertex 8.5 1.7320499420166016 0
      vertex 6.199407577514648 11.381162643432617 0
      vertex 6.199999809265137 11.399999618530273 0
    endloop
  endfacet
  facet normal 0 0 -1
    outer loop
      vertex 6.178932189941406 -11.289562225341797 0
      vertex 7.581629753112793 -12.399999618530273 0
      vertex 6.18531608581543 -11.307294845581055 0
    endloop
  endfacet
  facet normal 0 0 -1
    outer loop
      vertex 8.5 1.7320499420166016 0
      vertex 6.197633743286133 11.362399101257324 0
      vertex 6.199407577514648 11.381162643432617 0
    endloop
  endfacet
  facet normal 0 0 -1
    outer loop
      vertex 6.17144775390625 -11.272265434265137 0
      vertex 7.581629753112793 -12.399999618530273 0
      vertex 6.178932189941406 -11.289562225341797 0
    endloop
  endfacet
  facet normal 0 0 -1
    outer loop
      vertex 8.5 1.7320499420166016 0
      vertex 6.194685935974121 11.343785285949707 0
      vertex 6.197633743286133 11.362399101257324 0
    endloop
  endfacet
  facet normal 0 0 -1
    outer loop
      vertex 6.162891387939453 -11.255473136901855 0
      vertex 7.581629753112793 -12.399999618530273 0
      vertex 6.17144775390625 -11.272265434265137 0
    endloop
  endfacet
  facet normal 0 0 -1
    outer loop
      vertex 8.5 1.7320499420166016 0
      vertex 6.190574645996094 11.325392723083496 0
      vertex 6.194685935974121 11.343785285949707 0
    endloop
  endfacet
  facet normal 0 0 -1
    outer loop
      vertex 6.153298377990723 -11.239251136779785 0
      vertex 7.581629753112793 -12.399999618530273 0
      vertex 6.162891387939453 -11.255473136901855 0
    endloop
  endfacet
  facet normal 0 0 -1
    outer loop
      vertex 8.5 1.7320499420166016 0
      vertex 6.18531608581543 11.307294845581055 0
      vertex 6.190574645996094 11.325392723083496 0
    endloop
  endfacet
  facet normal 0 0 -1
    outer loop
      vertex 6.142704963684082 -11.223664283752441 0
      vertex 7.581629753112793 -12.399999618530273 0
      vertex 6.153298377990723 -11.239251136779785 0
    endloop
  endfacet
  facet normal 0 0 -1
    outer loop
      vertex 8.5 1.7320499420166016 0
      vertex 6.178932189941406 11.289562225341797 0
      vertex 6.18531608581543 11.307294845581055 0
    endloop
  endfacet
  facet normal 0 0 -1
    outer loop
      vertex 7.581629753112793 -12.399999618530273 0
      vertex 6.142704963684082 -11.223664283752441 0
      vertex 12.399999618530273 -7.581629753112793 0
    endloop
  endfacet
  facet normal 0 0 -1
    outer loop
      vertex 8.5 1.7320499420166016 0
      vertex 6.17144775390625 11.272265434265137 0
      vertex 6.178932189941406 11.289562225341797 0
    endloop
  endfacet
  facet normal 0 0 -1
    outer loop
      vertex 6.131153106689453 -11.208772659301758 0
      vertex 12.399999618530273 -7.581629753112793 0
      vertex 6.142704963684082 -11.223664283752441 0
    endloop
  endfacet
  facet normal 0 0 -1
    outer loop
      vertex 8.5 1.7320499420166016 0
      vertex 6.162891387939453 11.255473136901855 0
      vertex 6.17144775390625 11.272265434265137 0
    endloop
  endfacet
  facet normal 0 0 -1
    outer loop
      vertex 6.118690490722656 -11.194635391235352 0
      vertex 12.399999618530273 -7.581629753112793 0
      vertex 6.131153106689453 -11.208772659301758 0
    endloop
  endfacet
  facet normal 0 0 -1
    outer loop
      vertex 8.5 1.7320499420166016 0
      vertex 6.153298377990723 11.239251136779785 0
      vertex 6.162891387939453 11.255473136901855 0
    endloop
  endfacet
  facet normal 0 0 -1
    outer loop
      vertex 6.105363845825195 -11.18130874633789 0
      vertex 12.399999618530273 -7.581629753112793 0
      vertex 6.118690490722656 -11.194635391235352 0
    endloop
  endfacet
  facet normal 0 0 -1
    outer loop
      vertex 8.5 1.7320499420166016 0
      vertex 6.142704963684082 11.223664283752441 0
      vertex 6.153298377990723 11.239251136779785 0
    endloop
  endfacet
  facet normal 0 0 -1
    outer loop
      vertex 6.091226577758789 -11.168845176696777 0
      vertex 12.399999618530273 -7.581629753112793 0
      vertex 6.105363845825195 -11.18130874633789 0
    endloop
  endfacet
  facet normal 0 0 -1
    outer loop
      vertex 8.5 1.7320499420166016 0
      vertex 6.131153106689453 11.208772659301758 0
      vertex 6.142704963684082 11.223664283752441 0
    endloop
  endfacet
  facet normal 0 0 -1
    outer loop
      vertex 6.0763349533081055 -11.157294273376465 0
      vertex 12.399999618530273 -7.581629753112793 0
      vertex 6.091226577758789 -11.168845176696777 0
    endloop
  endfacet
  facet normal 0 0 -1
    outer loop
      vertex 8.5 1.7320499420166016 0
      vertex 6.118690490722656 11.194635391235352 0
      vertex 6.131153106689453 11.208772659301758 0
    endloop
  endfacet
  facet normal 0 0 -1
    outer loop
      vertex 6.060747146606445 -11.146700859069824 0
      vertex 12.399999618530273 -7.581629753112793 0
      vertex 6.0763349533081055 -11.157294273376465 0
    endloop
  endfacet
  facet normal 0 0 -1
    outer loop
      vertex 8.5 1.7320499420166016 0
      vertex 6.105363845825195 11.18130874633789 0
      vertex 6.118690490722656 11.194635391235352 0
    endloop
  endfacet
  facet normal 0 0 -1
    outer loop
      vertex 6.044526100158691 -11.137107849121094 0
      vertex 12.399999618530273 -7.581629753112793 0
      vertex 6.060747146606445 -11.146700859069824 0
    endloop
  endfacet
  facet normal 0 0 -1
    outer loop
      vertex 8.5 1.7320499420166016 0
      vertex 6.091226577758789 11.168845176696777 0
      vertex 6.105363845825195 11.18130874633789 0
    endloop
  endfacet
  facet normal 0 0 -1
    outer loop
      vertex 6.027732849121094 -11.128551483154297 0
      vertex 12.399999618530273 -7.581629753112793 0
      vertex 6.044526100158691 -11.137107849121094 0
    endloop
  endfacet
  facet normal 0 0 -1
    outer loop
      vertex 8.5 1.7320499420166016 0
      vertex 6.0763349533081055 11.157294273376465 0
      vertex 6.091226577758789 11.168845176696777 0
    endloop
  endfacet
  facet normal 0 0 -1
    outer loop
      vertex 6.01043701171875 -11.12106704711914 0
      vertex 12.399999618530273 -7.581629753112793 0
      vertex 6.027732849121094 -11.128551483154297 0
    endloop
  endfacet
  facet normal 0 0 -1
    outer loop
      vertex 8.5 1.7320499420166016 0
      vertex 6.060747146606445 11.146700859069824 0
      vertex 6.0763349533081055 11.157294273376465 0
    endloop
  endfacet
  facet normal 0 0 -1
    outer loop
      vertex 12.399999618530273 -7.581629753112793 0
      vertex 6.01043701171875 -11.12106704711914 0
      vertex 8.5 -1.7320499420166016 0
    endloop
  endfacet
  facet normal 0 0 -1
    outer loop
      vertex 8.5 1.7320499420166016 0
      vertex 6.044526100158691 11.137107849121094 0
      vertex 6.060747146606445 11.146700859069824 0
    endloop
  endfacet
  facet normal 0 0 -1
    outer loop
      vertex 5.992704391479492 -11.1146821975708 0
      vertex 8.5 -1.7320499420166016 0
      vertex 6.01043701171875 -11.12106704711914 0
    endloop
  endfacet
  facet normal 0 0 -1
    outer loop
      vertex 8.5 1.7320499420166016 0
      vertex 6.027732849121094 11.128551483154297 0
      vertex 6.044526100158691 11.137107849121094 0
    endloop
  endfacet
  facet normal 0 0 -1
    outer loop
      vertex 5.974606513977051 -11.109424591064453 0
      vertex 8.5 -1.7320499420166016 0
      vertex 5.992704391479492 -11.1146821975708 0
    endloop
  endfacet
  facet normal 0 0 -1
    outer loop
      vertex 8.5 1.7320499420166016 0
      vertex 6.01043701171875 11.12106704711914 0
      vertex 6.027732849121094 11.128551483154297 0
    endloop
  endfacet
  facet normal 0 0 -1
    outer loop
      vertex 5.95621395111084 -11.105313301086426 0
      vertex 8.5 -1.7320499420166016 0
      vertex 5.974606513977051 -11.109424591064453 0
    endloop
  endfacet
  facet normal 0 0 -1
    outer loop
      vertex 8.5 1.7320499420166016 0
      vertex 5.992704391479492 11.1146821975708 0
      vertex 6.01043701171875 11.12106704711914 0
    endloop
  endfacet
  facet normal 0 0 -1
    outer loop
      vertex 5.937599182128906 -11.102365493774414 0
      vertex 8.5 -1.7320499420166016 0
      vertex 5.95621395111084 -11.105313301086426 0
    endloop
  endfacet
  facet normal 0 0 -1
    outer loop
      vertex 8.5 1.7320499420166016 0
      vertex 5.974606513977051 11.109424591064453 0
      vertex 5.992704391479492 11.1146821975708 0
    endloop
  endfacet
  facet normal 0 0 -1
    outer loop
      vertex 5.91883659362793 -11.100591659545898 0
      vertex 8.5 -1.7320499420166016 0
      vertex 5.937599182128906 -11.102365493774414 0
    endloop
  endfacet
  facet normal 0 0 -1
    outer loop
      vertex 8.5 1.7320499420166016 0
      vertex 5.95621395111084 11.105313301086426 0
      vertex 5.974606513977051 11.109424591064453 0
    endloop
  endfacet
  facet normal 0 0 -1
    outer loop
      vertex 5.899999618530273 -11.09999942779541 0
      vertex 8.5 -1.7320499420166016 0
      vertex 5.91883659362793 -11.100591659545898 0
    endloop
  endfacet
  facet normal 0 0 -1
    outer loop
      vertex 8.5 1.7320499420166016 0
      vertex 5.937599182128906 11.102365493774414 0
      vertex 5.95621395111084 11.105313301086426 0
    endloop
  endfacet
  facet normal 0 0 -1
    outer loop
      vertex -5.899999618530273 -11.09999942779541 0
      vertex 8.5 -1.7320499420166016 0
      vertex 5.899999618530273 -11.09999942779541 0
    endloop
  endfacet
  facet normal 0 0 -1
    outer loop
      vertex 8.5 1.7320499420166016 0
      vertex 5.91883659362793 11.100591659545898 0
      vertex 5.937599182128906 11.102365493774414 0
    endloop
  endfacet
  facet normal 0 0 -1
    outer loop
      vertex -10.899999618530273 -5.899999618530273 0
      vertex 8.5 -1.7320499420166016 0
      vertex -5.899999618530273 -11.09999942779541 0
    endloop
  endfacet
  facet normal 0 0 -1
    outer loop
      vertex 8.5 1.7320499420166016 0
      vertex 5.899999618530273 11.09999942779541 0
      vertex 5.91883659362793 11.100591659545898 0
    endloop
  endfacet
  facet normal 0 0 -1
    outer loop
      vertex 8.5 -1.7320499420166016 0
      vertex -10.899999618530273 -5.899999618530273 0
      vertex 8.5 1.7320499420166016 0
    endloop
  endfacet
  facet normal 0 0 -1
    outer loop
      vertex -10.899999618530273 5.899999618530273 0
      vertex 8.5 1.7320499420166016 0
      vertex -10.899999618530273 -5.899999618530273 0
    endloop
  endfacet
  facet normal 0 0 -1
    outer loop
      vertex -10.900591850280762 -5.91883659362793 0
      vertex -5.899999618530273 -11.09999942779541 0
      vertex -5.91883659362793 -11.100591659545898 0
    endloop
  endfacet
  facet normal 0 0 -1
    outer loop
      vertex 8.5 1.7320499420166016 0
      vertex -5.899999618530273 11.09999942779541 0
      vertex 5.899999618530273 11.09999942779541 0
    endloop
  endfacet
  facet normal 0 0 -1
    outer loop
      vertex -10.902364730834961 -5.937599182128906 0
      vertex -5.91883659362793 -11.100591659545898 0
      vertex -5.937599182128906 -11.102365493774414 0
    endloop
  endfacet
  facet normal 0 0 -1
    outer loop
      vertex 8.5 1.7320499420166016 0
      vertex -10.899999618530273 5.899999618530273 0
      vertex -5.899999618530273 11.09999942779541 0
    endloop
  endfacet
  facet normal 0 0 -1
    outer loop
      vertex -10.905313491821289 -5.95621395111084 0
      vertex -5.937599182128906 -11.102365493774414 0
      vertex -5.95621395111084 -11.105313301086426 0
    endloop
  endfacet
  facet normal 0 0 -1
    outer loop
      vertex -10.900591850280762 5.91883659362793 0
      vertex -5.899999618530273 11.09999942779541 0
      vertex -10.899999618530273 5.899999618530273 0
    endloop
  endfacet
  facet normal 0 0 -1
    outer loop
      vertex -10.909424781799316 -5.974606513977051 0
      vertex -5.95621395111084 -11.105313301086426 0
      vertex -5.974606513977051 -11.109424591064453 0
    endloop
  endfacet
  facet normal 0 0 -1
    outer loop
      vertex -5.899999618530273 11.09999942779541 0
      vertex -10.900591850280762 5.91883659362793 0
      vertex -5.91883659362793 11.100591659545898 0
    endloop
  endfacet
  facet normal 0 0 -1
    outer loop
      vertex -10.914682388305664 -5.992704391479492 0
      vertex -5.974606513977051 -11.109424591064453 0
      vertex -5.992704391479492 -11.1146821975708 0
    endloop
  endfacet
  facet normal 0 0 -1
    outer loop
      vertex -10.902364730834961 5.937599182128906 0
      vertex -5.91883659362793 11.100591659545898 0
      vertex -10.900591850280762 5.91883659362793 0
    endloop
  endfacet
  facet normal 0 0 -1
    outer loop
      vertex -10.921066284179688 -6.01043701171875 0
      vertex -5.992704391479492 -11.1146821975708 0
      vertex -6.01043701171875 -11.12106704711914 0
    endloop
  endfacet
  facet normal 0 0 -1
    outer loop
      vertex -5.91883659362793 11.100591659545898 0
      vertex -10.902364730834961 5.937599182128906 0
      vertex -5.937599182128906 11.102365493774414 0
    endloop
  endfacet
  facet normal 0 0 -1
    outer loop
      vertex -10.92855167388916 -6.027732849121094 0
      vertex -6.01043701171875 -11.12106704711914 0
      vertex -6.027732849121094 -11.128551483154297 0
    endloop
  endfacet
  facet normal 0 0 -1
    outer loop
      vertex -10.905313491821289 5.95621395111084 0
      vertex -5.937599182128906 11.102365493774414 0
      vertex -10.902364730834961 5.937599182128906 0
    endloop
  endfacet
  facet normal 0 0 -1
    outer loop
      vertex -10.93710708618164 -6.044526100158691 0
      vertex -6.027732849121094 -11.128551483154297 0
      vertex -6.044526100158691 -11.137107849121094 0
    endloop
  endfacet
  facet normal 0 0 -1
    outer loop
      vertex -5.937599182128906 11.102365493774414 0
      vertex -10.905313491821289 5.95621395111084 0
      vertex -5.95621395111084 11.105313301086426 0
    endloop
  endfacet
  facet normal 0 0 -1
    outer loop
      vertex -10.946701049804688 -6.060747146606445 0
      vertex -6.044526100158691 -11.137107849121094 0
      vertex -6.060747146606445 -11.146700859069824 0
    endloop
  endfacet
  facet normal 0 0 -1
    outer loop
      vertex -10.909424781799316 5.974606513977051 0
      vertex -5.95621395111084 11.105313301086426 0
      vertex -10.905313491821289 5.95621395111084 0
    endloop
  endfacet
  facet normal 0 0 -1
    outer loop
      vertex -10.957294464111328 -6.0763349533081055 0
      vertex -6.060747146606445 -11.146700859069824 0
      vertex -6.0763349533081055 -11.157294273376465 0
    endloop
  endfacet
  facet normal 0 0 -1
    outer loop
      vertex -5.95621395111084 11.105313301086426 0
      vertex -10.909424781799316 5.974606513977051 0
      vertex -5.974606513977051 11.109424591064453 0
    endloop
  endfacet
  facet normal 0 0 -1
    outer loop
      vertex -10.96884536743164 -6.091226577758789 0
      vertex -6.0763349533081055 -11.157294273376465 0
      vertex -6.091226577758789 -11.168845176696777 0
    endloop
  endfacet
  facet normal 0 0 -1
    outer loop
      vertex -10.914682388305664 5.992704391479492 0
      vertex -5.974606513977051 11.109424591064453 0
      vertex -10.909424781799316 5.974606513977051 0
    endloop
  endfacet
  facet normal 0 0 -1
    outer loop
      vertex -10.981308937072754 -6.105363845825195 0
      vertex -6.091226577758789 -11.168845176696777 0
      vertex -6.105363845825195 -11.18130874633789 0
    endloop
  endfacet
  facet normal 0 0 -1
    outer loop
      vertex -5.974606513977051 11.109424591064453 0
      vertex -10.914682388305664 5.992704391479492 0
      vertex -5.992704391479492 11.1146821975708 0
    endloop
  endfacet
  facet normal 0 0 -1
    outer loop
      vertex -10.994635581970215 -6.118690490722656 0
      vertex -6.105363845825195 -11.18130874633789 0
      vertex -6.118690490722656 -11.194635391235352 0
    endloop
  endfacet
  facet normal 0 0 -1
    outer loop
      vertex -10.921066284179688 6.01043701171875 0
      vertex -5.992704391479492 11.1146821975708 0
      vertex -10.914682388305664 5.992704391479492 0
    endloop
  endfacet
  facet normal 0 0 -1
    outer loop
      vertex -11.008771896362305 -6.131153106689453 0
      vertex -6.118690490722656 -11.194635391235352 0
      vertex -6.131153106689453 -11.208772659301758 0
    endloop
  endfacet
  facet normal 0 0 -1
    outer loop
      vertex -5.992704391479492 11.1146821975708 0
      vertex -10.921066284179688 6.01043701171875 0
      vertex -6.01043701171875 11.12106704711914 0
    endloop
  endfacet
  facet normal 0 0 -1
    outer loop
      vertex -12.199999809265137 -7.78162956237793 0
      vertex -6.131153106689453 -11.208772659301758 0
      vertex -6.142704963684082 -11.223664283752441 0
    endloop
  endfacet
  facet normal 0 0 -1
    outer loop
      vertex -10.92855167388916 6.027732849121094 0
      vertex -6.01043701171875 11.12106704711914 0
      vertex -10.921066284179688 6.01043701171875 0
    endloop
  endfacet
  facet normal 0 0 -1
    outer loop
      vertex -7.581629753112793 -12.399999618530273 0
      vertex -6.142704963684082 -11.223664283752441 0
      vertex -6.153298377990723 -11.239251136779785 0
    endloop
  endfacet
  facet normal 0 0 -1
    outer loop
      vertex -6.01043701171875 11.12106704711914 0
      vertex -10.92855167388916 6.027732849121094 0
      vertex -6.027732849121094 11.128551483154297 0
    endloop
  endfacet
  facet normal 0 0 -1
    outer loop
      vertex -7.581629753112793 -12.399999618530273 0
      vertex -6.153298377990723 -11.239251136779785 0
      vertex -6.162891387939453 -11.255473136901855 0
    endloop
  endfacet
  facet normal 0 0 -1
    outer loop
      vertex -10.93710708618164 6.044526100158691 0
      vertex -6.027732849121094 11.128551483154297 0
      vertex -10.92855167388916 6.027732849121094 0
    endloop
  endfacet
  facet normal 0 0 -1
    outer loop
      vertex -7.581629753112793 -12.399999618530273 0
      vertex -6.162891387939453 -11.255473136901855 0
      vertex -6.17144775390625 -11.272265434265137 0
    endloop
  endfacet
  facet normal 0 0 -1
    outer loop
      vertex -6.142704963684082 11.223664283752441 0
      vertex -7.581629753112793 12.399999618530273 0
      vertex -6.153298377990723 11.239251136779785 0
    endloop
  endfacet
  facet normal 0 0 -1
    outer loop
      vertex -7.581629753112793 -12.399999618530273 0
      vertex -6.17144775390625 -11.272265434265137 0
      vertex -6.178932189941406 -11.289562225341797 0
    endloop
  endfacet
  facet normal 0 0 -1
    outer loop
      vertex -6.153298377990723 11.239251136779785 0
      vertex -7.581629753112793 12.399999618530273 0
      vertex -6.162891387939453 11.255473136901855 0
    endloop
  endfacet
  facet normal 0 0 -1
    outer loop
      vertex -7.581629753112793 -12.399999618530273 0
      vertex -6.178932189941406 -11.289562225341797 0
      vertex -6.18531608581543 -11.307294845581055 0
    endloop
  endfacet
  facet normal 0 0 -1
    outer loop
      vertex -6.162891387939453 11.255473136901855 0
      vertex -7.581629753112793 12.399999618530273 0
      vertex -6.17144775390625 11.272265434265137 0
    endloop
  endfacet
  facet normal 0 0 -1
    outer loop
      vertex -7.581629753112793 -12.399999618530273 0
      vertex -6.18531608581543 -11.307294845581055 0
      vertex -6.190574645996094 -11.325392723083496 0
    endloop
  endfacet
  facet normal 0 0 -1
    outer loop
      vertex -6.17144775390625 11.272265434265137 0
      vertex -7.581629753112793 12.399999618530273 0
      vertex -6.178932189941406 11.289562225341797 0
    endloop
  endfacet
  facet normal 0 0 -1
    outer loop
      vertex -7.581629753112793 -12.399999618530273 0
      vertex -6.190574645996094 -11.325392723083496 0
      vertex -6.194685935974121 -11.343785285949707 0
    endloop
  endfacet
  facet normal 0 0 -1
    outer loop
      vertex -6.178932189941406 11.289562225341797 0
      vertex -7.581629753112793 12.399999618530273 0
      vertex -6.18531608581543 11.307294845581055 0
    endloop
  endfacet
  facet normal 0 0 -1
    outer loop
      vertex -7.581629753112793 -12.399999618530273 0
      vertex -6.194685935974121 -11.343785285949707 0
      vertex -6.197633743286133 -11.362399101257324 0
    endloop
  endfacet
  facet normal 0 0 -1
    outer loop
      vertex -6.18531608581543 11.307294845581055 0
      vertex -7.581629753112793 12.399999618530273 0
      vertex -6.190574645996094 11.325392723083496 0
    endloop
  endfacet
  facet normal 0 0 -1
    outer loop
      vertex -7.581629753112793 -12.399999618530273 0
      vertex -6.197633743286133 -11.362399101257324 0
      vertex -6.199407577514648 -11.381162643432617 0
    endloop
  endfacet
  facet normal 0 0 -1
    outer loop
      vertex -6.190574645996094 11.325392723083496 0
      vertex -7.581629753112793 12.399999618530273 0
      vertex -6.194685935974121 11.343785285949707 0
    endloop
  endfacet
  facet normal 0 0 -1
    outer loop
      vertex -7.581629753112793 -12.399999618530273 0
      vertex -6.199407577514648 -11.381162643432617 0
      vertex -6.199999809265137 -11.399999618530273 0
    endloop
  endfacet
  facet normal 0 0 -1
    outer loop
      vertex -6.194685935974121 11.343785285949707 0
      vertex -7.581629753112793 12.399999618530273 0
      vertex -6.197633743286133 11.362399101257324 0
    endloop
  endfacet
  facet normal 0 0 -1
    outer loop
      vertex 12.399999618530273 7.581629753112793 0
      vertex 6.199999809265137 11.399999618530273 0
      vertex 7.581629753112793 12.399999618530273 0
    endloop
  endfacet
  facet normal 0 0 -1
    outer loop
      vertex 6.199407577514648 11.41883659362793 0
      vertex 7.581629753112793 12.399999618530273 0
      vertex 6.199999809265137 11.399999618530273 0
    endloop
  endfacet
  facet normal 0 0 -1
    outer loop
      vertex 6.197633743286133 11.437599182128906 0
      vertex 7.581629753112793 12.399999618530273 0
      vertex 6.199407577514648 11.41883659362793 0
    endloop
  endfacet
  facet normal 0 0 -1
    outer loop
      vertex 6.194685935974121 11.45621395111084 0
      vertex 7.581629753112793 12.399999618530273 0
      vertex 6.197633743286133 11.437599182128906 0
    endloop
  endfacet
  facet normal 0 0 -1
    outer loop
      vertex 6.190574645996094 11.47460651397705 0
      vertex 7.581629753112793 12.399999618530273 0
      vertex 6.194685935974121 11.45621395111084 0
    endloop
  endfacet
  facet normal 0 0 -1
    outer loop
      vertex 6.18531608581543 11.492704391479492 0
      vertex 7.581629753112793 12.399999618530273 0
      vertex 6.190574645996094 11.47460651397705 0
    endloop
  endfacet
  facet normal 0 0 -1
    outer loop
      vertex 6.178932189941406 11.51043701171875 0
      vertex 7.581629753112793 12.399999618530273 0
      vertex 6.18531608581543 11.492704391479492 0
    endloop
  endfacet
  facet normal 0 0 -1
    outer loop
      vertex 6.17144775390625 11.527732849121094 0
      vertex 7.581629753112793 12.399999618530273 0
      vertex 6.178932189941406 11.51043701171875 0
    endloop
  endfacet
  facet normal 0 0 -1
    outer loop
      vertex 6.162891387939453 11.544526100158691 0
      vertex 7.581629753112793 12.399999618530273 0
      vertex 6.17144775390625 11.527732849121094 0
    endloop
  endfacet
  facet normal 0 0 -1
    outer loop
      vertex 6.153298377990723 11.560747146606445 0
      vertex 7.581629753112793 12.399999618530273 0
      vertex 6.162891387939453 11.544526100158691 0
    endloop
  endfacet
  facet normal 0 0 -1
    outer loop
      vertex 6.142704963684082 11.576334953308105 0
      vertex 7.581629753112793 12.399999618530273 0
      vertex 6.153298377990723 11.560747146606445 0
    endloop
  endfacet
  facet normal 0 0 -1
    outer loop
      vertex 6.131153106689453 11.591226577758789 0
      vertex 7.581629753112793 12.399999618530273 0
      vertex 6.142704963684082 11.576334953308105 0
    endloop
  endfacet
  facet normal 0 0 -1
    outer loop
      vertex 6.118690490722656 11.605363845825195 0
      vertex 7.581629753112793 12.399999618530273 0
      vertex 6.131153106689453 11.591226577758789 0
    endloop
  endfacet
  facet normal 0 0 -1
    outer loop
      vertex 6.105363845825195 11.618690490722656 0
      vertex 7.581629753112793 12.399999618530273 0
      vertex 6.118690490722656 11.605363845825195 0
    endloop
  endfacet
  facet normal 0 0 -1
    outer loop
      vertex 6.091226577758789 11.631153106689453 0
      vertex 7.581629753112793 12.399999618530273 0
      vertex 6.105363845825195 11.618690490722656 0
    endloop
  endfacet
  facet normal 0 0 -1
    outer loop
      vertex 6.0763349533081055 11.642704963684082 0
      vertex 7.581629753112793 12.399999618530273 0
      vertex 6.091226577758789 11.631153106689453 0
    endloop
  endfacet
  facet normal 0 0 -1
    outer loop
      vertex 6.060747146606445 11.653298377990723 0
      vertex 7.581629753112793 12.399999618530273 0
      vertex 6.0763349533081055 11.642704963684082 0
    endloop
  endfacet
  facet normal 0 0 -1
    outer loop
      vertex 6.044526100158691 11.662891387939453 0
      vertex 7.581629753112793 12.399999618530273 0
      vertex 6.060747146606445 11.653298377990723 0
    endloop
  endfacet
  facet normal 0 0 -1
    outer loop
      vertex 6.027732849121094 11.67144775390625 0
      vertex 7.581629753112793 12.399999618530273 0
      vertex 6.044526100158691 11.662891387939453 0
    endloop
  endfacet
  facet normal 0 0 -1
    outer loop
      vertex 6.01043701171875 11.678932189941406 0
      vertex 7.581629753112793 12.399999618530273 0
      vertex 6.027732849121094 11.67144775390625 0
    endloop
  endfacet
  facet normal 0 0 -1
    outer loop
      vertex 5.992704391479492 11.68531608581543 0
      vertex 7.581629753112793 12.399999618530273 0
      vertex 6.01043701171875 11.678932189941406 0
    endloop
  endfacet
  facet normal 0 0 -1
    outer loop
      vertex 5.974606513977051 11.690574645996094 0
      vertex 7.581629753112793 12.399999618530273 0
      vertex 5.992704391479492 11.68531608581543 0
    endloop
  endfacet
  facet normal 0 0 -1
    outer loop
      vertex 5.95621395111084 11.694685935974121 0
      vertex 7.581629753112793 12.399999618530273 0
      vertex 5.974606513977051 11.690574645996094 0
    endloop
  endfacet
  facet normal 0 0 -1
    outer loop
      vertex 5.937599182128906 11.697633743286133 0
      vertex 7.581629753112793 12.399999618530273 0
      vertex 5.95621395111084 11.694685935974121 0
    endloop
  endfacet
  facet normal 0 0 -1
    outer loop
      vertex 5.91883659362793 11.699407577514648 0
      vertex 7.581629753112793 12.399999618530273 0
      vertex 5.937599182128906 11.697633743286133 0
    endloop
  endfacet
  facet normal 0 0 -1
    outer loop
      vertex 5.899999618530273 11.699999809265137 0
      vertex 7.581629753112793 12.399999618530273 0
      vertex 5.91883659362793 11.699407577514648 0
    endloop
  endfacet
  facet normal 0 0 -1
    outer loop
      vertex -5.899999618530273 11.699999809265137 0
      vertex 7.581629753112793 12.399999618530273 0
      vertex 5.899999618530273 11.699999809265137 0
    endloop
  endfacet
  facet normal 0 0 -1
    outer loop
      vertex -7.581629753112793 12.399999618530273 0
      vertex -5.899999618530273 11.699999809265137 0
      vertex -5.91883659362793 11.699407577514648 0
    endloop
  endfacet
  facet normal 0 0 -1
    outer loop
      vertex -6.197633743286133 11.362399101257324 0
      vertex -7.581629753112793 12.399999618530273 0
      vertex -6.199407577514648 11.381162643432617 0
    endloop
  endfacet
  facet normal 0 0 -1
    outer loop
      vertex -5.899999618530273 11.699999809265137 0
      vertex -7.581629753112793 12.399999618530273 0
      vertex 7.581629753112793 12.399999618530273 0
    endloop
  endfacet
  facet normal 0 0 -1
    outer loop
      vertex -5.937599182128906 11.697633743286133 0
      vertex -7.581629753112793 12.399999618530273 0
      vertex -5.91883659362793 11.699407577514648 0
    endloop
  endfacet
  facet normal 0 0 -1
    outer loop
      vertex -5.95621395111084 11.694685935974121 0
      vertex -7.581629753112793 12.399999618530273 0
      vertex -5.937599182128906 11.697633743286133 0
    endloop
  endfacet
  facet normal 0 0 -1
    outer loop
      vertex -5.974606513977051 11.690574645996094 0
      vertex -7.581629753112793 12.399999618530273 0
      vertex -5.95621395111084 11.694685935974121 0
    endloop
  endfacet
  facet normal 0 0 -1
    outer loop
      vertex -5.992704391479492 11.68531608581543 0
      vertex -7.581629753112793 12.399999618530273 0
      vertex -5.974606513977051 11.690574645996094 0
    endloop
  endfacet
  facet normal 0 0 -1
    outer loop
      vertex -6.01043701171875 11.678932189941406 0
      vertex -7.581629753112793 12.399999618530273 0
      vertex -5.992704391479492 11.68531608581543 0
    endloop
  endfacet
  facet normal 0 0 -1
    outer loop
      vertex -6.027732849121094 11.67144775390625 0
      vertex -7.581629753112793 12.399999618530273 0
      vertex -6.01043701171875 11.678932189941406 0
    endloop
  endfacet
  facet normal 0 0 -1
    outer loop
      vertex -6.044526100158691 11.662891387939453 0
      vertex -7.581629753112793 12.399999618530273 0
      vertex -6.027732849121094 11.67144775390625 0
    endloop
  endfacet
  facet normal 0 0 -1
    outer loop
      vertex -6.060747146606445 11.653298377990723 0
      vertex -7.581629753112793 12.399999618530273 0
      vertex -6.044526100158691 11.662891387939453 0
    endloop
  endfacet
  facet normal 0 0 -1
    outer loop
      vertex -6.0763349533081055 11.642704963684082 0
      vertex -7.581629753112793 12.399999618530273 0
      vertex -6.060747146606445 11.653298377990723 0
    endloop
  endfacet
  facet normal 0 0 -1
    outer loop
      vertex -6.091226577758789 11.631153106689453 0
      vertex -7.581629753112793 12.399999618530273 0
      vertex -6.0763349533081055 11.642704963684082 0
    endloop
  endfacet
  facet normal 0 0 -1
    outer loop
      vertex -6.105363845825195 11.618690490722656 0
      vertex -7.581629753112793 12.399999618530273 0
      vertex -6.091226577758789 11.631153106689453 0
    endloop
  endfacet
  facet normal 0 0 -1
    outer loop
      vertex -6.118690490722656 11.605363845825195 0
      vertex -7.581629753112793 12.399999618530273 0
      vertex -6.105363845825195 11.618690490722656 0
    endloop
  endfacet
  facet normal 0 0 -1
    outer loop
      vertex -6.131153106689453 11.591226577758789 0
      vertex -7.581629753112793 12.399999618530273 0
      vertex -6.118690490722656 11.605363845825195 0
    endloop
  endfacet
  facet normal 0 0 -1
    outer loop
      vertex -6.142704963684082 11.576334953308105 0
      vertex -7.581629753112793 12.399999618530273 0
      vertex -6.131153106689453 11.591226577758789 0
    endloop
  endfacet
  facet normal 0 0 -1
    outer loop
      vertex -6.153298377990723 11.560747146606445 0
      vertex -7.581629753112793 12.399999618530273 0
      vertex -6.142704963684082 11.576334953308105 0
    endloop
  endfacet
  facet normal 0 0 -1
    outer loop
      vertex -6.162891387939453 11.544526100158691 0
      vertex -7.581629753112793 12.399999618530273 0
      vertex -6.153298377990723 11.560747146606445 0
    endloop
  endfacet
  facet normal 0 0 -1
    outer loop
      vertex -6.17144775390625 11.527732849121094 0
      vertex -7.581629753112793 12.399999618530273 0
      vertex -6.162891387939453 11.544526100158691 0
    endloop
  endfacet
  facet normal 0 0 -1
    outer loop
      vertex -6.178932189941406 11.51043701171875 0
      vertex -7.581629753112793 12.399999618530273 0
      vertex -6.17144775390625 11.527732849121094 0
    endloop
  endfacet
  facet normal 0 0 -1
    outer loop
      vertex -6.18531608581543 11.492704391479492 0
      vertex -7.581629753112793 12.399999618530273 0
      vertex -6.178932189941406 11.51043701171875 0
    endloop
  endfacet
  facet normal 0 0 -1
    outer loop
      vertex -6.190574645996094 11.47460651397705 0
      vertex -7.581629753112793 12.399999618530273 0
      vertex -6.18531608581543 11.492704391479492 0
    endloop
  endfacet
  facet normal 0 0 -1
    outer loop
      vertex -6.194685935974121 11.45621395111084 0
      vertex -7.581629753112793 12.399999618530273 0
      vertex -6.190574645996094 11.47460651397705 0
    endloop
  endfacet
  facet normal 0 0 -1
    outer loop
      vertex -6.197633743286133 11.437599182128906 0
      vertex -7.581629753112793 12.399999618530273 0
      vertex -6.194685935974121 11.45621395111084 0
    endloop
  endfacet
  facet normal 0 0 -1
    outer loop
      vertex -6.199407577514648 11.41883659362793 0
      vertex -7.581629753112793 12.399999618530273 0
      vertex -6.197633743286133 11.437599182128906 0
    endloop
  endfacet
  facet normal 0 0 -1
    outer loop
      vertex -6.199407577514648 11.381162643432617 0
      vertex -7.581629753112793 12.399999618530273 0
      vertex -6.199999809265137 11.399999618530273 0
    endloop
  endfacet
  facet normal 0 0 -1
    outer loop
      vertex -6.199999809265137 11.399999618530273 0
      vertex -7.581629753112793 12.399999618530273 0
      vertex -6.199407577514648 11.41883659362793 0
    endloop
  endfacet
  facet normal 0 0 -1
    outer loop
      vertex -5.899999618530273 -11.09999942779541 0
      vertex -10.900591850280762 -5.91883659362793 0
      vertex -10.899999618530273 -5.899999618530273 0
    endloop
  endfacet
  facet normal 0 0 -1
    outer loop
      vertex -5.91883659362793 -11.100591659545898 0
      vertex -10.902364730834961 -5.937599182128906 0
      vertex -10.900591850280762 -5.91883659362793 0
    endloop
  endfacet
  facet normal 0 0 -1
    outer loop
      vertex -5.937599182128906 -11.102365493774414 0
      vertex -10.905313491821289 -5.95621395111084 0
      vertex -10.902364730834961 -5.937599182128906 0
    endloop
  endfacet
  facet normal 0 0 -1
    outer loop
      vertex -5.95621395111084 -11.105313301086426 0
      vertex -10.909424781799316 -5.974606513977051 0
      vertex -10.905313491821289 -5.95621395111084 0
    endloop
  endfacet
  facet normal 0 0 -1
    outer loop
      vertex -5.974606513977051 -11.109424591064453 0
      vertex -10.914682388305664 -5.992704391479492 0
      vertex -10.909424781799316 -5.974606513977051 0
    endloop
  endfacet
  facet normal 0 0 -1
    outer loop
      vertex -5.992704391479492 -11.1146821975708 0
      vertex -10.921066284179688 -6.01043701171875 0
      vertex -10.914682388305664 -5.992704391479492 0
    endloop
  endfacet
  facet normal 0 0 -1
    outer loop
      vertex -6.01043701171875 -11.12106704711914 0
      vertex -10.92855167388916 -6.027732849121094 0
      vertex -10.921066284179688 -6.01043701171875 0
    endloop
  endfacet
  facet normal 0 0 -1
    outer loop
      vertex -6.027732849121094 -11.128551483154297 0
      vertex -10.93710708618164 -6.044526100158691 0
      vertex -10.92855167388916 -6.027732849121094 0
    endloop
  endfacet
  facet normal 0 0 -1
    outer loop
      vertex -6.044526100158691 -11.137107849121094 0
      vertex -10.946701049804688 -6.060747146606445 0
      vertex -10.93710708618164 -6.044526100158691 0
    endloop
  endfacet
  facet normal 0 0 -1
    outer loop
      vertex -6.060747146606445 -11.146700859069824 0
      vertex -10.957294464111328 -6.0763349533081055 0
      vertex -10.946701049804688 -6.060747146606445 0
    endloop
  endfacet
  facet normal 0 0 -1
    outer loop
      vertex -6.0763349533081055 -11.157294273376465 0
      vertex -10.96884536743164 -6.091226577758789 0
      vertex -10.957294464111328 -6.0763349533081055 0
    endloop
  endfacet
  facet normal 0 0 -1
    outer loop
      vertex -6.091226577758789 -11.168845176696777 0
      vertex -10.981308937072754 -6.105363845825195 0
      vertex -10.96884536743164 -6.091226577758789 0
    endloop
  endfacet
  facet normal 0 0 -1
    outer loop
      vertex -6.105363845825195 -11.18130874633789 0
      vertex -10.994635581970215 -6.118690490722656 0
      vertex -10.981308937072754 -6.105363845825195 0
    endloop
  endfacet
  facet normal 0 0 -1
    outer loop
      vertex -6.118690490722656 -11.194635391235352 0
      vertex -11.008771896362305 -6.131153106689453 0
      vertex -10.994635581970215 -6.118690490722656 0
    endloop
  endfacet
  facet normal 0 0 -1
    outer loop
      vertex -6.131153106689453 -11.208772659301758 0
      vertex -11.023663520812988 -6.142704963684082 0
      vertex -11.008771896362305 -6.131153106689453 0
    endloop
  endfacet
  facet normal 0 0 -1
    outer loop
      vertex -6.131153106689453 -11.208772659301758 0
      vertex -12.199999809265137 -7.78162956237793 0
      vertex -11.023663520812988 -6.142704963684082 0
    endloop
  endfacet
  facet normal 0 0 -1
    outer loop
      vertex -11.023663520812988 -6.142704963684082 0
      vertex -12.199999809265137 -7.78162956237793 0
      vertex -11.039251327514648 -6.153297424316406 0
    endloop
  endfacet
  facet normal 0 0 -1
    outer loop
      vertex -11.039251327514648 -6.153297424316406 0
      vertex -12.199999809265137 -7.78162956237793 0
      vertex -11.055473327636719 -6.162891387939453 0
    endloop
  endfacet
  facet normal 0 0 -1
    outer loop
      vertex -11.055473327636719 -6.162891387939453 0
      vertex -12.199999809265137 -7.78162956237793 0
      vertex -11.072265625 -6.17144775390625 0
    endloop
  endfacet
  facet normal 0 0 -1
    outer loop
      vertex -11.072265625 -6.17144775390625 0
      vertex -12.199999809265137 -7.78162956237793 0
      vertex -11.08956241607666 -6.178932189941406 0
    endloop
  endfacet
  facet normal 0 0 -1
    outer loop
      vertex -11.08956241607666 -6.178932189941406 0
      vertex -12.199999809265137 -7.78162956237793 0
      vertex -11.107294082641602 -6.18531608581543 0
    endloop
  endfacet
  facet normal 0 0 -1
    outer loop
      vertex -11.107294082641602 -6.18531608581543 0
      vertex -12.199999809265137 -7.78162956237793 0
      vertex -11.12539291381836 -6.190574645996094 0
    endloop
  endfacet
  facet normal 0 0 -1
    outer loop
      vertex -11.12539291381836 -6.190574645996094 0
      vertex -12.199999809265137 -7.78162956237793 0
      vertex -11.14378547668457 -6.194685935974121 0
    endloop
  endfacet
  facet normal 0 0 -1
    outer loop
      vertex -11.14378547668457 -6.194685935974121 0
      vertex -12.199999809265137 -7.78162956237793 0
      vertex -11.162399291992188 -6.197633743286133 0
    endloop
  endfacet
  facet normal 0 0 -1
    outer loop
      vertex -11.162399291992188 -6.197633743286133 0
      vertex -12.199999809265137 -7.78162956237793 0
      vertex -11.18116283416748 -6.199407577514648 0
    endloop
  endfacet
  facet normal 0 0 -1
    outer loop
      vertex -11.18116283416748 -6.199407577514648 0
      vertex -12.199999809265137 -7.78162956237793 0
      vertex -11.199999809265137 -6.199999809265137 0
    endloop
  endfacet
  facet normal 0 0 -1
    outer loop
      vertex -11.199999809265137 -6.199999809265137 0
      vertex -12.199999809265137 -7.78162956237793 0
      vertex -11.218836784362793 -6.199407577514648 0
    endloop
  endfacet
  facet normal 0 0 -1
    outer loop
      vertex -11.218836784362793 -6.199407577514648 0
      vertex -12.199999809265137 -7.78162956237793 0
      vertex -11.23759937286377 -6.197633743286133 0
    endloop
  endfacet
  facet normal 0 0 -1
    outer loop
      vertex -11.23759937286377 -6.197633743286133 0
      vertex -12.199999809265137 -7.78162956237793 0
      vertex -11.256214141845703 -6.194685935974121 0
    endloop
  endfacet
  facet normal 0 0 -1
    outer loop
      vertex -11.256214141845703 -6.194685935974121 0
      vertex -12.199999809265137 -7.78162956237793 0
      vertex -11.274606704711914 -6.190574645996094 0
    endloop
  endfacet
  facet normal 0 0 -1
    outer loop
      vertex -11.274606704711914 -6.190574645996094 0
      vertex -12.199999809265137 -7.78162956237793 0
      vertex -11.292704582214355 -6.18531608581543 0
    endloop
  endfacet
  facet normal 0 0 -1
    outer loop
      vertex -11.292704582214355 -6.18531608581543 0
      vertex -12.199999809265137 -7.78162956237793 0
      vertex -11.310437202453613 -6.178932189941406 0
    endloop
  endfacet
  facet normal 0 0 -1
    outer loop
      vertex -11.310437202453613 -6.178932189941406 0
      vertex -12.199999809265137 -7.78162956237793 0
      vertex -11.327733039855957 -6.17144775390625 0
    endloop
  endfacet
  facet normal 0 0 -1
    outer loop
      vertex -11.327733039855957 -6.17144775390625 0
      vertex -12.199999809265137 -7.78162956237793 0
      vertex -11.344525337219238 -6.162891387939453 0
    endloop
  endfacet
  facet normal 0 0 -1
    outer loop
      vertex -11.344525337219238 -6.162891387939453 0
      vertex -12.199999809265137 -7.78162956237793 0
      vertex -11.360747337341309 -6.153297424316406 0
    endloop
  endfacet
  facet normal 0 0 -1
    outer loop
      vertex -11.360747337341309 -6.153297424316406 0
      vertex -12.199999809265137 -7.78162956237793 0
      vertex -11.376335144042969 -6.142704963684082 0
    endloop
  endfacet
  facet normal 0 0 -1
    outer loop
      vertex -11.376335144042969 -6.142704963684082 0
      vertex -12.199999809265137 -7.78162956237793 0
      vertex -11.391226768493652 -6.131153106689453 0
    endloop
  endfacet
  facet normal 0 0 -1
    outer loop
      vertex -11.391226768493652 -6.131153106689453 0
      vertex -12.199999809265137 -7.78162956237793 0
      vertex -11.405364036560059 -6.118690490722656 0
    endloop
  endfacet
  facet normal 0 0 -1
    outer loop
      vertex -11.405364036560059 -6.118690490722656 0
      vertex -12.199999809265137 -7.78162956237793 0
      vertex -11.418689727783203 -6.105363845825195 0
    endloop
  endfacet
  facet normal 0 0 -1
    outer loop
      vertex -11.418689727783203 -6.105363845825195 0
      vertex -12.199999809265137 -7.78162956237793 0
      vertex -11.431153297424316 -6.091226577758789 0
    endloop
  endfacet
  facet normal 0 0 -1
    outer loop
      vertex -11.431153297424316 -6.091226577758789 0
      vertex -12.199999809265137 -7.78162956237793 0
      vertex -11.442704200744629 -6.0763349533081055 0
    endloop
  endfacet
  facet normal 0 0 -1
    outer loop
      vertex -11.5 -5.899999618530273 0
      vertex -12.199999809265137 -7.78162956237793 0
      vertex -11.5 5.899999618530273 0
    endloop
  endfacet
  facet normal 0 0 -1
    outer loop
      vertex -11.499407768249512 -5.91883659362793 0
      vertex -12.199999809265137 -7.78162956237793 0
      vertex -11.5 -5.899999618530273 0
    endloop
  endfacet
  facet normal 0 0 -1
    outer loop
      vertex -11.497633934020996 -5.937599182128906 0
      vertex -12.199999809265137 -7.78162956237793 0
      vertex -11.499407768249512 -5.91883659362793 0
    endloop
  endfacet
  facet normal 0 0 -1
    outer loop
      vertex -11.494686126708984 -5.95621395111084 0
      vertex -12.199999809265137 -7.78162956237793 0
      vertex -11.497633934020996 -5.937599182128906 0
    endloop
  endfacet
  facet normal 0 0 -1
    outer loop
      vertex -11.490574836730957 -5.974606513977051 0
      vertex -12.199999809265137 -7.78162956237793 0
      vertex -11.494686126708984 -5.95621395111084 0
    endloop
  endfacet
  facet normal 0 0 -1
    outer loop
      vertex -11.485316276550293 -5.992704391479492 0
      vertex -12.199999809265137 -7.78162956237793 0
      vertex -11.490574836730957 -5.974606513977051 0
    endloop
  endfacet
  facet normal 0 0 -1
    outer loop
      vertex -11.47893238067627 -6.01043701171875 0
      vertex -12.199999809265137 -7.78162956237793 0
      vertex -11.485316276550293 -5.992704391479492 0
    endloop
  endfacet
  facet normal 0 0 -1
    outer loop
      vertex -11.471447944641113 -6.027732849121094 0
      vertex -12.199999809265137 -7.78162956237793 0
      vertex -11.47893238067627 -6.01043701171875 0
    endloop
  endfacet
  facet normal 0 0 -1
    outer loop
      vertex -11.462891578674316 -6.044526100158691 0
      vertex -12.199999809265137 -7.78162956237793 0
      vertex -11.471447944641113 -6.027732849121094 0
    endloop
  endfacet
  facet normal 0 0 -1
    outer loop
      vertex -11.45329761505127 -6.060747146606445 0
      vertex -12.199999809265137 -7.78162956237793 0
      vertex -11.462891578674316 -6.044526100158691 0
    endloop
  endfacet
  facet normal 0 0 -1
    outer loop
      vertex -11.442704200744629 -6.0763349533081055 0
      vertex -12.199999809265137 -7.78162956237793 0
      vertex -11.45329761505127 -6.060747146606445 0
    endloop
  endfacet
  facet normal 0 0 -1
    outer loop
      vertex 12.399999618530273 -7.581629753112793 0
      vertex 11.5 0 0
      vertex 12.399999618530273 7.581629753112793 0
    endloop
  endfacet
  facet normal 0 0 -1
    outer loop
      vertex 12.399999618530273 -7.581629753112793 0
      vertex 8.5 -1.7320499420166016 0
      vertex 11.5 0 0
    endloop
  endfacet
  facet normal 0 0 -1
    outer loop
      vertex 6.197633743286133 -11.362399101257324 0
      vertex 7.581629753112793 -12.399999618530273 0
      vertex 6.199407577514648 -11.381162643432617 0
    endloop
  endfacet
  facet normal 0 0 -1
    outer loop
      vertex 6.199407577514648 -11.381162643432617 0
      vertex 7.581629753112793 -12.399999618530273 0
      vertex 6.199999809265137 -11.399999618530273 0
    endloop
  endfacet
  facet normal 0 0 -1
    outer loop
      vertex 8.5 1.7320499420166016 0
      vertex 12.399999618530273 7.581629753112793 0
      vertex 11.5 0 0
    endloop
  endfacet
  facet normal 0 0 -1
    outer loop
      vertex 6.199999809265137 11.399999618530273 0
      vertex 12.399999618530273 7.581629753112793 0
      vertex 8.5 1.7320499420166016 0
    endloop
  endfacet
  facet normal 0 0 -1
    outer loop
      vertex 6.194685935974121 -11.343785285949707 0
      vertex 7.581629753112793 -12.399999618530273 0
      vertex 6.197633743286133 -11.362399101257324 0
    endloop
  endfacet
  facet normal 0 0 -1
    outer loop
      vertex 6.190574645996094 -11.325392723083496 0
      vertex 7.581629753112793 -12.399999618530273 0
      vertex 6.194685935974121 -11.343785285949707 0
    endloop
  endfacet
  facet normal 0 0 -1
    outer loop
      vertex 7.581629753112793 -12.399999618530273 0
      vertex 6.199407577514648 -11.41883659362793 0
      vertex 6.199999809265137 -11.399999618530273 0
    endloop
  endfacet
  facet normal 0 0 -1
    outer loop
      vertex 7.581629753112793 -12.399999618530273 0
      vertex 6.197633743286133 -11.437599182128906 0
      vertex 6.199407577514648 -11.41883659362793 0
    endloop
  endfacet
  facet normal 0 0 -1
    outer loop
      vertex 7.581629753112793 -12.399999618530273 0
      vertex 6.194685935974121 -11.45621395111084 0
      vertex 6.197633743286133 -11.437599182128906 0
    endloop
  endfacet
  facet normal 0 0 -1
    outer loop
      vertex 7.581629753112793 -12.399999618530273 0
      vertex 6.190574645996094 -11.47460651397705 0
      vertex 6.194685935974121 -11.45621395111084 0
    endloop
  endfacet
  facet normal 0 0 -1
    outer loop
      vertex 7.581629753112793 -12.399999618530273 0
      vertex 6.18531608581543 -11.492704391479492 0
      vertex 6.190574645996094 -11.47460651397705 0
    endloop
  endfacet
  facet normal 0 0 -1
    outer loop
      vertex 7.581629753112793 -12.399999618530273 0
      vertex 6.178932189941406 -11.51043701171875 0
      vertex 6.18531608581543 -11.492704391479492 0
    endloop
  endfacet
  facet normal 0 0 -1
    outer loop
      vertex 7.581629753112793 -12.399999618530273 0
      vertex 6.17144775390625 -11.527732849121094 0
      vertex 6.178932189941406 -11.51043701171875 0
    endloop
  endfacet
  facet normal 0 0 -1
    outer loop
      vertex 7.581629753112793 -12.399999618530273 0
      vertex 6.162891387939453 -11.544526100158691 0
      vertex 6.17144775390625 -11.527732849121094 0
    endloop
  endfacet
  facet normal 0 0 -1
    outer loop
      vertex 7.581629753112793 -12.399999618530273 0
      vertex 6.153298377990723 -11.560747146606445 0
      vertex 6.162891387939453 -11.544526100158691 0
    endloop
  endfacet
  facet normal 0 0 -1
    outer loop
      vertex 7.581629753112793 -12.399999618530273 0
      vertex 6.142704963684082 -11.576334953308105 0
      vertex 6.153298377990723 -11.560747146606445 0
    endloop
  endfacet
  facet normal 0 0 -1
    outer loop
      vertex 7.581629753112793 -12.399999618530273 0
      vertex 6.131153106689453 -11.591226577758789 0
      vertex 6.142704963684082 -11.576334953308105 0
    endloop
  endfacet
  facet normal 0 0 -1
    outer loop
      vertex 7.581629753112793 -12.399999618530273 0
      vertex 6.118690490722656 -11.605363845825195 0
      vertex 6.131153106689453 -11.591226577758789 0
    endloop
  endfacet
  facet normal 0 0 -1
    outer loop
      vertex 7.581629753112793 -12.399999618530273 0
      vertex 6.105363845825195 -11.618690490722656 0
      vertex 6.118690490722656 -11.605363845825195 0
    endloop
  endfacet
  facet normal 0 0 -1
    outer loop
      vertex 7.581629753112793 -12.399999618530273 0
      vertex 6.091226577758789 -11.631153106689453 0
      vertex 6.105363845825195 -11.618690490722656 0
    endloop
  endfacet
  facet normal 0 0 -1
    outer loop
      vertex 7.581629753112793 -12.399999618530273 0
      vertex 6.0763349533081055 -11.642704963684082 0
      vertex 6.091226577758789 -11.631153106689453 0
    endloop
  endfacet
  facet normal 0 0 -1
    outer loop
      vertex 7.581629753112793 -12.399999618530273 0
      vertex 6.060747146606445 -11.653298377990723 0
      vertex 6.0763349533081055 -11.642704963684082 0
    endloop
  endfacet
  facet normal 0 0 -1
    outer loop
      vertex 7.581629753112793 -12.399999618530273 0
      vertex 6.044526100158691 -11.662891387939453 0
      vertex 6.060747146606445 -11.653298377990723 0
    endloop
  endfacet
  facet normal 0 0 -1
    outer loop
      vertex 7.581629753112793 -12.399999618530273 0
      vertex 6.027732849121094 -11.67144775390625 0
      vertex 6.044526100158691 -11.662891387939453 0
    endloop
  endfacet
  facet normal 0 0 -1
    outer loop
      vertex 7.581629753112793 -12.399999618530273 0
      vertex 6.01043701171875 -11.678932189941406 0
      vertex 6.027732849121094 -11.67144775390625 0
    endloop
  endfacet
  facet normal 0 0 -1
    outer loop
      vertex 7.581629753112793 -12.399999618530273 0
      vertex 5.992704391479492 -11.68531608581543 0
      vertex 6.01043701171875 -11.678932189941406 0
    endloop
  endfacet
  facet normal 0 0 -1
    outer loop
      vertex 7.581629753112793 -12.399999618530273 0
      vertex 5.974606513977051 -11.690574645996094 0
      vertex 5.992704391479492 -11.68531608581543 0
    endloop
  endfacet
  facet normal 0 0 -1
    outer loop
      vertex 7.581629753112793 -12.399999618530273 0
      vertex 5.95621395111084 -11.694685935974121 0
      vertex 5.974606513977051 -11.690574645996094 0
    endloop
  endfacet
  facet normal 0 0 -1
    outer loop
      vertex 7.581629753112793 -12.399999618530273 0
      vertex 5.937599182128906 -11.697633743286133 0
      vertex 5.95621395111084 -11.694685935974121 0
    endloop
  endfacet
  facet normal 0 0 -1
    outer loop
      vertex 7.581629753112793 -12.399999618530273 0
      vertex 5.91883659362793 -11.699407577514648 0
      vertex 5.937599182128906 -11.697633743286133 0
    endloop
  endfacet
  facet normal 0 0 -1
    outer loop
      vertex 7.581629753112793 -12.399999618530273 0
      vertex 5.899999618530273 -11.699999809265137 0
      vertex 5.91883659362793 -11.699407577514648 0
    endloop
  endfacet
  facet normal 0 0 -1
    outer loop
      vertex 7.581629753112793 -12.399999618530273 0
      vertex -5.899999618530273 -11.699999809265137 0
      vertex 5.899999618530273 -11.699999809265137 0
    endloop
  endfacet
  facet normal 0 0 -1
    outer loop
      vertex -7.581629753112793 -12.399999618530273 0
      vertex -5.899999618530273 -11.699999809265137 0
      vertex 7.581629753112793 -12.399999618530273 0
    endloop
  endfacet
  facet normal 0 0 -1
    outer loop
      vertex -6.142704963684082 -11.223664283752441 0
      vertex -7.581629753112793 -12.399999618530273 0
      vertex -12.199999809265137 -7.78162956237793 0
    endloop
  endfacet
  facet normal 0 0 -1
    outer loop
      vertex -6.199407577514648 -11.41883659362793 0
      vertex -7.581629753112793 -12.399999618530273 0
      vertex -6.199999809265137 -11.399999618530273 0
    endloop
  endfacet
  facet normal 0 0 -1
    outer loop
      vertex -6.197633743286133 -11.437599182128906 0
      vertex -7.581629753112793 -12.399999618530273 0
      vertex -6.199407577514648 -11.41883659362793 0
    endloop
  endfacet
  facet normal 0 0 -1
    outer loop
      vertex -6.194685935974121 -11.45621395111084 0
      vertex -7.581629753112793 -12.399999618530273 0
      vertex -6.197633743286133 -11.437599182128906 0
    endloop
  endfacet
  facet normal 0 0 -1
    outer loop
      vertex -6.190574645996094 -11.47460651397705 0
      vertex -7.581629753112793 -12.399999618530273 0
      vertex -6.194685935974121 -11.45621395111084 0
    endloop
  endfacet
  facet normal 0 0 -1
    outer loop
      vertex -6.18531608581543 -11.492704391479492 0
      vertex -7.581629753112793 -12.399999618530273 0
      vertex -6.190574645996094 -11.47460651397705 0
    endloop
  endfacet
  facet normal 0 0 -1
    outer loop
      vertex -6.178932189941406 -11.51043701171875 0
      vertex -7.581629753112793 -12.399999618530273 0
      vertex -6.18531608581543 -11.492704391479492 0
    endloop
  endfacet
  facet normal 0 0 -1
    outer loop
      vertex -6.17144775390625 -11.527732849121094 0
      vertex -7.581629753112793 -12.399999618530273 0
      vertex -6.178932189941406 -11.51043701171875 0
    endloop
  endfacet
  facet normal 0 0 -1
    outer loop
      vertex -6.162891387939453 -11.544526100158691 0
      vertex -7.581629753112793 -12.399999618530273 0
      vertex -6.17144775390625 -11.527732849121094 0
    endloop
  endfacet
  facet normal 0 0 -1
    outer loop
      vertex -6.153298377990723 -11.560747146606445 0
      vertex -7.581629753112793 -12.399999618530273 0
      vertex -6.162891387939453 -11.544526100158691 0
    endloop
  endfacet
  facet normal 0 0 -1
    outer loop
      vertex -6.142704963684082 -11.576334953308105 0
      vertex -7.581629753112793 -12.399999618530273 0
      vertex -6.153298377990723 -11.560747146606445 0
    endloop
  endfacet
  facet normal 0 0 -1
    outer loop
      vertex -6.131153106689453 -11.591226577758789 0
      vertex -7.581629753112793 -12.399999618530273 0
      vertex -6.142704963684082 -11.576334953308105 0
    endloop
  endfacet
  facet normal 0 0 -1
    outer loop
      vertex -6.118690490722656 -11.605363845825195 0
      vertex -7.581629753112793 -12.399999618530273 0
      vertex -6.131153106689453 -11.591226577758789 0
    endloop
  endfacet
  facet normal 0 0 -1
    outer loop
      vertex -6.105363845825195 -11.618690490722656 0
      vertex -7.581629753112793 -12.399999618530273 0
      vertex -6.118690490722656 -11.605363845825195 0
    endloop
  endfacet
  facet normal 0 0 -1
    outer loop
      vertex -6.091226577758789 -11.631153106689453 0
      vertex -7.581629753112793 -12.399999618530273 0
      vertex -6.105363845825195 -11.618690490722656 0
    endloop
  endfacet
  facet normal 0 0 -1
    outer loop
      vertex -6.0763349533081055 -11.642704963684082 0
      vertex -7.581629753112793 -12.399999618530273 0
      vertex -6.091226577758789 -11.631153106689453 0
    endloop
  endfacet
  facet normal 0 0 -1
    outer loop
      vertex -6.060747146606445 -11.653298377990723 0
      vertex -7.581629753112793 -12.399999618530273 0
      vertex -6.0763349533081055 -11.642704963684082 0
    endloop
  endfacet
  facet normal 0 0 -1
    outer loop
      vertex -6.044526100158691 -11.662891387939453 0
      vertex -7.581629753112793 -12.399999618530273 0
      vertex -6.060747146606445 -11.653298377990723 0
    endloop
  endfacet
  facet normal 0 0 -1
    outer loop
      vertex -6.027732849121094 -11.67144775390625 0
      vertex -7.581629753112793 -12.399999618530273 0
      vertex -6.044526100158691 -11.662891387939453 0
    endloop
  endfacet
  facet normal 0 0 -1
    outer loop
      vertex -6.01043701171875 -11.678932189941406 0
      vertex -7.581629753112793 -12.399999618530273 0
      vertex -6.027732849121094 -11.67144775390625 0
    endloop
  endfacet
  facet normal 0 0 -1
    outer loop
      vertex -5.992704391479492 -11.68531608581543 0
      vertex -7.581629753112793 -12.399999618530273 0
      vertex -6.01043701171875 -11.678932189941406 0
    endloop
  endfacet
  facet normal 0 0 -1
    outer loop
      vertex -5.974606513977051 -11.690574645996094 0
      vertex -7.581629753112793 -12.399999618530273 0
      vertex -5.992704391479492 -11.68531608581543 0
    endloop
  endfacet
  facet normal 0 0 -1
    outer loop
      vertex -5.95621395111084 -11.694685935974121 0
      vertex -7.581629753112793 -12.399999618530273 0
      vertex -5.974606513977051 -11.690574645996094 0
    endloop
  endfacet
  facet normal 0 0 -1
    outer loop
      vertex -5.937599182128906 -11.697633743286133 0
      vertex -7.581629753112793 -12.399999618530273 0
      vertex -5.95621395111084 -11.694685935974121 0
    endloop
  endfacet
  facet normal 0 0 -1
    outer loop
      vertex -5.91883659362793 -11.699407577514648 0
      vertex -7.581629753112793 -12.399999618530273 0
      vertex -5.937599182128906 -11.697633743286133 0
    endloop
  endfacet
  facet normal 0 0 -1
    outer loop
      vertex -5.899999618530273 -11.699999809265137 0
      vertex -7.581629753112793 -12.399999618530273 0
      vertex -5.91883659362793 -11.699407577514648 0
    endloop
  endfacet
  facet normal -0.7071067811865475 0.7071067811865475 0
    outer loop
      vertex -12.399999618530273 7.581629753112793 0.5999994277954102
      vertex -7.581629753112793 12.399999618530273 0
      vertex -12.199999809265137 7.78162956237793 0
    endloop
  endfacet
  facet normal -0.7071067811865475 0.7071067811865475 0
    outer loop
      vertex -7.581629753112793 12.399999618530273 0
      vertex -12.399999618530273 7.581629753112793 0.5999994277954102
      vertex -7.581629753112793 12.399999618530273 2.9900007247924805
    endloop
  endfacet
  facet normal -0.7071067811865476 0.7071067811865476 0
    outer loop
      vertex -7.581629753112793 12.399999618530273 2.9900007247924805
      vertex -12.399999618530273 7.581629753112793 0.5999994277954102
      vertex -12.399999618530273 7.581629753112793 2.9900007247924805
    endloop
  endfacet
  facet normal 0.6129312038125971 -0.7901362790005535 0
    outer loop
      vertex -6.091226577758789 11.631153106689453 0
      vertex -6.0763349533081055 11.642704963684082 2.799999237060547
      vertex -6.091226577758789 11.631153106689453 2.799999237060547
    endloop
  endfacet
  facet normal 0.6129312038125971 -0.7901362790005535 0
    outer loop
      vertex -6.0763349533081055 11.642704963684082 2.799999237060547
      vertex -6.091226577758789 11.631153106689453 0
      vertex -6.0763349533081055 11.642704963684082 0
    endloop
  endfacet
  facet normal 0 1 0
    outer loop
      vertex 5.899999618530273 11.09999942779541 0
      vertex -5.899999618530273 11.09999942779541 2.799999237060547
      vertex 5.899999618530273 11.09999942779541 2.799999237060547
    endloop
  endfacet
  facet normal 0 1 0
    outer loop
      vertex -5.899999618530273 11.09999942779541 2.799999237060547
      vertex 5.899999618530273 11.09999942779541 0
      vertex -5.899999618530273 11.09999942779541 0
    endloop
  endfacet
  facet normal 0 -1 0
    outer loop
      vertex -5.899999618530273 11.699999809265137 0
      vertex 5.899999618530273 11.699999809265137 2.1999998092651367
      vertex -5.899999618530273 11.699999809265137 2.1999998092651367
    endloop
  endfacet
  facet normal 0 -1 0
    outer loop
      vertex 5.899999618530273 11.699999809265137 2.1999998092651367
      vertex -5.899999618530273 11.699999809265137 0
      vertex 5.899999618530273 11.699999809265137 0
    endloop
  endfacet
  facet normal 0 -1 0
    outer loop
      vertex -5.899999618530273 11.699999809265137 2.59999942779541
      vertex 5.899999618530273 11.699999809265137 2.799999237060547
      vertex -5.899999618530273 11.699999809265137 2.799999237060547
    endloop
  endfacet
  facet normal 0 -1 0
    outer loop
      vertex 5.899999618530273 11.699999809265137 2.799999237060547
      vertex -5.899999618530273 11.699999809265137 2.59999942779541
      vertex 5.899999618530273 11.699999809265137 2.59999942779541
    endloop
  endfacet
  facet normal 0 1 0
    outer loop
      vertex -5.899999618530273 11.699999809265137 2.1999998092651367
      vertex -6 11.699999809265137 2.59999942779541
      vertex -5.899999618530273 11.699999809265137 2.59999942779541
    endloop
  endfacet
  facet normal 0 1 0
    outer loop
      vertex -6 11.699999809265137 2.59999942779541
      vertex -5.899999618530273 11.699999809265137 2.1999998092651367
      vertex -6 11.699999809265137 2.1999998092651367
    endloop
  endfacet
  facet normal 0 1 0
    outer loop
      vertex 6 11.699999809265137 2.1999998092651367
      vertex 5.899999618530273 11.699999809265137 2.59999942779541
      vertex 6 11.699999809265137 2.59999942779541
    endloop
  endfacet
  facet normal 0 1 0
    outer loop
      vertex 5.899999618530273 11.699999809265137 2.59999942779541
      vertex 6 11.699999809265137 2.1999998092651367
      vertex 5.899999618530273 11.699999809265137 2.1999998092651367
    endloop
  endfacet
  facet normal 0.9876910575159983 0.15641731011281643 0
    outer loop
      vertex -6.194685935974121 11.343785285949707 2.799999237060547
      vertex -6.197633743286133 11.362399101257324 0
      vertex -6.197633743286133 11.362399101257324 2.799999237060547
    endloop
  endfacet
  facet normal 0.9876910575159983 0.15641731011281643 0
    outer loop
      vertex -6.197633743286133 11.362399101257324 0
      vertex -6.194685935974121 11.343785285949707 2.799999237060547
      vertex -6.194685935974121 11.343785285949707 0
    endloop
  endfacet
  facet normal -0.03142432711320473 0.9995061338808694 0
    outer loop
      vertex 5.91883659362793 11.100591659545898 0
      vertex 5.899999618530273 11.09999942779541 2.799999237060547
      vertex 5.91883659362793 11.100591659545898 2.799999237060547
    endloop
  endfacet
  facet normal -0.03142432711320473 0.9995061338808694 0
    outer loop
      vertex 5.899999618530273 11.09999942779541 2.799999237060547
      vertex 5.91883659362793 11.100591659545898 0
      vertex 5.899999618530273 11.09999942779541 0
    endloop
  endfacet
  facet normal -0.8607572355819642 0.5090156985725443 0
    outer loop
      vertex 6.153298377990723 11.239251136779785 0
      vertex 6.162891387939453 11.255473136901855 2.799999237060547
      vertex 6.162891387939453 11.255473136901855 0
    endloop
  endfacet
  facet normal -0.8607572355819642 0.5090156985725443 0
    outer loop
      vertex 6.162891387939453 11.255473136901855 2.799999237060547
      vertex 6.153298377990723 11.239251136779785 0
      vertex 6.153298377990723 11.239251136779785 2.799999237060547
    endloop
  endfacet
  facet normal -0.5090378705197731 0.8607441236376201 0
    outer loop
      vertex 6.060747146606445 11.146700859069824 0
      vertex 6.044526100158691 11.137107849121094 2.799999237060547
      vertex 6.060747146606445 11.146700859069824 2.799999237060547
    endloop
  endfacet
  facet normal -0.5090378705197731 0.8607441236376201 0
    outer loop
      vertex 6.044526100158691 11.137107849121094 2.799999237060547
      vertex 6.060747146606445 11.146700859069824 0
      vertex 6.044526100158691 11.137107849121094 0
    endloop
  endfacet
  facet normal -0.3971415818131048 -0.9177573557291627 0
    outer loop
      vertex 6.01043701171875 11.678932189941406 0
      vertex 6.027732849121094 11.67144775390625 2.799999237060547
      vertex 6.01043701171875 11.678932189941406 2.799999237060547
    endloop
  endfacet
  facet normal -0.3971415818131048 -0.9177573557291627 0
    outer loop
      vertex 6.027732849121094 11.67144775390625 2.799999237060547
      vertex 6.01043701171875 11.678932189941406 0
      vertex 6.027732849121094 11.67144775390625 0
    endloop
  endfacet
  facet normal 0.9177653365366643 0.3971231383988389 0
    outer loop
      vertex -6.17144775390625 11.272265434265137 2.799999237060547
      vertex -6.178932189941406 11.289562225341797 0
      vertex -6.178932189941406 11.289562225341797 2.799999237060547
    endloop
  endfacet
  facet normal 0.9177653365366643 0.3971231383988389 0
    outer loop
      vertex -6.178932189941406 11.289562225341797 0
      vertex -6.17144775390625 11.272265434265137 2.799999237060547
      vertex -6.17144775390625 11.272265434265137 0
    endloop
  endfacet
  facet normal 0.9995061338808694 -0.03142432711320473 0
    outer loop
      vertex -6.199999809265137 11.399999618530273 2.799999237060547
      vertex -6.199407577514648 11.41883659362793 0
      vertex -6.199407577514648 11.41883659362793 2.799999237060547
    endloop
  endfacet
  facet normal 0.9995061338808694 -0.03142432711320473 0
    outer loop
      vertex -6.199407577514648 11.41883659362793 0
      vertex -6.199999809265137 11.399999618530273 2.799999237060547
      vertex -6.199999809265137 11.399999618530273 0
    endloop
  endfacet
  facet normal -0.5620816287937686 -0.8270817629306938 0
    outer loop
      vertex 6.060747146606445 11.653298377990723 0
      vertex 6.0763349533081055 11.642704963684082 2.799999237060547
      vertex 6.060747146606445 11.653298377990723 2.799999237060547
    endloop
  endfacet
  facet normal -0.5620816287937686 -0.8270817629306938 0
    outer loop
      vertex 6.0763349533081055 11.642704963684082 2.799999237060547
      vertex 6.060747146606445 11.653298377990723 0
      vertex 6.0763349533081055 11.642704963684082 0
    endloop
  endfacet
  facet normal 0.03142432711320473 0.9995061338808694 0
    outer loop
      vertex -5.899999618530273 11.09999942779541 0
      vertex -5.91883659362793 11.100591659545898 2.799999237060547
      vertex -5.899999618530273 11.09999942779541 2.799999237060547
    endloop
  endfacet
  facet normal 0.03142432711320473 0.9995061338808694 0
    outer loop
      vertex -5.91883659362793 11.100591659545898 2.799999237060547
      vertex -5.899999618530273 11.09999942779541 0
      vertex -5.91883659362793 11.100591659545898 0
    endloop
  endfacet
  facet normal -0.9995061338808694 -0.03142432711320473 0
    outer loop
      vertex 6.199999809265137 11.399999618530273 0
      vertex 6.199407577514648 11.41883659362793 2.799999237060547
      vertex 6.199407577514648 11.41883659362793 0
    endloop
  endfacet
  facet normal -0.9995061338808694 -0.03142432711320473 0
    outer loop
      vertex 6.199407577514648 11.41883659362793 2.799999237060547
      vertex 6.199999809265137 11.399999618530273 0
      vertex 6.199999809265137 11.399999618530273 2.799999237060547
    endloop
  endfacet
  facet normal 0.5620816287937686 -0.8270817629306938 0
    outer loop
      vertex -6.0763349533081055 11.642704963684082 0
      vertex -6.060747146606445 11.653298377990723 2.799999237060547
      vertex -6.0763349533081055 11.642704963684082 2.799999237060547
    endloop
  endfacet
  facet normal 0.5620816287937686 -0.8270817629306938 0
    outer loop
      vertex -6.060747146606445 11.653298377990723 2.799999237060547
      vertex -6.0763349533081055 11.642704963684082 0
      vertex -6.060747146606445 11.653298377990723 0
    endloop
  endfacet
  facet normal -0.21814653069828524 0.9759160266868775 0
    outer loop
      vertex 5.974606513977051 11.109424591064453 0
      vertex 5.95621395111084 11.105313301086426 2.799999237060547
      vertex 5.974606513977051 11.109424591064453 2.799999237060547
    endloop
  endfacet
  facet normal -0.21814653069828524 0.9759160266868775 0
    outer loop
      vertex 5.95621395111084 11.105313301086426 2.799999237060547
      vertex 5.974606513977051 11.109424591064453 0
      vertex 5.95621395111084 11.105313301086426 0
    endloop
  endfacet
  facet normal -0.15640949256927125 0.987692295522357 0
    outer loop
      vertex 5.95621395111084 11.105313301086426 0
      vertex 5.937599182128906 11.102365493774414 2.799999237060547
      vertex 5.95621395111084 11.105313301086426 2.799999237060547
    endloop
  endfacet
  facet normal -0.15640949256927125 0.987692295522357 0
    outer loop
      vertex 5.937599182128906 11.102365493774414 2.799999237060547
      vertex 5.95621395111084 11.105313301086426 0
      vertex 5.937599182128906 11.102365493774414 0
    endloop
  endfacet
  facet normal -0.9955607344645039 -0.09412132591765666 0
    outer loop
      vertex 6.199407577514648 11.41883659362793 0
      vertex 6.197633743286133 11.437599182128906 2.799999237060547
      vertex 6.197633743286133 11.437599182128906 0
    endloop
  endfacet
  facet normal -0.9955607344645039 -0.09412132591765666 0
    outer loop
      vertex 6.197633743286133 11.437599182128906 2.799999237060547
      vertex 6.199407577514648 11.41883659362793 0
      vertex 6.199407577514648 11.41883659362793 2.799999237060547
    endloop
  endfacet
  facet normal -0.9759160266868775 0.21814653069828524 0
    outer loop
      vertex 6.190574645996094 11.325392723083496 0
      vertex 6.194685935974121 11.343785285949707 2.799999237060547
      vertex 6.194685935974121 11.343785285949707 0
    endloop
  endfacet
  facet normal -0.9759160266868775 0.21814653069828524 0
    outer loop
      vertex 6.194685935974121 11.343785285949707 2.799999237060547
      vertex 6.190574645996094 11.325392723083496 0
      vertex 6.190574645996094 11.325392723083496 2.799999237060547
    endloop
  endfacet
  facet normal -0.15640949256927125 -0.987692295522357 0
    outer loop
      vertex 5.937599182128906 11.697633743286133 0
      vertex 5.95621395111084 11.694685935974121 2.799999237060547
      vertex 5.937599182128906 11.697633743286133 2.799999237060547
    endloop
  endfacet
  facet normal -0.15640949256927125 -0.987692295522357 0
    outer loop
      vertex 5.95621395111084 11.694685935974121 2.799999237060547
      vertex 5.937599182128906 11.697633743286133 0
      vertex 5.95621395111084 11.694685935974121 0
    endloop
  endfacet
  facet normal 0.7071067811865476 -0.7071067811865476 0
    outer loop
      vertex -6.118690490722656 11.605363845825195 2.799999237060547
      vertex -6.105363845825195 11.618690490722656 0
      vertex -6.105363845825195 11.618690490722656 2.799999237060547
    endloop
  endfacet
  facet normal 0.7071067811865476 -0.7071067811865476 0
    outer loop
      vertex -6.105363845825195 11.618690490722656 0
      vertex -6.118690490722656 11.605363845825195 2.799999237060547
      vertex -6.118690490722656 11.605363845825195 0
    endloop
  endfacet
  facet normal -0.8910113062938652 -0.4539811142068577 0
    outer loop
      vertex 6.17144775390625 11.527732849121094 0
      vertex 6.162891387939453 11.544526100158691 2.799999237060547
      vertex 6.162891387939453 11.544526100158691 0
    endloop
  endfacet
  facet normal -0.8910113062938652 -0.4539811142068577 0
    outer loop
      vertex 6.162891387939453 11.544526100158691 2.799999237060547
      vertex 6.17144775390625 11.527732849121094 0
      vertex 6.17144775390625 11.527732849121094 2.799999237060547
    endloop
  endfacet
  facet normal -0.7071067811865476 0.7071067811865476 0
    outer loop
      vertex 6.105363845825195 11.18130874633789 0
      vertex 6.118690490722656 11.194635391235352 2.799999237060547
      vertex 6.118690490722656 11.194635391235352 0
    endloop
  endfacet
  facet normal -0.7071067811865476 0.7071067811865476 0
    outer loop
      vertex 6.118690490722656 11.194635391235352 2.799999237060547
      vertex 6.105363845825195 11.18130874633789 0
      vertex 6.105363845825195 11.18130874633789 2.799999237060547
    endloop
  endfacet
  facet normal -0.7901362790005535 0.6129312038125971 0
    outer loop
      vertex 6.131153106689453 11.208772659301758 0
      vertex 6.142704963684082 11.223664283752441 2.799999237060547
      vertex 6.142704963684082 11.223664283752441 0
    endloop
  endfacet
  facet normal -0.7901362790005535 0.6129312038125971 0
    outer loop
      vertex 6.142704963684082 11.223664283752441 2.799999237060547
      vertex 6.131153106689453 11.208772659301758 0
      vertex 6.131153106689453 11.208772659301758 2.799999237060547
    endloop
  endfacet
  facet normal 0.15640949256927125 -0.987692295522357 0
    outer loop
      vertex -5.95621395111084 11.694685935974121 0
      vertex -5.937599182128906 11.697633743286133 2.799999237060547
      vertex -5.95621395111084 11.694685935974121 2.799999237060547
    endloop
  endfacet
  facet normal 0.15640949256927125 -0.987692295522357 0
    outer loop
      vertex -5.937599182128906 11.697633743286133 2.799999237060547
      vertex -5.95621395111084 11.694685935974121 0
      vertex -5.937599182128906 11.697633743286133 0
    endloop
  endfacet
  facet normal -0.9408848315934861 0.3387266356183068 0
    outer loop
      vertex 6.178932189941406 11.289562225341797 0
      vertex 6.18531608581543 11.307294845581055 2.799999237060547
      vertex 6.18531608581543 11.307294845581055 0
    endloop
  endfacet
  facet normal -0.9408848315934861 0.3387266356183068 0
    outer loop
      vertex 6.18531608581543 11.307294845581055 2.799999237060547
      vertex 6.178932189941406 11.289562225341797 0
      vertex 6.178932189941406 11.289562225341797 2.799999237060547
    endloop
  endfacet
  facet normal -0.9177573557291627 -0.3971415818131048 0
    outer loop
      vertex 6.178932189941406 11.51043701171875 0
      vertex 6.17144775390625 11.527732849121094 2.799999237060547
      vertex 6.17144775390625 11.527732849121094 0
    endloop
  endfacet
  facet normal -0.9177573557291627 -0.3971415818131048 0
    outer loop
      vertex 6.17144775390625 11.527732849121094 2.799999237060547
      vertex 6.178932189941406 11.51043701171875 0
      vertex 6.178932189941406 11.51043701171875 2.799999237060547
    endloop
  endfacet
  facet normal 0.5090378705197731 0.8607441236376201 0
    outer loop
      vertex -6.044526100158691 11.137107849121094 0
      vertex -6.060747146606445 11.146700859069824 2.799999237060547
      vertex -6.044526100158691 11.137107849121094 2.799999237060547
    endloop
  endfacet
  facet normal 0.5090378705197731 0.8607441236376201 0
    outer loop
      vertex -6.060747146606445 11.146700859069824 2.799999237060547
      vertex -6.044526100158691 11.137107849121094 0
      vertex -6.060747146606445 11.146700859069824 0
    endloop
  endfacet
  facet normal 0.8607441236376201 -0.5090378705197731 0
    outer loop
      vertex -6.162891387939453 11.544526100158691 2.799999237060547
      vertex -6.153298377990723 11.560747146606445 0
      vertex -6.153298377990723 11.560747146606445 2.799999237060547
    endloop
  endfacet
  facet normal 0.8607441236376201 -0.5090378705197731 0
    outer loop
      vertex -6.153298377990723 11.560747146606445 0
      vertex -6.162891387939453 11.544526100158691 2.799999237060547
      vertex -6.162891387939453 11.544526100158691 0
    endloop
  endfacet
  facet normal 0.5090378705197731 -0.8607441236376201 0
    outer loop
      vertex -6.060747146606445 11.653298377990723 0
      vertex -6.044526100158691 11.662891387939453 2.799999237060547
      vertex -6.060747146606445 11.653298377990723 2.799999237060547
    endloop
  endfacet
  facet normal 0.5090378705197731 -0.8607441236376201 0
    outer loop
      vertex -6.044526100158691 11.662891387939453 2.799999237060547
      vertex -6.060747146606445 11.653298377990723 0
      vertex -6.044526100158691 11.662891387939453 0
    endloop
  endfacet
  facet normal -0.8270657750990594 0.5621051535609614 0
    outer loop
      vertex 6.142704963684082 11.223664283752441 0
      vertex 6.153298377990723 11.239251136779785 2.799999237060547
      vertex 6.153298377990723 11.239251136779785 0
    endloop
  endfacet
  facet normal -0.8270657750990594 0.5621051535609614 0
    outer loop
      vertex 6.153298377990723 11.239251136779785 2.799999237060547
      vertex 6.142704963684082 11.223664283752441 0
      vertex 6.142704963684082 11.223664283752441 2.799999237060547
    endloop
  endfacet
  facet normal 0.7071067811865476 0.7071067811865476 0
    outer loop
      vertex -6.105363845825195 11.18130874633789 2.799999237060547
      vertex -6.118690490722656 11.194635391235352 0
      vertex -6.118690490722656 11.194635391235352 2.799999237060547
    endloop
  endfacet
  facet normal 0.7071067811865476 0.7071067811865476 0
    outer loop
      vertex -6.118690490722656 11.194635391235352 0
      vertex -6.105363845825195 11.18130874633789 2.799999237060547
      vertex -6.105363845825195 11.18130874633789 0
    endloop
  endfacet
  facet normal -0.8607441236376201 -0.5090378705197731 0
    outer loop
      vertex 6.162891387939453 11.544526100158691 0
      vertex 6.153298377990723 11.560747146606445 2.799999237060547
      vertex 6.153298377990723 11.560747146606445 0
    endloop
  endfacet
  facet normal -0.8607441236376201 -0.5090378705197731 0
    outer loop
      vertex 6.153298377990723 11.560747146606445 2.799999237060547
      vertex 6.162891387939453 11.544526100158691 0
      vertex 6.162891387939453 11.544526100158691 2.799999237060547
    endloop
  endfacet
  facet normal 0.9602845769652638 -0.2790224565203386 0
    outer loop
      vertex -6.190574645996094 11.47460651397705 2.799999237060547
      vertex -6.18531608581543 11.492704391479492 0
      vertex -6.18531608581543 11.492704391479492 2.799999237060547
    endloop
  endfacet
  facet normal 0.9602845769652638 -0.2790224565203386 0
    outer loop
      vertex -6.18531608581543 11.492704391479492 0
      vertex -6.190574645996094 11.47460651397705 2.799999237060547
      vertex -6.190574645996094 11.47460651397705 0
    endloop
  endfacet
  facet normal -0.9177653365366643 0.3971231383988389 0
    outer loop
      vertex 6.17144775390625 11.272265434265137 0
      vertex 6.178932189941406 11.289562225341797 2.799999237060547
      vertex 6.178932189941406 11.289562225341797 0
    endloop
  endfacet
  facet normal -0.9177653365366643 0.3971231383988389 0
    outer loop
      vertex 6.178932189941406 11.289562225341797 2.799999237060547
      vertex 6.17144775390625 11.272265434265137 0
      vertex 6.17144775390625 11.272265434265137 2.799999237060547
    endloop
  endfacet
  facet normal -0.8910008770345684 0.45400158273251634 0
    outer loop
      vertex 6.162891387939453 11.255473136901855 0
      vertex 6.17144775390625 11.272265434265137 2.799999237060547
      vertex 6.17144775390625 11.272265434265137 0
    endloop
  endfacet
  facet normal -0.8910008770345684 0.45400158273251634 0
    outer loop
      vertex 6.17144775390625 11.272265434265137 2.799999237060547
      vertex 6.162891387939453 11.255473136901855 0
      vertex 6.162891387939453 11.255473136901855 2.799999237060547
    endloop
  endfacet
  facet normal 0.9955607344645039 -0.09412132591765666 0
    outer loop
      vertex -6.199407577514648 11.41883659362793 2.799999237060547
      vertex -6.197633743286133 11.437599182128906 0
      vertex -6.197633743286133 11.437599182128906 2.799999237060547
    endloop
  endfacet
  facet normal 0.9955607344645039 -0.09412132591765666 0
    outer loop
      vertex -6.197633743286133 11.437599182128906 0
      vertex -6.199407577514648 11.41883659362793 2.799999237060547
      vertex -6.199407577514648 11.41883659362793 0
    endloop
  endfacet
  facet normal 0.3387266356183068 -0.9408848315934861 0
    outer loop
      vertex -6.01043701171875 11.678932189941406 0
      vertex -5.992704391479492 11.68531608581543 2.799999237060547
      vertex -6.01043701171875 11.678932189941406 2.799999237060547
    endloop
  endfacet
  facet normal 0.3387266356183068 -0.9408848315934861 0
    outer loop
      vertex -5.992704391479492 11.68531608581543 2.799999237060547
      vertex -6.01043701171875 11.678932189941406 0
      vertex -5.992704391479492 11.68531608581543 0
    endloop
  endfacet
  facet normal -0.5090378705197731 -0.8607441236376201 0
    outer loop
      vertex 6.044526100158691 11.662891387939453 0
      vertex 6.060747146606445 11.653298377990723 2.799999237060547
      vertex 6.044526100158691 11.662891387939453 2.799999237060547
    endloop
  endfacet
  facet normal -0.5090378705197731 -0.8607441236376201 0
    outer loop
      vertex 6.060747146606445 11.653298377990723 2.799999237060547
      vertex 6.044526100158691 11.662891387939453 0
      vertex 6.060747146606445 11.653298377990723 0
    endloop
  endfacet
  facet normal 0.9759160266868775 -0.21814653069828524 0
    outer loop
      vertex -6.194685935974121 11.45621395111084 2.799999237060547
      vertex -6.190574645996094 11.47460651397705 0
      vertex -6.190574645996094 11.47460651397705 2.799999237060547
    endloop
  endfacet
  facet normal 0.9759160266868775 -0.21814653069828524 0
    outer loop
      vertex -6.190574645996094 11.47460651397705 0
      vertex -6.194685935974121 11.45621395111084 2.799999237060547
      vertex -6.194685935974121 11.45621395111084 0
    endloop
  endfacet
  facet normal 0.21814653069828524 -0.9759160266868775 0
    outer loop
      vertex -5.974606513977051 11.690574645996094 0
      vertex -5.95621395111084 11.694685935974121 2.799999237060547
      vertex -5.974606513977051 11.690574645996094 2.799999237060547
    endloop
  endfacet
  facet normal 0.21814653069828524 -0.9759160266868775 0
    outer loop
      vertex -5.95621395111084 11.694685935974121 2.799999237060547
      vertex -5.974606513977051 11.690574645996094 0
      vertex -5.95621395111084 11.694685935974121 0
    endloop
  endfacet
  facet normal -0.987692295522357 -0.15640949256927125 0
    outer loop
      vertex 6.197633743286133 11.437599182128906 0
      vertex 6.194685935974121 11.45621395111084 2.799999237060547
      vertex 6.194685935974121 11.45621395111084 0
    endloop
  endfacet
  facet normal -0.987692295522357 -0.15640949256927125 0
    outer loop
      vertex 6.194685935974121 11.45621395111084 2.799999237060547
      vertex 6.197633743286133 11.437599182128906 0
      vertex 6.197633743286133 11.437599182128906 2.799999237060547
    endloop
  endfacet
  facet normal -0.9995061338808694 0.03142432711320473 0
    outer loop
      vertex 6.199407577514648 11.381162643432617 0
      vertex 6.199999809265137 11.399999618530273 2.799999237060547
      vertex 6.199999809265137 11.399999618530273 0
    endloop
  endfacet
  facet normal -0.9995061338808694 0.03142432711320473 0
    outer loop
      vertex 6.199999809265137 11.399999618530273 2.799999237060547
      vertex 6.199407577514648 11.381162643432617 0
      vertex 6.199407577514648 11.381162643432617 2.799999237060547
    endloop
  endfacet
  facet normal -0.7901362790005535 -0.6129312038125971 0
    outer loop
      vertex 6.142704963684082 11.576334953308105 0
      vertex 6.131153106689453 11.591226577758789 2.799999237060547
      vertex 6.131153106689453 11.591226577758789 0
    endloop
  endfacet
  facet normal -0.7901362790005535 -0.6129312038125971 0
    outer loop
      vertex 6.131153106689453 11.591226577758789 2.799999237060547
      vertex 6.142704963684082 11.576334953308105 0
      vertex 6.142704963684082 11.576334953308105 2.799999237060547
    endloop
  endfacet
  facet normal 0.8607572355819642 0.5090156985725443 0
    outer loop
      vertex -6.153298377990723 11.239251136779785 2.799999237060547
      vertex -6.162891387939453 11.255473136901855 0
      vertex -6.162891387939453 11.255473136901855 2.799999237060547
    endloop
  endfacet
  facet normal 0.8607572355819642 0.5090156985725443 0
    outer loop
      vertex -6.162891387939453 11.255473136901855 0
      vertex -6.153298377990723 11.239251136779785 2.799999237060547
      vertex -6.153298377990723 11.239251136779785 0
    endloop
  endfacet
  facet normal 0.33877143019208855 0.9408687039569372 0
    outer loop
      vertex -5.992704391479492 11.1146821975708 0
      vertex -6.01043701171875 11.12106704711914 2.799999237060547
      vertex -5.992704391479492 11.1146821975708 2.799999237060547
    endloop
  endfacet
  facet normal 0.33877143019208855 0.9408687039569372 0
    outer loop
      vertex -6.01043701171875 11.12106704711914 2.799999237060547
      vertex -5.992704391479492 11.1146821975708 0
      vertex -6.01043701171875 11.12106704711914 0
    endloop
  endfacet
  facet normal 0.7901362790005535 0.6129312038125971 0
    outer loop
      vertex -6.131153106689453 11.208772659301758 2.799999237060547
      vertex -6.142704963684082 11.223664283752441 0
      vertex -6.142704963684082 11.223664283752441 2.799999237060547
    endloop
  endfacet
  facet normal 0.7901362790005535 0.6129312038125971 0
    outer loop
      vertex -6.142704963684082 11.223664283752441 0
      vertex -6.131153106689453 11.208772659301758 2.799999237060547
      vertex -6.131153106689453 11.208772659301758 0
    endloop
  endfacet
  facet normal -0.2790224565203386 -0.9602845769652638 0
    outer loop
      vertex 5.974606513977051 11.690574645996094 0
      vertex 5.992704391479492 11.68531608581543 2.799999237060547
      vertex 5.974606513977051 11.690574645996094 2.799999237060547
    endloop
  endfacet
  facet normal -0.2790224565203386 -0.9602845769652638 0
    outer loop
      vertex 5.992704391479492 11.68531608581543 2.799999237060547
      vertex 5.974606513977051 11.690574645996094 0
      vertex 5.992704391479492 11.68531608581543 0
    endloop
  endfacet
  facet normal 0.5620816287937686 0.8270817629306938 0
    outer loop
      vertex -6.060747146606445 11.146700859069824 0
      vertex -6.0763349533081055 11.157294273376465 2.799999237060547
      vertex -6.060747146606445 11.146700859069824 2.799999237060547
    endloop
  endfacet
  facet normal 0.5620816287937686 0.8270817629306938 0
    outer loop
      vertex -6.0763349533081055 11.157294273376465 2.799999237060547
      vertex -6.060747146606445 11.146700859069824 0
      vertex -6.0763349533081055 11.157294273376465 0
    endloop
  endfacet
  facet normal -0.6612801458526502 -0.7501390329139643 0
    outer loop
      vertex 6.091226577758789 11.631153106689453 0
      vertex 6.105363845825195 11.618690490722656 2.799999237060547
      vertex 6.091226577758789 11.631153106689453 2.799999237060547
    endloop
  endfacet
  facet normal -0.6612801458526502 -0.7501390329139643 0
    outer loop
      vertex 6.105363845825195 11.618690490722656 2.799999237060547
      vertex 6.091226577758789 11.631153106689453 0
      vertex 6.105363845825195 11.618690490722656 0
    endloop
  endfacet
  facet normal 0.9995061338808694 0.03142432711320473 0
    outer loop
      vertex -6.199407577514648 11.381162643432617 2.799999237060547
      vertex -6.199999809265137 11.399999618530273 0
      vertex -6.199999809265137 11.399999618530273 2.799999237060547
    endloop
  endfacet
  facet normal 0.9995061338808694 0.03142432711320473 0
    outer loop
      vertex -6.199999809265137 11.399999618530273 0
      vertex -6.199407577514648 11.381162643432617 2.799999237060547
      vertex -6.199407577514648 11.381162643432617 0
    endloop
  endfacet
  facet normal 0.4539811142068577 -0.8910113062938652 0
    outer loop
      vertex -6.044526100158691 11.662891387939453 0
      vertex -6.027732849121094 11.67144775390625 2.799999237060547
      vertex -6.044526100158691 11.662891387939453 2.799999237060547
    endloop
  endfacet
  facet normal 0.4539811142068577 -0.8910113062938652 0
    outer loop
      vertex -6.027732849121094 11.67144775390625 2.799999237060547
      vertex -6.044526100158691 11.662891387939453 0
      vertex -6.027732849121094 11.67144775390625 0
    endloop
  endfacet
  facet normal 0.987692295522357 -0.15640949256927125 0
    outer loop
      vertex -6.197633743286133 11.437599182128906 2.799999237060547
      vertex -6.194685935974121 11.45621395111084 0
      vertex -6.194685935974121 11.45621395111084 2.799999237060547
    endloop
  endfacet
  facet normal 0.987692295522357 -0.15640949256927125 0
    outer loop
      vertex -6.194685935974121 11.45621395111084 0
      vertex -6.197633743286133 11.437599182128906 2.799999237060547
      vertex -6.197633743286133 11.437599182128906 0
    endloop
  endfacet
  facet normal -0.8270817629306938 -0.5620816287937686 0
    outer loop
      vertex 6.153298377990723 11.560747146606445 0
      vertex 6.142704963684082 11.576334953308105 2.799999237060547
      vertex 6.142704963684082 11.576334953308105 0
    endloop
  endfacet
  facet normal -0.8270817629306938 -0.5620816287937686 0
    outer loop
      vertex 6.142704963684082 11.576334953308105 2.799999237060547
      vertex 6.153298377990723 11.560747146606445 0
      vertex 6.153298377990723 11.560747146606445 2.799999237060547
    endloop
  endfacet
  facet normal 0.09412132591765666 0.9955607344645039 0
    outer loop
      vertex -5.91883659362793 11.100591659545898 0
      vertex -5.937599182128906 11.102365493774414 2.799999237060547
      vertex -5.91883659362793 11.100591659545898 2.799999237060547
    endloop
  endfacet
  facet normal 0.09412132591765666 0.9955607344645039 0
    outer loop
      vertex -5.937599182128906 11.102365493774414 2.799999237060547
      vertex -5.91883659362793 11.100591659545898 0
      vertex -5.937599182128906 11.102365493774414 0
    endloop
  endfacet
  facet normal 0.03142432711320473 -0.9995061338808694 0
    outer loop
      vertex -5.91883659362793 11.699407577514648 2.799999237060547
      vertex -5.899999618530273 11.699999809265137 2.59999942779541
      vertex -5.899999618530273 11.699999809265137 2.799999237060547
    endloop
  endfacet
  facet normal 0.03142432711320473 -0.9995061338808694 0
    outer loop
      vertex -5.91883659362793 11.699407577514648 2.799999237060547
      vertex -5.899999618530273 11.699999809265137 2.1999998092651367
      vertex -5.899999618530273 11.699999809265137 2.59999942779541
    endloop
  endfacet
  facet normal 0.03142432711320473 -0.9995061338808694 0
    outer loop
      vertex -5.91883659362793 11.699407577514648 0
      vertex -5.899999618530273 11.699999809265137 2.1999998092651367
      vertex -5.91883659362793 11.699407577514648 2.799999237060547
    endloop
  endfacet
  facet normal 0.03142432711320473 -0.9995061338808693 0
    outer loop
      vertex -5.899999618530273 11.699999809265137 2.1999998092651367
      vertex -5.91883659362793 11.699407577514648 0
      vertex -5.899999618530273 11.699999809265137 0
    endloop
  endfacet
  facet normal 0.6613086191712378 0.750113931486298 0
    outer loop
      vertex -6.091226577758789 11.168845176696777 0
      vertex -6.105363845825195 11.18130874633789 2.799999237060547
      vertex -6.091226577758789 11.168845176696777 2.799999237060547
    endloop
  endfacet
  facet normal 0.6613086191712378 0.750113931486298 0
    outer loop
      vertex -6.105363845825195 11.18130874633789 2.799999237060547
      vertex -6.091226577758789 11.168845176696777 0
      vertex -6.105363845825195 11.18130874633789 0
    endloop
  endfacet
  facet normal 0.8270657750990594 0.5621051535609614 0
    outer loop
      vertex -6.142704963684082 11.223664283752441 2.799999237060547
      vertex -6.153298377990723 11.239251136779785 0
      vertex -6.153298377990723 11.239251136779785 2.799999237060547
    endloop
  endfacet
  facet normal 0.8270657750990594 0.5621051535609614 0
    outer loop
      vertex -6.153298377990723 11.239251136779785 0
      vertex -6.142704963684082 11.223664283752441 2.799999237060547
      vertex -6.142704963684082 11.223664283752441 0
    endloop
  endfacet
  facet normal 0.3971415818131048 -0.9177573557291627 0
    outer loop
      vertex -6.027732849121094 11.67144775390625 0
      vertex -6.01043701171875 11.678932189941406 2.799999237060547
      vertex -6.027732849121094 11.67144775390625 2.799999237060547
    endloop
  endfacet
  facet normal 0.3971415818131048 -0.9177573557291627 0
    outer loop
      vertex -6.01043701171875 11.678932189941406 2.799999237060547
      vertex -6.027732849121094 11.67144775390625 0
      vertex -6.01043701171875 11.678932189941406 0
    endloop
  endfacet
  facet normal -0.09412132591765666 0.9955607344645039 0
    outer loop
      vertex 5.937599182128906 11.102365493774414 0
      vertex 5.91883659362793 11.100591659545898 2.799999237060547
      vertex 5.937599182128906 11.102365493774414 2.799999237060547
    endloop
  endfacet
  facet normal -0.09412132591765666 0.9955607344645039 0
    outer loop
      vertex 5.91883659362793 11.100591659545898 2.799999237060547
      vertex 5.937599182128906 11.102365493774414 0
      vertex 5.91883659362793 11.100591659545898 0
    endloop
  endfacet
  facet normal -0.33877143019208855 0.9408687039569372 0
    outer loop
      vertex 6.01043701171875 11.12106704711914 0
      vertex 5.992704391479492 11.1146821975708 2.799999237060547
      vertex 6.01043701171875 11.12106704711914 2.799999237060547
    endloop
  endfacet
  facet normal -0.33877143019208855 0.9408687039569372 0
    outer loop
      vertex 5.992704391479492 11.1146821975708 2.799999237060547
      vertex 6.01043701171875 11.12106704711914 0
      vertex 5.992704391479492 11.1146821975708 0
    endloop
  endfacet
  facet normal 0.8270817629306938 -0.5620816287937686 0
    outer loop
      vertex -6.153298377990723 11.560747146606445 2.799999237060547
      vertex -6.142704963684082 11.576334953308105 0
      vertex -6.142704963684082 11.576334953308105 2.799999237060547
    endloop
  endfacet
  facet normal 0.8270817629306938 -0.5620816287937686 0
    outer loop
      vertex -6.142704963684082 11.576334953308105 0
      vertex -6.153298377990723 11.560747146606445 2.799999237060547
      vertex -6.153298377990723 11.560747146606445 0
    endloop
  endfacet
  facet normal -0.6613086191712378 0.750113931486298 0
    outer loop
      vertex 6.105363845825195 11.18130874633789 0
      vertex 6.091226577758789 11.168845176696777 2.799999237060547
      vertex 6.105363845825195 11.18130874633789 2.799999237060547
    endloop
  endfacet
  facet normal -0.6613086191712378 0.750113931486298 0
    outer loop
      vertex 6.091226577758789 11.168845176696777 2.799999237060547
      vertex 6.105363845825195 11.18130874633789 0
      vertex 6.091226577758789 11.168845176696777 0
    endloop
  endfacet
  facet normal -0.7501390329139643 0.6612801458526502 0
    outer loop
      vertex 6.118690490722656 11.194635391235352 0
      vertex 6.131153106689453 11.208772659301758 2.799999237060547
      vertex 6.131153106689453 11.208772659301758 0
    endloop
  endfacet
  facet normal -0.7501390329139643 0.6612801458526502 0
    outer loop
      vertex 6.131153106689453 11.208772659301758 2.799999237060547
      vertex 6.118690490722656 11.194635391235352 0
      vertex 6.118690490722656 11.194635391235352 2.799999237060547
    endloop
  endfacet
  facet normal -0.7071067811865476 -0.7071067811865476 0
    outer loop
      vertex 6.118690490722656 11.605363845825195 0
      vertex 6.105363845825195 11.618690490722656 2.799999237060547
      vertex 6.105363845825195 11.618690490722656 0
    endloop
  endfacet
  facet normal -0.7071067811865476 -0.7071067811865476 0
    outer loop
      vertex 6.105363845825195 11.618690490722656 2.799999237060547
      vertex 6.118690490722656 11.605363845825195 0
      vertex 6.118690490722656 11.605363845825195 2.799999237060547
    endloop
  endfacet
  facet normal 0.6612801458526502 -0.7501390329139643 0
    outer loop
      vertex -6.105363845825195 11.618690490722656 0
      vertex -6.091226577758789 11.631153106689453 2.799999237060547
      vertex -6.105363845825195 11.618690490722656 2.799999237060547
    endloop
  endfacet
  facet normal 0.6612801458526502 -0.7501390329139643 0
    outer loop
      vertex -6.091226577758789 11.631153106689453 2.799999237060547
      vertex -6.105363845825195 11.618690490722656 0
      vertex -6.091226577758789 11.631153106689453 0
    endloop
  endfacet
  facet normal -0.9759160266868775 -0.21814653069828524 0
    outer loop
      vertex 6.194685935974121 11.45621395111084 0
      vertex 6.190574645996094 11.47460651397705 2.799999237060547
      vertex 6.190574645996094 11.47460651397705 0
    endloop
  endfacet
  facet normal -0.9759160266868775 -0.21814653069828524 0
    outer loop
      vertex 6.190574645996094 11.47460651397705 2.799999237060547
      vertex 6.194685935974121 11.45621395111084 0
      vertex 6.194685935974121 11.45621395111084 2.799999237060547
    endloop
  endfacet
  facet normal 0.7901362790005535 -0.6129312038125971 0
    outer loop
      vertex -6.142704963684082 11.576334953308105 2.799999237060547
      vertex -6.131153106689453 11.591226577758789 0
      vertex -6.131153106689453 11.591226577758789 2.799999237060547
    endloop
  endfacet
  facet normal 0.7901362790005535 -0.6129312038125971 0
    outer loop
      vertex -6.131153106689453 11.591226577758789 0
      vertex -6.142704963684082 11.576334953308105 2.799999237060547
      vertex -6.142704963684082 11.576334953308105 0
    endloop
  endfacet
  facet normal 0.7501390329139643 -0.6612801458526502 0
    outer loop
      vertex -6.131153106689453 11.591226577758789 2.799999237060547
      vertex -6.118690490722656 11.605363845825195 0
      vertex -6.118690490722656 11.605363845825195 2.799999237060547
    endloop
  endfacet
  facet normal 0.7501390329139643 -0.6612801458526502 0
    outer loop
      vertex -6.118690490722656 11.605363845825195 0
      vertex -6.131153106689453 11.591226577758789 2.799999237060547
      vertex -6.131153106689453 11.591226577758789 0
    endloop
  endfacet
  facet normal -0.9602845769652638 -0.2790224565203386 0
    outer loop
      vertex 6.190574645996094 11.47460651397705 0
      vertex 6.18531608581543 11.492704391479492 2.799999237060547
      vertex 6.18531608581543 11.492704391479492 0
    endloop
  endfacet
  facet normal -0.9602845769652638 -0.2790224565203386 0
    outer loop
      vertex 6.18531608581543 11.492704391479492 2.799999237060547
      vertex 6.190574645996094 11.47460651397705 0
      vertex 6.190574645996094 11.47460651397705 2.799999237060547
    endloop
  endfacet
  facet normal -0.09412132591765666 -0.9955607344645039 0
    outer loop
      vertex 5.91883659362793 11.699407577514648 0
      vertex 5.937599182128906 11.697633743286133 2.799999237060547
      vertex 5.91883659362793 11.699407577514648 2.799999237060547
    endloop
  endfacet
  facet normal -0.09412132591765666 -0.9955607344645039 0
    outer loop
      vertex 5.937599182128906 11.697633743286133 2.799999237060547
      vertex 5.91883659362793 11.699407577514648 0
      vertex 5.937599182128906 11.697633743286133 0
    endloop
  endfacet
  facet normal -0.7501390329139643 -0.6612801458526502 0
    outer loop
      vertex 6.131153106689453 11.591226577758789 0
      vertex 6.118690490722656 11.605363845825195 2.799999237060547
      vertex 6.118690490722656 11.605363845825195 0
    endloop
  endfacet
  facet normal -0.7501390329139643 -0.6612801458526502 0
    outer loop
      vertex 6.118690490722656 11.605363845825195 2.799999237060547
      vertex 6.131153106689453 11.591226577758789 0
      vertex 6.131153106689453 11.591226577758789 2.799999237060547
    endloop
  endfacet
  facet normal -0.4539811142068577 0.8910113062938652 0
    outer loop
      vertex 6.044526100158691 11.137107849121094 0
      vertex 6.027732849121094 11.128551483154297 2.799999237060547
      vertex 6.044526100158691 11.137107849121094 2.799999237060547
    endloop
  endfacet
  facet normal -0.4539811142068577 0.8910113062938652 0
    outer loop
      vertex 6.027732849121094 11.128551483154297 2.799999237060547
      vertex 6.044526100158691 11.137107849121094 0
      vertex 6.027732849121094 11.128551483154297 0
    endloop
  endfacet
  facet normal 0.9177573557291627 -0.3971415818131048 0
    outer loop
      vertex -6.178932189941406 11.51043701171875 2.799999237060547
      vertex -6.17144775390625 11.527732849121094 0
      vertex -6.17144775390625 11.527732849121094 2.799999237060547
    endloop
  endfacet
  facet normal 0.9177573557291627 -0.3971415818131048 0
    outer loop
      vertex -6.17144775390625 11.527732849121094 0
      vertex -6.178932189941406 11.51043701171875 2.799999237060547
      vertex -6.178932189941406 11.51043701171875 0
    endloop
  endfacet
  facet normal -0.9876910575159983 0.15641731011281643 0
    outer loop
      vertex 6.194685935974121 11.343785285949707 0
      vertex 6.197633743286133 11.362399101257324 2.799999237060547
      vertex 6.197633743286133 11.362399101257324 0
    endloop
  endfacet
  facet normal -0.9876910575159983 0.15641731011281643 0
    outer loop
      vertex 6.197633743286133 11.362399101257324 2.799999237060547
      vertex 6.194685935974121 11.343785285949707 0
      vertex 6.194685935974121 11.343785285949707 2.799999237060547
    endloop
  endfacet
  facet normal -0.9602845769652638 0.2790224565203386 0
    outer loop
      vertex 6.18531608581543 11.307294845581055 0
      vertex 6.190574645996094 11.325392723083496 2.799999237060547
      vertex 6.190574645996094 11.325392723083496 0
    endloop
  endfacet
  facet normal -0.9602845769652638 0.2790224565203386 0
    outer loop
      vertex 6.190574645996094 11.325392723083496 2.799999237060547
      vertex 6.18531608581543 11.307294845581055 0
      vertex 6.18531608581543 11.307294845581055 2.799999237060547
    endloop
  endfacet
  facet normal -0.21814653069828524 -0.9759160266868775 0
    outer loop
      vertex 5.95621395111084 11.694685935974121 0
      vertex 5.974606513977051 11.690574645996094 2.799999237060547
      vertex 5.95621395111084 11.694685935974121 2.799999237060547
    endloop
  endfacet
  facet normal -0.21814653069828524 -0.9759160266868775 0
    outer loop
      vertex 5.974606513977051 11.690574645996094 2.799999237060547
      vertex 5.95621395111084 11.694685935974121 0
      vertex 5.974606513977051 11.690574645996094 0
    endloop
  endfacet
  facet normal -0.9955611827124909 0.09411658449022786 0
    outer loop
      vertex 6.197633743286133 11.362399101257324 0
      vertex 6.199407577514648 11.381162643432617 2.799999237060547
      vertex 6.199407577514648 11.381162643432617 0
    endloop
  endfacet
  facet normal -0.9955611827124909 0.09411658449022786 0
    outer loop
      vertex 6.199407577514648 11.381162643432617 2.799999237060547
      vertex 6.197633743286133 11.362399101257324 0
      vertex 6.197633743286133 11.362399101257324 2.799999237060547
    endloop
  endfacet
  facet normal -0.6129312038125971 -0.7901362790005535 0
    outer loop
      vertex 6.0763349533081055 11.642704963684082 0
      vertex 6.091226577758789 11.631153106689453 2.799999237060547
      vertex 6.0763349533081055 11.642704963684082 2.799999237060547
    endloop
  endfacet
  facet normal -0.6129312038125971 -0.7901362790005535 0
    outer loop
      vertex 6.091226577758789 11.631153106689453 2.799999237060547
      vertex 6.0763349533081055 11.642704963684082 0
      vertex 6.091226577758789 11.631153106689453 0
    endloop
  endfacet
  facet normal -0.03142432711320473 -0.9995061338808694 0
    outer loop
      vertex 5.899999618530273 11.699999809265137 2.59999942779541
      vertex 5.91883659362793 11.699407577514648 2.799999237060547
      vertex 5.899999618530273 11.699999809265137 2.799999237060547
    endloop
  endfacet
  facet normal -0.03142432711320473 -0.9995061338808694 0
    outer loop
      vertex 5.899999618530273 11.699999809265137 2.1999998092651367
      vertex 5.91883659362793 11.699407577514648 2.799999237060547
      vertex 5.899999618530273 11.699999809265137 2.59999942779541
    endloop
  endfacet
  facet normal -0.03142432711320473 -0.9995061338808693 0
    outer loop
      vertex 5.91883659362793 11.699407577514648 0
      vertex 5.899999618530273 11.699999809265137 2.1999998092651367
      vertex 5.899999618530273 11.699999809265137 0
    endloop
  endfacet
  facet normal -0.03142432711320473 -0.9995061338808694 0
    outer loop
      vertex 5.899999618530273 11.699999809265137 2.1999998092651367
      vertex 5.91883659362793 11.699407577514648 0
      vertex 5.91883659362793 11.699407577514648 2.799999237060547
    endloop
  endfacet
  facet normal 0.4539811142068577 0.8910113062938652 0
    outer loop
      vertex -6.027732849121094 11.128551483154297 0
      vertex -6.044526100158691 11.137107849121094 2.799999237060547
      vertex -6.027732849121094 11.128551483154297 2.799999237060547
    endloop
  endfacet
  facet normal 0.4539811142068577 0.8910113062938652 0
    outer loop
      vertex -6.044526100158691 11.137107849121094 2.799999237060547
      vertex -6.027732849121094 11.128551483154297 0
      vertex -6.044526100158691 11.137107849121094 0
    endloop
  endfacet
  facet normal 0.9759160266868775 0.21814653069828524 0
    outer loop
      vertex -6.190574645996094 11.325392723083496 2.799999237060547
      vertex -6.194685935974121 11.343785285949707 0
      vertex -6.194685935974121 11.343785285949707 2.799999237060547
    endloop
  endfacet
  facet normal 0.9759160266868775 0.21814653069828524 0
    outer loop
      vertex -6.194685935974121 11.343785285949707 0
      vertex -6.190574645996094 11.325392723083496 2.799999237060547
      vertex -6.190574645996094 11.325392723083496 0
    endloop
  endfacet
  facet normal 0.21814653069828524 0.9759160266868775 0
    outer loop
      vertex -5.95621395111084 11.105313301086426 0
      vertex -5.974606513977051 11.109424591064453 2.799999237060547
      vertex -5.95621395111084 11.105313301086426 2.799999237060547
    endloop
  endfacet
  facet normal 0.21814653069828524 0.9759160266868775 0
    outer loop
      vertex -5.974606513977051 11.109424591064453 2.799999237060547
      vertex -5.95621395111084 11.105313301086426 0
      vertex -5.974606513977051 11.109424591064453 0
    endloop
  endfacet
  facet normal 0.3971415818131048 0.9177573557291627 0
    outer loop
      vertex -6.01043701171875 11.12106704711914 0
      vertex -6.027732849121094 11.128551483154297 2.799999237060547
      vertex -6.01043701171875 11.12106704711914 2.799999237060547
    endloop
  endfacet
  facet normal 0.3971415818131048 0.9177573557291627 0
    outer loop
      vertex -6.027732849121094 11.128551483154297 2.799999237060547
      vertex -6.01043701171875 11.12106704711914 0
      vertex -6.027732849121094 11.128551483154297 0
    endloop
  endfacet
  facet normal -0.9408848315934861 -0.3387266356183068 0
    outer loop
      vertex 6.18531608581543 11.492704391479492 0
      vertex 6.178932189941406 11.51043701171875 2.799999237060547
      vertex 6.178932189941406 11.51043701171875 0
    endloop
  endfacet
  facet normal -0.9408848315934861 -0.3387266356183068 0
    outer loop
      vertex 6.178932189941406 11.51043701171875 2.799999237060547
      vertex 6.18531608581543 11.492704391479492 0
      vertex 6.18531608581543 11.492704391479492 2.799999237060547
    endloop
  endfacet
  facet normal -0.3971415818131048 0.9177573557291627 0
    outer loop
      vertex 6.027732849121094 11.128551483154297 0
      vertex 6.01043701171875 11.12106704711914 2.799999237060547
      vertex 6.027732849121094 11.128551483154297 2.799999237060547
    endloop
  endfacet
  facet normal -0.3971415818131048 0.9177573557291627 0
    outer loop
      vertex 6.01043701171875 11.12106704711914 2.799999237060547
      vertex 6.027732849121094 11.128551483154297 0
      vertex 6.01043701171875 11.12106704711914 0
    endloop
  endfacet
  facet normal 0.15640949256927125 0.987692295522357 0
    outer loop
      vertex -5.937599182128906 11.102365493774414 0
      vertex -5.95621395111084 11.105313301086426 2.799999237060547
      vertex -5.937599182128906 11.102365493774414 2.799999237060547
    endloop
  endfacet
  facet normal 0.15640949256927125 0.987692295522357 0
    outer loop
      vertex -5.95621395111084 11.105313301086426 2.799999237060547
      vertex -5.937599182128906 11.102365493774414 0
      vertex -5.95621395111084 11.105313301086426 0
    endloop
  endfacet
  facet normal 0.9955611827124909 0.09411658449022786 0
    outer loop
      vertex -6.197633743286133 11.362399101257324 2.799999237060547
      vertex -6.199407577514648 11.381162643432617 0
      vertex -6.199407577514648 11.381162643432617 2.799999237060547
    endloop
  endfacet
  facet normal 0.9955611827124909 0.09411658449022786 0
    outer loop
      vertex -6.199407577514648 11.381162643432617 0
      vertex -6.197633743286133 11.362399101257324 2.799999237060547
      vertex -6.197633743286133 11.362399101257324 0
    endloop
  endfacet
  facet normal 0.9408848315934861 0.3387266356183068 0
    outer loop
      vertex -6.178932189941406 11.289562225341797 2.799999237060547
      vertex -6.18531608581543 11.307294845581055 0
      vertex -6.18531608581543 11.307294845581055 2.799999237060547
    endloop
  endfacet
  facet normal 0.9408848315934861 0.3387266356183068 0
    outer loop
      vertex -6.18531608581543 11.307294845581055 0
      vertex -6.178932189941406 11.289562225341797 2.799999237060547
      vertex -6.178932189941406 11.289562225341797 0
    endloop
  endfacet
  facet normal -0.4539811142068577 -0.8910113062938652 0
    outer loop
      vertex 6.027732849121094 11.67144775390625 0
      vertex 6.044526100158691 11.662891387939453 2.799999237060547
      vertex 6.027732849121094 11.67144775390625 2.799999237060547
    endloop
  endfacet
  facet normal -0.4539811142068577 -0.8910113062938652 0
    outer loop
      vertex 6.044526100158691 11.662891387939453 2.799999237060547
      vertex 6.027732849121094 11.67144775390625 0
      vertex 6.044526100158691 11.662891387939453 0
    endloop
  endfacet
  facet normal -0.6128996112958489 0.7901607852034909 0
    outer loop
      vertex 6.091226577758789 11.168845176696777 0
      vertex 6.0763349533081055 11.157294273376465 2.799999237060547
      vertex 6.091226577758789 11.168845176696777 2.799999237060547
    endloop
  endfacet
  facet normal -0.6128996112958489 0.7901607852034909 0
    outer loop
      vertex 6.0763349533081055 11.157294273376465 2.799999237060547
      vertex 6.091226577758789 11.168845176696777 0
      vertex 6.0763349533081055 11.157294273376465 0
    endloop
  endfacet
  facet normal 0.2790224565203386 -0.9602845769652638 0
    outer loop
      vertex -5.992704391479492 11.68531608581543 0
      vertex -5.974606513977051 11.690574645996094 2.799999237060547
      vertex -5.992704391479492 11.68531608581543 2.799999237060547
    endloop
  endfacet
  facet normal 0.2790224565203386 -0.9602845769652638 0
    outer loop
      vertex -5.974606513977051 11.690574645996094 2.799999237060547
      vertex -5.992704391479492 11.68531608581543 0
      vertex -5.974606513977051 11.690574645996094 0
    endloop
  endfacet
  facet normal 0.9602845769652638 0.2790224565203386 0
    outer loop
      vertex -6.18531608581543 11.307294845581055 2.799999237060547
      vertex -6.190574645996094 11.325392723083496 0
      vertex -6.190574645996094 11.325392723083496 2.799999237060547
    endloop
  endfacet
  facet normal 0.9602845769652638 0.2790224565203386 0
    outer loop
      vertex -6.190574645996094 11.325392723083496 0
      vertex -6.18531608581543 11.307294845581055 2.799999237060547
      vertex -6.18531608581543 11.307294845581055 0
    endloop
  endfacet
  facet normal -0.3387266356183068 -0.9408848315934861 0
    outer loop
      vertex 5.992704391479492 11.68531608581543 0
      vertex 6.01043701171875 11.678932189941406 2.799999237060547
      vertex 5.992704391479492 11.68531608581543 2.799999237060547
    endloop
  endfacet
  facet normal -0.3387266356183068 -0.9408848315934861 0
    outer loop
      vertex 6.01043701171875 11.678932189941406 2.799999237060547
      vertex 5.992704391479492 11.68531608581543 0
      vertex 6.01043701171875 11.678932189941406 0
    endloop
  endfacet
  facet normal 0.7501390329139643 0.6612801458526502 0
    outer loop
      vertex -6.118690490722656 11.194635391235352 2.799999237060547
      vertex -6.131153106689453 11.208772659301758 0
      vertex -6.131153106689453 11.208772659301758 2.799999237060547
    endloop
  endfacet
  facet normal 0.7501390329139643 0.6612801458526502 0
    outer loop
      vertex -6.131153106689453 11.208772659301758 0
      vertex -6.118690490722656 11.194635391235352 2.799999237060547
      vertex -6.118690490722656 11.194635391235352 0
    endloop
  endfacet
  facet normal -0.27897579257001254 0.9602981345186157 0
    outer loop
      vertex 5.992704391479492 11.1146821975708 0
      vertex 5.974606513977051 11.109424591064453 2.799999237060547
      vertex 5.992704391479492 11.1146821975708 2.799999237060547
    endloop
  endfacet
  facet normal -0.27897579257001254 0.9602981345186157 0
    outer loop
      vertex 5.974606513977051 11.109424591064453 2.799999237060547
      vertex 5.992704391479492 11.1146821975708 0
      vertex 5.974606513977051 11.109424591064453 0
    endloop
  endfacet
  facet normal -0.5620816287937686 0.8270817629306938 0
    outer loop
      vertex 6.0763349533081055 11.157294273376465 0
      vertex 6.060747146606445 11.146700859069824 2.799999237060547
      vertex 6.0763349533081055 11.157294273376465 2.799999237060547
    endloop
  endfacet
  facet normal -0.5620816287937686 0.8270817629306938 0
    outer loop
      vertex 6.060747146606445 11.146700859069824 2.799999237060547
      vertex 6.0763349533081055 11.157294273376465 0
      vertex 6.060747146606445 11.146700859069824 0
    endloop
  endfacet
  facet normal 0.6128996112958489 0.7901607852034909 0
    outer loop
      vertex -6.0763349533081055 11.157294273376465 0
      vertex -6.091226577758789 11.168845176696777 2.799999237060547
      vertex -6.0763349533081055 11.157294273376465 2.799999237060547
    endloop
  endfacet
  facet normal 0.6128996112958489 0.7901607852034909 0
    outer loop
      vertex -6.091226577758789 11.168845176696777 2.799999237060547
      vertex -6.0763349533081055 11.157294273376465 0
      vertex -6.091226577758789 11.168845176696777 0
    endloop
  endfacet
  facet normal 0.8910113062938652 -0.4539811142068577 0
    outer loop
      vertex -6.17144775390625 11.527732849121094 2.799999237060547
      vertex -6.162891387939453 11.544526100158691 0
      vertex -6.162891387939453 11.544526100158691 2.799999237060547
    endloop
  endfacet
  facet normal 0.8910113062938652 -0.4539811142068577 0
    outer loop
      vertex -6.162891387939453 11.544526100158691 0
      vertex -6.17144775390625 11.527732849121094 2.799999237060547
      vertex -6.17144775390625 11.527732849121094 0
    endloop
  endfacet
  facet normal 0.27897579257001254 0.9602981345186157 0
    outer loop
      vertex -5.974606513977051 11.109424591064453 0
      vertex -5.992704391479492 11.1146821975708 2.799999237060547
      vertex -5.974606513977051 11.109424591064453 2.799999237060547
    endloop
  endfacet
  facet normal 0.27897579257001254 0.9602981345186157 0
    outer loop
      vertex -5.992704391479492 11.1146821975708 2.799999237060547
      vertex -5.974606513977051 11.109424591064453 0
      vertex -5.992704391479492 11.1146821975708 0
    endloop
  endfacet
  facet normal 0.9408848315934861 -0.3387266356183068 0
    outer loop
      vertex -6.18531608581543 11.492704391479492 2.799999237060547
      vertex -6.178932189941406 11.51043701171875 0
      vertex -6.178932189941406 11.51043701171875 2.799999237060547
    endloop
  endfacet
  facet normal 0.9408848315934861 -0.3387266356183068 0
    outer loop
      vertex -6.178932189941406 11.51043701171875 0
      vertex -6.18531608581543 11.492704391479492 2.799999237060547
      vertex -6.18531608581543 11.492704391479492 0
    endloop
  endfacet
  facet normal 0.8910008770345684 0.45400158273251634 0
    outer loop
      vertex -6.162891387939453 11.255473136901855 2.799999237060547
      vertex -6.17144775390625 11.272265434265137 0
      vertex -6.17144775390625 11.272265434265137 2.799999237060547
    endloop
  endfacet
  facet normal 0.8910008770345684 0.45400158273251634 0
    outer loop
      vertex -6.17144775390625 11.272265434265137 0
      vertex -6.162891387939453 11.255473136901855 2.799999237060547
      vertex -6.162891387939453 11.255473136901855 0
    endloop
  endfacet
  facet normal 0.09412132591765666 -0.9955607344645039 0
    outer loop
      vertex -5.937599182128906 11.697633743286133 0
      vertex -5.91883659362793 11.699407577514648 2.799999237060547
      vertex -5.937599182128906 11.697633743286133 2.799999237060547
    endloop
  endfacet
  facet normal 0.09412132591765666 -0.9955607344645039 0
    outer loop
      vertex -5.91883659362793 11.699407577514648 2.799999237060547
      vertex -5.937599182128906 11.697633743286133 0
      vertex -5.91883659362793 11.699407577514648 0
    endloop
  endfacet
  facet normal 0 0 -1
    outer loop
      vertex 6.199407577514648 11.381162643432617 2.799999237060547
      vertex 6.199407577514648 11.41883659362793 2.799999237060547
      vertex 6.199999809265137 11.399999618530273 2.799999237060547
    endloop
  endfacet
  facet normal 0 0 -1
    outer loop
      vertex 6.197633743286133 11.362399101257324 2.799999237060547
      vertex 6.199407577514648 11.41883659362793 2.799999237060547
      vertex 6.199407577514648 11.381162643432617 2.799999237060547
    endloop
  endfacet
  facet normal 0 0 -1
    outer loop
      vertex 6.197633743286133 11.362399101257324 2.799999237060547
      vertex 6.197633743286133 11.437599182128906 2.799999237060547
      vertex 6.199407577514648 11.41883659362793 2.799999237060547
    endloop
  endfacet
  facet normal 0 0 -1
    outer loop
      vertex 6.194685935974121 11.343785285949707 2.799999237060547
      vertex 6.197633743286133 11.437599182128906 2.799999237060547
      vertex 6.197633743286133 11.362399101257324 2.799999237060547
    endloop
  endfacet
  facet normal 0 0 -1
    outer loop
      vertex 6.194685935974121 11.343785285949707 2.799999237060547
      vertex 6.194685935974121 11.45621395111084 2.799999237060547
      vertex 6.197633743286133 11.437599182128906 2.799999237060547
    endloop
  endfacet
  facet normal 0 0 -1
    outer loop
      vertex 6.190574645996094 11.325392723083496 2.799999237060547
      vertex 6.194685935974121 11.45621395111084 2.799999237060547
      vertex 6.194685935974121 11.343785285949707 2.799999237060547
    endloop
  endfacet
  facet normal 0 0 -1
    outer loop
      vertex 6.190574645996094 11.325392723083496 2.799999237060547
      vertex 6.190574645996094 11.47460651397705 2.799999237060547
      vertex 6.194685935974121 11.45621395111084 2.799999237060547
    endloop
  endfacet
  facet normal 0 0 -1
    outer loop
      vertex 6.18531608581543 11.307294845581055 2.799999237060547
      vertex 6.190574645996094 11.47460651397705 2.799999237060547
      vertex 6.190574645996094 11.325392723083496 2.799999237060547
    endloop
  endfacet
  facet normal 0 0 -1
    outer loop
      vertex 6.18531608581543 11.307294845581055 2.799999237060547
      vertex 6.18531608581543 11.492704391479492 2.799999237060547
      vertex 6.190574645996094 11.47460651397705 2.799999237060547
    endloop
  endfacet
  facet normal 0 0 -1
    outer loop
      vertex 6.178932189941406 11.289562225341797 2.799999237060547
      vertex 6.18531608581543 11.492704391479492 2.799999237060547
      vertex 6.18531608581543 11.307294845581055 2.799999237060547
    endloop
  endfacet
  facet normal 0 0 -1
    outer loop
      vertex 6.178932189941406 11.289562225341797 2.799999237060547
      vertex 6.178932189941406 11.51043701171875 2.799999237060547
      vertex 6.18531608581543 11.492704391479492 2.799999237060547
    endloop
  endfacet
  facet normal 0 0 -1
    outer loop
      vertex 6.17144775390625 11.272265434265137 2.799999237060547
      vertex 6.178932189941406 11.51043701171875 2.799999237060547
      vertex 6.178932189941406 11.289562225341797 2.799999237060547
    endloop
  endfacet
  facet normal 0 0 -1
    outer loop
      vertex 6.17144775390625 11.272265434265137 2.799999237060547
      vertex 6.17144775390625 11.527732849121094 2.799999237060547
      vertex 6.178932189941406 11.51043701171875 2.799999237060547
    endloop
  endfacet
  facet normal 0 0 -1
    outer loop
      vertex 6.162891387939453 11.255473136901855 2.799999237060547
      vertex 6.17144775390625 11.527732849121094 2.799999237060547
      vertex 6.17144775390625 11.272265434265137 2.799999237060547
    endloop
  endfacet
  facet normal 0 0 -1
    outer loop
      vertex 6.162891387939453 11.255473136901855 2.799999237060547
      vertex 6.162891387939453 11.544526100158691 2.799999237060547
      vertex 6.17144775390625 11.527732849121094 2.799999237060547
    endloop
  endfacet
  facet normal 0 0 -1
    outer loop
      vertex 6.153298377990723 11.239251136779785 2.799999237060547
      vertex 6.162891387939453 11.544526100158691 2.799999237060547
      vertex 6.162891387939453 11.255473136901855 2.799999237060547
    endloop
  endfacet
  facet normal 0 0 -1
    outer loop
      vertex 6.153298377990723 11.239251136779785 2.799999237060547
      vertex 6.153298377990723 11.560747146606445 2.799999237060547
      vertex 6.162891387939453 11.544526100158691 2.799999237060547
    endloop
  endfacet
  facet normal 0 0 -1
    outer loop
      vertex 6.142704963684082 11.223664283752441 2.799999237060547
      vertex 6.153298377990723 11.560747146606445 2.799999237060547
      vertex 6.153298377990723 11.239251136779785 2.799999237060547
    endloop
  endfacet
  facet normal 0 0 -1
    outer loop
      vertex 6.142704963684082 11.223664283752441 2.799999237060547
      vertex 6.142704963684082 11.576334953308105 2.799999237060547
      vertex 6.153298377990723 11.560747146606445 2.799999237060547
    endloop
  endfacet
  facet normal 0 0 -1
    outer loop
      vertex 6.131153106689453 11.208772659301758 2.799999237060547
      vertex 6.142704963684082 11.576334953308105 2.799999237060547
      vertex 6.142704963684082 11.223664283752441 2.799999237060547
    endloop
  endfacet
  facet normal 0 0 -1
    outer loop
      vertex 6.131153106689453 11.208772659301758 2.799999237060547
      vertex 6.131153106689453 11.591226577758789 2.799999237060547
      vertex 6.142704963684082 11.576334953308105 2.799999237060547
    endloop
  endfacet
  facet normal 0 0 -1
    outer loop
      vertex 6.118690490722656 11.194635391235352 2.799999237060547
      vertex 6.131153106689453 11.591226577758789 2.799999237060547
      vertex 6.131153106689453 11.208772659301758 2.799999237060547
    endloop
  endfacet
  facet normal 0 0 -1
    outer loop
      vertex 6.118690490722656 11.194635391235352 2.799999237060547
      vertex 6.118690490722656 11.605363845825195 2.799999237060547
      vertex 6.131153106689453 11.591226577758789 2.799999237060547
    endloop
  endfacet
  facet normal 0 0 -1
    outer loop
      vertex 6.105363845825195 11.18130874633789 2.799999237060547
      vertex 6.118690490722656 11.605363845825195 2.799999237060547
      vertex 6.118690490722656 11.194635391235352 2.799999237060547
    endloop
  endfacet
  facet normal 0 0 -1
    outer loop
      vertex 6.105363845825195 11.18130874633789 2.799999237060547
      vertex 6.105363845825195 11.618690490722656 2.799999237060547
      vertex 6.118690490722656 11.605363845825195 2.799999237060547
    endloop
  endfacet
  facet normal 0 0 -1
    outer loop
      vertex 6.091226577758789 11.168845176696777 2.799999237060547
      vertex 6.105363845825195 11.618690490722656 2.799999237060547
      vertex 6.105363845825195 11.18130874633789 2.799999237060547
    endloop
  endfacet
  facet normal 0 0 -1
    outer loop
      vertex 6.091226577758789 11.168845176696777 2.799999237060547
      vertex 6.091226577758789 11.631153106689453 2.799999237060547
      vertex 6.105363845825195 11.618690490722656 2.799999237060547
    endloop
  endfacet
  facet normal 0 0 -1
    outer loop
      vertex 6.0763349533081055 11.157294273376465 2.799999237060547
      vertex 6.091226577758789 11.631153106689453 2.799999237060547
      vertex 6.091226577758789 11.168845176696777 2.799999237060547
    endloop
  endfacet
  facet normal 0 0 -1
    outer loop
      vertex 6.0763349533081055 11.157294273376465 2.799999237060547
      vertex 6.0763349533081055 11.642704963684082 2.799999237060547
      vertex 6.091226577758789 11.631153106689453 2.799999237060547
    endloop
  endfacet
  facet normal 0 0 -1
    outer loop
      vertex 6.060747146606445 11.146700859069824 2.799999237060547
      vertex 6.0763349533081055 11.642704963684082 2.799999237060547
      vertex 6.0763349533081055 11.157294273376465 2.799999237060547
    endloop
  endfacet
  facet normal 0 0 -1
    outer loop
      vertex 6.060747146606445 11.146700859069824 2.799999237060547
      vertex 6.060747146606445 11.653298377990723 2.799999237060547
      vertex 6.0763349533081055 11.642704963684082 2.799999237060547
    endloop
  endfacet
  facet normal 0 0 -1
    outer loop
      vertex 6.044526100158691 11.137107849121094 2.799999237060547
      vertex 6.060747146606445 11.653298377990723 2.799999237060547
      vertex 6.060747146606445 11.146700859069824 2.799999237060547
    endloop
  endfacet
  facet normal 0 0 -1
    outer loop
      vertex 6.044526100158691 11.137107849121094 2.799999237060547
      vertex 6.044526100158691 11.662891387939453 2.799999237060547
      vertex 6.060747146606445 11.653298377990723 2.799999237060547
    endloop
  endfacet
  facet normal 0 0 -1
    outer loop
      vertex 6.027732849121094 11.128551483154297 2.799999237060547
      vertex 6.044526100158691 11.662891387939453 2.799999237060547
      vertex 6.044526100158691 11.137107849121094 2.799999237060547
    endloop
  endfacet
  facet normal 0 0 -1
    outer loop
      vertex 6.027732849121094 11.128551483154297 2.799999237060547
      vertex 6.027732849121094 11.67144775390625 2.799999237060547
      vertex 6.044526100158691 11.662891387939453 2.799999237060547
    endloop
  endfacet
  facet normal 0 0 -1
    outer loop
      vertex 6.01043701171875 11.12106704711914 2.799999237060547
      vertex 6.027732849121094 11.67144775390625 2.799999237060547
      vertex 6.027732849121094 11.128551483154297 2.799999237060547
    endloop
  endfacet
  facet normal 0 0 -1
    outer loop
      vertex 6.01043701171875 11.12106704711914 2.799999237060547
      vertex 6.01043701171875 11.678932189941406 2.799999237060547
      vertex 6.027732849121094 11.67144775390625 2.799999237060547
    endloop
  endfacet
  facet normal 0 0 -1
    outer loop
      vertex 5.992704391479492 11.1146821975708 2.799999237060547
      vertex 6.01043701171875 11.678932189941406 2.799999237060547
      vertex 6.01043701171875 11.12106704711914 2.799999237060547
    endloop
  endfacet
  facet normal 0 0 -1
    outer loop
      vertex 5.992704391479492 11.1146821975708 2.799999237060547
      vertex 5.992704391479492 11.68531608581543 2.799999237060547
      vertex 6.01043701171875 11.678932189941406 2.799999237060547
    endloop
  endfacet
  facet normal 0 0 -1
    outer loop
      vertex 5.974606513977051 11.109424591064453 2.799999237060547
      vertex 5.992704391479492 11.68531608581543 2.799999237060547
      vertex 5.992704391479492 11.1146821975708 2.799999237060547
    endloop
  endfacet
  facet normal 0 0 -1
    outer loop
      vertex 5.974606513977051 11.109424591064453 2.799999237060547
      vertex 5.974606513977051 11.690574645996094 2.799999237060547
      vertex 5.992704391479492 11.68531608581543 2.799999237060547
    endloop
  endfacet
  facet normal 0 0 -1
    outer loop
      vertex 5.95621395111084 11.105313301086426 2.799999237060547
      vertex 5.974606513977051 11.690574645996094 2.799999237060547
      vertex 5.974606513977051 11.109424591064453 2.799999237060547
    endloop
  endfacet
  facet normal 0 0 -1
    outer loop
      vertex 5.95621395111084 11.105313301086426 2.799999237060547
      vertex 5.95621395111084 11.694685935974121 2.799999237060547
      vertex 5.974606513977051 11.690574645996094 2.799999237060547
    endloop
  endfacet
  facet normal 0 0 -1
    outer loop
      vertex 5.937599182128906 11.102365493774414 2.799999237060547
      vertex 5.95621395111084 11.694685935974121 2.799999237060547
      vertex 5.95621395111084 11.105313301086426 2.799999237060547
    endloop
  endfacet
  facet normal 0 0 -1
    outer loop
      vertex 5.937599182128906 11.102365493774414 2.799999237060547
      vertex 5.937599182128906 11.697633743286133 2.799999237060547
      vertex 5.95621395111084 11.694685935974121 2.799999237060547
    endloop
  endfacet
  facet normal 0 0 -1
    outer loop
      vertex 5.91883659362793 11.100591659545898 2.799999237060547
      vertex 5.937599182128906 11.697633743286133 2.799999237060547
      vertex 5.937599182128906 11.102365493774414 2.799999237060547
    endloop
  endfacet
  facet normal 0 0 -1
    outer loop
      vertex 5.91883659362793 11.100591659545898 2.799999237060547
      vertex 5.91883659362793 11.699407577514648 2.799999237060547
      vertex 5.937599182128906 11.697633743286133 2.799999237060547
    endloop
  endfacet
  facet normal 0 0 -1
    outer loop
      vertex 5.899999618530273 11.09999942779541 2.799999237060547
      vertex 5.91883659362793 11.699407577514648 2.799999237060547
      vertex 5.91883659362793 11.100591659545898 2.799999237060547
    endloop
  endfacet
  facet normal 0 0 -1
    outer loop
      vertex 5.899999618530273 11.09999942779541 2.799999237060547
      vertex 5.899999618530273 11.699999809265137 2.799999237060547
      vertex 5.91883659362793 11.699407577514648 2.799999237060547
    endloop
  endfacet
  facet normal 0 0 -1
    outer loop
      vertex -5.899999618530273 11.09999942779541 2.799999237060547
      vertex 5.899999618530273 11.699999809265137 2.799999237060547
      vertex 5.899999618530273 11.09999942779541 2.799999237060547
    endloop
  endfacet
  facet normal 0 0 -1
    outer loop
      vertex -5.899999618530273 11.09999942779541 2.799999237060547
      vertex -5.899999618530273 11.699999809265137 2.799999237060547
      vertex 5.899999618530273 11.699999809265137 2.799999237060547
    endloop
  endfacet
  facet normal 0 0 -1
    outer loop
      vertex -5.91883659362793 11.100591659545898 2.799999237060547
      vertex -5.899999618530273 11.699999809265137 2.799999237060547
      vertex -5.899999618530273 11.09999942779541 2.799999237060547
    endloop
  endfacet
  facet normal 0 0 -1
    outer loop
      vertex -5.91883659362793 11.100591659545898 2.799999237060547
      vertex -5.91883659362793 11.699407577514648 2.799999237060547
      vertex -5.899999618530273 11.699999809265137 2.799999237060547
    endloop
  endfacet
  facet normal 0 0 -1
    outer loop
      vertex -5.937599182128906 11.102365493774414 2.799999237060547
      vertex -5.91883659362793 11.699407577514648 2.799999237060547
      vertex -5.91883659362793 11.100591659545898 2.799999237060547
    endloop
  endfacet
  facet normal 0 0 -1
    outer loop
      vertex -5.937599182128906 11.102365493774414 2.799999237060547
      vertex -5.937599182128906 11.697633743286133 2.799999237060547
      vertex -5.91883659362793 11.699407577514648 2.799999237060547
    endloop
  endfacet
  facet normal 0 0 -1
    outer loop
      vertex -5.95621395111084 11.105313301086426 2.799999237060547
      vertex -5.937599182128906 11.697633743286133 2.799999237060547
      vertex -5.937599182128906 11.102365493774414 2.799999237060547
    endloop
  endfacet
  facet normal 0 0 -1
    outer loop
      vertex -5.95621395111084 11.105313301086426 2.799999237060547
      vertex -5.95621395111084 11.694685935974121 2.799999237060547
      vertex -5.937599182128906 11.697633743286133 2.799999237060547
    endloop
  endfacet
  facet normal 0 0 -1
    outer loop
      vertex -5.974606513977051 11.109424591064453 2.799999237060547
      vertex -5.95621395111084 11.694685935974121 2.799999237060547
      vertex -5.95621395111084 11.105313301086426 2.799999237060547
    endloop
  endfacet
  facet normal 0 0 -1
    outer loop
      vertex -5.974606513977051 11.109424591064453 2.799999237060547
      vertex -5.974606513977051 11.690574645996094 2.799999237060547
      vertex -5.95621395111084 11.694685935974121 2.799999237060547
    endloop
  endfacet
  facet normal 0 0 -1
    outer loop
      vertex -5.992704391479492 11.1146821975708 2.799999237060547
      vertex -5.974606513977051 11.690574645996094 2.799999237060547
      vertex -5.974606513977051 11.109424591064453 2.799999237060547
    endloop
  endfacet
  facet normal 0 0 -1
    outer loop
      vertex -5.992704391479492 11.1146821975708 2.799999237060547
      vertex -5.992704391479492 11.68531608581543 2.799999237060547
      vertex -5.974606513977051 11.690574645996094 2.799999237060547
    endloop
  endfacet
  facet normal 0 0 -1
    outer loop
      vertex -6.01043701171875 11.12106704711914 2.799999237060547
      vertex -5.992704391479492 11.68531608581543 2.799999237060547
      vertex -5.992704391479492 11.1146821975708 2.799999237060547
    endloop
  endfacet
  facet normal 0 0 -1
    outer loop
      vertex -6.01043701171875 11.12106704711914 2.799999237060547
      vertex -6.01043701171875 11.678932189941406 2.799999237060547
      vertex -5.992704391479492 11.68531608581543 2.799999237060547
    endloop
  endfacet
  facet normal 0 0 -1
    outer loop
      vertex -6.027732849121094 11.128551483154297 2.799999237060547
      vertex -6.01043701171875 11.678932189941406 2.799999237060547
      vertex -6.01043701171875 11.12106704711914 2.799999237060547
    endloop
  endfacet
  facet normal 0 0 -1
    outer loop
      vertex -6.027732849121094 11.128551483154297 2.799999237060547
      vertex -6.027732849121094 11.67144775390625 2.799999237060547
      vertex -6.01043701171875 11.678932189941406 2.799999237060547
    endloop
  endfacet
  facet normal 0 0 -1
    outer loop
      vertex -6.044526100158691 11.137107849121094 2.799999237060547
      vertex -6.027732849121094 11.67144775390625 2.799999237060547
      vertex -6.027732849121094 11.128551483154297 2.799999237060547
    endloop
  endfacet
  facet normal 0 0 -1
    outer loop
      vertex -6.044526100158691 11.137107849121094 2.799999237060547
      vertex -6.044526100158691 11.662891387939453 2.799999237060547
      vertex -6.027732849121094 11.67144775390625 2.799999237060547
    endloop
  endfacet
  facet normal 0 0 -1
    outer loop
      vertex -6.060747146606445 11.146700859069824 2.799999237060547
      vertex -6.044526100158691 11.662891387939453 2.799999237060547
      vertex -6.044526100158691 11.137107849121094 2.799999237060547
    endloop
  endfacet
  facet normal 0 0 -1
    outer loop
      vertex -6.060747146606445 11.146700859069824 2.799999237060547
      vertex -6.060747146606445 11.653298377990723 2.799999237060547
      vertex -6.044526100158691 11.662891387939453 2.799999237060547
    endloop
  endfacet
  facet normal 0 0 -1
    outer loop
      vertex -6.0763349533081055 11.157294273376465 2.799999237060547
      vertex -6.060747146606445 11.653298377990723 2.799999237060547
      vertex -6.060747146606445 11.146700859069824 2.799999237060547
    endloop
  endfacet
  facet normal 0 0 -1
    outer loop
      vertex -6.0763349533081055 11.157294273376465 2.799999237060547
      vertex -6.0763349533081055 11.642704963684082 2.799999237060547
      vertex -6.060747146606445 11.653298377990723 2.799999237060547
    endloop
  endfacet
  facet normal 0 0 -1
    outer loop
      vertex -6.091226577758789 11.168845176696777 2.799999237060547
      vertex -6.0763349533081055 11.642704963684082 2.799999237060547
      vertex -6.0763349533081055 11.157294273376465 2.799999237060547
    endloop
  endfacet
  facet normal 0 0 -1
    outer loop
      vertex -6.091226577758789 11.168845176696777 2.799999237060547
      vertex -6.091226577758789 11.631153106689453 2.799999237060547
      vertex -6.0763349533081055 11.642704963684082 2.799999237060547
    endloop
  endfacet
  facet normal 0 0 -1
    outer loop
      vertex -6.105363845825195 11.18130874633789 2.799999237060547
      vertex -6.091226577758789 11.631153106689453 2.799999237060547
      vertex -6.091226577758789 11.168845176696777 2.799999237060547
    endloop
  endfacet
  facet normal 0 0 -1
    outer loop
      vertex -6.105363845825195 11.18130874633789 2.799999237060547
      vertex -6.105363845825195 11.618690490722656 2.799999237060547
      vertex -6.091226577758789 11.631153106689453 2.799999237060547
    endloop
  endfacet
  facet normal 0 0 -1
    outer loop
      vertex -6.118690490722656 11.194635391235352 2.799999237060547
      vertex -6.105363845825195 11.618690490722656 2.799999237060547
      vertex -6.105363845825195 11.18130874633789 2.799999237060547
    endloop
  endfacet
  facet normal 0 0 -1
    outer loop
      vertex -6.118690490722656 11.194635391235352 2.799999237060547
      vertex -6.118690490722656 11.605363845825195 2.799999237060547
      vertex -6.105363845825195 11.618690490722656 2.799999237060547
    endloop
  endfacet
  facet normal 0 0 -1
    outer loop
      vertex -6.131153106689453 11.208772659301758 2.799999237060547
      vertex -6.118690490722656 11.605363845825195 2.799999237060547
      vertex -6.118690490722656 11.194635391235352 2.799999237060547
    endloop
  endfacet
  facet normal 0 0 -1
    outer loop
      vertex -6.131153106689453 11.208772659301758 2.799999237060547
      vertex -6.131153106689453 11.591226577758789 2.799999237060547
      vertex -6.118690490722656 11.605363845825195 2.799999237060547
    endloop
  endfacet
  facet normal 0 0 -1
    outer loop
      vertex -6.142704963684082 11.223664283752441 2.799999237060547
      vertex -6.131153106689453 11.591226577758789 2.799999237060547
      vertex -6.131153106689453 11.208772659301758 2.799999237060547
    endloop
  endfacet
  facet normal 0 0 -1
    outer loop
      vertex -6.142704963684082 11.223664283752441 2.799999237060547
      vertex -6.142704963684082 11.576334953308105 2.799999237060547
      vertex -6.131153106689453 11.591226577758789 2.799999237060547
    endloop
  endfacet
  facet normal 0 0 -1
    outer loop
      vertex -6.153298377990723 11.239251136779785 2.799999237060547
      vertex -6.142704963684082 11.576334953308105 2.799999237060547
      vertex -6.142704963684082 11.223664283752441 2.799999237060547
    endloop
  endfacet
  facet normal 0 0 -1
    outer loop
      vertex -6.153298377990723 11.239251136779785 2.799999237060547
      vertex -6.153298377990723 11.560747146606445 2.799999237060547
      vertex -6.142704963684082 11.576334953308105 2.799999237060547
    endloop
  endfacet
  facet normal 0 0 -1
    outer loop
      vertex -6.162891387939453 11.255473136901855 2.799999237060547
      vertex -6.153298377990723 11.560747146606445 2.799999237060547
      vertex -6.153298377990723 11.239251136779785 2.799999237060547
    endloop
  endfacet
  facet normal 0 0 -1
    outer loop
      vertex -6.162891387939453 11.255473136901855 2.799999237060547
      vertex -6.162891387939453 11.544526100158691 2.799999237060547
      vertex -6.153298377990723 11.560747146606445 2.799999237060547
    endloop
  endfacet
  facet normal 0 0 -1
    outer loop
      vertex -6.17144775390625 11.272265434265137 2.799999237060547
      vertex -6.162891387939453 11.544526100158691 2.799999237060547
      vertex -6.162891387939453 11.255473136901855 2.799999237060547
    endloop
  endfacet
  facet normal 0 0 -1
    outer loop
      vertex -6.17144775390625 11.272265434265137 2.799999237060547
      vertex -6.17144775390625 11.527732849121094 2.799999237060547
      vertex -6.162891387939453 11.544526100158691 2.799999237060547
    endloop
  endfacet
  facet normal 0 0 -1
    outer loop
      vertex -6.178932189941406 11.289562225341797 2.799999237060547
      vertex -6.17144775390625 11.527732849121094 2.799999237060547
      vertex -6.17144775390625 11.272265434265137 2.799999237060547
    endloop
  endfacet
  facet normal 0 0 -1
    outer loop
      vertex -6.178932189941406 11.289562225341797 2.799999237060547
      vertex -6.178932189941406 11.51043701171875 2.799999237060547
      vertex -6.17144775390625 11.527732849121094 2.799999237060547
    endloop
  endfacet
  facet normal 0 0 -1
    outer loop
      vertex -6.18531608581543 11.307294845581055 2.799999237060547
      vertex -6.178932189941406 11.51043701171875 2.799999237060547
      vertex -6.178932189941406 11.289562225341797 2.799999237060547
    endloop
  endfacet
  facet normal 0 0 -1
    outer loop
      vertex -6.18531608581543 11.307294845581055 2.799999237060547
      vertex -6.18531608581543 11.492704391479492 2.799999237060547
      vertex -6.178932189941406 11.51043701171875 2.799999237060547
    endloop
  endfacet
  facet normal 0 0 -1
    outer loop
      vertex -6.190574645996094 11.325392723083496 2.799999237060547
      vertex -6.18531608581543 11.492704391479492 2.799999237060547
      vertex -6.18531608581543 11.307294845581055 2.799999237060547
    endloop
  endfacet
  facet normal 0 0 -1
    outer loop
      vertex -6.190574645996094 11.325392723083496 2.799999237060547
      vertex -6.190574645996094 11.47460651397705 2.799999237060547
      vertex -6.18531608581543 11.492704391479492 2.799999237060547
    endloop
  endfacet
  facet normal 0 0 -1
    outer loop
      vertex -6.194685935974121 11.343785285949707 2.799999237060547
      vertex -6.190574645996094 11.47460651397705 2.799999237060547
      vertex -6.190574645996094 11.325392723083496 2.799999237060547
    endloop
  endfacet
  facet normal 0 0 -1
    outer loop
      vertex -6.194685935974121 11.343785285949707 2.799999237060547
      vertex -6.194685935974121 11.45621395111084 2.799999237060547
      vertex -6.190574645996094 11.47460651397705 2.799999237060547
    endloop
  endfacet
  facet normal 0 0 -1
    outer loop
      vertex -6.197633743286133 11.362399101257324 2.799999237060547
      vertex -6.194685935974121 11.45621395111084 2.799999237060547
      vertex -6.194685935974121 11.343785285949707 2.799999237060547
    endloop
  endfacet
  facet normal 0 0 -1
    outer loop
      vertex -6.197633743286133 11.362399101257324 2.799999237060547
      vertex -6.197633743286133 11.437599182128906 2.799999237060547
      vertex -6.194685935974121 11.45621395111084 2.799999237060547
    endloop
  endfacet
  facet normal 0 0 -1
    outer loop
      vertex -6.199407577514648 11.381162643432617 2.799999237060547
      vertex -6.197633743286133 11.437599182128906 2.799999237060547
      vertex -6.197633743286133 11.362399101257324 2.799999237060547
    endloop
  endfacet
  facet normal 0 0 -1
    outer loop
      vertex -6.199407577514648 11.381162643432617 2.799999237060547
      vertex -6.199407577514648 11.41883659362793 2.799999237060547
      vertex -6.197633743286133 11.437599182128906 2.799999237060547
    endloop
  endfacet
  facet normal 0 0 -1
    outer loop
      vertex -6.199407577514648 11.41883659362793 2.799999237060547
      vertex -6.199407577514648 11.381162643432617 2.799999237060547
      vertex -6.199999809265137 11.399999618530273 2.799999237060547
    endloop
  endfacet
  facet normal 0 -1 0
    outer loop
      vertex -5.899999618530273 -11.09999942779541 0
      vertex 5.899999618530273 -11.09999942779541 2.799999237060547
      vertex -5.899999618530273 -11.09999942779541 2.799999237060547
    endloop
  endfacet
  facet normal 0 -1 0
    outer loop
      vertex 5.899999618530273 -11.09999942779541 2.799999237060547
      vertex -5.899999618530273 -11.09999942779541 0
      vertex 5.899999618530273 -11.09999942779541 0
    endloop
  endfacet
  facet normal -0.9876910575159983 -0.15641731011281643 0
    outer loop
      vertex 6.197633743286133 -11.362399101257324 0
      vertex 6.194685935974121 -11.343785285949707 2.799999237060547
      vertex 6.194685935974121 -11.343785285949707 0
    endloop
  endfacet
  facet normal -0.9876910575159983 -0.15641731011281643 0
    outer loop
      vertex 6.194685935974121 -11.343785285949707 2.799999237060547
      vertex 6.197633743286133 -11.362399101257324 0
      vertex 6.197633743286133 -11.362399101257324 2.799999237060547
    endloop
  endfacet
  facet normal 0.9955607344645039 0.09412132591765666 0
    outer loop
      vertex -6.197633743286133 -11.437599182128906 2.799999237060547
      vertex -6.199407577514648 -11.41883659362793 0
      vertex -6.199407577514648 -11.41883659362793 2.799999237060547
    endloop
  endfacet
  facet normal 0.9955607344645039 0.09412132591765666 0
    outer loop
      vertex -6.199407577514648 -11.41883659362793 0
      vertex -6.197633743286133 -11.437599182128906 2.799999237060547
      vertex -6.197633743286133 -11.437599182128906 0
    endloop
  endfacet
  facet normal 0.9602845769652638 0.2790224565203386 0
    outer loop
      vertex -6.18531608581543 -11.492704391479492 2.799999237060547
      vertex -6.190574645996094 -11.47460651397705 0
      vertex -6.190574645996094 -11.47460651397705 2.799999237060547
    endloop
  endfacet
  facet normal 0.9602845769652638 0.2790224565203386 0
    outer loop
      vertex -6.190574645996094 -11.47460651397705 0
      vertex -6.18531608581543 -11.492704391479492 2.799999237060547
      vertex -6.18531608581543 -11.492704391479492 0
    endloop
  endfacet
  facet normal 0.8607572355819642 -0.5090156985725443 0
    outer loop
      vertex -6.162891387939453 -11.255473136901855 2.799999237060547
      vertex -6.153298377990723 -11.239251136779785 0
      vertex -6.153298377990723 -11.239251136779785 2.799999237060547
    endloop
  endfacet
  facet normal 0.8607572355819642 -0.5090156985725443 0
    outer loop
      vertex -6.153298377990723 -11.239251136779785 0
      vertex -6.162891387939453 -11.255473136901855 2.799999237060547
      vertex -6.162891387939453 -11.255473136901855 0
    endloop
  endfacet
  facet normal 0.5090378705197731 -0.8607441236376201 0
    outer loop
      vertex -6.060747146606445 -11.146700859069824 0
      vertex -6.044526100158691 -11.137107849121094 2.799999237060547
      vertex -6.060747146606445 -11.146700859069824 2.799999237060547
    endloop
  endfacet
  facet normal 0.5090378705197731 -0.8607441236376201 0
    outer loop
      vertex -6.044526100158691 -11.137107849121094 2.799999237060547
      vertex -6.060747146606445 -11.146700859069824 0
      vertex -6.044526100158691 -11.137107849121094 0
    endloop
  endfacet
  facet normal 0.8910113062938652 0.4539811142068577 0
    outer loop
      vertex -6.162891387939453 -11.544526100158691 2.799999237060547
      vertex -6.17144775390625 -11.527732849121094 0
      vertex -6.17144775390625 -11.527732849121094 2.799999237060547
    endloop
  endfacet
  facet normal 0.8910113062938652 0.4539811142068577 0
    outer loop
      vertex -6.17144775390625 -11.527732849121094 0
      vertex -6.162891387939453 -11.544526100158691 2.799999237060547
      vertex -6.162891387939453 -11.544526100158691 0
    endloop
  endfacet
  facet normal 0.3971415818131048 0.9177573557291627 0
    outer loop
      vertex -6.01043701171875 -11.678932189941406 0
      vertex -6.027732849121094 -11.67144775390625 2.799999237060547
      vertex -6.01043701171875 -11.678932189941406 2.799999237060547
    endloop
  endfacet
  facet normal 0.3971415818131048 0.9177573557291627 0
    outer loop
      vertex -6.027732849121094 -11.67144775390625 2.799999237060547
      vertex -6.01043701171875 -11.678932189941406 0
      vertex -6.027732849121094 -11.67144775390625 0
    endloop
  endfacet
  facet normal 0.9408848315934861 -0.3387266356183068 0
    outer loop
      vertex -6.18531608581543 -11.307294845581055 2.799999237060547
      vertex -6.178932189941406 -11.289562225341797 0
      vertex -6.178932189941406 -11.289562225341797 2.799999237060547
    endloop
  endfacet
  facet normal 0.9408848315934861 -0.3387266356183068 0
    outer loop
      vertex -6.178932189941406 -11.289562225341797 0
      vertex -6.18531608581543 -11.307294845581055 2.799999237060547
      vertex -6.18531608581543 -11.307294845581055 0
    endloop
  endfacet
  facet normal 0 1 0
    outer loop
      vertex 5.899999618530273 -11.699999809265137 0
      vertex -5.899999618530273 -11.699999809265137 2.1999998092651367
      vertex 5.899999618530273 -11.699999809265137 2.1999998092651367
    endloop
  endfacet
  facet normal 0 1 0
    outer loop
      vertex -5.899999618530273 -11.699999809265137 2.1999998092651367
      vertex 5.899999618530273 -11.699999809265137 0
      vertex -5.899999618530273 -11.699999809265137 0
    endloop
  endfacet
  facet normal 0 1 0
    outer loop
      vertex 5.899999618530273 -11.699999809265137 2.59999942779541
      vertex -5.899999618530273 -11.699999809265137 2.799999237060547
      vertex 5.899999618530273 -11.699999809265137 2.799999237060547
    endloop
  endfacet
  facet normal 0 1 0
    outer loop
      vertex -5.899999618530273 -11.699999809265137 2.799999237060547
      vertex 5.899999618530273 -11.699999809265137 2.59999942779541
      vertex -5.899999618530273 -11.699999809265137 2.59999942779541
    endloop
  endfacet
  facet normal 0 -1 0
    outer loop
      vertex 5.899999618530273 -11.699999809265137 2.1999998092651367
      vertex 6 -11.699999809265137 2.59999942779541
      vertex 5.899999618530273 -11.699999809265137 2.59999942779541
    endloop
  endfacet
  facet normal 0 -1 0
    outer loop
      vertex 6 -11.699999809265137 2.59999942779541
      vertex 5.899999618530273 -11.699999809265137 2.1999998092651367
      vertex 6 -11.699999809265137 2.1999998092651367
    endloop
  endfacet
  facet normal 0 -1 0
    outer loop
      vertex -6 -11.699999809265137 2.1999998092651367
      vertex -5.899999618530273 -11.699999809265137 2.59999942779541
      vertex -6 -11.699999809265137 2.59999942779541
    endloop
  endfacet
  facet normal 0 -1 0
    outer loop
      vertex -5.899999618530273 -11.699999809265137 2.59999942779541
      vertex -6 -11.699999809265137 2.1999998092651367
      vertex -5.899999618530273 -11.699999809265137 2.1999998092651367
    endloop
  endfacet
  facet normal 0.15640949256927125 0.987692295522357 0
    outer loop
      vertex -5.937599182128906 -11.697633743286133 0
      vertex -5.95621395111084 -11.694685935974121 2.799999237060547
      vertex -5.937599182128906 -11.697633743286133 2.799999237060547
    endloop
  endfacet
  facet normal 0.15640949256927125 0.987692295522357 0
    outer loop
      vertex -5.95621395111084 -11.694685935974121 2.799999237060547
      vertex -5.937599182128906 -11.697633743286133 0
      vertex -5.95621395111084 -11.694685935974121 0
    endloop
  endfacet
  facet normal -0.9995061338808694 0.03142432711320473 0
    outer loop
      vertex 6.199407577514648 -11.41883659362793 0
      vertex 6.199999809265137 -11.399999618530273 2.799999237060547
      vertex 6.199999809265137 -11.399999618530273 0
    endloop
  endfacet
  facet normal -0.9995061338808694 0.03142432711320473 0
    outer loop
      vertex 6.199999809265137 -11.399999618530273 2.799999237060547
      vertex 6.199407577514648 -11.41883659362793 0
      vertex 6.199407577514648 -11.41883659362793 2.799999237060547
    endloop
  endfacet
  facet normal 0.5620816287937686 0.8270817629306938 0
    outer loop
      vertex -6.060747146606445 -11.653298377990723 0
      vertex -6.0763349533081055 -11.642704963684082 2.799999237060547
      vertex -6.060747146606445 -11.653298377990723 2.799999237060547
    endloop
  endfacet
  facet normal 0.5620816287937686 0.8270817629306938 0
    outer loop
      vertex -6.0763349533081055 -11.642704963684082 2.799999237060547
      vertex -6.060747146606445 -11.653298377990723 0
      vertex -6.0763349533081055 -11.642704963684082 0
    endloop
  endfacet
  facet normal -0.03142432711320473 -0.9995061338808694 0
    outer loop
      vertex 5.899999618530273 -11.09999942779541 0
      vertex 5.91883659362793 -11.100591659545898 2.799999237060547
      vertex 5.899999618530273 -11.09999942779541 2.799999237060547
    endloop
  endfacet
  facet normal -0.03142432711320473 -0.9995061338808694 0
    outer loop
      vertex 5.91883659362793 -11.100591659545898 2.799999237060547
      vertex 5.899999618530273 -11.09999942779541 0
      vertex 5.91883659362793 -11.100591659545898 0
    endloop
  endfacet
  facet normal 0.9995061338808694 0.03142432711320473 0
    outer loop
      vertex -6.199407577514648 -11.41883659362793 2.799999237060547
      vertex -6.199999809265137 -11.399999618530273 0
      vertex -6.199999809265137 -11.399999618530273 2.799999237060547
    endloop
  endfacet
  facet normal 0.9995061338808694 0.03142432711320473 0
    outer loop
      vertex -6.199999809265137 -11.399999618530273 0
      vertex -6.199407577514648 -11.41883659362793 2.799999237060547
      vertex -6.199407577514648 -11.41883659362793 0
    endloop
  endfacet
  facet normal -0.5620816287937686 0.8270817629306938 0
    outer loop
      vertex 6.0763349533081055 -11.642704963684082 0
      vertex 6.060747146606445 -11.653298377990723 2.799999237060547
      vertex 6.0763349533081055 -11.642704963684082 2.799999237060547
    endloop
  endfacet
  facet normal -0.5620816287937686 0.8270817629306938 0
    outer loop
      vertex 6.060747146606445 -11.653298377990723 2.799999237060547
      vertex 6.0763349533081055 -11.642704963684082 0
      vertex 6.060747146606445 -11.653298377990723 0
    endloop
  endfacet
  facet normal 0.21814653069828524 -0.9759160266868775 0
    outer loop
      vertex -5.974606513977051 -11.109424591064453 0
      vertex -5.95621395111084 -11.105313301086426 2.799999237060547
      vertex -5.974606513977051 -11.109424591064453 2.799999237060547
    endloop
  endfacet
  facet normal 0.21814653069828524 -0.9759160266868775 0
    outer loop
      vertex -5.95621395111084 -11.105313301086426 2.799999237060547
      vertex -5.974606513977051 -11.109424591064453 0
      vertex -5.95621395111084 -11.105313301086426 0
    endloop
  endfacet
  facet normal -0.9759160266868775 0.21814653069828524 0
    outer loop
      vertex 6.190574645996094 -11.47460651397705 0
      vertex 6.194685935974121 -11.45621395111084 2.799999237060547
      vertex 6.194685935974121 -11.45621395111084 0
    endloop
  endfacet
  facet normal -0.9759160266868775 0.21814653069828524 0
    outer loop
      vertex 6.194685935974121 -11.45621395111084 2.799999237060547
      vertex 6.190574645996094 -11.47460651397705 0
      vertex 6.190574645996094 -11.47460651397705 2.799999237060547
    endloop
  endfacet
  facet normal 0.27897579257001254 -0.9602981345186157 0
    outer loop
      vertex -5.992704391479492 -11.1146821975708 0
      vertex -5.974606513977051 -11.109424591064453 2.799999237060547
      vertex -5.992704391479492 -11.1146821975708 2.799999237060547
    endloop
  endfacet
  facet normal 0.27897579257001254 -0.9602981345186157 0
    outer loop
      vertex -5.974606513977051 -11.109424591064453 2.799999237060547
      vertex -5.992704391479492 -11.1146821975708 0
      vertex -5.974606513977051 -11.109424591064453 0
    endloop
  endfacet
  facet normal 0.5620816287937686 -0.8270817629306938 0
    outer loop
      vertex -6.0763349533081055 -11.157294273376465 0
      vertex -6.060747146606445 -11.146700859069824 2.799999237060547
      vertex -6.0763349533081055 -11.157294273376465 2.799999237060547
    endloop
  endfacet
  facet normal 0.5620816287937686 -0.8270817629306938 0
    outer loop
      vertex -6.060747146606445 -11.146700859069824 2.799999237060547
      vertex -6.0763349533081055 -11.157294273376465 0
      vertex -6.060747146606445 -11.146700859069824 0
    endloop
  endfacet
  facet normal 0.03142432711320473 -0.9995061338808694 0
    outer loop
      vertex -5.91883659362793 -11.100591659545898 0
      vertex -5.899999618530273 -11.09999942779541 2.799999237060547
      vertex -5.91883659362793 -11.100591659545898 2.799999237060547
    endloop
  endfacet
  facet normal 0.03142432711320473 -0.9995061338808694 0
    outer loop
      vertex -5.899999618530273 -11.09999942779541 2.799999237060547
      vertex -5.91883659362793 -11.100591659545898 0
      vertex -5.899999618530273 -11.09999942779541 0
    endloop
  endfacet
  facet normal 0.9759160266868775 -0.21814653069828524 0
    outer loop
      vertex -6.194685935974121 -11.343785285949707 2.799999237060547
      vertex -6.190574645996094 -11.325392723083496 0
      vertex -6.190574645996094 -11.325392723083496 2.799999237060547
    endloop
  endfacet
  facet normal 0.9759160266868775 -0.21814653069828524 0
    outer loop
      vertex -6.190574645996094 -11.325392723083496 0
      vertex -6.194685935974121 -11.343785285949707 2.799999237060547
      vertex -6.194685935974121 -11.343785285949707 0
    endloop
  endfacet
  facet normal -0.7071067811865476 0.7071067811865476 0
    outer loop
      vertex 6.105363845825195 -11.618690490722656 0
      vertex 6.118690490722656 -11.605363845825195 2.799999237060547
      vertex 6.118690490722656 -11.605363845825195 0
    endloop
  endfacet
  facet normal -0.7071067811865476 0.7071067811865476 0
    outer loop
      vertex 6.118690490722656 -11.605363845825195 2.799999237060547
      vertex 6.105363845825195 -11.618690490722656 0
      vertex 6.105363845825195 -11.618690490722656 2.799999237060547
    endloop
  endfacet
  facet normal -0.8270817629306938 0.5620816287937686 0
    outer loop
      vertex 6.142704963684082 -11.576334953308105 0
      vertex 6.153298377990723 -11.560747146606445 2.799999237060547
      vertex 6.153298377990723 -11.560747146606445 0
    endloop
  endfacet
  facet normal -0.8270817629306938 0.5620816287937686 0
    outer loop
      vertex 6.153298377990723 -11.560747146606445 2.799999237060547
      vertex 6.142704963684082 -11.576334953308105 0
      vertex 6.142704963684082 -11.576334953308105 2.799999237060547
    endloop
  endfacet
  facet normal 0.7071067811865476 -0.7071067811865476 0
    outer loop
      vertex -6.118690490722656 -11.194635391235352 2.799999237060547
      vertex -6.105363845825195 -11.18130874633789 0
      vertex -6.105363845825195 -11.18130874633789 2.799999237060547
    endloop
  endfacet
  facet normal 0.7071067811865476 -0.7071067811865476 0
    outer loop
      vertex -6.105363845825195 -11.18130874633789 0
      vertex -6.118690490722656 -11.194635391235352 2.799999237060547
      vertex -6.118690490722656 -11.194635391235352 0
    endloop
  endfacet
  facet normal 0.7901362790005535 -0.6129312038125971 0
    outer loop
      vertex -6.142704963684082 -11.223664283752441 2.799999237060547
      vertex -6.131153106689453 -11.208772659301758 0
      vertex -6.131153106689453 -11.208772659301758 2.799999237060547
    endloop
  endfacet
  facet normal 0.7901362790005535 -0.6129312038125971 0
    outer loop
      vertex -6.131153106689453 -11.208772659301758 0
      vertex -6.142704963684082 -11.223664283752441 2.799999237060547
      vertex -6.142704963684082 -11.223664283752441 0
    endloop
  endfacet
  facet normal 0 0 -1
    outer loop
      vertex 6.199407577514648 -11.41883659362793 2.799999237060547
      vertex 6.199407577514648 -11.381162643432617 2.799999237060547
      vertex 6.199999809265137 -11.399999618530273 2.799999237060547
    endloop
  endfacet
  facet normal 0 0 -1
    outer loop
      vertex 6.197633743286133 -11.437599182128906 2.799999237060547
      vertex 6.199407577514648 -11.381162643432617 2.799999237060547
      vertex 6.199407577514648 -11.41883659362793 2.799999237060547
    endloop
  endfacet
  facet normal 0 0 -1
    outer loop
      vertex 6.197633743286133 -11.437599182128906 2.799999237060547
      vertex 6.197633743286133 -11.362399101257324 2.799999237060547
      vertex 6.199407577514648 -11.381162643432617 2.799999237060547
    endloop
  endfacet
  facet normal 0 0 -1
    outer loop
      vertex 6.194685935974121 -11.45621395111084 2.799999237060547
      vertex 6.197633743286133 -11.362399101257324 2.799999237060547
      vertex 6.197633743286133 -11.437599182128906 2.799999237060547
    endloop
  endfacet
  facet normal 0 0 -1
    outer loop
      vertex 6.194685935974121 -11.45621395111084 2.799999237060547
      vertex 6.194685935974121 -11.343785285949707 2.799999237060547
      vertex 6.197633743286133 -11.362399101257324 2.799999237060547
    endloop
  endfacet
  facet normal 0 0 -1
    outer loop
      vertex 6.190574645996094 -11.47460651397705 2.799999237060547
      vertex 6.194685935974121 -11.343785285949707 2.799999237060547
      vertex 6.194685935974121 -11.45621395111084 2.799999237060547
    endloop
  endfacet
  facet normal 0 0 -1
    outer loop
      vertex 6.190574645996094 -11.47460651397705 2.799999237060547
      vertex 6.190574645996094 -11.325392723083496 2.799999237060547
      vertex 6.194685935974121 -11.343785285949707 2.799999237060547
    endloop
  endfacet
  facet normal 0 0 -1
    outer loop
      vertex 6.18531608581543 -11.492704391479492 2.799999237060547
      vertex 6.190574645996094 -11.325392723083496 2.799999237060547
      vertex 6.190574645996094 -11.47460651397705 2.799999237060547
    endloop
  endfacet
  facet normal 0 0 -1
    outer loop
      vertex 6.18531608581543 -11.492704391479492 2.799999237060547
      vertex 6.18531608581543 -11.307294845581055 2.799999237060547
      vertex 6.190574645996094 -11.325392723083496 2.799999237060547
    endloop
  endfacet
  facet normal 0 0 -1
    outer loop
      vertex 6.178932189941406 -11.51043701171875 2.799999237060547
      vertex 6.18531608581543 -11.307294845581055 2.799999237060547
      vertex 6.18531608581543 -11.492704391479492 2.799999237060547
    endloop
  endfacet
  facet normal 0 0 -1
    outer loop
      vertex 6.178932189941406 -11.51043701171875 2.799999237060547
      vertex 6.178932189941406 -11.289562225341797 2.799999237060547
      vertex 6.18531608581543 -11.307294845581055 2.799999237060547
    endloop
  endfacet
  facet normal 0 0 -1
    outer loop
      vertex 6.17144775390625 -11.527732849121094 2.799999237060547
      vertex 6.178932189941406 -11.289562225341797 2.799999237060547
      vertex 6.178932189941406 -11.51043701171875 2.799999237060547
    endloop
  endfacet
  facet normal 0 0 -1
    outer loop
      vertex 6.17144775390625 -11.527732849121094 2.799999237060547
      vertex 6.17144775390625 -11.272265434265137 2.799999237060547
      vertex 6.178932189941406 -11.289562225341797 2.799999237060547
    endloop
  endfacet
  facet normal 0 0 -1
    outer loop
      vertex 6.162891387939453 -11.544526100158691 2.799999237060547
      vertex 6.17144775390625 -11.272265434265137 2.799999237060547
      vertex 6.17144775390625 -11.527732849121094 2.799999237060547
    endloop
  endfacet
  facet normal 0 0 -1
    outer loop
      vertex 6.162891387939453 -11.544526100158691 2.799999237060547
      vertex 6.162891387939453 -11.255473136901855 2.799999237060547
      vertex 6.17144775390625 -11.272265434265137 2.799999237060547
    endloop
  endfacet
  facet normal 0 0 -1
    outer loop
      vertex 6.153298377990723 -11.560747146606445 2.799999237060547
      vertex 6.162891387939453 -11.255473136901855 2.799999237060547
      vertex 6.162891387939453 -11.544526100158691 2.799999237060547
    endloop
  endfacet
  facet normal 0 0 -1
    outer loop
      vertex 6.153298377990723 -11.560747146606445 2.799999237060547
      vertex 6.153298377990723 -11.239251136779785 2.799999237060547
      vertex 6.162891387939453 -11.255473136901855 2.799999237060547
    endloop
  endfacet
  facet normal 0 0 -1
    outer loop
      vertex 6.142704963684082 -11.576334953308105 2.799999237060547
      vertex 6.153298377990723 -11.239251136779785 2.799999237060547
      vertex 6.153298377990723 -11.560747146606445 2.799999237060547
    endloop
  endfacet
  facet normal 0 0 -1
    outer loop
      vertex 6.142704963684082 -11.576334953308105 2.799999237060547
      vertex 6.142704963684082 -11.223664283752441 2.799999237060547
      vertex 6.153298377990723 -11.239251136779785 2.799999237060547
    endloop
  endfacet
  facet normal 0 0 -1
    outer loop
      vertex 6.131153106689453 -11.591226577758789 2.799999237060547
      vertex 6.142704963684082 -11.223664283752441 2.799999237060547
      vertex 6.142704963684082 -11.576334953308105 2.799999237060547
    endloop
  endfacet
  facet normal 0 0 -1
    outer loop
      vertex 6.131153106689453 -11.591226577758789 2.799999237060547
      vertex 6.131153106689453 -11.208772659301758 2.799999237060547
      vertex 6.142704963684082 -11.223664283752441 2.799999237060547
    endloop
  endfacet
  facet normal 0 0 -1
    outer loop
      vertex 6.118690490722656 -11.605363845825195 2.799999237060547
      vertex 6.131153106689453 -11.208772659301758 2.799999237060547
      vertex 6.131153106689453 -11.591226577758789 2.799999237060547
    endloop
  endfacet
  facet normal 0 0 -1
    outer loop
      vertex 6.118690490722656 -11.605363845825195 2.799999237060547
      vertex 6.118690490722656 -11.194635391235352 2.799999237060547
      vertex 6.131153106689453 -11.208772659301758 2.799999237060547
    endloop
  endfacet
  facet normal 0 0 -1
    outer loop
      vertex 6.105363845825195 -11.618690490722656 2.799999237060547
      vertex 6.118690490722656 -11.194635391235352 2.799999237060547
      vertex 6.118690490722656 -11.605363845825195 2.799999237060547
    endloop
  endfacet
  facet normal 0 0 -1
    outer loop
      vertex 6.105363845825195 -11.618690490722656 2.799999237060547
      vertex 6.105363845825195 -11.18130874633789 2.799999237060547
      vertex 6.118690490722656 -11.194635391235352 2.799999237060547
    endloop
  endfacet
  facet normal 0 0 -1
    outer loop
      vertex 6.091226577758789 -11.631153106689453 2.799999237060547
      vertex 6.105363845825195 -11.18130874633789 2.799999237060547
      vertex 6.105363845825195 -11.618690490722656 2.799999237060547
    endloop
  endfacet
  facet normal 0 0 -1
    outer loop
      vertex 6.091226577758789 -11.631153106689453 2.799999237060547
      vertex 6.091226577758789 -11.168845176696777 2.799999237060547
      vertex 6.105363845825195 -11.18130874633789 2.799999237060547
    endloop
  endfacet
  facet normal 0 0 -1
    outer loop
      vertex 6.0763349533081055 -11.642704963684082 2.799999237060547
      vertex 6.091226577758789 -11.168845176696777 2.799999237060547
      vertex 6.091226577758789 -11.631153106689453 2.799999237060547
    endloop
  endfacet
  facet normal 0 0 -1
    outer loop
      vertex 6.0763349533081055 -11.642704963684082 2.799999237060547
      vertex 6.0763349533081055 -11.157294273376465 2.799999237060547
      vertex 6.091226577758789 -11.168845176696777 2.799999237060547
    endloop
  endfacet
  facet normal 0 0 -1
    outer loop
      vertex 6.060747146606445 -11.653298377990723 2.799999237060547
      vertex 6.0763349533081055 -11.157294273376465 2.799999237060547
      vertex 6.0763349533081055 -11.642704963684082 2.799999237060547
    endloop
  endfacet
  facet normal 0 0 -1
    outer loop
      vertex 6.060747146606445 -11.653298377990723 2.799999237060547
      vertex 6.060747146606445 -11.146700859069824 2.799999237060547
      vertex 6.0763349533081055 -11.157294273376465 2.799999237060547
    endloop
  endfacet
  facet normal 0 0 -1
    outer loop
      vertex 6.044526100158691 -11.662891387939453 2.799999237060547
      vertex 6.060747146606445 -11.146700859069824 2.799999237060547
      vertex 6.060747146606445 -11.653298377990723 2.799999237060547
    endloop
  endfacet
  facet normal 0 0 -1
    outer loop
      vertex 6.044526100158691 -11.662891387939453 2.799999237060547
      vertex 6.044526100158691 -11.137107849121094 2.799999237060547
      vertex 6.060747146606445 -11.146700859069824 2.799999237060547
    endloop
  endfacet
  facet normal 0 0 -1
    outer loop
      vertex 6.027732849121094 -11.67144775390625 2.799999237060547
      vertex 6.044526100158691 -11.137107849121094 2.799999237060547
      vertex 6.044526100158691 -11.662891387939453 2.799999237060547
    endloop
  endfacet
  facet normal 0 0 -1
    outer loop
      vertex 6.027732849121094 -11.67144775390625 2.799999237060547
      vertex 6.027732849121094 -11.128551483154297 2.799999237060547
      vertex 6.044526100158691 -11.137107849121094 2.799999237060547
    endloop
  endfacet
  facet normal 0 0 -1
    outer loop
      vertex 6.01043701171875 -11.678932189941406 2.799999237060547
      vertex 6.027732849121094 -11.128551483154297 2.799999237060547
      vertex 6.027732849121094 -11.67144775390625 2.799999237060547
    endloop
  endfacet
  facet normal 0 0 -1
    outer loop
      vertex 6.01043701171875 -11.678932189941406 2.799999237060547
      vertex 6.01043701171875 -11.12106704711914 2.799999237060547
      vertex 6.027732849121094 -11.128551483154297 2.799999237060547
    endloop
  endfacet
  facet normal 0 0 -1
    outer loop
      vertex 5.992704391479492 -11.68531608581543 2.799999237060547
      vertex 6.01043701171875 -11.12106704711914 2.799999237060547
      vertex 6.01043701171875 -11.678932189941406 2.799999237060547
    endloop
  endfacet
  facet normal 0 0 -1
    outer loop
      vertex 5.992704391479492 -11.68531608581543 2.799999237060547
      vertex 5.992704391479492 -11.1146821975708 2.799999237060547
      vertex 6.01043701171875 -11.12106704711914 2.799999237060547
    endloop
  endfacet
  facet normal 0 0 -1
    outer loop
      vertex 5.974606513977051 -11.690574645996094 2.799999237060547
      vertex 5.992704391479492 -11.1146821975708 2.799999237060547
      vertex 5.992704391479492 -11.68531608581543 2.799999237060547
    endloop
  endfacet
  facet normal 0 0 -1
    outer loop
      vertex 5.974606513977051 -11.690574645996094 2.799999237060547
      vertex 5.974606513977051 -11.109424591064453 2.799999237060547
      vertex 5.992704391479492 -11.1146821975708 2.799999237060547
    endloop
  endfacet
  facet normal 0 0 -1
    outer loop
      vertex 5.95621395111084 -11.694685935974121 2.799999237060547
      vertex 5.974606513977051 -11.109424591064453 2.799999237060547
      vertex 5.974606513977051 -11.690574645996094 2.799999237060547
    endloop
  endfacet
  facet normal 0 0 -1
    outer loop
      vertex 5.95621395111084 -11.694685935974121 2.799999237060547
      vertex 5.95621395111084 -11.105313301086426 2.799999237060547
      vertex 5.974606513977051 -11.109424591064453 2.799999237060547
    endloop
  endfacet
  facet normal 0 0 -1
    outer loop
      vertex 5.937599182128906 -11.697633743286133 2.799999237060547
      vertex 5.95621395111084 -11.105313301086426 2.799999237060547
      vertex 5.95621395111084 -11.694685935974121 2.799999237060547
    endloop
  endfacet
  facet normal 0 0 -1
    outer loop
      vertex 5.937599182128906 -11.697633743286133 2.799999237060547
      vertex 5.937599182128906 -11.102365493774414 2.799999237060547
      vertex 5.95621395111084 -11.105313301086426 2.799999237060547
    endloop
  endfacet
  facet normal 0 0 -1
    outer loop
      vertex 5.91883659362793 -11.699407577514648 2.799999237060547
      vertex 5.937599182128906 -11.102365493774414 2.799999237060547
      vertex 5.937599182128906 -11.697633743286133 2.799999237060547
    endloop
  endfacet
  facet normal 0 0 -1
    outer loop
      vertex 5.91883659362793 -11.699407577514648 2.799999237060547
      vertex 5.91883659362793 -11.100591659545898 2.799999237060547
      vertex 5.937599182128906 -11.102365493774414 2.799999237060547
    endloop
  endfacet
  facet normal 0 0 -1
    outer loop
      vertex 5.899999618530273 -11.699999809265137 2.799999237060547
      vertex 5.91883659362793 -11.100591659545898 2.799999237060547
      vertex 5.91883659362793 -11.699407577514648 2.799999237060547
    endloop
  endfacet
  facet normal 0 0 -1
    outer loop
      vertex 5.899999618530273 -11.699999809265137 2.799999237060547
      vertex 5.899999618530273 -11.09999942779541 2.799999237060547
      vertex 5.91883659362793 -11.100591659545898 2.799999237060547
    endloop
  endfacet
  facet normal 0 0 -1
    outer loop
      vertex -5.899999618530273 -11.699999809265137 2.799999237060547
      vertex 5.899999618530273 -11.09999942779541 2.799999237060547
      vertex 5.899999618530273 -11.699999809265137 2.799999237060547
    endloop
  endfacet
  facet normal 0 0 -1
    outer loop
      vertex -5.899999618530273 -11.699999809265137 2.799999237060547
      vertex -5.899999618530273 -11.09999942779541 2.799999237060547
      vertex 5.899999618530273 -11.09999942779541 2.799999237060547
    endloop
  endfacet
  facet normal 0 0 -1
    outer loop
      vertex -5.91883659362793 -11.699407577514648 2.799999237060547
      vertex -5.899999618530273 -11.09999942779541 2.799999237060547
      vertex -5.899999618530273 -11.699999809265137 2.799999237060547
    endloop
  endfacet
  facet normal 0 0 -1
    outer loop
      vertex -5.91883659362793 -11.699407577514648 2.799999237060547
      vertex -5.91883659362793 -11.100591659545898 2.799999237060547
      vertex -5.899999618530273 -11.09999942779541 2.799999237060547
    endloop
  endfacet
  facet normal 0 0 -1
    outer loop
      vertex -5.937599182128906 -11.697633743286133 2.799999237060547
      vertex -5.91883659362793 -11.100591659545898 2.799999237060547
      vertex -5.91883659362793 -11.699407577514648 2.799999237060547
    endloop
  endfacet
  facet normal 0 0 -1
    outer loop
      vertex -5.937599182128906 -11.697633743286133 2.799999237060547
      vertex -5.937599182128906 -11.102365493774414 2.799999237060547
      vertex -5.91883659362793 -11.100591659545898 2.799999237060547
    endloop
  endfacet
  facet normal 0 0 -1
    outer loop
      vertex -5.95621395111084 -11.694685935974121 2.799999237060547
      vertex -5.937599182128906 -11.102365493774414 2.799999237060547
      vertex -5.937599182128906 -11.697633743286133 2.799999237060547
    endloop
  endfacet
  facet normal 0 0 -1
    outer loop
      vertex -5.95621395111084 -11.694685935974121 2.799999237060547
      vertex -5.95621395111084 -11.105313301086426 2.799999237060547
      vertex -5.937599182128906 -11.102365493774414 2.799999237060547
    endloop
  endfacet
  facet normal 0 0 -1
    outer loop
      vertex -5.974606513977051 -11.690574645996094 2.799999237060547
      vertex -5.95621395111084 -11.105313301086426 2.799999237060547
      vertex -5.95621395111084 -11.694685935974121 2.799999237060547
    endloop
  endfacet
  facet normal 0 0 -1
    outer loop
      vertex -5.974606513977051 -11.690574645996094 2.799999237060547
      vertex -5.974606513977051 -11.109424591064453 2.799999237060547
      vertex -5.95621395111084 -11.105313301086426 2.799999237060547
    endloop
  endfacet
  facet normal 0 0 -1
    outer loop
      vertex -5.992704391479492 -11.68531608581543 2.799999237060547
      vertex -5.974606513977051 -11.109424591064453 2.799999237060547
      vertex -5.974606513977051 -11.690574645996094 2.799999237060547
    endloop
  endfacet
  facet normal 0 0 -1
    outer loop
      vertex -5.992704391479492 -11.68531608581543 2.799999237060547
      vertex -5.992704391479492 -11.1146821975708 2.799999237060547
      vertex -5.974606513977051 -11.109424591064453 2.799999237060547
    endloop
  endfacet
  facet normal 0 0 -1
    outer loop
      vertex -6.01043701171875 -11.678932189941406 2.799999237060547
      vertex -5.992704391479492 -11.1146821975708 2.799999237060547
      vertex -5.992704391479492 -11.68531608581543 2.799999237060547
    endloop
  endfacet
  facet normal 0 0 -1
    outer loop
      vertex -6.01043701171875 -11.678932189941406 2.799999237060547
      vertex -6.01043701171875 -11.12106704711914 2.799999237060547
      vertex -5.992704391479492 -11.1146821975708 2.799999237060547
    endloop
  endfacet
  facet normal 0 0 -1
    outer loop
      vertex -6.027732849121094 -11.67144775390625 2.799999237060547
      vertex -6.01043701171875 -11.12106704711914 2.799999237060547
      vertex -6.01043701171875 -11.678932189941406 2.799999237060547
    endloop
  endfacet
  facet normal 0 0 -1
    outer loop
      vertex -6.027732849121094 -11.67144775390625 2.799999237060547
      vertex -6.027732849121094 -11.128551483154297 2.799999237060547
      vertex -6.01043701171875 -11.12106704711914 2.799999237060547
    endloop
  endfacet
  facet normal 0 0 -1
    outer loop
      vertex -6.044526100158691 -11.662891387939453 2.799999237060547
      vertex -6.027732849121094 -11.128551483154297 2.799999237060547
      vertex -6.027732849121094 -11.67144775390625 2.799999237060547
    endloop
  endfacet
  facet normal 0 0 -1
    outer loop
      vertex -6.044526100158691 -11.662891387939453 2.799999237060547
      vertex -6.044526100158691 -11.137107849121094 2.799999237060547
      vertex -6.027732849121094 -11.128551483154297 2.799999237060547
    endloop
  endfacet
  facet normal 0 0 -1
    outer loop
      vertex -6.060747146606445 -11.653298377990723 2.799999237060547
      vertex -6.044526100158691 -11.137107849121094 2.799999237060547
      vertex -6.044526100158691 -11.662891387939453 2.799999237060547
    endloop
  endfacet
  facet normal 0 0 -1
    outer loop
      vertex -6.060747146606445 -11.653298377990723 2.799999237060547
      vertex -6.060747146606445 -11.146700859069824 2.799999237060547
      vertex -6.044526100158691 -11.137107849121094 2.799999237060547
    endloop
  endfacet
  facet normal 0 0 -1
    outer loop
      vertex -6.0763349533081055 -11.642704963684082 2.799999237060547
      vertex -6.060747146606445 -11.146700859069824 2.799999237060547
      vertex -6.060747146606445 -11.653298377990723 2.799999237060547
    endloop
  endfacet
  facet normal 0 0 -1
    outer loop
      vertex -6.0763349533081055 -11.642704963684082 2.799999237060547
      vertex -6.0763349533081055 -11.157294273376465 2.799999237060547
      vertex -6.060747146606445 -11.146700859069824 2.799999237060547
    endloop
  endfacet
  facet normal 0 0 -1
    outer loop
      vertex -6.091226577758789 -11.631153106689453 2.799999237060547
      vertex -6.0763349533081055 -11.157294273376465 2.799999237060547
      vertex -6.0763349533081055 -11.642704963684082 2.799999237060547
    endloop
  endfacet
  facet normal 0 0 -1
    outer loop
      vertex -6.091226577758789 -11.631153106689453 2.799999237060547
      vertex -6.091226577758789 -11.168845176696777 2.799999237060547
      vertex -6.0763349533081055 -11.157294273376465 2.799999237060547
    endloop
  endfacet
  facet normal 0 0 -1
    outer loop
      vertex -6.105363845825195 -11.618690490722656 2.799999237060547
      vertex -6.091226577758789 -11.168845176696777 2.799999237060547
      vertex -6.091226577758789 -11.631153106689453 2.799999237060547
    endloop
  endfacet
  facet normal 0 0 -1
    outer loop
      vertex -6.105363845825195 -11.618690490722656 2.799999237060547
      vertex -6.105363845825195 -11.18130874633789 2.799999237060547
      vertex -6.091226577758789 -11.168845176696777 2.799999237060547
    endloop
  endfacet
  facet normal 0 0 -1
    outer loop
      vertex -6.118690490722656 -11.605363845825195 2.799999237060547
      vertex -6.105363845825195 -11.18130874633789 2.799999237060547
      vertex -6.105363845825195 -11.618690490722656 2.799999237060547
    endloop
  endfacet
  facet normal 0 0 -1
    outer loop
      vertex -6.118690490722656 -11.605363845825195 2.799999237060547
      vertex -6.118690490722656 -11.194635391235352 2.799999237060547
      vertex -6.105363845825195 -11.18130874633789 2.799999237060547
    endloop
  endfacet
  facet normal 0 0 -1
    outer loop
      vertex -6.131153106689453 -11.591226577758789 2.799999237060547
      vertex -6.118690490722656 -11.194635391235352 2.799999237060547
      vertex -6.118690490722656 -11.605363845825195 2.799999237060547
    endloop
  endfacet
  facet normal 0 0 -1
    outer loop
      vertex -6.131153106689453 -11.591226577758789 2.799999237060547
      vertex -6.131153106689453 -11.208772659301758 2.799999237060547
      vertex -6.118690490722656 -11.194635391235352 2.799999237060547
    endloop
  endfacet
  facet normal 0 0 -1
    outer loop
      vertex -6.142704963684082 -11.576334953308105 2.799999237060547
      vertex -6.131153106689453 -11.208772659301758 2.799999237060547
      vertex -6.131153106689453 -11.591226577758789 2.799999237060547
    endloop
  endfacet
  facet normal 0 0 -1
    outer loop
      vertex -6.142704963684082 -11.576334953308105 2.799999237060547
      vertex -6.142704963684082 -11.223664283752441 2.799999237060547
      vertex -6.131153106689453 -11.208772659301758 2.799999237060547
    endloop
  endfacet
  facet normal 0 0 -1
    outer loop
      vertex -6.153298377990723 -11.560747146606445 2.799999237060547
      vertex -6.142704963684082 -11.223664283752441 2.799999237060547
      vertex -6.142704963684082 -11.576334953308105 2.799999237060547
    endloop
  endfacet
  facet normal 0 0 -1
    outer loop
      vertex -6.153298377990723 -11.560747146606445 2.799999237060547
      vertex -6.153298377990723 -11.239251136779785 2.799999237060547
      vertex -6.142704963684082 -11.223664283752441 2.799999237060547
    endloop
  endfacet
  facet normal 0 0 -1
    outer loop
      vertex -6.162891387939453 -11.544526100158691 2.799999237060547
      vertex -6.153298377990723 -11.239251136779785 2.799999237060547
      vertex -6.153298377990723 -11.560747146606445 2.799999237060547
    endloop
  endfacet
  facet normal 0 0 -1
    outer loop
      vertex -6.162891387939453 -11.544526100158691 2.799999237060547
      vertex -6.162891387939453 -11.255473136901855 2.799999237060547
      vertex -6.153298377990723 -11.239251136779785 2.799999237060547
    endloop
  endfacet
  facet normal 0 0 -1
    outer loop
      vertex -6.17144775390625 -11.527732849121094 2.799999237060547
      vertex -6.162891387939453 -11.255473136901855 2.799999237060547
      vertex -6.162891387939453 -11.544526100158691 2.799999237060547
    endloop
  endfacet
  facet normal 0 0 -1
    outer loop
      vertex -6.17144775390625 -11.527732849121094 2.799999237060547
      vertex -6.17144775390625 -11.272265434265137 2.799999237060547
      vertex -6.162891387939453 -11.255473136901855 2.799999237060547
    endloop
  endfacet
  facet normal 0 0 -1
    outer loop
      vertex -6.178932189941406 -11.51043701171875 2.799999237060547
      vertex -6.17144775390625 -11.272265434265137 2.799999237060547
      vertex -6.17144775390625 -11.527732849121094 2.799999237060547
    endloop
  endfacet
  facet normal 0 0 -1
    outer loop
      vertex -6.178932189941406 -11.51043701171875 2.799999237060547
      vertex -6.178932189941406 -11.289562225341797 2.799999237060547
      vertex -6.17144775390625 -11.272265434265137 2.799999237060547
    endloop
  endfacet
  facet normal 0 0 -1
    outer loop
      vertex -6.18531608581543 -11.492704391479492 2.799999237060547
      vertex -6.178932189941406 -11.289562225341797 2.799999237060547
      vertex -6.178932189941406 -11.51043701171875 2.799999237060547
    endloop
  endfacet
  facet normal 0 0 -1
    outer loop
      vertex -6.18531608581543 -11.492704391479492 2.799999237060547
      vertex -6.18531608581543 -11.307294845581055 2.799999237060547
      vertex -6.178932189941406 -11.289562225341797 2.799999237060547
    endloop
  endfacet
  facet normal 0 0 -1
    outer loop
      vertex -6.190574645996094 -11.47460651397705 2.799999237060547
      vertex -6.18531608581543 -11.307294845581055 2.799999237060547
      vertex -6.18531608581543 -11.492704391479492 2.799999237060547
    endloop
  endfacet
  facet normal 0 0 -1
    outer loop
      vertex -6.190574645996094 -11.47460651397705 2.799999237060547
      vertex -6.190574645996094 -11.325392723083496 2.799999237060547
      vertex -6.18531608581543 -11.307294845581055 2.799999237060547
    endloop
  endfacet
  facet normal 0 0 -1
    outer loop
      vertex -6.194685935974121 -11.45621395111084 2.799999237060547
      vertex -6.190574645996094 -11.325392723083496 2.799999237060547
      vertex -6.190574645996094 -11.47460651397705 2.799999237060547
    endloop
  endfacet
  facet normal 0 0 -1
    outer loop
      vertex -6.194685935974121 -11.45621395111084 2.799999237060547
      vertex -6.194685935974121 -11.343785285949707 2.799999237060547
      vertex -6.190574645996094 -11.325392723083496 2.799999237060547
    endloop
  endfacet
  facet normal 0 0 -1
    outer loop
      vertex -6.197633743286133 -11.437599182128906 2.799999237060547
      vertex -6.194685935974121 -11.343785285949707 2.799999237060547
      vertex -6.194685935974121 -11.45621395111084 2.799999237060547
    endloop
  endfacet
  facet normal 0 0 -1
    outer loop
      vertex -6.197633743286133 -11.437599182128906 2.799999237060547
      vertex -6.197633743286133 -11.362399101257324 2.799999237060547
      vertex -6.194685935974121 -11.343785285949707 2.799999237060547
    endloop
  endfacet
  facet normal 0 0 -1
    outer loop
      vertex -6.199407577514648 -11.41883659362793 2.799999237060547
      vertex -6.197633743286133 -11.362399101257324 2.799999237060547
      vertex -6.197633743286133 -11.437599182128906 2.799999237060547
    endloop
  endfacet
  facet normal 0 0 -1
    outer loop
      vertex -6.199407577514648 -11.41883659362793 2.799999237060547
      vertex -6.199407577514648 -11.381162643432617 2.799999237060547
      vertex -6.197633743286133 -11.362399101257324 2.799999237060547
    endloop
  endfacet
  facet normal 0 0 -1
    outer loop
      vertex -6.199407577514648 -11.381162643432617 2.799999237060547
      vertex -6.199407577514648 -11.41883659362793 2.799999237060547
      vertex -6.199999809265137 -11.399999618530273 2.799999237060547
    endloop
  endfacet
  facet normal 0.9177573557291627 0.3971415818131048 0
    outer loop
      vertex -6.17144775390625 -11.527732849121094 2.799999237060547
      vertex -6.178932189941406 -11.51043701171875 0
      vertex -6.178932189941406 -11.51043701171875 2.799999237060547
    endloop
  endfacet
  facet normal 0.9177573557291627 0.3971415818131048 0
    outer loop
      vertex -6.178932189941406 -11.51043701171875 0
      vertex -6.17144775390625 -11.527732849121094 2.799999237060547
      vertex -6.17144775390625 -11.527732849121094 0
    endloop
  endfacet
  facet normal -0.21814653069828524 0.9759160266868775 0
    outer loop
      vertex 5.974606513977051 -11.690574645996094 0
      vertex 5.95621395111084 -11.694685935974121 2.799999237060547
      vertex 5.974606513977051 -11.690574645996094 2.799999237060547
    endloop
  endfacet
  facet normal -0.21814653069828524 0.9759160266868775 0
    outer loop
      vertex 5.95621395111084 -11.694685935974121 2.799999237060547
      vertex 5.974606513977051 -11.690574645996094 0
      vertex 5.95621395111084 -11.694685935974121 0
    endloop
  endfacet
  facet normal -0.09412132591765666 -0.9955607344645039 0
    outer loop
      vertex 5.91883659362793 -11.100591659545898 0
      vertex 5.937599182128906 -11.102365493774414 2.799999237060547
      vertex 5.91883659362793 -11.100591659545898 2.799999237060547
    endloop
  endfacet
  facet normal -0.09412132591765666 -0.9955607344645039 0
    outer loop
      vertex 5.937599182128906 -11.102365493774414 2.799999237060547
      vertex 5.91883659362793 -11.100591659545898 0
      vertex 5.937599182128906 -11.102365493774414 0
    endloop
  endfacet
  facet normal -0.8607441236376201 0.5090378705197731 0
    outer loop
      vertex 6.153298377990723 -11.560747146606445 0
      vertex 6.162891387939453 -11.544526100158691 2.799999237060547
      vertex 6.162891387939453 -11.544526100158691 0
    endloop
  endfacet
  facet normal -0.8607441236376201 0.5090378705197731 0
    outer loop
      vertex 6.162891387939453 -11.544526100158691 2.799999237060547
      vertex 6.153298377990723 -11.560747146606445 0
      vertex 6.153298377990723 -11.560747146606445 2.799999237060547
    endloop
  endfacet
  facet normal -0.9759160266868775 -0.21814653069828524 0
    outer loop
      vertex 6.194685935974121 -11.343785285949707 0
      vertex 6.190574645996094 -11.325392723083496 2.799999237060547
      vertex 6.190574645996094 -11.325392723083496 0
    endloop
  endfacet
  facet normal -0.9759160266868775 -0.21814653069828524 0
    outer loop
      vertex 6.190574645996094 -11.325392723083496 2.799999237060547
      vertex 6.194685935974121 -11.343785285949707 0
      vertex 6.194685935974121 -11.343785285949707 2.799999237060547
    endloop
  endfacet
  facet normal -0.7901362790005535 -0.6129312038125971 0
    outer loop
      vertex 6.142704963684082 -11.223664283752441 0
      vertex 6.131153106689453 -11.208772659301758 2.799999237060547
      vertex 6.131153106689453 -11.208772659301758 0
    endloop
  endfacet
  facet normal -0.7901362790005535 -0.6129312038125971 0
    outer loop
      vertex 6.131153106689453 -11.208772659301758 2.799999237060547
      vertex 6.142704963684082 -11.223664283752441 0
      vertex 6.142704963684082 -11.223664283752441 2.799999237060547
    endloop
  endfacet
  facet normal 0.8270657750990594 -0.5621051535609614 0
    outer loop
      vertex -6.153298377990723 -11.239251136779785 2.799999237060547
      vertex -6.142704963684082 -11.223664283752441 0
      vertex -6.142704963684082 -11.223664283752441 2.799999237060547
    endloop
  endfacet
  facet normal 0.8270657750990594 -0.5621051535609614 0
    outer loop
      vertex -6.142704963684082 -11.223664283752441 0
      vertex -6.153298377990723 -11.239251136779785 2.799999237060547
      vertex -6.153298377990723 -11.239251136779785 0
    endloop
  endfacet
  facet normal -0.3971415818131048 -0.9177573557291627 0
    outer loop
      vertex 6.01043701171875 -11.12106704711914 0
      vertex 6.027732849121094 -11.128551483154297 2.799999237060547
      vertex 6.01043701171875 -11.12106704711914 2.799999237060547
    endloop
  endfacet
  facet normal -0.3971415818131048 -0.9177573557291627 0
    outer loop
      vertex 6.027732849121094 -11.128551483154297 2.799999237060547
      vertex 6.01043701171875 -11.12106704711914 0
      vertex 6.027732849121094 -11.128551483154297 0
    endloop
  endfacet
  facet normal -0.9602845769652638 0.2790224565203386 0
    outer loop
      vertex 6.18531608581543 -11.492704391479492 0
      vertex 6.190574645996094 -11.47460651397705 2.799999237060547
      vertex 6.190574645996094 -11.47460651397705 0
    endloop
  endfacet
  facet normal -0.9602845769652638 0.2790224565203386 0
    outer loop
      vertex 6.190574645996094 -11.47460651397705 2.799999237060547
      vertex 6.18531608581543 -11.492704391479492 0
      vertex 6.18531608581543 -11.492704391479492 2.799999237060547
    endloop
  endfacet
  facet normal -0.9955607344645039 0.09412132591765666 0
    outer loop
      vertex 6.197633743286133 -11.437599182128906 0
      vertex 6.199407577514648 -11.41883659362793 2.799999237060547
      vertex 6.199407577514648 -11.41883659362793 0
    endloop
  endfacet
  facet normal -0.9955607344645039 0.09412132591765666 0
    outer loop
      vertex 6.199407577514648 -11.41883659362793 2.799999237060547
      vertex 6.197633743286133 -11.437599182128906 0
      vertex 6.197633743286133 -11.437599182128906 2.799999237060547
    endloop
  endfacet
  facet normal -0.9177653365366643 -0.3971231383988389 0
    outer loop
      vertex 6.178932189941406 -11.289562225341797 0
      vertex 6.17144775390625 -11.272265434265137 2.799999237060547
      vertex 6.17144775390625 -11.272265434265137 0
    endloop
  endfacet
  facet normal -0.9177653365366643 -0.3971231383988389 0
    outer loop
      vertex 6.17144775390625 -11.272265434265137 2.799999237060547
      vertex 6.178932189941406 -11.289562225341797 0
      vertex 6.178932189941406 -11.289562225341797 2.799999237060547
    endloop
  endfacet
  facet normal -0.3387266356183068 0.9408848315934861 0
    outer loop
      vertex 6.01043701171875 -11.678932189941406 0
      vertex 5.992704391479492 -11.68531608581543 2.799999237060547
      vertex 6.01043701171875 -11.678932189941406 2.799999237060547
    endloop
  endfacet
  facet normal -0.3387266356183068 0.9408848315934861 0
    outer loop
      vertex 5.992704391479492 -11.68531608581543 2.799999237060547
      vertex 6.01043701171875 -11.678932189941406 0
      vertex 5.992704391479492 -11.68531608581543 0
    endloop
  endfacet
  facet normal 0.5090378705197731 0.8607441236376201 0
    outer loop
      vertex -6.044526100158691 -11.662891387939453 0
      vertex -6.060747146606445 -11.653298377990723 2.799999237060547
      vertex -6.044526100158691 -11.662891387939453 2.799999237060547
    endloop
  endfacet
  facet normal 0.5090378705197731 0.8607441236376201 0
    outer loop
      vertex -6.060747146606445 -11.653298377990723 2.799999237060547
      vertex -6.044526100158691 -11.662891387939453 0
      vertex -6.060747146606445 -11.653298377990723 0
    endloop
  endfacet
  facet normal 0.8910008770345684 -0.45400158273251634 0
    outer loop
      vertex -6.17144775390625 -11.272265434265137 2.799999237060547
      vertex -6.162891387939453 -11.255473136901855 0
      vertex -6.162891387939453 -11.255473136901855 2.799999237060547
    endloop
  endfacet
  facet normal 0.8910008770345684 -0.45400158273251634 0
    outer loop
      vertex -6.162891387939453 -11.255473136901855 0
      vertex -6.17144775390625 -11.272265434265137 2.799999237060547
      vertex -6.17144775390625 -11.272265434265137 0
    endloop
  endfacet
  facet normal -0.6129312038125971 0.7901362790005535 0
    outer loop
      vertex 6.091226577758789 -11.631153106689453 0
      vertex 6.0763349533081055 -11.642704963684082 2.799999237060547
      vertex 6.091226577758789 -11.631153106689453 2.799999237060547
    endloop
  endfacet
  facet normal -0.6129312038125971 0.7901362790005535 0
    outer loop
      vertex 6.0763349533081055 -11.642704963684082 2.799999237060547
      vertex 6.091226577758789 -11.631153106689453 0
      vertex 6.0763349533081055 -11.642704963684082 0
    endloop
  endfacet
  facet normal -0.9408848315934861 -0.3387266356183068 0
    outer loop
      vertex 6.18531608581543 -11.307294845581055 0
      vertex 6.178932189941406 -11.289562225341797 2.799999237060547
      vertex 6.178932189941406 -11.289562225341797 0
    endloop
  endfacet
  facet normal -0.9408848315934861 -0.3387266356183068 0
    outer loop
      vertex 6.178932189941406 -11.289562225341797 2.799999237060547
      vertex 6.18531608581543 -11.307294845581055 0
      vertex 6.18531608581543 -11.307294845581055 2.799999237060547
    endloop
  endfacet
  facet normal 0.7501390329139643 -0.6612801458526502 0
    outer loop
      vertex -6.131153106689453 -11.208772659301758 2.799999237060547
      vertex -6.118690490722656 -11.194635391235352 0
      vertex -6.118690490722656 -11.194635391235352 2.799999237060547
    endloop
  endfacet
  facet normal 0.7501390329139643 -0.6612801458526502 0
    outer loop
      vertex -6.118690490722656 -11.194635391235352 0
      vertex -6.131153106689453 -11.208772659301758 2.799999237060547
      vertex -6.131153106689453 -11.208772659301758 0
    endloop
  endfacet
  facet normal 0.987692295522357 0.15640949256927125 0
    outer loop
      vertex -6.194685935974121 -11.45621395111084 2.799999237060547
      vertex -6.197633743286133 -11.437599182128906 0
      vertex -6.197633743286133 -11.437599182128906 2.799999237060547
    endloop
  endfacet
  facet normal 0.987692295522357 0.15640949256927125 0
    outer loop
      vertex -6.197633743286133 -11.437599182128906 0
      vertex -6.194685935974121 -11.45621395111084 2.799999237060547
      vertex -6.194685935974121 -11.45621395111084 0
    endloop
  endfacet
  facet normal -0.4539811142068577 0.8910113062938652 0
    outer loop
      vertex 6.044526100158691 -11.662891387939453 0
      vertex 6.027732849121094 -11.67144775390625 2.799999237060547
      vertex 6.044526100158691 -11.662891387939453 2.799999237060547
    endloop
  endfacet
  facet normal -0.4539811142068577 0.8910113062938652 0
    outer loop
      vertex 6.027732849121094 -11.67144775390625 2.799999237060547
      vertex 6.044526100158691 -11.662891387939453 0
      vertex 6.027732849121094 -11.67144775390625 0
    endloop
  endfacet
  facet normal 0.7901362790005535 0.6129312038125971 0
    outer loop
      vertex -6.131153106689453 -11.591226577758789 2.799999237060547
      vertex -6.142704963684082 -11.576334953308105 0
      vertex -6.142704963684082 -11.576334953308105 2.799999237060547
    endloop
  endfacet
  facet normal 0.7901362790005535 0.6129312038125971 0
    outer loop
      vertex -6.142704963684082 -11.576334953308105 0
      vertex -6.131153106689453 -11.591226577758789 2.799999237060547
      vertex -6.131153106689453 -11.591226577758789 0
    endloop
  endfacet
  facet normal -0.33877143019208855 -0.9408687039569372 0
    outer loop
      vertex 5.992704391479492 -11.1146821975708 0
      vertex 6.01043701171875 -11.12106704711914 2.799999237060547
      vertex 5.992704391479492 -11.1146821975708 2.799999237060547
    endloop
  endfacet
  facet normal -0.33877143019208855 -0.9408687039569372 0
    outer loop
      vertex 6.01043701171875 -11.12106704711914 2.799999237060547
      vertex 5.992704391479492 -11.1146821975708 0
      vertex 6.01043701171875 -11.12106704711914 0
    endloop
  endfacet
  facet normal 0.8607441236376201 0.5090378705197731 0
    outer loop
      vertex -6.153298377990723 -11.560747146606445 2.799999237060547
      vertex -6.162891387939453 -11.544526100158691 0
      vertex -6.162891387939453 -11.544526100158691 2.799999237060547
    endloop
  endfacet
  facet normal 0.8607441236376201 0.5090378705197731 0
    outer loop
      vertex -6.162891387939453 -11.544526100158691 0
      vertex -6.153298377990723 -11.560747146606445 2.799999237060547
      vertex -6.153298377990723 -11.560747146606445 0
    endloop
  endfacet
  facet normal 0.9995061338808694 -0.03142432711320473 0
    outer loop
      vertex -6.199999809265137 -11.399999618530273 2.799999237060547
      vertex -6.199407577514648 -11.381162643432617 0
      vertex -6.199407577514648 -11.381162643432617 2.799999237060547
    endloop
  endfacet
  facet normal 0.9995061338808694 -0.03142432711320473 0
    outer loop
      vertex -6.199407577514648 -11.381162643432617 0
      vertex -6.199999809265137 -11.399999618530273 2.799999237060547
      vertex -6.199999809265137 -11.399999618530273 0
    endloop
  endfacet
  facet normal 0.2790224565203386 0.9602845769652638 0
    outer loop
      vertex -5.974606513977051 -11.690574645996094 0
      vertex -5.992704391479492 -11.68531608581543 2.799999237060547
      vertex -5.974606513977051 -11.690574645996094 2.799999237060547
    endloop
  endfacet
  facet normal 0.2790224565203386 0.9602845769652638 0
    outer loop
      vertex -5.992704391479492 -11.68531608581543 2.799999237060547
      vertex -5.974606513977051 -11.690574645996094 0
      vertex -5.992704391479492 -11.68531608581543 0
    endloop
  endfacet
  facet normal -0.9995061338808694 -0.03142432711320473 0
    outer loop
      vertex 6.199999809265137 -11.399999618530273 0
      vertex 6.199407577514648 -11.381162643432617 2.799999237060547
      vertex 6.199407577514648 -11.381162643432617 0
    endloop
  endfacet
  facet normal -0.9995061338808694 -0.03142432711320473 0
    outer loop
      vertex 6.199407577514648 -11.381162643432617 2.799999237060547
      vertex 6.199999809265137 -11.399999618530273 0
      vertex 6.199999809265137 -11.399999618530273 2.799999237060547
    endloop
  endfacet
  facet normal -0.5090378705197731 0.8607441236376201 0
    outer loop
      vertex 6.060747146606445 -11.653298377990723 0
      vertex 6.044526100158691 -11.662891387939453 2.799999237060547
      vertex 6.060747146606445 -11.653298377990723 2.799999237060547
    endloop
  endfacet
  facet normal -0.5090378705197731 0.8607441236376201 0
    outer loop
      vertex 6.044526100158691 -11.662891387939453 2.799999237060547
      vertex 6.060747146606445 -11.653298377990723 0
      vertex 6.044526100158691 -11.662891387939453 0
    endloop
  endfacet
  facet normal -0.987692295522357 0.15640949256927125 0
    outer loop
      vertex 6.194685935974121 -11.45621395111084 0
      vertex 6.197633743286133 -11.437599182128906 2.799999237060547
      vertex 6.197633743286133 -11.437599182128906 0
    endloop
  endfacet
  facet normal -0.987692295522357 0.15640949256927125 0
    outer loop
      vertex 6.197633743286133 -11.437599182128906 2.799999237060547
      vertex 6.194685935974121 -11.45621395111084 0
      vertex 6.194685935974121 -11.45621395111084 2.799999237060547
    endloop
  endfacet
  facet normal 0.8270817629306938 0.5620816287937686 0
    outer loop
      vertex -6.142704963684082 -11.576334953308105 2.799999237060547
      vertex -6.153298377990723 -11.560747146606445 0
      vertex -6.153298377990723 -11.560747146606445 2.799999237060547
    endloop
  endfacet
  facet normal 0.8270817629306938 0.5620816287937686 0
    outer loop
      vertex -6.153298377990723 -11.560747146606445 0
      vertex -6.142704963684082 -11.576334953308105 2.799999237060547
      vertex -6.142704963684082 -11.576334953308105 0
    endloop
  endfacet
  facet normal -0.03142432711320473 0.9995061338808694 0
    outer loop
      vertex 5.91883659362793 -11.699407577514648 2.799999237060547
      vertex 5.899999618530273 -11.699999809265137 2.59999942779541
      vertex 5.899999618530273 -11.699999809265137 2.799999237060547
    endloop
  endfacet
  facet normal -0.03142432711320473 0.9995061338808694 0
    outer loop
      vertex 5.91883659362793 -11.699407577514648 2.799999237060547
      vertex 5.899999618530273 -11.699999809265137 2.1999998092651367
      vertex 5.899999618530273 -11.699999809265137 2.59999942779541
    endloop
  endfacet
  facet normal -0.03142432711320473 0.9995061338808694 0
    outer loop
      vertex 5.91883659362793 -11.699407577514648 0
      vertex 5.899999618530273 -11.699999809265137 2.1999998092651367
      vertex 5.91883659362793 -11.699407577514648 2.799999237060547
    endloop
  endfacet
  facet normal -0.03142432711320473 0.9995061338808693 0
    outer loop
      vertex 5.899999618530273 -11.699999809265137 2.1999998092651367
      vertex 5.91883659362793 -11.699407577514648 0
      vertex 5.899999618530273 -11.699999809265137 0
    endloop
  endfacet
  facet normal -0.6613086191712378 -0.750113931486298 0
    outer loop
      vertex 6.091226577758789 -11.168845176696777 0
      vertex 6.105363845825195 -11.18130874633789 2.799999237060547
      vertex 6.091226577758789 -11.168845176696777 2.799999237060547
    endloop
  endfacet
  facet normal -0.6613086191712378 -0.750113931486298 0
    outer loop
      vertex 6.105363845825195 -11.18130874633789 2.799999237060547
      vertex 6.091226577758789 -11.168845176696777 0
      vertex 6.105363845825195 -11.18130874633789 0
    endloop
  endfacet
  facet normal 0.9177653365366643 -0.3971231383988389 0
    outer loop
      vertex -6.178932189941406 -11.289562225341797 2.799999237060547
      vertex -6.17144775390625 -11.272265434265137 0
      vertex -6.17144775390625 -11.272265434265137 2.799999237060547
    endloop
  endfacet
  facet normal 0.9177653365366643 -0.3971231383988389 0
    outer loop
      vertex -6.17144775390625 -11.272265434265137 0
      vertex -6.178932189941406 -11.289562225341797 2.799999237060547
      vertex -6.178932189941406 -11.289562225341797 0
    endloop
  endfacet
  facet normal -0.3971415818131048 0.9177573557291627 0
    outer loop
      vertex 6.027732849121094 -11.67144775390625 0
      vertex 6.01043701171875 -11.678932189941406 2.799999237060547
      vertex 6.027732849121094 -11.67144775390625 2.799999237060547
    endloop
  endfacet
  facet normal -0.3971415818131048 0.9177573557291627 0
    outer loop
      vertex 6.01043701171875 -11.678932189941406 2.799999237060547
      vertex 6.027732849121094 -11.67144775390625 0
      vertex 6.01043701171875 -11.678932189941406 0
    endloop
  endfacet
  facet normal 0.09412132591765666 -0.9955607344645039 0
    outer loop
      vertex -5.937599182128906 -11.102365493774414 0
      vertex -5.91883659362793 -11.100591659545898 2.799999237060547
      vertex -5.937599182128906 -11.102365493774414 2.799999237060547
    endloop
  endfacet
  facet normal 0.09412132591765666 -0.9955607344645039 0
    outer loop
      vertex -5.91883659362793 -11.100591659545898 2.799999237060547
      vertex -5.937599182128906 -11.102365493774414 0
      vertex -5.91883659362793 -11.100591659545898 0
    endloop
  endfacet
  facet normal -0.8607572355819642 -0.5090156985725443 0
    outer loop
      vertex 6.162891387939453 -11.255473136901855 0
      vertex 6.153298377990723 -11.239251136779785 2.799999237060547
      vertex 6.153298377990723 -11.239251136779785 0
    endloop
  endfacet
  facet normal -0.8607572355819642 -0.5090156985725443 0
    outer loop
      vertex 6.153298377990723 -11.239251136779785 2.799999237060547
      vertex 6.162891387939453 -11.255473136901855 0
      vertex 6.162891387939453 -11.255473136901855 2.799999237060547
    endloop
  endfacet
  facet normal 0.7071067811865476 0.7071067811865476 0
    outer loop
      vertex -6.105363845825195 -11.618690490722656 2.799999237060547
      vertex -6.118690490722656 -11.605363845825195 0
      vertex -6.118690490722656 -11.605363845825195 2.799999237060547
    endloop
  endfacet
  facet normal 0.7071067811865476 0.7071067811865476 0
    outer loop
      vertex -6.118690490722656 -11.605363845825195 0
      vertex -6.105363845825195 -11.618690490722656 2.799999237060547
      vertex -6.105363845825195 -11.618690490722656 0
    endloop
  endfacet
  facet normal -0.6612801458526502 0.7501390329139643 0
    outer loop
      vertex 6.105363845825195 -11.618690490722656 0
      vertex 6.091226577758789 -11.631153106689453 2.799999237060547
      vertex 6.105363845825195 -11.618690490722656 2.799999237060547
    endloop
  endfacet
  facet normal -0.6612801458526502 0.7501390329139643 0
    outer loop
      vertex 6.091226577758789 -11.631153106689453 2.799999237060547
      vertex 6.105363845825195 -11.618690490722656 0
      vertex 6.091226577758789 -11.631153106689453 0
    endloop
  endfacet
  facet normal 0.9759160266868775 0.21814653069828524 0
    outer loop
      vertex -6.190574645996094 -11.47460651397705 2.799999237060547
      vertex -6.194685935974121 -11.45621395111084 0
      vertex -6.194685935974121 -11.45621395111084 2.799999237060547
    endloop
  endfacet
  facet normal 0.9759160266868775 0.21814653069828524 0
    outer loop
      vertex -6.194685935974121 -11.45621395111084 0
      vertex -6.190574645996094 -11.47460651397705 2.799999237060547
      vertex -6.190574645996094 -11.47460651397705 0
    endloop
  endfacet
  facet normal -0.7901362790005535 0.6129312038125971 0
    outer loop
      vertex 6.131153106689453 -11.591226577758789 0
      vertex 6.142704963684082 -11.576334953308105 2.799999237060547
      vertex 6.142704963684082 -11.576334953308105 0
    endloop
  endfacet
  facet normal -0.7901362790005535 0.6129312038125971 0
    outer loop
      vertex 6.142704963684082 -11.576334953308105 2.799999237060547
      vertex 6.131153106689453 -11.591226577758789 0
      vertex 6.131153106689453 -11.591226577758789 2.799999237060547
    endloop
  endfacet
  facet normal -0.8270657750990594 -0.5621051535609614 0
    outer loop
      vertex 6.153298377990723 -11.239251136779785 0
      vertex 6.142704963684082 -11.223664283752441 2.799999237060547
      vertex 6.142704963684082 -11.223664283752441 0
    endloop
  endfacet
  facet normal -0.8270657750990594 -0.5621051535609614 0
    outer loop
      vertex 6.142704963684082 -11.223664283752441 2.799999237060547
      vertex 6.153298377990723 -11.239251136779785 0
      vertex 6.153298377990723 -11.239251136779785 2.799999237060547
    endloop
  endfacet
  facet normal -0.7071067811865476 -0.7071067811865476 0
    outer loop
      vertex 6.118690490722656 -11.194635391235352 0
      vertex 6.105363845825195 -11.18130874633789 2.799999237060547
      vertex 6.105363845825195 -11.18130874633789 0
    endloop
  endfacet
  facet normal -0.7071067811865476 -0.7071067811865476 0
    outer loop
      vertex 6.105363845825195 -11.18130874633789 2.799999237060547
      vertex 6.118690490722656 -11.194635391235352 0
      vertex 6.118690490722656 -11.194635391235352 2.799999237060547
    endloop
  endfacet
  facet normal -0.7501390329139643 0.6612801458526502 0
    outer loop
      vertex 6.118690490722656 -11.605363845825195 0
      vertex 6.131153106689453 -11.591226577758789 2.799999237060547
      vertex 6.131153106689453 -11.591226577758789 0
    endloop
  endfacet
  facet normal -0.7501390329139643 0.6612801458526502 0
    outer loop
      vertex 6.131153106689453 -11.591226577758789 2.799999237060547
      vertex 6.118690490722656 -11.605363845825195 0
      vertex 6.118690490722656 -11.605363845825195 2.799999237060547
    endloop
  endfacet
  facet normal 0.09412132591765666 0.9955607344645039 0
    outer loop
      vertex -5.91883659362793 -11.699407577514648 0
      vertex -5.937599182128906 -11.697633743286133 2.799999237060547
      vertex -5.91883659362793 -11.699407577514648 2.799999237060547
    endloop
  endfacet
  facet normal 0.09412132591765666 0.9955607344645039 0
    outer loop
      vertex -5.937599182128906 -11.697633743286133 2.799999237060547
      vertex -5.91883659362793 -11.699407577514648 0
      vertex -5.937599182128906 -11.697633743286133 0
    endloop
  endfacet
  facet normal 0.4539811142068577 -0.8910113062938652 0
    outer loop
      vertex -6.044526100158691 -11.137107849121094 0
      vertex -6.027732849121094 -11.128551483154297 2.799999237060547
      vertex -6.044526100158691 -11.137107849121094 2.799999237060547
    endloop
  endfacet
  facet normal 0.4539811142068577 -0.8910113062938652 0
    outer loop
      vertex -6.027732849121094 -11.128551483154297 2.799999237060547
      vertex -6.044526100158691 -11.137107849121094 0
      vertex -6.027732849121094 -11.128551483154297 0
    endloop
  endfacet
  facet normal 0.15640949256927125 -0.987692295522357 0
    outer loop
      vertex -5.95621395111084 -11.105313301086426 0
      vertex -5.937599182128906 -11.102365493774414 2.799999237060547
      vertex -5.95621395111084 -11.105313301086426 2.799999237060547
    endloop
  endfacet
  facet normal 0.15640949256927125 -0.987692295522357 0
    outer loop
      vertex -5.937599182128906 -11.102365493774414 2.799999237060547
      vertex -5.95621395111084 -11.105313301086426 0
      vertex -5.937599182128906 -11.102365493774414 0
    endloop
  endfacet
  facet normal 0.9602845769652638 -0.2790224565203386 0
    outer loop
      vertex -6.190574645996094 -11.325392723083496 2.799999237060547
      vertex -6.18531608581543 -11.307294845581055 0
      vertex -6.18531608581543 -11.307294845581055 2.799999237060547
    endloop
  endfacet
  facet normal 0.9602845769652638 -0.2790224565203386 0
    outer loop
      vertex -6.18531608581543 -11.307294845581055 0
      vertex -6.190574645996094 -11.325392723083496 2.799999237060547
      vertex -6.190574645996094 -11.325392723083496 0
    endloop
  endfacet
  facet normal 0.6613086191712378 -0.750113931486298 0
    outer loop
      vertex -6.105363845825195 -11.18130874633789 0
      vertex -6.091226577758789 -11.168845176696777 2.799999237060547
      vertex -6.105363845825195 -11.18130874633789 2.799999237060547
    endloop
  endfacet
  facet normal 0.6613086191712378 -0.750113931486298 0
    outer loop
      vertex -6.091226577758789 -11.168845176696777 2.799999237060547
      vertex -6.105363845825195 -11.18130874633789 0
      vertex -6.091226577758789 -11.168845176696777 0
    endloop
  endfacet
  facet normal 0.4539811142068577 0.8910113062938652 0
    outer loop
      vertex -6.027732849121094 -11.67144775390625 0
      vertex -6.044526100158691 -11.662891387939453 2.799999237060547
      vertex -6.027732849121094 -11.67144775390625 2.799999237060547
    endloop
  endfacet
  facet normal 0.4539811142068577 0.8910113062938652 0
    outer loop
      vertex -6.044526100158691 -11.662891387939453 2.799999237060547
      vertex -6.027732849121094 -11.67144775390625 0
      vertex -6.044526100158691 -11.662891387939453 0
    endloop
  endfacet
  facet normal 0.21814653069828524 0.9759160266868775 0
    outer loop
      vertex -5.95621395111084 -11.694685935974121 0
      vertex -5.974606513977051 -11.690574645996094 2.799999237060547
      vertex -5.95621395111084 -11.694685935974121 2.799999237060547
    endloop
  endfacet
  facet normal 0.21814653069828524 0.9759160266868775 0
    outer loop
      vertex -5.974606513977051 -11.690574645996094 2.799999237060547
      vertex -5.95621395111084 -11.694685935974121 0
      vertex -5.974606513977051 -11.690574645996094 0
    endloop
  endfacet
  facet normal 0.9876910575159983 -0.15641731011281643 0
    outer loop
      vertex -6.197633743286133 -11.362399101257324 2.799999237060547
      vertex -6.194685935974121 -11.343785285949707 0
      vertex -6.194685935974121 -11.343785285949707 2.799999237060547
    endloop
  endfacet
  facet normal 0.9876910575159983 -0.15641731011281643 0
    outer loop
      vertex -6.194685935974121 -11.343785285949707 0
      vertex -6.197633743286133 -11.362399101257324 2.799999237060547
      vertex -6.197633743286133 -11.362399101257324 0
    endloop
  endfacet
  facet normal 0.9955611827124909 -0.09411658449022786 0
    outer loop
      vertex -6.199407577514648 -11.381162643432617 2.799999237060547
      vertex -6.197633743286133 -11.362399101257324 0
      vertex -6.197633743286133 -11.362399101257324 2.799999237060547
    endloop
  endfacet
  facet normal 0.9955611827124909 -0.09411658449022786 0
    outer loop
      vertex -6.197633743286133 -11.362399101257324 0
      vertex -6.199407577514648 -11.381162643432617 2.799999237060547
      vertex -6.199407577514648 -11.381162643432617 0
    endloop
  endfacet
  facet normal 0.6129312038125971 0.7901362790005535 0
    outer loop
      vertex -6.0763349533081055 -11.642704963684082 0
      vertex -6.091226577758789 -11.631153106689453 2.799999237060547
      vertex -6.0763349533081055 -11.642704963684082 2.799999237060547
    endloop
  endfacet
  facet normal 0.6129312038125971 0.7901362790005535 0
    outer loop
      vertex -6.091226577758789 -11.631153106689453 2.799999237060547
      vertex -6.0763349533081055 -11.642704963684082 0
      vertex -6.091226577758789 -11.631153106689453 0
    endloop
  endfacet
  facet normal 0.6612801458526502 0.7501390329139643 0
    outer loop
      vertex -6.091226577758789 -11.631153106689453 0
      vertex -6.105363845825195 -11.618690490722656 2.799999237060547
      vertex -6.091226577758789 -11.631153106689453 2.799999237060547
    endloop
  endfacet
  facet normal 0.6612801458526502 0.7501390329139643 0
    outer loop
      vertex -6.105363845825195 -11.618690490722656 2.799999237060547
      vertex -6.091226577758789 -11.631153106689453 0
      vertex -6.105363845825195 -11.618690490722656 0
    endloop
  endfacet
  facet normal 0.03142432711320473 0.9995061338808694 0
    outer loop
      vertex -5.899999618530273 -11.699999809265137 2.59999942779541
      vertex -5.91883659362793 -11.699407577514648 2.799999237060547
      vertex -5.899999618530273 -11.699999809265137 2.799999237060547
    endloop
  endfacet
  facet normal 0.03142432711320473 0.9995061338808694 0
    outer loop
      vertex -5.899999618530273 -11.699999809265137 2.1999998092651367
      vertex -5.91883659362793 -11.699407577514648 2.799999237060547
      vertex -5.899999618530273 -11.699999809265137 2.59999942779541
    endloop
  endfacet
  facet normal 0.03142432711320473 0.9995061338808693 0
    outer loop
      vertex -5.91883659362793 -11.699407577514648 0
      vertex -5.899999618530273 -11.699999809265137 2.1999998092651367
      vertex -5.899999618530273 -11.699999809265137 0
    endloop
  endfacet
  facet normal 0.03142432711320473 0.9995061338808694 0
    outer loop
      vertex -5.899999618530273 -11.699999809265137 2.1999998092651367
      vertex -5.91883659362793 -11.699407577514648 0
      vertex -5.91883659362793 -11.699407577514648 2.799999237060547
    endloop
  endfacet
  facet normal -0.4539811142068577 -0.8910113062938652 0
    outer loop
      vertex 6.027732849121094 -11.128551483154297 0
      vertex 6.044526100158691 -11.137107849121094 2.799999237060547
      vertex 6.027732849121094 -11.128551483154297 2.799999237060547
    endloop
  endfacet
  facet normal -0.4539811142068577 -0.8910113062938652 0
    outer loop
      vertex 6.044526100158691 -11.137107849121094 2.799999237060547
      vertex 6.027732849121094 -11.128551483154297 0
      vertex 6.044526100158691 -11.137107849121094 0
    endloop
  endfacet
  facet normal 0.7501390329139643 0.6612801458526502 0
    outer loop
      vertex -6.118690490722656 -11.605363845825195 2.799999237060547
      vertex -6.131153106689453 -11.591226577758789 0
      vertex -6.131153106689453 -11.591226577758789 2.799999237060547
    endloop
  endfacet
  facet normal 0.7501390329139643 0.6612801458526502 0
    outer loop
      vertex -6.131153106689453 -11.591226577758789 0
      vertex -6.118690490722656 -11.605363845825195 2.799999237060547
      vertex -6.118690490722656 -11.605363845825195 0
    endloop
  endfacet
  facet normal -0.21814653069828524 -0.9759160266868775 0
    outer loop
      vertex 5.95621395111084 -11.105313301086426 0
      vertex 5.974606513977051 -11.109424591064453 2.799999237060547
      vertex 5.95621395111084 -11.105313301086426 2.799999237060547
    endloop
  endfacet
  facet normal -0.21814653069828524 -0.9759160266868775 0
    outer loop
      vertex 5.974606513977051 -11.109424591064453 2.799999237060547
      vertex 5.95621395111084 -11.105313301086426 0
      vertex 5.974606513977051 -11.109424591064453 0
    endloop
  endfacet
  facet normal 0.9408848315934861 0.3387266356183068 0
    outer loop
      vertex -6.178932189941406 -11.51043701171875 2.799999237060547
      vertex -6.18531608581543 -11.492704391479492 0
      vertex -6.18531608581543 -11.492704391479492 2.799999237060547
    endloop
  endfacet
  facet normal 0.9408848315934861 0.3387266356183068 0
    outer loop
      vertex -6.18531608581543 -11.492704391479492 0
      vertex -6.178932189941406 -11.51043701171875 2.799999237060547
      vertex -6.178932189941406 -11.51043701171875 0
    endloop
  endfacet
  facet normal 0.3971415818131048 -0.9177573557291627 0
    outer loop
      vertex -6.027732849121094 -11.128551483154297 0
      vertex -6.01043701171875 -11.12106704711914 2.799999237060547
      vertex -6.027732849121094 -11.128551483154297 2.799999237060547
    endloop
  endfacet
  facet normal 0.3971415818131048 -0.9177573557291627 0
    outer loop
      vertex -6.01043701171875 -11.12106704711914 2.799999237060547
      vertex -6.027732849121094 -11.128551483154297 0
      vertex -6.01043701171875 -11.12106704711914 0
    endloop
  endfacet
  facet normal 0.3387266356183068 0.9408848315934861 0
    outer loop
      vertex -5.992704391479492 -11.68531608581543 0
      vertex -6.01043701171875 -11.678932189941406 2.799999237060547
      vertex -5.992704391479492 -11.68531608581543 2.799999237060547
    endloop
  endfacet
  facet normal 0.3387266356183068 0.9408848315934861 0
    outer loop
      vertex -6.01043701171875 -11.678932189941406 2.799999237060547
      vertex -5.992704391479492 -11.68531608581543 0
      vertex -6.01043701171875 -11.678932189941406 0
    endloop
  endfacet
  facet normal -0.15640949256927125 -0.987692295522357 0
    outer loop
      vertex 5.937599182128906 -11.102365493774414 0
      vertex 5.95621395111084 -11.105313301086426 2.799999237060547
      vertex 5.937599182128906 -11.102365493774414 2.799999237060547
    endloop
  endfacet
  facet normal -0.15640949256927125 -0.987692295522357 0
    outer loop
      vertex 5.95621395111084 -11.105313301086426 2.799999237060547
      vertex 5.937599182128906 -11.102365493774414 0
      vertex 5.95621395111084 -11.105313301086426 0
    endloop
  endfacet
  facet normal -0.9955611827124909 -0.09411658449022786 0
    outer loop
      vertex 6.199407577514648 -11.381162643432617 0
      vertex 6.197633743286133 -11.362399101257324 2.799999237060547
      vertex 6.197633743286133 -11.362399101257324 0
    endloop
  endfacet
  facet normal -0.9955611827124909 -0.09411658449022786 0
    outer loop
      vertex 6.197633743286133 -11.362399101257324 2.799999237060547
      vertex 6.199407577514648 -11.381162643432617 0
      vertex 6.199407577514648 -11.381162643432617 2.799999237060547
    endloop
  endfacet
  facet normal -0.5620816287937686 -0.8270817629306938 0
    outer loop
      vertex 6.060747146606445 -11.146700859069824 0
      vertex 6.0763349533081055 -11.157294273376465 2.799999237060547
      vertex 6.060747146606445 -11.146700859069824 2.799999237060547
    endloop
  endfacet
  facet normal -0.5620816287937686 -0.8270817629306938 0
    outer loop
      vertex 6.0763349533081055 -11.157294273376465 2.799999237060547
      vertex 6.060747146606445 -11.146700859069824 0
      vertex 6.0763349533081055 -11.157294273376465 0
    endloop
  endfacet
  facet normal 0.6128996112958489 -0.7901607852034909 0
    outer loop
      vertex -6.091226577758789 -11.168845176696777 0
      vertex -6.0763349533081055 -11.157294273376465 2.799999237060547
      vertex -6.091226577758789 -11.168845176696777 2.799999237060547
    endloop
  endfacet
  facet normal 0.6128996112958489 -0.7901607852034909 0
    outer loop
      vertex -6.0763349533081055 -11.157294273376465 2.799999237060547
      vertex -6.091226577758789 -11.168845176696777 0
      vertex -6.0763349533081055 -11.157294273376465 0
    endloop
  endfacet
  facet normal -0.9177573557291627 0.3971415818131048 0
    outer loop
      vertex 6.17144775390625 -11.527732849121094 0
      vertex 6.178932189941406 -11.51043701171875 2.799999237060547
      vertex 6.178932189941406 -11.51043701171875 0
    endloop
  endfacet
  facet normal -0.9177573557291627 0.3971415818131048 0
    outer loop
      vertex 6.178932189941406 -11.51043701171875 2.799999237060547
      vertex 6.17144775390625 -11.527732849121094 0
      vertex 6.17144775390625 -11.527732849121094 2.799999237060547
    endloop
  endfacet
  facet normal -0.2790224565203386 0.9602845769652638 0
    outer loop
      vertex 5.992704391479492 -11.68531608581543 0
      vertex 5.974606513977051 -11.690574645996094 2.799999237060547
      vertex 5.992704391479492 -11.68531608581543 2.799999237060547
    endloop
  endfacet
  facet normal -0.2790224565203386 0.9602845769652638 0
    outer loop
      vertex 5.974606513977051 -11.690574645996094 2.799999237060547
      vertex 5.992704391479492 -11.68531608581543 0
      vertex 5.974606513977051 -11.690574645996094 0
    endloop
  endfacet
  facet normal 0.33877143019208855 -0.9408687039569372 0
    outer loop
      vertex -6.01043701171875 -11.12106704711914 0
      vertex -5.992704391479492 -11.1146821975708 2.799999237060547
      vertex -6.01043701171875 -11.12106704711914 2.799999237060547
    endloop
  endfacet
  facet normal 0.33877143019208855 -0.9408687039569372 0
    outer loop
      vertex -5.992704391479492 -11.1146821975708 2.799999237060547
      vertex -6.01043701171875 -11.12106704711914 0
      vertex -5.992704391479492 -11.1146821975708 0
    endloop
  endfacet
  facet normal -0.9602845769652638 -0.2790224565203386 0
    outer loop
      vertex 6.190574645996094 -11.325392723083496 0
      vertex 6.18531608581543 -11.307294845581055 2.799999237060547
      vertex 6.18531608581543 -11.307294845581055 0
    endloop
  endfacet
  facet normal -0.9602845769652638 -0.2790224565203386 0
    outer loop
      vertex 6.18531608581543 -11.307294845581055 2.799999237060547
      vertex 6.190574645996094 -11.325392723083496 0
      vertex 6.190574645996094 -11.325392723083496 2.799999237060547
    endloop
  endfacet
  facet normal -0.7501390329139643 -0.6612801458526502 0
    outer loop
      vertex 6.131153106689453 -11.208772659301758 0
      vertex 6.118690490722656 -11.194635391235352 2.799999237060547
      vertex 6.118690490722656 -11.194635391235352 0
    endloop
  endfacet
  facet normal -0.7501390329139643 -0.6612801458526502 0
    outer loop
      vertex 6.118690490722656 -11.194635391235352 2.799999237060547
      vertex 6.131153106689453 -11.208772659301758 0
      vertex 6.131153106689453 -11.208772659301758 2.799999237060547
    endloop
  endfacet
  facet normal -0.6128996112958489 -0.7901607852034909 0
    outer loop
      vertex 6.0763349533081055 -11.157294273376465 0
      vertex 6.091226577758789 -11.168845176696777 2.799999237060547
      vertex 6.0763349533081055 -11.157294273376465 2.799999237060547
    endloop
  endfacet
  facet normal -0.6128996112958489 -0.7901607852034909 0
    outer loop
      vertex 6.091226577758789 -11.168845176696777 2.799999237060547
      vertex 6.0763349533081055 -11.157294273376465 0
      vertex 6.091226577758789 -11.168845176696777 0
    endloop
  endfacet
  facet normal -0.8910113062938652 0.4539811142068577 0
    outer loop
      vertex 6.162891387939453 -11.544526100158691 0
      vertex 6.17144775390625 -11.527732849121094 2.799999237060547
      vertex 6.17144775390625 -11.527732849121094 0
    endloop
  endfacet
  facet normal -0.8910113062938652 0.4539811142068577 0
    outer loop
      vertex 6.17144775390625 -11.527732849121094 2.799999237060547
      vertex 6.162891387939453 -11.544526100158691 0
      vertex 6.162891387939453 -11.544526100158691 2.799999237060547
    endloop
  endfacet
  facet normal -0.15640949256927125 0.987692295522357 0
    outer loop
      vertex 5.95621395111084 -11.694685935974121 0
      vertex 5.937599182128906 -11.697633743286133 2.799999237060547
      vertex 5.95621395111084 -11.694685935974121 2.799999237060547
    endloop
  endfacet
  facet normal -0.15640949256927125 0.987692295522357 0
    outer loop
      vertex 5.937599182128906 -11.697633743286133 2.799999237060547
      vertex 5.95621395111084 -11.694685935974121 0
      vertex 5.937599182128906 -11.697633743286133 0
    endloop
  endfacet
  facet normal -0.27897579257001254 -0.9602981345186157 0
    outer loop
      vertex 5.974606513977051 -11.109424591064453 0
      vertex 5.992704391479492 -11.1146821975708 2.799999237060547
      vertex 5.974606513977051 -11.109424591064453 2.799999237060547
    endloop
  endfacet
  facet normal -0.27897579257001254 -0.9602981345186157 0
    outer loop
      vertex 5.992704391479492 -11.1146821975708 2.799999237060547
      vertex 5.974606513977051 -11.109424591064453 0
      vertex 5.992704391479492 -11.1146821975708 0
    endloop
  endfacet
  facet normal -0.5090378705197731 -0.8607441236376201 0
    outer loop
      vertex 6.044526100158691 -11.137107849121094 0
      vertex 6.060747146606445 -11.146700859069824 2.799999237060547
      vertex 6.044526100158691 -11.137107849121094 2.799999237060547
    endloop
  endfacet
  facet normal -0.5090378705197731 -0.8607441236376201 0
    outer loop
      vertex 6.060747146606445 -11.146700859069824 2.799999237060547
      vertex 6.044526100158691 -11.137107849121094 0
      vertex 6.060747146606445 -11.146700859069824 0
    endloop
  endfacet
  facet normal -0.9408848315934861 0.3387266356183068 0
    outer loop
      vertex 6.178932189941406 -11.51043701171875 0
      vertex 6.18531608581543 -11.492704391479492 2.799999237060547
      vertex 6.18531608581543 -11.492704391479492 0
    endloop
  endfacet
  facet normal -0.9408848315934861 0.3387266356183068 0
    outer loop
      vertex 6.18531608581543 -11.492704391479492 2.799999237060547
      vertex 6.178932189941406 -11.51043701171875 0
      vertex 6.178932189941406 -11.51043701171875 2.799999237060547
    endloop
  endfacet
  facet normal -0.8910008770345684 -0.45400158273251634 0
    outer loop
      vertex 6.17144775390625 -11.272265434265137 0
      vertex 6.162891387939453 -11.255473136901855 2.799999237060547
      vertex 6.162891387939453 -11.255473136901855 0
    endloop
  endfacet
  facet normal -0.8910008770345684 -0.45400158273251634 0
    outer loop
      vertex 6.162891387939453 -11.255473136901855 2.799999237060547
      vertex 6.17144775390625 -11.272265434265137 0
      vertex 6.17144775390625 -11.272265434265137 2.799999237060547
    endloop
  endfacet
  facet normal -0.09412132591765666 0.9955607344645039 0
    outer loop
      vertex 5.937599182128906 -11.697633743286133 0
      vertex 5.91883659362793 -11.699407577514648 2.799999237060547
      vertex 5.937599182128906 -11.697633743286133 2.799999237060547
    endloop
  endfacet
  facet normal -0.09412132591765666 0.9955607344645039 0
    outer loop
      vertex 5.91883659362793 -11.699407577514648 2.799999237060547
      vertex 5.937599182128906 -11.697633743286133 0
      vertex 5.91883659362793 -11.699407577514648 0
    endloop
  endfacet
  facet normal -1 0 0
    outer loop
      vertex -11.09999942779541 -5.899999618530273 0.5999994277954102
      vertex -11.09999942779541 5.899999618530273 2.798999786376953
      vertex -11.09999942779541 5.899999618530273 0.5999994277954102
    endloop
  endfacet
  facet normal -1 0 0
    outer loop
      vertex -11.09999942779541 5.899999618530273 2.798999786376953
      vertex -11.09999942779541 -5.899999618530273 0.5999994277954102
      vertex -11.09999942779541 -5.899999618530273 2.798999786376953
    endloop
  endfacet
  facet normal 1 0 0
    outer loop
      vertex -11.699999809265137 -5.899999618530273 2.1999998092651367
      vertex -11.699999809265137 5.899999618530273 0.5989999771118164
      vertex -11.699999809265137 5.899999618530273 2.1999998092651367
    endloop
  endfacet
  facet normal 1 0 0
    outer loop
      vertex -11.699999809265137 5.899999618530273 0.5989999771118164
      vertex -11.699999809265137 -5.899999618530273 2.1999998092651367
      vertex -11.699999809265137 -5.899999618530273 0.5989999771118164
    endloop
  endfacet
  facet normal 1 0 0
    outer loop
      vertex -11.699999809265137 -5.899999618530273 2.798999786376953
      vertex -11.699999809265137 5.899999618530273 2.59999942779541
      vertex -11.699999809265137 5.899999618530273 2.798999786376953
    endloop
  endfacet
  facet normal 1 0 0
    outer loop
      vertex -11.699999809265137 5.899999618530273 2.59999942779541
      vertex -11.699999809265137 -5.899999618530273 2.798999786376953
      vertex -11.699999809265137 -5.899999618530273 2.59999942779541
    endloop
  endfacet
  facet normal -1 0 0
    outer loop
      vertex -11.699999809265137 -6 2.1999998092651367
      vertex -11.699999809265137 -5.899999618530273 2.59999942779541
      vertex -11.699999809265137 -5.899999618530273 2.1999998092651367
    endloop
  endfacet
  facet normal -1 0 0
    outer loop
      vertex -11.699999809265137 -5.899999618530273 2.59999942779541
      vertex -11.699999809265137 -6 2.1999998092651367
      vertex -11.699999809265137 -6 2.59999942779541
    endloop
  endfacet
  facet normal -1 0 0
    outer loop
      vertex -11.699999809265137 5.899999618530273 2.1999998092651367
      vertex -11.699999809265137 6 2.59999942779541
      vertex -11.699999809265137 6 2.1999998092651367
    endloop
  endfacet
  facet normal -1 0 0
    outer loop
      vertex -11.699999809265137 6 2.59999942779541
      vertex -11.699999809265137 5.899999618530273 2.1999998092651367
      vertex -11.699999809265137 5.899999618530273 2.59999942779541
    endloop
  endfacet
  facet normal -0.15641731011281643 0.9876910575159984 0
    outer loop
      vertex -11.343785285949707 -6.194685935974121 0.5999994277954102
      vertex -11.362399101257324 -6.197633743286133 2.798999786376953
      vertex -11.343785285949707 -6.194685935974121 2.798999786376953
    endloop
  endfacet
  facet normal -0.15641731011281643 0.9876910575159984 0
    outer loop
      vertex -11.362399101257324 -6.197633743286133 2.798999786376953
      vertex -11.343785285949707 -6.194685935974121 0.5999994277954102
      vertex -11.362399101257324 -6.197633743286133 0.5999994277954102
    endloop
  endfacet
  facet normal -0.5090156985725441 -0.860757235581964 0
    outer loop
      vertex -11.255473136901855 6.162891387939453 0.5999994277954102
      vertex -11.239251136779785 6.153298377990723 2.798999786376953
      vertex -11.255473136901855 6.162891387939453 2.798999786376953
    endloop
  endfacet
  facet normal -0.5090156985725441 -0.860757235581964 0
    outer loop
      vertex -11.239251136779785 6.153298377990723 2.798999786376953
      vertex -11.255473136901855 6.162891387939453 0.5999994277954102
      vertex -11.239251136779785 6.153298377990723 0.5999945998191833
    endloop
  endfacet
  facet normal -0.8607441236376201 -0.5090378705197731 0
    outer loop
      vertex -11.137107849121094 6.044526100158691 0.5999994277954102
      vertex -11.146700859069824 6.060747146606445 2.798999786376953
      vertex -11.146700859069824 6.060747146606445 0.5999994277954102
    endloop
  endfacet
  facet normal -0.8607441236376201 -0.5090378705197731 0
    outer loop
      vertex -11.146700859069824 6.060747146606445 2.798999786376953
      vertex -11.137107849121094 6.044526100158691 0.5999994277954102
      vertex -11.137107849121094 6.044526100158691 2.798999786376953
    endloop
  endfacet
  facet normal 0.9177573557291628 -0.3971415818131048 0
    outer loop
      vertex -11.678932189941406 6.01043701171875 2.798999786376953
      vertex -11.67144775390625 6.027732849121094 0.5989999771118164
      vertex -11.67144775390625 6.027732849121094 2.798999786376953
    endloop
  endfacet
  facet normal 0.9177573557291628 -0.3971415818131048 0
    outer loop
      vertex -11.67144775390625 6.027732849121094 0.5989999771118164
      vertex -11.678932189941406 6.01043701171875 2.798999786376953
      vertex -11.678932189941406 6.01043701171875 0.5989999771118164
    endloop
  endfacet
  facet normal -0.3387266356183068 -0.9408848315934862 0
    outer loop
      vertex -11.307294845581055 6.18531608581543 0.5999994277954102
      vertex -11.289562225341797 6.178932189941406 2.798999786376953
      vertex -11.307294845581055 6.18531608581543 2.798999786376953
    endloop
  endfacet
  facet normal -0.3387266356183068 -0.9408848315934862 0
    outer loop
      vertex -11.289562225341797 6.178932189941406 2.798999786376953
      vertex -11.307294845581055 6.18531608581543 0.5999994277954102
      vertex -11.289562225341797 6.178932189941406 0.5999994277954102
    endloop
  endfacet
  facet normal -0.3971231383988389 0.9177653365366643 0
    outer loop
      vertex -11.272265434265137 -6.17144775390625 0.5999994277954102
      vertex -11.289562225341797 -6.178932189941406 2.798999786376953
      vertex -11.272265434265137 -6.17144775390625 2.798999786376953
    endloop
  endfacet
  facet normal -0.3971231383988389 0.9177653365366643 0
    outer loop
      vertex -11.289562225341797 -6.178932189941406 2.798999786376953
      vertex -11.272265434265137 -6.17144775390625 0.5999994277954102
      vertex -11.289562225341797 -6.178932189941406 0.5999994277954102
    endloop
  endfacet
  facet normal 0.03142432711320473 0.9995061338808693 0
    outer loop
      vertex -11.399999618530273 -6.199999809265137 0.5999994277954102
      vertex -11.41883659362793 -6.199407577514648 2.798999786376953
      vertex -11.399999618530273 -6.199999809265137 2.798999786376953
    endloop
  endfacet
  facet normal 0.03142432711320473 0.9995061338808694 0
    outer loop
      vertex -11.41883659362793 -6.199407577514648 0.5989999771118164
      vertex -11.399999618530273 -6.199999809265137 0.5999994277954102
      vertex -11.399999618530273 -6.199999809265137 0.5989999771118164
    endloop
  endfacet
  facet normal 0.03142432711320473 0.9995061338808693 0
    outer loop
      vertex -11.399999618530273 -6.199999809265137 0.5999994277954102
      vertex -11.41883659362793 -6.199407577514648 0.5989999771118164
      vertex -11.41883659362793 -6.199407577514648 2.798999786376953
    endloop
  endfacet
  facet normal 0.8270817629306937 -0.5620816287937684 0
    outer loop
      vertex -11.653298377990723 6.060747146606445 2.798999786376953
      vertex -11.642704963684082 6.0763349533081055 0.5989999771118164
      vertex -11.642704963684082 6.0763349533081055 2.798999786376953
    endloop
  endfacet
  facet normal 0.8270817629306937 -0.5620816287937684 0
    outer loop
      vertex -11.642704963684082 6.0763349533081055 0.5989999771118164
      vertex -11.653298377990723 6.060747146606445 2.798999786376953
      vertex -11.653298377990723 6.060747146606445 0.5989999771118164
    endloop
  endfacet
  facet normal -0.9995061338808693 0.03142432711320473 0
    outer loop
      vertex -11.100591659545898 -5.91883659362793 0.5999994277954102
      vertex -11.09999942779541 -5.899999618530273 2.798999786376953
      vertex -11.09999942779541 -5.899999618530273 0.5999994277954102
    endloop
  endfacet
  facet normal -0.9995061338808693 0.03142432711320473 0
    outer loop
      vertex -11.09999942779541 -5.899999618530273 2.798999786376953
      vertex -11.100591659545898 -5.91883659362793 0.5999994277954102
      vertex -11.100591659545898 -5.91883659362793 2.798999786376953
    endloop
  endfacet
  facet normal 0.03142432711320473 -0.9995061338808693 0
    outer loop
      vertex -11.41883659362793 6.199407577514648 2.798999786376953
      vertex -11.399999618530273 6.199999809265137 0.5999994277954102
      vertex -11.399999618530273 6.199999809265137 2.798999786376953
    endloop
  endfacet
  facet normal 0.03142432711320473 -0.9995061338808693 0
    outer loop
      vertex -11.41883659362793 6.199407577514648 0.5989999771118164
      vertex -11.399999618530273 6.199999809265137 0.5999994277954102
      vertex -11.41883659362793 6.199407577514648 2.798999786376953
    endloop
  endfacet
  facet normal 0.03142432711320473 -0.9995061338808694 0
    outer loop
      vertex -11.399999618530273 6.199999809265137 0.5999994277954102
      vertex -11.41883659362793 6.199407577514648 0.5989999771118164
      vertex -11.399999618530273 6.199999809265137 0.5989999771118164
    endloop
  endfacet
  facet normal 0.8270817629306937 0.5620816287937684 0
    outer loop
      vertex -11.642704963684082 -6.0763349533081055 2.798999786376953
      vertex -11.653298377990723 -6.060747146606445 0.5989999771118164
      vertex -11.653298377990723 -6.060747146606445 2.798999786376953
    endloop
  endfacet
  facet normal 0.8270817629306937 0.5620816287937684 0
    outer loop
      vertex -11.653298377990723 -6.060747146606445 0.5989999771118164
      vertex -11.642704963684082 -6.0763349533081055 2.798999786376953
      vertex -11.642704963684082 -6.0763349533081055 0.5989999771118164
    endloop
  endfacet
  facet normal -0.9759160266868774 -0.2181465306982852 0
    outer loop
      vertex -11.105313301086426 5.95621395111084 0.5999994277954102
      vertex -11.109424591064453 5.974606513977051 2.798999786376953
      vertex -11.109424591064453 5.974606513977051 0.5999994277954102
    endloop
  endfacet
  facet normal -0.9759160266868774 -0.2181465306982852 0
    outer loop
      vertex -11.109424591064453 5.974606513977051 2.798999786376953
      vertex -11.105313301086426 5.95621395111084 0.5999994277954102
      vertex -11.105313301086426 5.95621395111084 2.798999786376953
    endloop
  endfacet
  facet normal 0.21814653069828524 0.9759160266868776 0
    outer loop
      vertex -11.45621395111084 -6.194685935974121 0.5989999771118164
      vertex -11.47460651397705 -6.190574645996094 2.798999786376953
      vertex -11.45621395111084 -6.194685935974121 2.798999786376953
    endloop
  endfacet
  facet normal 0.21814653069828524 0.9759160266868776 0
    outer loop
      vertex -11.47460651397705 -6.190574645996094 2.798999786376953
      vertex -11.45621395111084 -6.194685935974121 0.5989999771118164
      vertex -11.47460651397705 -6.190574645996094 0.5989999771118164
    endloop
  endfacet
  facet normal -0.9602981345186157 -0.27897579257001254 0
    outer loop
      vertex -11.109424591064453 5.974606513977051 0.5999994277954102
      vertex -11.1146821975708 5.992704391479492 2.798999786376953
      vertex -11.1146821975708 5.992704391479492 0.5999994277954102
    endloop
  endfacet
  facet normal -0.9602981345186157 -0.27897579257001254 0
    outer loop
      vertex -11.1146821975708 5.992704391479492 2.798999786376953
      vertex -11.109424591064453 5.974606513977051 0.5999994277954102
      vertex -11.109424591064453 5.974606513977051 2.798999786376953
    endloop
  endfacet
  facet normal -0.8270817629306938 -0.5620816287937686 0
    outer loop
      vertex -11.146700859069824 6.060747146606445 0.5999994277954102
      vertex -11.157294273376465 6.0763349533081055 2.798999786376953
      vertex -11.157294273376465 6.0763349533081055 0.5999994277954102
    endloop
  endfacet
  facet normal -0.8270817629306938 -0.5620816287937686 0
    outer loop
      vertex -11.157294273376465 6.0763349533081055 2.798999786376953
      vertex -11.146700859069824 6.060747146606445 0.5999994277954102
      vertex -11.146700859069824 6.060747146606445 2.798999786376953
    endloop
  endfacet
  facet normal -0.9995061338808693 -0.03142432711320473 0
    outer loop
      vertex -11.09999942779541 5.899999618530273 0.5999994277954102
      vertex -11.100591659545898 5.91883659362793 2.798999786376953
      vertex -11.100591659545898 5.91883659362793 0.5999994277954102
    endloop
  endfacet
  facet normal -0.9995061338808693 -0.03142432711320473 0
    outer loop
      vertex -11.100591659545898 5.91883659362793 2.798999786376953
      vertex -11.09999942779541 5.899999618530273 0.5999994277954102
      vertex -11.09999942779541 5.899999618530273 2.798999786376953
    endloop
  endfacet
  facet normal 0.09412132591765665 -0.9955607344645038 0
    outer loop
      vertex -11.437599182128906 6.197633743286133 0.5989999771118164
      vertex -11.41883659362793 6.199407577514648 2.798999786376953
      vertex -11.437599182128906 6.197633743286133 2.798999786376953
    endloop
  endfacet
  facet normal 0.09412132591765665 -0.9955607344645038 0
    outer loop
      vertex -11.41883659362793 6.199407577514648 2.798999786376953
      vertex -11.437599182128906 6.197633743286133 0.5989999771118164
      vertex -11.41883659362793 6.199407577514648 0.5989999771118164
    endloop
  endfacet
  facet normal -0.2181465306982852 -0.9759160266868774 0
    outer loop
      vertex -11.343785285949707 6.194685935974121 0.5999994277954102
      vertex -11.325392723083496 6.190574645996094 2.798999786376953
      vertex -11.343785285949707 6.194685935974121 2.798999786376953
    endloop
  endfacet
  facet normal -0.2181465306982852 -0.9759160266868774 0
    outer loop
      vertex -11.325392723083496 6.190574645996094 2.798999786376953
      vertex -11.343785285949707 6.194685935974121 0.5999994277954102
      vertex -11.325392723083496 6.190574645996094 0.5999994277954102
    endloop
  endfacet
  facet normal 0.987692295522357 -0.15640949256927125 0
    outer loop
      vertex -11.697633743286133 5.937599182128906 2.798999786376953
      vertex -11.694685935974121 5.95621395111084 0.5989999771118164
      vertex -11.694685935974121 5.95621395111084 2.798999786376953
    endloop
  endfacet
  facet normal 0.987692295522357 -0.15640949256927125 0
    outer loop
      vertex -11.694685935974121 5.95621395111084 0.5989999771118164
      vertex -11.697633743286133 5.937599182128906 2.798999786376953
      vertex -11.697633743286133 5.937599182128906 0.5989999771118164
    endloop
  endfacet
  facet normal 0.7071067811865476 0.7071067811865476 0
    outer loop
      vertex -11.605363845825195 -6.118690490722656 2.798999786376953
      vertex -11.618690490722656 -6.105363845825195 0.5989999771118164
      vertex -11.618690490722656 -6.105363845825195 2.798999786376953
    endloop
  endfacet
  facet normal 0.7071067811865476 0.7071067811865476 0
    outer loop
      vertex -11.618690490722656 -6.105363845825195 0.5989999771118164
      vertex -11.605363845825195 -6.118690490722656 2.798999786376953
      vertex -11.605363845825195 -6.118690490722656 0.5989999771118164
    endloop
  endfacet
  facet normal 0.45398111420685777 -0.8910113062938652 0
    outer loop
      vertex -11.544526100158691 6.162891387939453 0.5989999771118164
      vertex -11.527732849121094 6.17144775390625 2.798999786376953
      vertex -11.544526100158691 6.162891387939453 2.798999786376953
    endloop
  endfacet
  facet normal 0.45398111420685777 -0.8910113062938652 0
    outer loop
      vertex -11.527732849121094 6.17144775390625 2.798999786376953
      vertex -11.544526100158691 6.162891387939453 0.5989999771118164
      vertex -11.527732849121094 6.17144775390625 0.5989999771118164
    endloop
  endfacet
  facet normal 0.5620816287937684 0.8270817629306937 0
    outer loop
      vertex -11.560747146606445 -6.153298377990723 0.5989999771118164
      vertex -11.576334953308105 -6.142704963684082 2.798999786376953
      vertex -11.560747146606445 -6.153298377990723 2.798999786376953
    endloop
  endfacet
  facet normal 0.5620816287937684 0.8270817629306937 0
    outer loop
      vertex -11.576334953308105 -6.142704963684082 2.798999786376953
      vertex -11.560747146606445 -6.153298377990723 0.5989999771118164
      vertex -11.576334953308105 -6.142704963684082 0.5989999771118164
    endloop
  endfacet
  facet normal -0.7071067811865476 -0.7071067811865476 0
    outer loop
      vertex -11.18130874633789 6.105363845825195 0.5999994277954102
      vertex -11.194635391235352 6.118690490722656 2.798999786376953
      vertex -11.194635391235352 6.118690490722656 0.5999994277954102
    endloop
  endfacet
  facet normal -0.7071067811865476 -0.7071067811865476 0
    outer loop
      vertex -11.194635391235352 6.118690490722656 2.798999786376953
      vertex -11.18130874633789 6.105363845825195 0.5999994277954102
      vertex -11.18130874633789 6.105363845825195 2.798999786376953
    endloop
  endfacet
  facet normal -0.6129312038125971 -0.7901362790005535 0
    outer loop
      vertex -11.223664283752441 6.142704963684082 0.5999994277954102
      vertex -11.208772659301758 6.131153106689453 2.798999786376953
      vertex -11.223664283752441 6.142704963684082 2.798999786376953
    endloop
  endfacet
  facet normal -0.6129312038125971 -0.7901362790005535 0
    outer loop
      vertex -11.208772659301758 6.131153106689453 2.798999786376953
      vertex -11.223664283752441 6.142704963684082 0.5999994277954102
      vertex -11.208772659301758 6.131153106689453 0.5999994277954102
    endloop
  endfacet
  facet normal 0.3971415818131048 -0.9177573557291628 0
    outer loop
      vertex -11.527732849121094 6.17144775390625 0.5989999771118164
      vertex -11.51043701171875 6.178932189941406 2.798999786376953
      vertex -11.527732849121094 6.17144775390625 2.798999786376953
    endloop
  endfacet
  facet normal 0.3971415818131048 -0.9177573557291628 0
    outer loop
      vertex -11.51043701171875 6.178932189941406 2.798999786376953
      vertex -11.527732849121094 6.17144775390625 0.5989999771118164
      vertex -11.51043701171875 6.178932189941406 0.5989999771118164
    endloop
  endfacet
  facet normal -0.8607441236376201 0.5090378705197731 0
    outer loop
      vertex -11.146700859069824 -6.060747146606445 0.5999994277954102
      vertex -11.137107849121094 -6.044526100158691 2.798999786376953
      vertex -11.137107849121094 -6.044526100158691 0.5999994277954102
    endloop
  endfacet
  facet normal -0.8607441236376201 0.5090378705197731 0
    outer loop
      vertex -11.137107849121094 -6.044526100158691 2.798999786376953
      vertex -11.146700859069824 -6.060747146606445 0.5999994277954102
      vertex -11.146700859069824 -6.060747146606445 2.798999786376953
    endloop
  endfacet
  facet normal 0.9759160266868776 0.21814653069828524 0
    outer loop
      vertex -11.690574645996094 -5.974606513977051 2.798999786376953
      vertex -11.694685935974121 -5.95621395111084 0.5989999771118164
      vertex -11.694685935974121 -5.95621395111084 2.798999786376953
    endloop
  endfacet
  facet normal 0.9759160266868776 0.21814653069828524 0
    outer loop
      vertex -11.694685935974121 -5.95621395111084 0.5989999771118164
      vertex -11.690574645996094 -5.974606513977051 2.798999786376953
      vertex -11.690574645996094 -5.974606513977051 0.5989999771118164
    endloop
  endfacet
  facet normal 0.5090378705197731 0.8607441236376201 0
    outer loop
      vertex -11.544526100158691 -6.162891387939453 0.5989999771118164
      vertex -11.560747146606445 -6.153298377990723 2.798999786376953
      vertex -11.544526100158691 -6.162891387939453 2.798999786376953
    endloop
  endfacet
  facet normal 0.5090378705197731 0.8607441236376201 0
    outer loop
      vertex -11.560747146606445 -6.153298377990723 2.798999786376953
      vertex -11.544526100158691 -6.162891387939453 0.5989999771118164
      vertex -11.560747146606445 -6.153298377990723 0.5989999771118164
    endloop
  endfacet
  facet normal -0.5621051535609615 -0.8270657750990595 0
    outer loop
      vertex -11.239251136779785 6.153298377990723 2.798999786376953
      vertex -11.223664283752441 6.142704963684082 0.5999994277954102
      vertex -11.223664283752441 6.142704963684082 2.798999786376953
    endloop
  endfacet
  facet normal -0.5620940634790637 -0.82707331222908 1.1491740626823962e-7
    outer loop
      vertex -11.239251136779785 6.153298377990723 2.798999786376953
      vertex -11.239250183105469 6.153297424316406 0.5999951958656311
      vertex -11.223664283752441 6.142704963684082 0.5999994277954102
    endloop
  endfacet
  facet normal -0.7071067811865476 -0.7071067811865476 0
    outer loop
      vertex -11.239250183105469 6.153297424316406 0.5999951958656311
      vertex -11.239251136779785 6.153298377990723 2.798999786376953
      vertex -11.239251136779785 6.153298377990723 0.5999945998191833
    endloop
  endfacet
  facet normal 0 -0.0003995227915590642 -0.9999999201907664
    outer loop
      vertex -11.223664283752441 6.142704963684082 0.5999994277954102
      vertex -11.239250183105469 6.153297424316406 0.5999951958656311
      vertex -11.239249229431152 6.153297424316406 0.5999951958656311
    endloop
  endfacet
  facet normal -0.7071067811865476 0.7071067811865476 0
    outer loop
      vertex -11.194635391235352 -6.118690490722656 0.5999994277954102
      vertex -11.18130874633789 -6.105363845825195 2.798999786376953
      vertex -11.18130874633789 -6.105363845825195 0.5999994277954102
    endloop
  endfacet
  facet normal -0.7071067811865476 0.7071067811865476 0
    outer loop
      vertex -11.18130874633789 -6.105363845825195 2.798999786376953
      vertex -11.194635391235352 -6.118690490722656 0.5999994277954102
      vertex -11.194635391235352 -6.118690490722656 2.798999786376953
    endloop
  endfacet
  facet normal 0.5090378705197731 -0.8607441236376201 0
    outer loop
      vertex -11.560747146606445 6.153298377990723 0.5989999771118164
      vertex -11.544526100158691 6.162891387939453 2.798999786376953
      vertex -11.560747146606445 6.153298377990723 2.798999786376953
    endloop
  endfacet
  facet normal 0.5090378705197731 -0.8607441236376201 0
    outer loop
      vertex -11.544526100158691 6.162891387939453 2.798999786376953
      vertex -11.560747146606445 6.153298377990723 0.5989999771118164
      vertex -11.544526100158691 6.162891387939453 0.5989999771118164
    endloop
  endfacet
  facet normal 0.2790224565203386 0.9602845769652639 0
    outer loop
      vertex -11.47460651397705 -6.190574645996094 0.5989999771118164
      vertex -11.492704391479492 -6.18531608581543 2.798999786376953
      vertex -11.47460651397705 -6.190574645996094 2.798999786376953
    endloop
  endfacet
  facet normal 0.2790224565203386 0.9602845769652639 0
    outer loop
      vertex -11.492704391479492 -6.18531608581543 2.798999786376953
      vertex -11.47460651397705 -6.190574645996094 0.5989999771118164
      vertex -11.492704391479492 -6.18531608581543 0.5989999771118164
    endloop
  endfacet
  facet normal 0.09412132591765665 0.9955607344645038 0
    outer loop
      vertex -11.41883659362793 -6.199407577514648 0.5989999771118164
      vertex -11.437599182128906 -6.197633743286133 2.798999786376953
      vertex -11.41883659362793 -6.199407577514648 2.798999786376953
    endloop
  endfacet
  facet normal 0.09412132591765665 0.9955607344645038 0
    outer loop
      vertex -11.437599182128906 -6.197633743286133 2.798999786376953
      vertex -11.41883659362793 -6.199407577514648 0.5989999771118164
      vertex -11.437599182128906 -6.197633743286133 0.5989999771118164
    endloop
  endfacet
  facet normal 0.9408848315934861 0.3387266356183068 0
    outer loop
      vertex -11.678932189941406 -6.01043701171875 2.798999786376953
      vertex -11.68531608581543 -5.992704391479492 0.5989999771118164
      vertex -11.68531608581543 -5.992704391479492 2.798999786376953
    endloop
  endfacet
  facet normal 0.9408848315934861 0.3387266356183068 0
    outer loop
      vertex -11.68531608581543 -5.992704391479492 0.5989999771118164
      vertex -11.678932189941406 -6.01043701171875 2.798999786376953
      vertex -11.678932189941406 -6.01043701171875 0.5989999771118164
    endloop
  endfacet
  facet normal 0.8607441236376201 -0.5090378705197731 0
    outer loop
      vertex -11.662891387939453 6.044526100158691 2.798999786376953
      vertex -11.653298377990723 6.060747146606445 0.5989999771118164
      vertex -11.653298377990723 6.060747146606445 2.798999786376953
    endloop
  endfacet
  facet normal 0.8607441236376201 -0.5090378705197731 0
    outer loop
      vertex -11.653298377990723 6.060747146606445 0.5989999771118164
      vertex -11.662891387939453 6.044526100158691 2.798999786376953
      vertex -11.662891387939453 6.044526100158691 0.5989999771118164
    endloop
  endfacet
  facet normal -0.4540015827325163 -0.8910008770345683 0
    outer loop
      vertex -11.272265434265137 6.17144775390625 0.5999994277954102
      vertex -11.255473136901855 6.162891387939453 2.798999786376953
      vertex -11.272265434265137 6.17144775390625 2.798999786376953
    endloop
  endfacet
  facet normal -0.4540015827325163 -0.8910008770345683 0
    outer loop
      vertex -11.255473136901855 6.162891387939453 2.798999786376953
      vertex -11.272265434265137 6.17144775390625 0.5999994277954102
      vertex -11.255473136901855 6.162891387939453 0.5999994277954102
    endloop
  endfacet
  facet normal 0.7901362790005535 0.6129312038125971 0
    outer loop
      vertex -11.631153106689453 -6.091226577758789 2.798999786376953
      vertex -11.642704963684082 -6.0763349533081055 0.5989999771118164
      vertex -11.642704963684082 -6.0763349533081055 2.798999786376953
    endloop
  endfacet
  facet normal 0.7901362790005535 0.6129312038125971 0
    outer loop
      vertex -11.642704963684082 -6.0763349533081055 0.5989999771118164
      vertex -11.631153106689453 -6.091226577758789 2.798999786376953
      vertex -11.631153106689453 -6.091226577758789 0.5989999771118164
    endloop
  endfacet
  facet normal -0.6612801458526502 -0.7501390329139643 0
    outer loop
      vertex -11.208772659301758 6.131153106689453 0.5999994277954102
      vertex -11.194635391235352 6.118690490722656 2.798999786376953
      vertex -11.208772659301758 6.131153106689453 2.798999786376953
    endloop
  endfacet
  facet normal -0.6612801458526502 -0.7501390329139643 0
    outer loop
      vertex -11.194635391235352 6.118690490722656 2.798999786376953
      vertex -11.208772659301758 6.131153106689453 0.5999994277954102
      vertex -11.194635391235352 6.118690490722656 0.5999994277954102
    endloop
  endfacet
  facet normal 0.15640949256927125 -0.987692295522357 0
    outer loop
      vertex -11.45621395111084 6.194685935974121 0.5989999771118164
      vertex -11.437599182128906 6.197633743286133 2.798999786376953
      vertex -11.45621395111084 6.194685935974121 2.798999786376953
    endloop
  endfacet
  facet normal 0.15640949256927125 -0.987692295522357 0
    outer loop
      vertex -11.437599182128906 6.197633743286133 2.798999786376953
      vertex -11.45621395111084 6.194685935974121 0.5989999771118164
      vertex -11.437599182128906 6.197633743286133 0.5989999771118164
    endloop
  endfacet
  facet normal 0.8910113062938652 0.45398111420685777 0
    outer loop
      vertex -11.662891387939453 -6.044526100158691 2.798999786376953
      vertex -11.67144775390625 -6.027732849121094 0.5989999771118164
      vertex -11.67144775390625 -6.027732849121094 2.798999786376953
    endloop
  endfacet
  facet normal 0.8910113062938652 0.45398111420685777 0
    outer loop
      vertex -11.67144775390625 -6.027732849121094 0.5989999771118164
      vertex -11.662891387939453 -6.044526100158691 2.798999786376953
      vertex -11.662891387939453 -6.044526100158691 0.5989999771118164
    endloop
  endfacet
  facet normal 0.6129312038125971 -0.7901362790005535 0
    outer loop
      vertex -11.591226577758789 6.131153106689453 0.5989999771118164
      vertex -11.576334953308105 6.142704963684082 2.798999786376953
      vertex -11.591226577758789 6.131153106689453 2.798999786376953
    endloop
  endfacet
  facet normal 0.6129312038125971 -0.7901362790005535 0
    outer loop
      vertex -11.576334953308105 6.142704963684082 2.798999786376953
      vertex -11.591226577758789 6.131153106689453 0.5989999771118164
      vertex -11.576334953308105 6.142704963684082 0.5989999771118164
    endloop
  endfacet
  facet normal -0.5090156985725441 0.860757235581964 0
    outer loop
      vertex -11.239251136779785 -6.153298377990723 2.798999786376953
      vertex -11.255473136901855 -6.162891387939453 0.5999994277954102
      vertex -11.255473136901855 -6.162891387939453 2.798999786376953
    endloop
  endfacet
  facet normal -0.5090156985725441 0.860757235581964 0
    outer loop
      vertex -11.255473136901855 -6.162891387939453 0.5999994277954102
      vertex -11.239251136779785 -6.153298377990723 2.798999786376953
      vertex -11.239251136779785 -6.153298377990723 0.5999945998191833
    endloop
  endfacet
  facet normal -0.9408687039569372 0.33877143019208855 0
    outer loop
      vertex -11.12106704711914 -6.01043701171875 0.5999994277954102
      vertex -11.1146821975708 -5.992704391479492 2.798999786376953
      vertex -11.1146821975708 -5.992704391479492 0.5999994277954102
    endloop
  endfacet
  facet normal -0.9408687039569372 0.33877143019208855 0
    outer loop
      vertex -11.1146821975708 -5.992704391479492 2.798999786376953
      vertex -11.12106704711914 -6.01043701171875 0.5999994277954102
      vertex -11.12106704711914 -6.01043701171875 2.798999786376953
    endloop
  endfacet
  facet normal -0.6129312038125971 0.7901362790005535 0
    outer loop
      vertex -11.208772659301758 -6.131153106689453 0.5999994277954102
      vertex -11.223664283752441 -6.142704963684082 2.798999786376953
      vertex -11.208772659301758 -6.131153106689453 2.798999786376953
    endloop
  endfacet
  facet normal -0.6129312038125971 0.7901362790005535 0
    outer loop
      vertex -11.223664283752441 -6.142704963684082 2.798999786376953
      vertex -11.208772659301758 -6.131153106689453 0.5999994277954102
      vertex -11.223664283752441 -6.142704963684082 0.5999994277954102
    endloop
  endfacet
  facet normal -0.03142432711320473 -0.9995061338808693 0
    outer loop
      vertex -11.399999618530273 6.199999809265137 0.5999994277954102
      vertex -11.381162643432617 6.199407577514648 2.798999786376953
      vertex -11.399999618530273 6.199999809265137 2.798999786376953
    endloop
  endfacet
  facet normal -0.03142432711320473 -0.9995061338808693 0
    outer loop
      vertex -11.381162643432617 6.199407577514648 2.798999786376953
      vertex -11.399999618530273 6.199999809265137 0.5999994277954102
      vertex -11.381162643432617 6.199407577514648 0.5999994277954102
    endloop
  endfacet
  facet normal -0.031413061052077015 -0.9995064880206322 0
    outer loop
      vertex -11.399832725524902 6.1999945640563965 0.5989999771118164
      vertex -11.399999618530273 6.199999809265137 0.5999994277954102
      vertex -11.399999618530273 6.199999809265137 0.5989999771118164
    endloop
  endfacet
  facet normal 0.9602845769652639 -0.2790224565203386 0
    outer loop
      vertex -11.690574645996094 5.974606513977051 2.798999786376953
      vertex -11.68531608581543 5.992704391479492 0.5989999771118164
      vertex -11.68531608581543 5.992704391479492 2.798999786376953
    endloop
  endfacet
  facet normal 0.9602845769652639 -0.2790224565203386 0
    outer loop
      vertex -11.68531608581543 5.992704391479492 0.5989999771118164
      vertex -11.690574645996094 5.974606513977051 2.798999786376953
      vertex -11.690574645996094 5.974606513977051 0.5989999771118164
    endloop
  endfacet
  facet normal 0 0 -1
    outer loop
      vertex -11.699999809265137 -5.899999618530273 2.798999786376953
      vertex -11.09999942779541 -5.899999618530273 2.798999786376953
      vertex -11.100591659545898 -5.91883659362793 2.798999786376953
    endloop
  endfacet
  facet normal 0 0 -1
    outer loop
      vertex -11.09999942779541 -5.899999618530273 2.798999786376953
      vertex -11.699999809265137 -5.899999618530273 2.798999786376953
      vertex -11.09999942779541 5.899999618530273 2.798999786376953
    endloop
  endfacet
  facet normal 0 0 -1
    outer loop
      vertex -11.699999809265137 -5.899999618530273 2.798999786376953
      vertex -11.100591659545898 -5.91883659362793 2.798999786376953
      vertex -11.102365493774414 -5.937599182128906 2.798999786376953
    endloop
  endfacet
  facet normal 0 0 -1
    outer loop
      vertex -11.699999809265137 5.899999618530273 2.798999786376953
      vertex -11.09999942779541 5.899999618530273 2.798999786376953
      vertex -11.699999809265137 -5.899999618530273 2.798999786376953
    endloop
  endfacet
  facet normal 0 0 -1
    outer loop
      vertex -11.699999809265137 -5.899999618530273 2.798999786376953
      vertex -11.102365493774414 -5.937599182128906 2.798999786376953
      vertex -11.105313301086426 -5.95621395111084 2.798999786376953
    endloop
  endfacet
  facet normal 0 0 -1
    outer loop
      vertex -11.09999942779541 5.899999618530273 2.798999786376953
      vertex -11.699999809265137 5.899999618530273 2.798999786376953
      vertex -11.100591659545898 5.91883659362793 2.798999786376953
    endloop
  endfacet
  facet normal 0 0 -1
    outer loop
      vertex -11.699999809265137 -5.899999618530273 2.798999786376953
      vertex -11.105313301086426 -5.95621395111084 2.798999786376953
      vertex -11.109424591064453 -5.974606513977051 2.798999786376953
    endloop
  endfacet
  facet normal 0 0 -1
    outer loop
      vertex -11.100591659545898 5.91883659362793 2.798999786376953
      vertex -11.699999809265137 5.899999618530273 2.798999786376953
      vertex -11.102365493774414 5.937599182128906 2.798999786376953
    endloop
  endfacet
  facet normal 0 0 -1
    outer loop
      vertex -11.699999809265137 -5.899999618530273 2.798999786376953
      vertex -11.109424591064453 -5.974606513977051 2.798999786376953
      vertex -11.1146821975708 -5.992704391479492 2.798999786376953
    endloop
  endfacet
  facet normal 0 0 -1
    outer loop
      vertex -11.102365493774414 5.937599182128906 2.798999786376953
      vertex -11.699999809265137 5.899999618530273 2.798999786376953
      vertex -11.105313301086426 5.95621395111084 2.798999786376953
    endloop
  endfacet
  facet normal 0 0 -1
    outer loop
      vertex -11.699999809265137 -5.899999618530273 2.798999786376953
      vertex -11.1146821975708 -5.992704391479492 2.798999786376953
      vertex -11.12106704711914 -6.01043701171875 2.798999786376953
    endloop
  endfacet
  facet normal 0 0 -1
    outer loop
      vertex -11.105313301086426 5.95621395111084 2.798999786376953
      vertex -11.699999809265137 5.899999618530273 2.798999786376953
      vertex -11.109424591064453 5.974606513977051 2.798999786376953
    endloop
  endfacet
  facet normal 0 0 -1
    outer loop
      vertex -11.699999809265137 -5.899999618530273 2.798999786376953
      vertex -11.12106704711914 -6.01043701171875 2.798999786376953
      vertex -11.128551483154297 -6.027732849121094 2.798999786376953
    endloop
  endfacet
  facet normal 0 0 -1
    outer loop
      vertex -11.109424591064453 5.974606513977051 2.798999786376953
      vertex -11.699999809265137 5.899999618530273 2.798999786376953
      vertex -11.1146821975708 5.992704391479492 2.798999786376953
    endloop
  endfacet
  facet normal 0 0 -1
    outer loop
      vertex -11.699999809265137 -5.899999618530273 2.798999786376953
      vertex -11.128551483154297 -6.027732849121094 2.798999786376953
      vertex -11.137107849121094 -6.044526100158691 2.798999786376953
    endloop
  endfacet
  facet normal 0 0 -1
    outer loop
      vertex -11.1146821975708 5.992704391479492 2.798999786376953
      vertex -11.699999809265137 5.899999618530273 2.798999786376953
      vertex -11.12106704711914 6.01043701171875 2.798999786376953
    endloop
  endfacet
  facet normal 0 0 -1
    outer loop
      vertex -11.699999809265137 -5.899999618530273 2.798999786376953
      vertex -11.137107849121094 -6.044526100158691 2.798999786376953
      vertex -11.146700859069824 -6.060747146606445 2.798999786376953
    endloop
  endfacet
  facet normal 0 0 -1
    outer loop
      vertex -11.12106704711914 6.01043701171875 2.798999786376953
      vertex -11.699999809265137 5.899999618530273 2.798999786376953
      vertex -11.128551483154297 6.027732849121094 2.798999786376953
    endloop
  endfacet
  facet normal 0 0 -1
    outer loop
      vertex -11.699999809265137 -5.899999618530273 2.798999786376953
      vertex -11.146700859069824 -6.060747146606445 2.798999786376953
      vertex -11.157294273376465 -6.0763349533081055 2.798999786376953
    endloop
  endfacet
  facet normal 0 0 -1
    outer loop
      vertex -11.128551483154297 6.027732849121094 2.798999786376953
      vertex -11.699999809265137 5.899999618530273 2.798999786376953
      vertex -11.137107849121094 6.044526100158691 2.798999786376953
    endloop
  endfacet
  facet normal 0 0 -1
    outer loop
      vertex -11.699999809265137 -5.899999618530273 2.798999786376953
      vertex -11.157294273376465 -6.0763349533081055 2.798999786376953
      vertex -11.168845176696777 -6.091226577758789 2.798999786376953
    endloop
  endfacet
  facet normal 0 0 -1
    outer loop
      vertex -11.137107849121094 6.044526100158691 2.798999786376953
      vertex -11.699999809265137 5.899999618530273 2.798999786376953
      vertex -11.146700859069824 6.060747146606445 2.798999786376953
    endloop
  endfacet
  facet normal 0 0 -1
    outer loop
      vertex -11.699999809265137 -5.899999618530273 2.798999786376953
      vertex -11.168845176696777 -6.091226577758789 2.798999786376953
      vertex -11.18130874633789 -6.105363845825195 2.798999786376953
    endloop
  endfacet
  facet normal 0 0 -1
    outer loop
      vertex -11.146700859069824 6.060747146606445 2.798999786376953
      vertex -11.699999809265137 5.899999618530273 2.798999786376953
      vertex -11.157294273376465 6.0763349533081055 2.798999786376953
    endloop
  endfacet
  facet normal 0 0 -1
    outer loop
      vertex -11.699999809265137 -5.899999618530273 2.798999786376953
      vertex -11.18130874633789 -6.105363845825195 2.798999786376953
      vertex -11.194635391235352 -6.118690490722656 2.798999786376953
    endloop
  endfacet
  facet normal 0 0 -1
    outer loop
      vertex -11.157294273376465 6.0763349533081055 2.798999786376953
      vertex -11.699999809265137 5.899999618530273 2.798999786376953
      vertex -11.168845176696777 6.091226577758789 2.798999786376953
    endloop
  endfacet
  facet normal 0 0 -1
    outer loop
      vertex -11.699999809265137 -5.899999618530273 2.798999786376953
      vertex -11.194635391235352 -6.118690490722656 2.798999786376953
      vertex -11.208772659301758 -6.131153106689453 2.798999786376953
    endloop
  endfacet
  facet normal 0 0 -1
    outer loop
      vertex -11.168845176696777 6.091226577758789 2.798999786376953
      vertex -11.699999809265137 5.899999618530273 2.798999786376953
      vertex -11.18130874633789 6.105363845825195 2.798999786376953
    endloop
  endfacet
  facet normal 0 0 -1
    outer loop
      vertex -11.699999809265137 -5.899999618530273 2.798999786376953
      vertex -11.208772659301758 -6.131153106689453 2.798999786376953
      vertex -11.223664283752441 -6.142704963684082 2.798999786376953
    endloop
  endfacet
  facet normal 0 0 -1
    outer loop
      vertex -11.18130874633789 6.105363845825195 2.798999786376953
      vertex -11.699999809265137 5.899999618530273 2.798999786376953
      vertex -11.194635391235352 6.118690490722656 2.798999786376953
    endloop
  endfacet
  facet normal 0 0 -1
    outer loop
      vertex -11.699999809265137 -5.899999618530273 2.798999786376953
      vertex -11.223664283752441 -6.142704963684082 2.798999786376953
      vertex -11.239251136779785 -6.153298377990723 2.798999786376953
    endloop
  endfacet
  facet normal 0 0 -1
    outer loop
      vertex -11.194635391235352 6.118690490722656 2.798999786376953
      vertex -11.699999809265137 5.899999618530273 2.798999786376953
      vertex -11.208772659301758 6.131153106689453 2.798999786376953
    endloop
  endfacet
  facet normal 0 0 -1
    outer loop
      vertex -11.699999809265137 -5.899999618530273 2.798999786376953
      vertex -11.239251136779785 -6.153298377990723 2.798999786376953
      vertex -11.255473136901855 -6.162891387939453 2.798999786376953
    endloop
  endfacet
  facet normal 0 0 -1
    outer loop
      vertex -11.208772659301758 6.131153106689453 2.798999786376953
      vertex -11.699999809265137 5.899999618530273 2.798999786376953
      vertex -11.223664283752441 6.142704963684082 2.798999786376953
    endloop
  endfacet
  facet normal 0 0 -1
    outer loop
      vertex -11.699999809265137 -5.899999618530273 2.798999786376953
      vertex -11.255473136901855 -6.162891387939453 2.798999786376953
      vertex -11.272265434265137 -6.17144775390625 2.798999786376953
    endloop
  endfacet
  facet normal 0 0 -1
    outer loop
      vertex -11.223664283752441 6.142704963684082 2.798999786376953
      vertex -11.699999809265137 5.899999618530273 2.798999786376953
      vertex -11.239251136779785 6.153298377990723 2.798999786376953
    endloop
  endfacet
  facet normal 0 0 -1
    outer loop
      vertex -11.699999809265137 -5.899999618530273 2.798999786376953
      vertex -11.272265434265137 -6.17144775390625 2.798999786376953
      vertex -11.289562225341797 -6.178932189941406 2.798999786376953
    endloop
  endfacet
  facet normal 0 0 -1
    outer loop
      vertex -11.239251136779785 6.153298377990723 2.798999786376953
      vertex -11.699999809265137 5.899999618530273 2.798999786376953
      vertex -11.255473136901855 6.162891387939453 2.798999786376953
    endloop
  endfacet
  facet normal 0 0 -1
    outer loop
      vertex -11.699999809265137 -5.899999618530273 2.798999786376953
      vertex -11.289562225341797 -6.178932189941406 2.798999786376953
      vertex -11.307294845581055 -6.18531608581543 2.798999786376953
    endloop
  endfacet
  facet normal 0 0 -1
    outer loop
      vertex -11.255473136901855 6.162891387939453 2.798999786376953
      vertex -11.699999809265137 5.899999618530273 2.798999786376953
      vertex -11.272265434265137 6.17144775390625 2.798999786376953
    endloop
  endfacet
  facet normal 0 0 -1
    outer loop
      vertex -11.699999809265137 -5.899999618530273 2.798999786376953
      vertex -11.307294845581055 -6.18531608581543 2.798999786376953
      vertex -11.325392723083496 -6.190574645996094 2.798999786376953
    endloop
  endfacet
  facet normal 0 0 -1
    outer loop
      vertex -11.272265434265137 6.17144775390625 2.798999786376953
      vertex -11.699999809265137 5.899999618530273 2.798999786376953
      vertex -11.289562225341797 6.178932189941406 2.798999786376953
    endloop
  endfacet
  facet normal 0 0 -1
    outer loop
      vertex -11.699999809265137 -5.899999618530273 2.798999786376953
      vertex -11.325392723083496 -6.190574645996094 2.798999786376953
      vertex -11.343785285949707 -6.194685935974121 2.798999786376953
    endloop
  endfacet
  facet normal 0 0 -1
    outer loop
      vertex -11.289562225341797 6.178932189941406 2.798999786376953
      vertex -11.699999809265137 5.899999618530273 2.798999786376953
      vertex -11.307294845581055 6.18531608581543 2.798999786376953
    endloop
  endfacet
  facet normal 0 0 -1
    outer loop
      vertex -11.699999809265137 -5.899999618530273 2.798999786376953
      vertex -11.343785285949707 -6.194685935974121 2.798999786376953
      vertex -11.362399101257324 -6.197633743286133 2.798999786376953
    endloop
  endfacet
  facet normal 0 0 -1
    outer loop
      vertex -11.307294845581055 6.18531608581543 2.798999786376953
      vertex -11.699999809265137 5.899999618530273 2.798999786376953
      vertex -11.325392723083496 6.190574645996094 2.798999786376953
    endloop
  endfacet
  facet normal 0 0 -1
    outer loop
      vertex -11.699999809265137 -5.899999618530273 2.798999786376953
      vertex -11.362399101257324 -6.197633743286133 2.798999786376953
      vertex -11.381162643432617 -6.199407577514648 2.798999786376953
    endloop
  endfacet
  facet normal 0 0 -1
    outer loop
      vertex -11.325392723083496 6.190574645996094 2.798999786376953
      vertex -11.699999809265137 5.899999618530273 2.798999786376953
      vertex -11.343785285949707 6.194685935974121 2.798999786376953
    endloop
  endfacet
  facet normal 0 0 -1
    outer loop
      vertex -11.699999809265137 -5.899999618530273 2.798999786376953
      vertex -11.381162643432617 -6.199407577514648 2.798999786376953
      vertex -11.399999618530273 -6.199999809265137 2.798999786376953
    endloop
  endfacet
  facet normal 0 0 -1
    outer loop
      vertex -11.343785285949707 6.194685935974121 2.798999786376953
      vertex -11.699999809265137 5.899999618530273 2.798999786376953
      vertex -11.362399101257324 6.197633743286133 2.798999786376953
    endloop
  endfacet
  facet normal 0 0 -1
    outer loop
      vertex -11.699999809265137 -5.899999618530273 2.798999786376953
      vertex -11.399999618530273 -6.199999809265137 2.798999786376953
      vertex -11.41883659362793 -6.199407577514648 2.798999786376953
    endloop
  endfacet
  facet normal 0 0 -1
    outer loop
      vertex -11.362399101257324 6.197633743286133 2.798999786376953
      vertex -11.699999809265137 5.899999618530273 2.798999786376953
      vertex -11.381162643432617 6.199407577514648 2.798999786376953
    endloop
  endfacet
  facet normal 0 0 -1
    outer loop
      vertex -11.699999809265137 -5.899999618530273 2.798999786376953
      vertex -11.41883659362793 -6.199407577514648 2.798999786376953
      vertex -11.437599182128906 -6.197633743286133 2.798999786376953
    endloop
  endfacet
  facet normal 0 0 -1
    outer loop
      vertex -11.381162643432617 6.199407577514648 2.798999786376953
      vertex -11.699999809265137 5.899999618530273 2.798999786376953
      vertex -11.399999618530273 6.199999809265137 2.798999786376953
    endloop
  endfacet
  facet normal 0 0 -1
    outer loop
      vertex -11.699999809265137 -5.899999618530273 2.798999786376953
      vertex -11.437599182128906 -6.197633743286133 2.798999786376953
      vertex -11.45621395111084 -6.194685935974121 2.798999786376953
    endloop
  endfacet
  facet normal 0 0 -1
    outer loop
      vertex -11.399999618530273 6.199999809265137 2.798999786376953
      vertex -11.699999809265137 5.899999618530273 2.798999786376953
      vertex -11.41883659362793 6.199407577514648 2.798999786376953
    endloop
  endfacet
  facet normal 0 0 -1
    outer loop
      vertex -11.699999809265137 -5.899999618530273 2.798999786376953
      vertex -11.45621395111084 -6.194685935974121 2.798999786376953
      vertex -11.47460651397705 -6.190574645996094 2.798999786376953
    endloop
  endfacet
  facet normal 0 0 -1
    outer loop
      vertex -11.41883659362793 6.199407577514648 2.798999786376953
      vertex -11.699999809265137 5.899999618530273 2.798999786376953
      vertex -11.437599182128906 6.197633743286133 2.798999786376953
    endloop
  endfacet
  facet normal 0 0 -1
    outer loop
      vertex -11.699999809265137 -5.899999618530273 2.798999786376953
      vertex -11.47460651397705 -6.190574645996094 2.798999786376953
      vertex -11.492704391479492 -6.18531608581543 2.798999786376953
    endloop
  endfacet
  facet normal 0 0 -1
    outer loop
      vertex -11.437599182128906 6.197633743286133 2.798999786376953
      vertex -11.699999809265137 5.899999618530273 2.798999786376953
      vertex -11.45621395111084 6.194685935974121 2.798999786376953
    endloop
  endfacet
  facet normal 0 0 -1
    outer loop
      vertex -11.699999809265137 -5.899999618530273 2.798999786376953
      vertex -11.492704391479492 -6.18531608581543 2.798999786376953
      vertex -11.51043701171875 -6.178932189941406 2.798999786376953
    endloop
  endfacet
  facet normal 0 0 -1
    outer loop
      vertex -11.45621395111084 6.194685935974121 2.798999786376953
      vertex -11.699999809265137 5.899999618530273 2.798999786376953
      vertex -11.47460651397705 6.190574645996094 2.798999786376953
    endloop
  endfacet
  facet normal 0 0 -1
    outer loop
      vertex -11.699999809265137 -5.899999618530273 2.798999786376953
      vertex -11.51043701171875 -6.178932189941406 2.798999786376953
      vertex -11.527732849121094 -6.17144775390625 2.798999786376953
    endloop
  endfacet
  facet normal 0 0 -1
    outer loop
      vertex -11.47460651397705 6.190574645996094 2.798999786376953
      vertex -11.699999809265137 5.899999618530273 2.798999786376953
      vertex -11.492704391479492 6.18531608581543 2.798999786376953
    endloop
  endfacet
  facet normal 0 0 -1
    outer loop
      vertex -11.699999809265137 -5.899999618530273 2.798999786376953
      vertex -11.527732849121094 -6.17144775390625 2.798999786376953
      vertex -11.544526100158691 -6.162891387939453 2.798999786376953
    endloop
  endfacet
  facet normal 0 0 -1
    outer loop
      vertex -11.492704391479492 6.18531608581543 2.798999786376953
      vertex -11.699999809265137 5.899999618530273 2.798999786376953
      vertex -11.51043701171875 6.178932189941406 2.798999786376953
    endloop
  endfacet
  facet normal 0 0 -1
    outer loop
      vertex -11.699999809265137 -5.899999618530273 2.798999786376953
      vertex -11.544526100158691 -6.162891387939453 2.798999786376953
      vertex -11.560747146606445 -6.153298377990723 2.798999786376953
    endloop
  endfacet
  facet normal 0 0 -1
    outer loop
      vertex -11.51043701171875 6.178932189941406 2.798999786376953
      vertex -11.699999809265137 5.899999618530273 2.798999786376953
      vertex -11.527732849121094 6.17144775390625 2.798999786376953
    endloop
  endfacet
  facet normal 0 0 -1
    outer loop
      vertex -11.699999809265137 -5.899999618530273 2.798999786376953
      vertex -11.560747146606445 -6.153298377990723 2.798999786376953
      vertex -11.576334953308105 -6.142704963684082 2.798999786376953
    endloop
  endfacet
  facet normal 0 0 -1
    outer loop
      vertex -11.527732849121094 6.17144775390625 2.798999786376953
      vertex -11.699999809265137 5.899999618530273 2.798999786376953
      vertex -11.544526100158691 6.162891387939453 2.798999786376953
    endloop
  endfacet
  facet normal 0 0 -1
    outer loop
      vertex -11.699999809265137 -5.899999618530273 2.798999786376953
      vertex -11.576334953308105 -6.142704963684082 2.798999786376953
      vertex -11.591226577758789 -6.131153106689453 2.798999786376953
    endloop
  endfacet
  facet normal 0 0 -1
    outer loop
      vertex -11.544526100158691 6.162891387939453 2.798999786376953
      vertex -11.699999809265137 5.899999618530273 2.798999786376953
      vertex -11.560747146606445 6.153298377990723 2.798999786376953
    endloop
  endfacet
  facet normal 0 0 -1
    outer loop
      vertex -11.699999809265137 -5.899999618530273 2.798999786376953
      vertex -11.591226577758789 -6.131153106689453 2.798999786376953
      vertex -11.605363845825195 -6.118690490722656 2.798999786376953
    endloop
  endfacet
  facet normal 0 0 -1
    outer loop
      vertex -11.560747146606445 6.153298377990723 2.798999786376953
      vertex -11.699999809265137 5.899999618530273 2.798999786376953
      vertex -11.576334953308105 6.142704963684082 2.798999786376953
    endloop
  endfacet
  facet normal 0 0 -1
    outer loop
      vertex -11.699999809265137 -5.899999618530273 2.798999786376953
      vertex -11.605363845825195 -6.118690490722656 2.798999786376953
      vertex -11.618690490722656 -6.105363845825195 2.798999786376953
    endloop
  endfacet
  facet normal 0 0 -1
    outer loop
      vertex -11.576334953308105 6.142704963684082 2.798999786376953
      vertex -11.699999809265137 5.899999618530273 2.798999786376953
      vertex -11.591226577758789 6.131153106689453 2.798999786376953
    endloop
  endfacet
  facet normal 0 0 -1
    outer loop
      vertex -11.699999809265137 -5.899999618530273 2.798999786376953
      vertex -11.618690490722656 -6.105363845825195 2.798999786376953
      vertex -11.631153106689453 -6.091226577758789 2.798999786376953
    endloop
  endfacet
  facet normal 0 0 -1
    outer loop
      vertex -11.591226577758789 6.131153106689453 2.798999786376953
      vertex -11.699999809265137 5.899999618530273 2.798999786376953
      vertex -11.605363845825195 6.118690490722656 2.798999786376953
    endloop
  endfacet
  facet normal 0 0 -1
    outer loop
      vertex -11.699999809265137 -5.899999618530273 2.798999786376953
      vertex -11.631153106689453 -6.091226577758789 2.798999786376953
      vertex -11.642704963684082 -6.0763349533081055 2.798999786376953
    endloop
  endfacet
  facet normal 0 0 -1
    outer loop
      vertex -11.605363845825195 6.118690490722656 2.798999786376953
      vertex -11.699999809265137 5.899999618530273 2.798999786376953
      vertex -11.618690490722656 6.105363845825195 2.798999786376953
    endloop
  endfacet
  facet normal 0 0 -1
    outer loop
      vertex -11.699999809265137 -5.899999618530273 2.798999786376953
      vertex -11.642704963684082 -6.0763349533081055 2.798999786376953
      vertex -11.653298377990723 -6.060747146606445 2.798999786376953
    endloop
  endfacet
  facet normal 0 0 -1
    outer loop
      vertex -11.618690490722656 6.105363845825195 2.798999786376953
      vertex -11.699999809265137 5.899999618530273 2.798999786376953
      vertex -11.631153106689453 6.091226577758789 2.798999786376953
    endloop
  endfacet
  facet normal 0 0 -1
    outer loop
      vertex -11.699999809265137 -5.899999618530273 2.798999786376953
      vertex -11.653298377990723 -6.060747146606445 2.798999786376953
      vertex -11.662891387939453 -6.044526100158691 2.798999786376953
    endloop
  endfacet
  facet normal 0 0 -1
    outer loop
      vertex -11.631153106689453 6.091226577758789 2.798999786376953
      vertex -11.699999809265137 5.899999618530273 2.798999786376953
      vertex -11.642704963684082 6.0763349533081055 2.798999786376953
    endloop
  endfacet
  facet normal 0 0 -1
    outer loop
      vertex -11.699999809265137 -5.899999618530273 2.798999786376953
      vertex -11.662891387939453 -6.044526100158691 2.798999786376953
      vertex -11.67144775390625 -6.027732849121094 2.798999786376953
    endloop
  endfacet
  facet normal 0 0 -1
    outer loop
      vertex -11.642704963684082 6.0763349533081055 2.798999786376953
      vertex -11.699999809265137 5.899999618530273 2.798999786376953
      vertex -11.653298377990723 6.060747146606445 2.798999786376953
    endloop
  endfacet
  facet normal 0 0 -1
    outer loop
      vertex -11.699999809265137 -5.899999618530273 2.798999786376953
      vertex -11.67144775390625 -6.027732849121094 2.798999786376953
      vertex -11.678932189941406 -6.01043701171875 2.798999786376953
    endloop
  endfacet
  facet normal 0 0 -1
    outer loop
      vertex -11.653298377990723 6.060747146606445 2.798999786376953
      vertex -11.699999809265137 5.899999618530273 2.798999786376953
      vertex -11.662891387939453 6.044526100158691 2.798999786376953
    endloop
  endfacet
  facet normal 0 0 -1
    outer loop
      vertex -11.699999809265137 -5.899999618530273 2.798999786376953
      vertex -11.678932189941406 -6.01043701171875 2.798999786376953
      vertex -11.68531608581543 -5.992704391479492 2.798999786376953
    endloop
  endfacet
  facet normal 0 0 -1
    outer loop
      vertex -11.662891387939453 6.044526100158691 2.798999786376953
      vertex -11.699999809265137 5.899999618530273 2.798999786376953
      vertex -11.67144775390625 6.027732849121094 2.798999786376953
    endloop
  endfacet
  facet normal 0 0 -1
    outer loop
      vertex -11.699999809265137 -5.899999618530273 2.798999786376953
      vertex -11.68531608581543 -5.992704391479492 2.798999786376953
      vertex -11.690574645996094 -5.974606513977051 2.798999786376953
    endloop
  endfacet
  facet normal 0 0 -1
    outer loop
      vertex -11.67144775390625 6.027732849121094 2.798999786376953
      vertex -11.699999809265137 5.899999618530273 2.798999786376953
      vertex -11.678932189941406 6.01043701171875 2.798999786376953
    endloop
  endfacet
  facet normal 0 0 -1
    outer loop
      vertex -11.699999809265137 -5.899999618530273 2.798999786376953
      vertex -11.690574645996094 -5.974606513977051 2.798999786376953
      vertex -11.694685935974121 -5.95621395111084 2.798999786376953
    endloop
  endfacet
  facet normal 0 0 -1
    outer loop
      vertex -11.678932189941406 6.01043701171875 2.798999786376953
      vertex -11.699999809265137 5.899999618530273 2.798999786376953
      vertex -11.68531608581543 5.992704391479492 2.798999786376953
    endloop
  endfacet
  facet normal 0 0 -1
    outer loop
      vertex -11.699999809265137 -5.899999618530273 2.798999786376953
      vertex -11.694685935974121 -5.95621395111084 2.798999786376953
      vertex -11.697633743286133 -5.937599182128906 2.798999786376953
    endloop
  endfacet
  facet normal 0 0 -1
    outer loop
      vertex -11.68531608581543 5.992704391479492 2.798999786376953
      vertex -11.699999809265137 5.899999618530273 2.798999786376953
      vertex -11.690574645996094 5.974606513977051 2.798999786376953
    endloop
  endfacet
  facet normal 0 0 -1
    outer loop
      vertex -11.699999809265137 -5.899999618530273 2.798999786376953
      vertex -11.697633743286133 -5.937599182128906 2.798999786376953
      vertex -11.699407577514648 -5.91883659362793 2.798999786376953
    endloop
  endfacet
  facet normal 0 0 -1
    outer loop
      vertex -11.690574645996094 5.974606513977051 2.798999786376953
      vertex -11.699999809265137 5.899999618530273 2.798999786376953
      vertex -11.694685935974121 5.95621395111084 2.798999786376953
    endloop
  endfacet
  facet normal 0 0 -1
    outer loop
      vertex -11.694685935974121 5.95621395111084 2.798999786376953
      vertex -11.699999809265137 5.899999618530273 2.798999786376953
      vertex -11.697633743286133 5.937599182128906 2.798999786376953
    endloop
  endfacet
  facet normal 0 0 -1
    outer loop
      vertex -11.697633743286133 5.937599182128906 2.798999786376953
      vertex -11.699999809265137 5.899999618530273 2.798999786376953
      vertex -11.699407577514648 5.91883659362793 2.798999786376953
    endloop
  endfacet
  facet normal -0.8270817629306938 0.5620816287937686 0
    outer loop
      vertex -11.157294273376465 -6.0763349533081055 0.5999994277954102
      vertex -11.146700859069824 -6.060747146606445 2.798999786376953
      vertex -11.146700859069824 -6.060747146606445 0.5999994277954102
    endloop
  endfacet
  facet normal -0.8270817629306938 0.5620816287937686 0
    outer loop
      vertex -11.146700859069824 -6.060747146606445 2.798999786376953
      vertex -11.157294273376465 -6.0763349533081055 0.5999994277954102
      vertex -11.157294273376465 -6.0763349533081055 2.798999786376953
    endloop
  endfacet
  facet normal 0.7501390329139643 -0.6612801458526502 0
    outer loop
      vertex -11.631153106689453 6.091226577758789 2.798999786376953
      vertex -11.618690490722656 6.105363845825195 0.5989999771118164
      vertex -11.618690490722656 6.105363845825195 2.798999786376953
    endloop
  endfacet
  facet normal 0.7501390329139643 -0.6612801458526502 0
    outer loop
      vertex -11.618690490722656 6.105363845825195 0.5989999771118164
      vertex -11.631153106689453 6.091226577758789 2.798999786376953
      vertex -11.631153106689453 6.091226577758789 0.5989999771118164
    endloop
  endfacet
  facet normal -0.03142432711320473 0.9995061338808693 0
    outer loop
      vertex -11.381162643432617 -6.199407577514648 0.5999994277954102
      vertex -11.399999618530273 -6.199999809265137 2.798999786376953
      vertex -11.381162643432617 -6.199407577514648 2.798999786376953
    endloop
  endfacet
  facet normal -0.03142432711320473 0.9995061338808693 0
    outer loop
      vertex -11.399999618530273 -6.199999809265137 2.798999786376953
      vertex -11.381162643432617 -6.199407577514648 0.5999994277954102
      vertex -11.399999618530273 -6.199999809265137 0.5999994277954102
    endloop
  endfacet
  facet normal -0.031413061052077015 0.9995064880206322 0
    outer loop
      vertex -11.399999618530273 -6.199999809265137 0.5999994277954102
      vertex -11.399832725524902 -6.1999945640563965 0.5989999771118164
      vertex -11.399999618530273 -6.199999809265137 0.5989999771118164
    endloop
  endfacet
  facet normal 0.8607441236376201 0.5090378705197731 0
    outer loop
      vertex -11.653298377990723 -6.060747146606445 2.798999786376953
      vertex -11.662891387939453 -6.044526100158691 0.5989999771118164
      vertex -11.662891387939453 -6.044526100158691 2.798999786376953
    endloop
  endfacet
  facet normal 0.8607441236376201 0.5090378705197731 0
    outer loop
      vertex -11.662891387939453 -6.044526100158691 0.5989999771118164
      vertex -11.653298377990723 -6.060747146606445 2.798999786376953
      vertex -11.653298377990723 -6.060747146606445 0.5989999771118164
    endloop
  endfacet
  facet normal 0.15640949256927125 0.987692295522357 0
    outer loop
      vertex -11.437599182128906 -6.197633743286133 0.5989999771118164
      vertex -11.45621395111084 -6.194685935974121 2.798999786376953
      vertex -11.437599182128906 -6.197633743286133 2.798999786376953
    endloop
  endfacet
  facet normal 0.15640949256927125 0.987692295522357 0
    outer loop
      vertex -11.45621395111084 -6.194685935974121 2.798999786376953
      vertex -11.437599182128906 -6.197633743286133 0.5989999771118164
      vertex -11.45621395111084 -6.194685935974121 0.5989999771118164
    endloop
  endfacet
  facet normal 0.5620816287937684 -0.8270817629306937 0
    outer loop
      vertex -11.576334953308105 6.142704963684082 0.5989999771118164
      vertex -11.560747146606445 6.153298377990723 2.798999786376953
      vertex -11.576334953308105 6.142704963684082 2.798999786376953
    endloop
  endfacet
  facet normal 0.5620816287937684 -0.8270817629306937 0
    outer loop
      vertex -11.560747146606445 6.153298377990723 2.798999786376953
      vertex -11.576334953308105 6.142704963684082 0.5989999771118164
      vertex -11.560747146606445 6.153298377990723 0.5989999771118164
    endloop
  endfacet
  facet normal -0.9955607344645038 0.09412132591765665 0
    outer loop
      vertex -11.102365493774414 -5.937599182128906 0.5999994277954102
      vertex -11.100591659545898 -5.91883659362793 2.798999786376953
      vertex -11.100591659545898 -5.91883659362793 0.5999994277954102
    endloop
  endfacet
  facet normal -0.9955607344645038 0.09412132591765665 0
    outer loop
      vertex -11.100591659545898 -5.91883659362793 2.798999786376953
      vertex -11.102365493774414 -5.937599182128906 0.5999994277954102
      vertex -11.102365493774414 -5.937599182128906 2.798999786376953
    endloop
  endfacet
  facet normal 0.9995061338808693 0.03142432711320473 0
    outer loop
      vertex -11.699407577514648 -5.91883659362793 2.798999786376953
      vertex -11.699999809265137 -5.899999618530273 2.59999942779541
      vertex -11.699999809265137 -5.899999618530273 2.798999786376953
    endloop
  endfacet
  facet normal 0.9995061338808694 0.03142432711320473 0
    outer loop
      vertex -11.699999809265137 -5.899999618530273 2.59999942779541
      vertex -11.699407577514648 -5.91883659362793 2.798999786376953
      vertex -11.699999809265137 -5.899999618530273 2.1999998092651367
    endloop
  endfacet
  facet normal 0.9995061338808693 0.03142432711320473 0
    outer loop
      vertex -11.699407577514648 -5.91883659362793 0.5989999771118164
      vertex -11.699999809265137 -5.899999618530273 2.1999998092651367
      vertex -11.699407577514648 -5.91883659362793 2.798999786376953
    endloop
  endfacet
  facet normal 0.9995061338808693 0.03142432711320473 0
    outer loop
      vertex -11.699999809265137 -5.899999618530273 2.1999998092651367
      vertex -11.699407577514648 -5.91883659362793 0.5989999771118164
      vertex -11.699999809265137 -5.899999618530273 0.5989999771118164
    endloop
  endfacet
  facet normal -0.7501139314862981 0.6613086191712378 0
    outer loop
      vertex -11.18130874633789 -6.105363845825195 0.5999994277954102
      vertex -11.168845176696777 -6.091226577758789 2.798999786376953
      vertex -11.168845176696777 -6.091226577758789 0.5999994277954102
    endloop
  endfacet
  facet normal -0.7501139314862981 0.6613086191712378 0
    outer loop
      vertex -11.168845176696777 -6.091226577758789 2.798999786376953
      vertex -11.18130874633789 -6.105363845825195 0.5999994277954102
      vertex -11.18130874633789 -6.105363845825195 2.798999786376953
    endloop
  endfacet
  facet normal -0.5621051535609615 0.8270657750990595 0
    outer loop
      vertex -11.223664283752441 -6.142704963684082 0.5999994277954102
      vertex -11.239251136779785 -6.153298377990723 2.798999786376953
      vertex -11.223664283752441 -6.142704963684082 2.798999786376953
    endloop
  endfacet
  facet normal -0.5621175911196118 0.8270573219274879 -1.2888144663580115e-7
    outer loop
      vertex -11.239249229431152 -6.153297424316406 0.5999951958656311
      vertex -11.239251136779785 -6.153298377990723 2.798999786376953
      vertex -11.223664283752441 -6.142704963684082 0.5999994277954102
    endloop
  endfacet
  facet normal 0 0.9999999999999059 4.3368455005562666e-7
    outer loop
      vertex -11.239250183105469 -6.153297424316406 0.5999951958656311
      vertex -11.239251136779785 -6.153298377990723 2.798999786376953
      vertex -11.239249229431152 -6.153297424316406 0.5999951958656311
    endloop
  endfacet
  facet normal -0.7071067811865476 0.7071067811865476 0
    outer loop
      vertex -11.239251136779785 -6.153298377990723 2.798999786376953
      vertex -11.239250183105469 -6.153297424316406 0.5999951958656311
      vertex -11.239251136779785 -6.153298377990723 0.5999945998191833
    endloop
  endfacet
  facet normal -0.3971231383988389 -0.9177653365366643 0
    outer loop
      vertex -11.289562225341797 6.178932189941406 0.5999994277954102
      vertex -11.272265434265137 6.17144775390625 2.798999786376953
      vertex -11.289562225341797 6.178932189941406 2.798999786376953
    endloop
  endfacet
  facet normal -0.3971231383988389 -0.9177653365366643 0
    outer loop
      vertex -11.272265434265137 6.17144775390625 2.798999786376953
      vertex -11.289562225341797 6.178932189941406 0.5999994277954102
      vertex -11.272265434265137 6.17144775390625 0.5999994277954102
    endloop
  endfacet
  facet normal 0.9177573557291628 0.3971415818131048 0
    outer loop
      vertex -11.67144775390625 -6.027732849121094 2.798999786376953
      vertex -11.678932189941406 -6.01043701171875 0.5989999771118164
      vertex -11.678932189941406 -6.01043701171875 2.798999786376953
    endloop
  endfacet
  facet normal 0.9177573557291628 0.3971415818131048 0
    outer loop
      vertex -11.678932189941406 -6.01043701171875 0.5989999771118164
      vertex -11.67144775390625 -6.027732849121094 2.798999786376953
      vertex -11.67144775390625 -6.027732849121094 0.5989999771118164
    endloop
  endfacet
  facet normal -0.9955607344645038 -0.09412132591765665 0
    outer loop
      vertex -11.100591659545898 5.91883659362793 0.5999994277954102
      vertex -11.102365493774414 5.937599182128906 2.798999786376953
      vertex -11.102365493774414 5.937599182128906 0.5999994277954102
    endloop
  endfacet
  facet normal -0.9955607344645038 -0.09412132591765665 0
    outer loop
      vertex -11.102365493774414 5.937599182128906 2.798999786376953
      vertex -11.100591659545898 5.91883659362793 0.5999994277954102
      vertex -11.100591659545898 5.91883659362793 2.798999786376953
    endloop
  endfacet
  facet normal 0.7071067811865476 -0.7071067811865476 0
    outer loop
      vertex -11.618690490722656 6.105363845825195 2.798999786376953
      vertex -11.605363845825195 6.118690490722656 0.5989999771118164
      vertex -11.605363845825195 6.118690490722656 2.798999786376953
    endloop
  endfacet
  facet normal 0.7071067811865476 -0.7071067811865476 0
    outer loop
      vertex -11.605363845825195 6.118690490722656 0.5989999771118164
      vertex -11.618690490722656 6.105363845825195 2.798999786376953
      vertex -11.618690490722656 6.105363845825195 0.5989999771118164
    endloop
  endfacet
  facet normal 0.7501390329139643 0.6612801458526502 0
    outer loop
      vertex -11.618690490722656 -6.105363845825195 2.798999786376953
      vertex -11.631153106689453 -6.091226577758789 0.5989999771118164
      vertex -11.631153106689453 -6.091226577758789 2.798999786376953
    endloop
  endfacet
  facet normal 0.7501390329139643 0.6612801458526502 0
    outer loop
      vertex -11.631153106689453 -6.091226577758789 0.5989999771118164
      vertex -11.618690490722656 -6.105363845825195 2.798999786376953
      vertex -11.618690490722656 -6.105363845825195 0.5989999771118164
    endloop
  endfacet
  facet normal 0.21814653069828524 -0.9759160266868776 0
    outer loop
      vertex -11.47460651397705 6.190574645996094 0.5989999771118164
      vertex -11.45621395111084 6.194685935974121 2.798999786376953
      vertex -11.47460651397705 6.190574645996094 2.798999786376953
    endloop
  endfacet
  facet normal 0.21814653069828524 -0.9759160266868776 0
    outer loop
      vertex -11.45621395111084 6.194685935974121 2.798999786376953
      vertex -11.47460651397705 6.190574645996094 0.5989999771118164
      vertex -11.45621395111084 6.194685935974121 0.5989999771118164
    endloop
  endfacet
  facet normal 0.6129312038125971 0.7901362790005535 0
    outer loop
      vertex -11.576334953308105 -6.142704963684082 0.5989999771118164
      vertex -11.591226577758789 -6.131153106689453 2.798999786376953
      vertex -11.576334953308105 -6.142704963684082 2.798999786376953
    endloop
  endfacet
  facet normal 0.6129312038125971 0.7901362790005535 0
    outer loop
      vertex -11.591226577758789 -6.131153106689453 2.798999786376953
      vertex -11.576334953308105 -6.142704963684082 0.5989999771118164
      vertex -11.591226577758789 -6.131153106689453 0.5989999771118164
    endloop
  endfacet
  facet normal 0.2790224565203386 -0.9602845769652639 0
    outer loop
      vertex -11.492704391479492 6.18531608581543 0.5989999771118164
      vertex -11.47460651397705 6.190574645996094 2.798999786376953
      vertex -11.492704391479492 6.18531608581543 2.798999786376953
    endloop
  endfacet
  facet normal 0.2790224565203386 -0.9602845769652639 0
    outer loop
      vertex -11.47460651397705 6.190574645996094 2.798999786376953
      vertex -11.492704391479492 6.18531608581543 0.5989999771118164
      vertex -11.47460651397705 6.190574645996094 0.5989999771118164
    endloop
  endfacet
  facet normal 0.6612801458526502 0.7501390329139643 0
    outer loop
      vertex -11.591226577758789 -6.131153106689453 0.5989999771118164
      vertex -11.605363845825195 -6.118690490722656 2.798999786376953
      vertex -11.591226577758789 -6.131153106689453 2.798999786376953
    endloop
  endfacet
  facet normal 0.6612801458526502 0.7501390329139643 0
    outer loop
      vertex -11.605363845825195 -6.118690490722656 2.798999786376953
      vertex -11.591226577758789 -6.131153106689453 0.5989999771118164
      vertex -11.605363845825195 -6.118690490722656 0.5989999771118164
    endloop
  endfacet
  facet normal 0.9955607344645038 -0.09412132591765665 0
    outer loop
      vertex -11.699407577514648 5.91883659362793 2.798999786376953
      vertex -11.697633743286133 5.937599182128906 0.5989999771118164
      vertex -11.697633743286133 5.937599182128906 2.798999786376953
    endloop
  endfacet
  facet normal 0.9955607344645038 -0.09412132591765665 0
    outer loop
      vertex -11.697633743286133 5.937599182128906 0.5989999771118164
      vertex -11.699407577514648 5.91883659362793 2.798999786376953
      vertex -11.699407577514648 5.91883659362793 0.5989999771118164
    endloop
  endfacet
  facet normal 0.6612801458526502 -0.7501390329139643 0
    outer loop
      vertex -11.605363845825195 6.118690490722656 0.5989999771118164
      vertex -11.591226577758789 6.131153106689453 2.798999786376953
      vertex -11.605363845825195 6.118690490722656 2.798999786376953
    endloop
  endfacet
  facet normal 0.6612801458526502 -0.7501390329139643 0
    outer loop
      vertex -11.591226577758789 6.131153106689453 2.798999786376953
      vertex -11.605363845825195 6.118690490722656 0.5989999771118164
      vertex -11.591226577758789 6.131153106689453 0.5989999771118164
    endloop
  endfacet
  facet normal -0.8910113062938652 -0.4539811142068577 0
    outer loop
      vertex -11.128551483154297 6.027732849121094 0.5999994277954102
      vertex -11.137107849121094 6.044526100158691 2.798999786376953
      vertex -11.137107849121094 6.044526100158691 0.5999994277954102
    endloop
  endfacet
  facet normal -0.8910113062938652 -0.4539811142068577 0
    outer loop
      vertex -11.137107849121094 6.044526100158691 2.798999786376953
      vertex -11.128551483154297 6.027732849121094 0.5999994277954102
      vertex -11.128551483154297 6.027732849121094 2.798999786376953
    endloop
  endfacet
  facet normal -0.9876922955223572 -0.15640949256927128 0
    outer loop
      vertex -11.102365493774414 5.937599182128906 0.5999994277954102
      vertex -11.105313301086426 5.95621395111084 2.798999786376953
      vertex -11.105313301086426 5.95621395111084 0.5999994277954102
    endloop
  endfacet
  facet normal -0.9876922955223572 -0.15640949256927128 0
    outer loop
      vertex -11.105313301086426 5.95621395111084 2.798999786376953
      vertex -11.102365493774414 5.937599182128906 0.5999994277954102
      vertex -11.102365493774414 5.937599182128906 2.798999786376953
    endloop
  endfacet
  facet normal -0.2790224565203385 -0.9602845769652638 0
    outer loop
      vertex -11.325392723083496 6.190574645996094 0.5999994277954102
      vertex -11.307294845581055 6.18531608581543 2.798999786376953
      vertex -11.325392723083496 6.190574645996094 2.798999786376953
    endloop
  endfacet
  facet normal -0.2790224565203385 -0.9602845769652638 0
    outer loop
      vertex -11.307294845581055 6.18531608581543 2.798999786376953
      vertex -11.325392723083496 6.190574645996094 0.5999994277954102
      vertex -11.307294845581055 6.18531608581543 0.5999994277954102
    endloop
  endfacet
  facet normal -0.7501139314862981 -0.6613086191712378 0
    outer loop
      vertex -11.168845176696777 6.091226577758789 0.5999994277954102
      vertex -11.18130874633789 6.105363845825195 2.798999786376953
      vertex -11.18130874633789 6.105363845825195 0.5999994277954102
    endloop
  endfacet
  facet normal -0.7501139314862981 -0.6613086191712378 0
    outer loop
      vertex -11.18130874633789 6.105363845825195 2.798999786376953
      vertex -11.168845176696777 6.091226577758789 0.5999994277954102
      vertex -11.168845176696777 6.091226577758789 2.798999786376953
    endloop
  endfacet
  facet normal 0.9759160266868776 -0.21814653069828524 0
    outer loop
      vertex -11.694685935974121 5.95621395111084 2.798999786376953
      vertex -11.690574645996094 5.974606513977051 0.5989999771118164
      vertex -11.690574645996094 5.974606513977051 2.798999786376953
    endloop
  endfacet
  facet normal 0.9759160266868776 -0.21814653069828524 0
    outer loop
      vertex -11.690574645996094 5.974606513977051 0.5989999771118164
      vertex -11.694685935974121 5.95621395111084 2.798999786376953
      vertex -11.694685935974121 5.95621395111084 0.5989999771118164
    endloop
  endfacet
  facet normal -0.15641731011281643 -0.9876910575159984 0
    outer loop
      vertex -11.362399101257324 6.197633743286133 0.5999994277954102
      vertex -11.343785285949707 6.194685935974121 2.798999786376953
      vertex -11.362399101257324 6.197633743286133 2.798999786376953
    endloop
  endfacet
  facet normal -0.15641731011281643 -0.9876910575159984 0
    outer loop
      vertex -11.343785285949707 6.194685935974121 2.798999786376953
      vertex -11.362399101257324 6.197633743286133 0.5999994277954102
      vertex -11.343785285949707 6.194685935974121 0.5999994277954102
    endloop
  endfacet
  facet normal -0.09411658449022786 -0.9955611827124909 0
    outer loop
      vertex -11.381162643432617 6.199407577514648 0.5999994277954102
      vertex -11.362399101257324 6.197633743286133 2.798999786376953
      vertex -11.381162643432617 6.199407577514648 2.798999786376953
    endloop
  endfacet
  facet normal -0.09411658449022786 -0.9955611827124909 0
    outer loop
      vertex -11.362399101257324 6.197633743286133 2.798999786376953
      vertex -11.381162643432617 6.199407577514648 0.5999994277954102
      vertex -11.362399101257324 6.197633743286133 0.5999994277954102
    endloop
  endfacet
  facet normal 0.7901362790005535 -0.6129312038125971 0
    outer loop
      vertex -11.642704963684082 6.0763349533081055 2.798999786376953
      vertex -11.631153106689453 6.091226577758789 0.5989999771118164
      vertex -11.631153106689453 6.091226577758789 2.798999786376953
    endloop
  endfacet
  facet normal 0.7901362790005535 -0.6129312038125971 0
    outer loop
      vertex -11.631153106689453 6.091226577758789 0.5989999771118164
      vertex -11.642704963684082 6.0763349533081055 2.798999786376953
      vertex -11.642704963684082 6.0763349533081055 0.5989999771118164
    endloop
  endfacet
  facet normal 0.9995061338808693 -0.03142432711320473 0
    outer loop
      vertex -11.699999809265137 5.899999618530273 2.59999942779541
      vertex -11.699407577514648 5.91883659362793 2.798999786376953
      vertex -11.699999809265137 5.899999618530273 2.798999786376953
    endloop
  endfacet
  facet normal 0.9995061338808694 -0.03142432711320473 0
    outer loop
      vertex -11.699999809265137 5.899999618530273 2.1999998092651367
      vertex -11.699407577514648 5.91883659362793 2.798999786376953
      vertex -11.699999809265137 5.899999618530273 2.59999942779541
    endloop
  endfacet
  facet normal 0.9995061338808693 -0.03142432711320473 0
    outer loop
      vertex -11.699407577514648 5.91883659362793 2.798999786376953
      vertex -11.699999809265137 5.899999618530273 2.1999998092651367
      vertex -11.699407577514648 5.91883659362793 0.5989999771118164
    endloop
  endfacet
  facet normal 0.9995061338808693 -0.03142432711320473 0
    outer loop
      vertex -11.699407577514648 5.91883659362793 0.5989999771118164
      vertex -11.699999809265137 5.899999618530273 2.1999998092651367
      vertex -11.699999809265137 5.899999618530273 0.5989999771118164
    endloop
  endfacet
  facet normal -0.8910113062938652 0.4539811142068577 0
    outer loop
      vertex -11.137107849121094 -6.044526100158691 0.5999994277954102
      vertex -11.128551483154297 -6.027732849121094 2.798999786376953
      vertex -11.128551483154297 -6.027732849121094 0.5999994277954102
    endloop
  endfacet
  facet normal -0.8910113062938652 0.4539811142068577 0
    outer loop
      vertex -11.128551483154297 -6.027732849121094 2.798999786376953
      vertex -11.137107849121094 -6.044526100158691 0.5999994277954102
      vertex -11.137107849121094 -6.044526100158691 2.798999786376953
    endloop
  endfacet
  facet normal -0.2181465306982852 0.9759160266868774 0
    outer loop
      vertex -11.325392723083496 -6.190574645996094 0.5999994277954102
      vertex -11.343785285949707 -6.194685935974121 2.798999786376953
      vertex -11.325392723083496 -6.190574645996094 2.798999786376953
    endloop
  endfacet
  facet normal -0.2181465306982852 0.9759160266868774 0
    outer loop
      vertex -11.343785285949707 -6.194685935974121 2.798999786376953
      vertex -11.325392723083496 -6.190574645996094 0.5999994277954102
      vertex -11.343785285949707 -6.194685935974121 0.5999994277954102
    endloop
  endfacet
  facet normal -0.9759160266868774 0.2181465306982852 0
    outer loop
      vertex -11.109424591064453 -5.974606513977051 0.5999994277954102
      vertex -11.105313301086426 -5.95621395111084 2.798999786376953
      vertex -11.105313301086426 -5.95621395111084 0.5999994277954102
    endloop
  endfacet
  facet normal -0.9759160266868774 0.2181465306982852 0
    outer loop
      vertex -11.105313301086426 -5.95621395111084 2.798999786376953
      vertex -11.109424591064453 -5.974606513977051 0.5999994277954102
      vertex -11.109424591064453 -5.974606513977051 2.798999786376953
    endloop
  endfacet
  facet normal -0.9177573557291627 0.3971415818131048 0
    outer loop
      vertex -11.128551483154297 -6.027732849121094 0.5999994277954102
      vertex -11.12106704711914 -6.01043701171875 2.798999786376953
      vertex -11.12106704711914 -6.01043701171875 0.5999994277954102
    endloop
  endfacet
  facet normal -0.9177573557291627 0.3971415818131048 0
    outer loop
      vertex -11.12106704711914 -6.01043701171875 2.798999786376953
      vertex -11.128551483154297 -6.027732849121094 0.5999994277954102
      vertex -11.128551483154297 -6.027732849121094 2.798999786376953
    endloop
  endfacet
  facet normal 0.3387266356183068 -0.9408848315934861 0
    outer loop
      vertex -11.51043701171875 6.178932189941406 0.5989999771118164
      vertex -11.492704391479492 6.18531608581543 2.798999786376953
      vertex -11.51043701171875 6.178932189941406 2.798999786376953
    endloop
  endfacet
  facet normal 0.3387266356183068 -0.9408848315934861 0
    outer loop
      vertex -11.492704391479492 6.18531608581543 2.798999786376953
      vertex -11.51043701171875 6.178932189941406 0.5989999771118164
      vertex -11.492704391479492 6.18531608581543 0.5989999771118164
    endloop
  endfacet
  facet normal -0.9177573557291627 -0.3971415818131048 0
    outer loop
      vertex -11.12106704711914 6.01043701171875 0.5999994277954102
      vertex -11.128551483154297 6.027732849121094 2.798999786376953
      vertex -11.128551483154297 6.027732849121094 0.5999994277954102
    endloop
  endfacet
  facet normal -0.9177573557291627 -0.3971415818131048 0
    outer loop
      vertex -11.128551483154297 6.027732849121094 2.798999786376953
      vertex -11.12106704711914 6.01043701171875 0.5999994277954102
      vertex -11.12106704711914 6.01043701171875 2.798999786376953
    endloop
  endfacet
  facet normal -0.9876922955223572 0.15640949256927128 0
    outer loop
      vertex -11.105313301086426 -5.95621395111084 0.5999994277954102
      vertex -11.102365493774414 -5.937599182128906 2.798999786376953
      vertex -11.102365493774414 -5.937599182128906 0.5999994277954102
    endloop
  endfacet
  facet normal -0.9876922955223572 0.15640949256927128 0
    outer loop
      vertex -11.102365493774414 -5.937599182128906 2.798999786376953
      vertex -11.105313301086426 -5.95621395111084 0.5999994277954102
      vertex -11.105313301086426 -5.95621395111084 2.798999786376953
    endloop
  endfacet
  facet normal -0.09411658449022786 0.9955611827124909 0
    outer loop
      vertex -11.362399101257324 -6.197633743286133 0.5999994277954102
      vertex -11.381162643432617 -6.199407577514648 2.798999786376953
      vertex -11.362399101257324 -6.197633743286133 2.798999786376953
    endloop
  endfacet
  facet normal -0.09411658449022786 0.9955611827124909 0
    outer loop
      vertex -11.381162643432617 -6.199407577514648 2.798999786376953
      vertex -11.362399101257324 -6.197633743286133 0.5999994277954102
      vertex -11.381162643432617 -6.199407577514648 0.5999994277954102
    endloop
  endfacet
  facet normal -0.3387266356183068 0.9408848315934862 0
    outer loop
      vertex -11.289562225341797 -6.178932189941406 0.5999994277954102
      vertex -11.307294845581055 -6.18531608581543 2.798999786376953
      vertex -11.289562225341797 -6.178932189941406 2.798999786376953
    endloop
  endfacet
  facet normal -0.3387266356183068 0.9408848315934862 0
    outer loop
      vertex -11.307294845581055 -6.18531608581543 2.798999786376953
      vertex -11.289562225341797 -6.178932189941406 0.5999994277954102
      vertex -11.307294845581055 -6.18531608581543 0.5999994277954102
    endloop
  endfacet
  facet normal 0.8910113062938652 -0.45398111420685777 0
    outer loop
      vertex -11.67144775390625 6.027732849121094 2.798999786376953
      vertex -11.662891387939453 6.044526100158691 0.5989999771118164
      vertex -11.662891387939453 6.044526100158691 2.798999786376953
    endloop
  endfacet
  facet normal 0.8910113062938652 -0.45398111420685777 0
    outer loop
      vertex -11.662891387939453 6.044526100158691 0.5989999771118164
      vertex -11.67144775390625 6.027732849121094 2.798999786376953
      vertex -11.67144775390625 6.027732849121094 0.5989999771118164
    endloop
  endfacet
  facet normal -0.7901607852034908 -0.6128996112958489 0
    outer loop
      vertex -11.157294273376465 6.0763349533081055 0.5999994277954102
      vertex -11.168845176696777 6.091226577758789 2.798999786376953
      vertex -11.168845176696777 6.091226577758789 0.5999994277954102
    endloop
  endfacet
  facet normal -0.7901607852034908 -0.6128996112958489 0
    outer loop
      vertex -11.168845176696777 6.091226577758789 2.798999786376953
      vertex -11.157294273376465 6.0763349533081055 0.5999994277954102
      vertex -11.157294273376465 6.0763349533081055 2.798999786376953
    endloop
  endfacet
  facet normal 0.3971415818131048 0.9177573557291628 0
    outer loop
      vertex -11.51043701171875 -6.178932189941406 0.5989999771118164
      vertex -11.527732849121094 -6.17144775390625 2.798999786376953
      vertex -11.51043701171875 -6.178932189941406 2.798999786376953
    endloop
  endfacet
  facet normal 0.3971415818131048 0.9177573557291628 0
    outer loop
      vertex -11.527732849121094 -6.17144775390625 2.798999786376953
      vertex -11.51043701171875 -6.178932189941406 0.5989999771118164
      vertex -11.527732849121094 -6.17144775390625 0.5989999771118164
    endloop
  endfacet
  facet normal 0.9602845769652639 0.2790224565203386 0
    outer loop
      vertex -11.68531608581543 -5.992704391479492 2.798999786376953
      vertex -11.690574645996094 -5.974606513977051 0.5989999771118164
      vertex -11.690574645996094 -5.974606513977051 2.798999786376953
    endloop
  endfacet
  facet normal 0.9602845769652639 0.2790224565203386 0
    outer loop
      vertex -11.690574645996094 -5.974606513977051 0.5989999771118164
      vertex -11.68531608581543 -5.992704391479492 2.798999786376953
      vertex -11.68531608581543 -5.992704391479492 0.5989999771118164
    endloop
  endfacet
  facet normal -0.9408687039569372 -0.33877143019208855 0
    outer loop
      vertex -11.1146821975708 5.992704391479492 0.5999994277954102
      vertex -11.12106704711914 6.01043701171875 2.798999786376953
      vertex -11.12106704711914 6.01043701171875 0.5999994277954102
    endloop
  endfacet
  facet normal -0.9408687039569372 -0.33877143019208855 0
    outer loop
      vertex -11.12106704711914 6.01043701171875 2.798999786376953
      vertex -11.1146821975708 5.992704391479492 0.5999994277954102
      vertex -11.1146821975708 5.992704391479492 2.798999786376953
    endloop
  endfacet
  facet normal -0.2790224565203385 0.9602845769652638 0
    outer loop
      vertex -11.307294845581055 -6.18531608581543 0.5999994277954102
      vertex -11.325392723083496 -6.190574645996094 2.798999786376953
      vertex -11.307294845581055 -6.18531608581543 2.798999786376953
    endloop
  endfacet
  facet normal -0.2790224565203385 0.9602845769652638 0
    outer loop
      vertex -11.325392723083496 -6.190574645996094 2.798999786376953
      vertex -11.307294845581055 -6.18531608581543 0.5999994277954102
      vertex -11.325392723083496 -6.190574645996094 0.5999994277954102
    endloop
  endfacet
  facet normal 0.9408848315934861 -0.3387266356183068 0
    outer loop
      vertex -11.68531608581543 5.992704391479492 2.798999786376953
      vertex -11.678932189941406 6.01043701171875 0.5989999771118164
      vertex -11.678932189941406 6.01043701171875 2.798999786376953
    endloop
  endfacet
  facet normal 0.9408848315934861 -0.3387266356183068 0
    outer loop
      vertex -11.678932189941406 6.01043701171875 0.5989999771118164
      vertex -11.68531608581543 5.992704391479492 2.798999786376953
      vertex -11.68531608581543 5.992704391479492 0.5989999771118164
    endloop
  endfacet
  facet normal -0.6612801458526502 0.7501390329139643 0
    outer loop
      vertex -11.194635391235352 -6.118690490722656 0.5999994277954102
      vertex -11.208772659301758 -6.131153106689453 2.798999786376953
      vertex -11.194635391235352 -6.118690490722656 2.798999786376953
    endloop
  endfacet
  facet normal -0.6612801458526502 0.7501390329139643 0
    outer loop
      vertex -11.208772659301758 -6.131153106689453 2.798999786376953
      vertex -11.194635391235352 -6.118690490722656 0.5999994277954102
      vertex -11.208772659301758 -6.131153106689453 0.5999994277954102
    endloop
  endfacet
  facet normal -0.7901607852034908 0.6128996112958489 0
    outer loop
      vertex -11.168845176696777 -6.091226577758789 0.5999994277954102
      vertex -11.157294273376465 -6.0763349533081055 2.798999786376953
      vertex -11.157294273376465 -6.0763349533081055 0.5999994277954102
    endloop
  endfacet
  facet normal -0.7901607852034908 0.6128996112958489 0
    outer loop
      vertex -11.157294273376465 -6.0763349533081055 2.798999786376953
      vertex -11.168845176696777 -6.091226577758789 0.5999994277954102
      vertex -11.168845176696777 -6.091226577758789 2.798999786376953
    endloop
  endfacet
  facet normal 0.45398111420685777 0.8910113062938652 0
    outer loop
      vertex -11.527732849121094 -6.17144775390625 0.5989999771118164
      vertex -11.544526100158691 -6.162891387939453 2.798999786376953
      vertex -11.527732849121094 -6.17144775390625 2.798999786376953
    endloop
  endfacet
  facet normal 0.45398111420685777 0.8910113062938652 0
    outer loop
      vertex -11.544526100158691 -6.162891387939453 2.798999786376953
      vertex -11.527732849121094 -6.17144775390625 0.5989999771118164
      vertex -11.544526100158691 -6.162891387939453 0.5989999771118164
    endloop
  endfacet
  facet normal 0.987692295522357 0.15640949256927125 0
    outer loop
      vertex -11.694685935974121 -5.95621395111084 2.798999786376953
      vertex -11.697633743286133 -5.937599182128906 0.5989999771118164
      vertex -11.697633743286133 -5.937599182128906 2.798999786376953
    endloop
  endfacet
  facet normal 0.987692295522357 0.15640949256927125 0
    outer loop
      vertex -11.697633743286133 -5.937599182128906 0.5989999771118164
      vertex -11.694685935974121 -5.95621395111084 2.798999786376953
      vertex -11.694685935974121 -5.95621395111084 0.5989999771118164
    endloop
  endfacet
  facet normal -0.9602981345186157 0.27897579257001254 0
    outer loop
      vertex -11.1146821975708 -5.992704391479492 0.5999994277954102
      vertex -11.109424591064453 -5.974606513977051 2.798999786376953
      vertex -11.109424591064453 -5.974606513977051 0.5999994277954102
    endloop
  endfacet
  facet normal -0.9602981345186157 0.27897579257001254 0
    outer loop
      vertex -11.109424591064453 -5.974606513977051 2.798999786376953
      vertex -11.1146821975708 -5.992704391479492 0.5999994277954102
      vertex -11.1146821975708 -5.992704391479492 2.798999786376953
    endloop
  endfacet
  facet normal 0.3387266356183068 0.9408848315934861 0
    outer loop
      vertex -11.492704391479492 -6.18531608581543 0.5989999771118164
      vertex -11.51043701171875 -6.178932189941406 2.798999786376953
      vertex -11.492704391479492 -6.18531608581543 2.798999786376953
    endloop
  endfacet
  facet normal 0.3387266356183068 0.9408848315934861 0
    outer loop
      vertex -11.51043701171875 -6.178932189941406 2.798999786376953
      vertex -11.492704391479492 -6.18531608581543 0.5989999771118164
      vertex -11.51043701171875 -6.178932189941406 0.5989999771118164
    endloop
  endfacet
  facet normal -0.4540015827325163 0.8910008770345683 0
    outer loop
      vertex -11.255473136901855 -6.162891387939453 0.5999994277954102
      vertex -11.272265434265137 -6.17144775390625 2.798999786376953
      vertex -11.255473136901855 -6.162891387939453 2.798999786376953
    endloop
  endfacet
  facet normal -0.4540015827325163 0.8910008770345683 0
    outer loop
      vertex -11.272265434265137 -6.17144775390625 2.798999786376953
      vertex -11.255473136901855 -6.162891387939453 0.5999994277954102
      vertex -11.272265434265137 -6.17144775390625 0.5999994277954102
    endloop
  endfacet
  facet normal 0.9955607344645038 0.09412132591765665 0
    outer loop
      vertex -11.697633743286133 -5.937599182128906 2.798999786376953
      vertex -11.699407577514648 -5.91883659362793 0.5989999771118164
      vertex -11.699407577514648 -5.91883659362793 2.798999786376953
    endloop
  endfacet
  facet normal 0.9955607344645038 0.09412132591765665 0
    outer loop
      vertex -11.699407577514648 -5.91883659362793 0.5989999771118164
      vertex -11.697633743286133 -5.937599182128906 2.798999786376953
      vertex -11.697633743286133 -5.937599182128906 0.5989999771118164
    endloop
  endfacet
  facet normal 0 0 1
    outer loop
      vertex -11.399999618530273 6.199999809265137 0.5989999771118164
      vertex -11.418503761291504 6.199407577514648 0.5989999771118164
      vertex -11.399832725524902 6.1999945640563965 0.5989999771118164
    endloop
  endfacet
  facet normal 0 0 1
    outer loop
      vertex -11.41883659362793 6.199407577514648 0.5989999771118164
      vertex -11.418503761291504 6.199407577514648 0.5989999771118164
      vertex -11.399999618530273 6.199999809265137 0.5989999771118164
    endloop
  endfacet
  facet normal 0 0 1
    outer loop
      vertex -11.41883659362793 6.199407577514648 0.5989999771118164
      vertex -11.43726634979248 6.197633743286133 0.5989999771118164
      vertex -11.418503761291504 6.199407577514648 0.5989999771118164
    endloop
  endfacet
  facet normal 0 0 1
    outer loop
      vertex -11.437599182128906 6.197633743286133 0.5989999771118164
      vertex -11.43726634979248 6.197633743286133 0.5989999771118164
      vertex -11.41883659362793 6.199407577514648 0.5989999771118164
    endloop
  endfacet
  facet normal 0 0 1
    outer loop
      vertex -11.437599182128906 6.197633743286133 0.5989999771118164
      vertex -11.455881118774414 6.194685935974121 0.5989999771118164
      vertex -11.43726634979248 6.197633743286133 0.5989999771118164
    endloop
  endfacet
  facet normal 0 0 1
    outer loop
      vertex -11.45621395111084 6.194685935974121 0.5989999771118164
      vertex -11.455881118774414 6.194685935974121 0.5989999771118164
      vertex -11.437599182128906 6.197633743286133 0.5989999771118164
    endloop
  endfacet
  facet normal 0 0 1
    outer loop
      vertex -11.45621395111084 6.194685935974121 0.5989999771118164
      vertex -11.474273681640625 6.190574645996094 0.5989999771118164
      vertex -11.455881118774414 6.194685935974121 0.5989999771118164
    endloop
  endfacet
  facet normal 0 0 1
    outer loop
      vertex -11.47460651397705 6.190574645996094 0.5989999771118164
      vertex -11.474273681640625 6.190574645996094 0.5989999771118164
      vertex -11.45621395111084 6.194685935974121 0.5989999771118164
    endloop
  endfacet
  facet normal 0 0 1
    outer loop
      vertex -11.47460651397705 6.190574645996094 0.5989999771118164
      vertex -11.492371559143066 6.18531608581543 0.5989999771118164
      vertex -11.474273681640625 6.190574645996094 0.5989999771118164
    endloop
  endfacet
  facet normal 0 0 1
    outer loop
      vertex -11.492704391479492 6.18531608581543 0.5989999771118164
      vertex -11.492371559143066 6.18531608581543 0.5989999771118164
      vertex -11.47460651397705 6.190574645996094 0.5989999771118164
    endloop
  endfacet
  facet normal 0 0 1
    outer loop
      vertex -11.492704391479492 6.18531608581543 0.5989999771118164
      vertex -11.510104179382324 6.178932189941406 0.5989999771118164
      vertex -11.492371559143066 6.18531608581543 0.5989999771118164
    endloop
  endfacet
  facet normal 0 0 1
    outer loop
      vertex -11.51043701171875 6.178932189941406 0.5989999771118164
      vertex -11.510104179382324 6.178932189941406 0.5989999771118164
      vertex -11.492704391479492 6.18531608581543 0.5989999771118164
    endloop
  endfacet
  facet normal 0 0 1
    outer loop
      vertex -11.51043701171875 6.178932189941406 0.5989999771118164
      vertex -11.527400016784668 6.17144775390625 0.5989999771118164
      vertex -11.510104179382324 6.178932189941406 0.5989999771118164
    endloop
  endfacet
  facet normal 0 0 1
    outer loop
      vertex -11.527732849121094 6.17144775390625 0.5989999771118164
      vertex -11.527400016784668 6.17144775390625 0.5989999771118164
      vertex -11.51043701171875 6.178932189941406 0.5989999771118164
    endloop
  endfacet
  facet normal 0 0 1
    outer loop
      vertex -11.527732849121094 6.17144775390625 0.5989999771118164
      vertex -11.544164657592773 6.162905693054199 0.5989999771118164
      vertex -11.527400016784668 6.17144775390625 0.5989999771118164
    endloop
  endfacet
  facet normal 0 0 1
    outer loop
      vertex -11.544526100158691 6.162891387939453 0.5989999771118164
      vertex -11.544164657592773 6.162905693054199 0.5989999771118164
      vertex -11.527732849121094 6.17144775390625 0.5989999771118164
    endloop
  endfacet
  facet normal 0 0 1
    outer loop
      vertex -11.544164657592773 6.162905693054199 0.5989999771118164
      vertex -11.544526100158691 6.162891387939453 0.5989999771118164
      vertex -11.544193267822266 6.162891387939453 0.5989999771118164
    endloop
  endfacet
  facet normal 0 0 1
    outer loop
      vertex -11.544526100158691 6.162891387939453 0.5989999771118164
      vertex -11.544219970703125 6.162875175476074 0.5989999771118164
      vertex -11.544193267822266 6.162891387939453 0.5989999771118164
    endloop
  endfacet
  facet normal 0 0 1
    outer loop
      vertex -11.544526100158691 6.162891387939453 0.5989999771118164
      vertex -11.56041431427002 6.153297424316406 0.5989999771118164
      vertex -11.544219970703125 6.162875175476074 0.5989999771118164
    endloop
  endfacet
  facet normal 0 0 1
    outer loop
      vertex -11.560747146606445 6.153298377990723 0.5989999771118164
      vertex -11.56041431427002 6.153297424316406 0.5989999771118164
      vertex -11.544526100158691 6.162891387939453 0.5989999771118164
    endloop
  endfacet
  facet normal 0 0 1
    outer loop
      vertex -11.560747146606445 6.153298377990723 0.5989999771118164
      vertex -11.57600212097168 6.142704963684082 0.5989999771118164
      vertex -11.56041431427002 6.153297424316406 0.5989999771118164
    endloop
  endfacet
  facet normal 0 0 1
    outer loop
      vertex -11.576334953308105 6.142704963684082 0.5989999771118164
      vertex -11.57600212097168 6.142704963684082 0.5989999771118164
      vertex -11.560747146606445 6.153298377990723 0.5989999771118164
    endloop
  endfacet
  facet normal 0 0 1
    outer loop
      vertex -11.576334953308105 6.142704963684082 0.5989999771118164
      vertex -11.590893745422363 6.131153106689453 0.5989999771118164
      vertex -11.57600212097168 6.142704963684082 0.5989999771118164
    endloop
  endfacet
  facet normal 0 0 1
    outer loop
      vertex -11.591226577758789 6.131153106689453 0.5989999771118164
      vertex -11.590893745422363 6.131153106689453 0.5989999771118164
      vertex -11.576334953308105 6.142704963684082 0.5989999771118164
    endloop
  endfacet
  facet normal 0 0 1
    outer loop
      vertex -11.591226577758789 6.131153106689453 0.5989999771118164
      vertex -11.60503101348877 6.118690490722656 0.5989999771118164
      vertex -11.590893745422363 6.131153106689453 0.5989999771118164
    endloop
  endfacet
  facet normal 0 0 1
    outer loop
      vertex -11.605363845825195 6.118690490722656 0.5989999771118164
      vertex -11.60503101348877 6.118690490722656 0.5989999771118164
      vertex -11.591226577758789 6.131153106689453 0.5989999771118164
    endloop
  endfacet
  facet normal 0 0 1
    outer loop
      vertex -11.605363845825195 6.118690490722656 0.5989999771118164
      vertex -11.618334770202637 6.105386257171631 0.5989999771118164
      vertex -11.60503101348877 6.118690490722656 0.5989999771118164
    endloop
  endfacet
  facet normal 0 0 1
    outer loop
      vertex -11.618690490722656 6.105363845825195 0.5989999771118164
      vertex -11.618334770202637 6.105386257171631 0.5989999771118164
      vertex -11.605363845825195 6.118690490722656 0.5989999771118164
    endloop
  endfacet
  facet normal 0 0 1
    outer loop
      vertex -11.618334770202637 6.105386257171631 0.5989999771118164
      vertex -11.618690490722656 6.105363845825195 0.5989999771118164
      vertex -11.61835765838623 6.105363845825195 0.5989999771118164
    endloop
  endfacet
  facet normal 0 0 1
    outer loop
      vertex -11.618690490722656 6.105363845825195 0.5989999771118164
      vertex -11.618377685546875 6.105340480804443 0.5989999771118164
      vertex -11.61835765838623 6.105363845825195 0.5989999771118164
    endloop
  endfacet
  facet normal 0 0 1
    outer loop
      vertex -11.618690490722656 6.105363845825195 0.5989999771118164
      vertex -11.630820274353027 6.091226577758789 0.5989999771118164
      vertex -11.618377685546875 6.105340480804443 0.5989999771118164
    endloop
  endfacet
  facet normal 0 0 1
    outer loop
      vertex -11.631153106689453 6.091226577758789 0.5989999771118164
      vertex -11.630820274353027 6.091226577758789 0.5989999771118164
      vertex -11.618690490722656 6.105363845825195 0.5989999771118164
    endloop
  endfacet
  facet normal 0 0 1
    outer loop
      vertex -11.631153106689453 6.091226577758789 0.5989999771118164
      vertex -11.642352104187012 6.076359748840332 0.5989999771118164
      vertex -11.630820274353027 6.091226577758789 0.5989999771118164
    endloop
  endfacet
  facet normal 0 0 1
    outer loop
      vertex -11.642704963684082 6.0763349533081055 0.5989999771118164
      vertex -11.642352104187012 6.076359748840332 0.5989999771118164
      vertex -11.631153106689453 6.091226577758789 0.5989999771118164
    endloop
  endfacet
  facet normal 0 0 1
    outer loop
      vertex -11.642352104187012 6.076359748840332 0.5989999771118164
      vertex -11.642704963684082 6.0763349533081055 0.5989999771118164
      vertex -11.642372131347656 6.0763349533081055 0.5989999771118164
    endloop
  endfacet
  facet normal 0 0 1
    outer loop
      vertex -11.642704963684082 6.0763349533081055 0.5989999771118164
      vertex -11.642389297485352 6.0763092041015625 0.5989999771118164
      vertex -11.642372131347656 6.0763349533081055 0.5989999771118164
    endloop
  endfacet
  facet normal 0 0 1
    outer loop
      vertex -11.642704963684082 6.0763349533081055 0.5989999771118164
      vertex -11.65296459197998 6.060747146606445 0.5989999771118164
      vertex -11.642389297485352 6.0763092041015625 0.5989999771118164
    endloop
  endfacet
  facet normal 0 0 1
    outer loop
      vertex -11.653298377990723 6.060747146606445 0.5989999771118164
      vertex -11.65296459197998 6.060747146606445 0.5989999771118164
      vertex -11.642704963684082 6.0763349533081055 0.5989999771118164
    endloop
  endfacet
  facet normal 0 0 1
    outer loop
      vertex -11.653298377990723 6.060747146606445 0.5989999771118164
      vertex -11.662558555603027 6.044526100158691 0.5989999771118164
      vertex -11.65296459197998 6.060747146606445 0.5989999771118164
    endloop
  endfacet
  facet normal 0 0 1
    outer loop
      vertex -11.662891387939453 6.044526100158691 0.5989999771118164
      vertex -11.662558555603027 6.044526100158691 0.5989999771118164
      vertex -11.653298377990723 6.060747146606445 0.5989999771118164
    endloop
  endfacet
  facet normal 0 0 1
    outer loop
      vertex -11.662891387939453 6.044526100158691 0.5989999771118164
      vertex -11.671114921569824 6.027732849121094 0.5989999771118164
      vertex -11.662558555603027 6.044526100158691 0.5989999771118164
    endloop
  endfacet
  facet normal 0 0 1
    outer loop
      vertex -11.67144775390625 6.027732849121094 0.5989999771118164
      vertex -11.671114921569824 6.027732849121094 0.5989999771118164
      vertex -11.662891387939453 6.044526100158691 0.5989999771118164
    endloop
  endfacet
  facet normal 0 0 1
    outer loop
      vertex -11.67144775390625 6.027732849121094 0.5989999771118164
      vertex -11.67859935760498 6.01043701171875 0.5989999771118164
      vertex -11.671114921569824 6.027732849121094 0.5989999771118164
    endloop
  endfacet
  facet normal 0 0 1
    outer loop
      vertex -11.678932189941406 6.01043701171875 0.5989999771118164
      vertex -11.67859935760498 6.01043701171875 0.5989999771118164
      vertex -11.67144775390625 6.027732849121094 0.5989999771118164
    endloop
  endfacet
  facet normal 0 0 1
    outer loop
      vertex -11.678932189941406 6.01043701171875 0.5989999771118164
      vertex -11.684983253479004 5.992704391479492 0.5989999771118164
      vertex -11.67859935760498 6.01043701171875 0.5989999771118164
    endloop
  endfacet
  facet normal 0 0 1
    outer loop
      vertex -11.68531608581543 5.992704391479492 0.5989999771118164
      vertex -11.684983253479004 5.992704391479492 0.5989999771118164
      vertex -11.678932189941406 6.01043701171875 0.5989999771118164
    endloop
  endfacet
  facet normal 0 0 1
    outer loop
      vertex -11.68531608581543 5.992704391479492 0.5989999771118164
      vertex -11.690241813659668 5.974606513977051 0.5989999771118164
      vertex -11.684983253479004 5.992704391479492 0.5989999771118164
    endloop
  endfacet
  facet normal 0 0 1
    outer loop
      vertex -11.690574645996094 5.974606513977051 0.5989999771118164
      vertex -11.690241813659668 5.974606513977051 0.5989999771118164
      vertex -11.68531608581543 5.992704391479492 0.5989999771118164
    endloop
  endfacet
  facet normal 0 0 1
    outer loop
      vertex -11.690574645996094 5.974606513977051 0.5989999771118164
      vertex -11.694353103637695 5.95621395111084 0.5989999771118164
      vertex -11.690241813659668 5.974606513977051 0.5989999771118164
    endloop
  endfacet
  facet normal 0 0 1
    outer loop
      vertex -11.694685935974121 5.95621395111084 0.5989999771118164
      vertex -11.694353103637695 5.95621395111084 0.5989999771118164
      vertex -11.690574645996094 5.974606513977051 0.5989999771118164
    endloop
  endfacet
  facet normal 0 0 1
    outer loop
      vertex -11.694685935974121 5.95621395111084 0.5989999771118164
      vertex -11.697300910949707 5.937599182128906 0.5989999771118164
      vertex -11.694353103637695 5.95621395111084 0.5989999771118164
    endloop
  endfacet
  facet normal 0 0 1
    outer loop
      vertex -11.697633743286133 5.937599182128906 0.5989999771118164
      vertex -11.697300910949707 5.937599182128906 0.5989999771118164
      vertex -11.694685935974121 5.95621395111084 0.5989999771118164
    endloop
  endfacet
  facet normal 0 0 1
    outer loop
      vertex -11.697633743286133 5.937599182128906 0.5989999771118164
      vertex -11.699074745178223 5.91883659362793 0.5989999771118164
      vertex -11.697300910949707 5.937599182128906 0.5989999771118164
    endloop
  endfacet
  facet normal 0 0 1
    outer loop
      vertex -11.699407577514648 5.91883659362793 0.5989999771118164
      vertex -11.699074745178223 5.91883659362793 0.5989999771118164
      vertex -11.697633743286133 5.937599182128906 0.5989999771118164
    endloop
  endfacet
  facet normal 0 0 1
    outer loop
      vertex -11.699407577514648 5.91883659362793 0.5989999771118164
      vertex -11.699666976928711 5.899999618530273 0.5989999771118164
      vertex -11.699074745178223 5.91883659362793 0.5989999771118164
    endloop
  endfacet
  facet normal 0 0 1
    outer loop
      vertex -11.699666976928711 5.899999618530273 0.5989999771118164
      vertex -11.699999809265137 5.899999618530273 0.5989999771118164
      vertex -11.699666976928711 -5.899999618530273 0.5989999771118164
    endloop
  endfacet
  facet normal 0 0 1
    outer loop
      vertex -11.699999809265137 5.899999618530273 0.5989999771118164
      vertex -11.699666976928711 5.899999618530273 0.5989999771118164
      vertex -11.699407577514648 5.91883659362793 0.5989999771118164
    endloop
  endfacet
  facet normal 0 0 1
    outer loop
      vertex -11.418503761291504 -6.199407577514648 0.5989999771118164
      vertex -11.399999618530273 -6.199999809265137 0.5989999771118164
      vertex -11.399832725524902 -6.1999945640563965 0.5989999771118164
    endloop
  endfacet
  facet normal 0 0 1
    outer loop
      vertex -11.418503761291504 -6.199407577514648 0.5989999771118164
      vertex -11.41883659362793 -6.199407577514648 0.5989999771118164
      vertex -11.399999618530273 -6.199999809265137 0.5989999771118164
    endloop
  endfacet
  facet normal 0 0 1
    outer loop
      vertex -11.43726634979248 -6.197633743286133 0.5989999771118164
      vertex -11.41883659362793 -6.199407577514648 0.5989999771118164
      vertex -11.418503761291504 -6.199407577514648 0.5989999771118164
    endloop
  endfacet
  facet normal 0 0 1
    outer loop
      vertex -11.43726634979248 -6.197633743286133 0.5989999771118164
      vertex -11.437599182128906 -6.197633743286133 0.5989999771118164
      vertex -11.41883659362793 -6.199407577514648 0.5989999771118164
    endloop
  endfacet
  facet normal 0 0 1
    outer loop
      vertex -11.455881118774414 -6.194685935974121 0.5989999771118164
      vertex -11.437599182128906 -6.197633743286133 0.5989999771118164
      vertex -11.43726634979248 -6.197633743286133 0.5989999771118164
    endloop
  endfacet
  facet normal 0 0 1
    outer loop
      vertex -11.455881118774414 -6.194685935974121 0.5989999771118164
      vertex -11.45621395111084 -6.194685935974121 0.5989999771118164
      vertex -11.437599182128906 -6.197633743286133 0.5989999771118164
    endloop
  endfacet
  facet normal 0 0 1
    outer loop
      vertex -11.474273681640625 -6.190574645996094 0.5989999771118164
      vertex -11.45621395111084 -6.194685935974121 0.5989999771118164
      vertex -11.455881118774414 -6.194685935974121 0.5989999771118164
    endloop
  endfacet
  facet normal 0 0 1
    outer loop
      vertex -11.474273681640625 -6.190574645996094 0.5989999771118164
      vertex -11.47460651397705 -6.190574645996094 0.5989999771118164
      vertex -11.45621395111084 -6.194685935974121 0.5989999771118164
    endloop
  endfacet
  facet normal 0 0 1
    outer loop
      vertex -11.492371559143066 -6.18531608581543 0.5989999771118164
      vertex -11.47460651397705 -6.190574645996094 0.5989999771118164
      vertex -11.474273681640625 -6.190574645996094 0.5989999771118164
    endloop
  endfacet
  facet normal 0 0 1
    outer loop
      vertex -11.492371559143066 -6.18531608581543 0.5989999771118164
      vertex -11.492704391479492 -6.18531608581543 0.5989999771118164
      vertex -11.47460651397705 -6.190574645996094 0.5989999771118164
    endloop
  endfacet
  facet normal 0 0 1
    outer loop
      vertex -11.510104179382324 -6.178932189941406 0.5989999771118164
      vertex -11.492704391479492 -6.18531608581543 0.5989999771118164
      vertex -11.492371559143066 -6.18531608581543 0.5989999771118164
    endloop
  endfacet
  facet normal 0 0 1
    outer loop
      vertex -11.510104179382324 -6.178932189941406 0.5989999771118164
      vertex -11.51043701171875 -6.178932189941406 0.5989999771118164
      vertex -11.492704391479492 -6.18531608581543 0.5989999771118164
    endloop
  endfacet
  facet normal 0 0 1
    outer loop
      vertex -11.527400016784668 -6.17144775390625 0.5989999771118164
      vertex -11.51043701171875 -6.178932189941406 0.5989999771118164
      vertex -11.510104179382324 -6.178932189941406 0.5989999771118164
    endloop
  endfacet
  facet normal 0 0 1
    outer loop
      vertex -11.527400016784668 -6.17144775390625 0.5989999771118164
      vertex -11.527732849121094 -6.17144775390625 0.5989999771118164
      vertex -11.51043701171875 -6.178932189941406 0.5989999771118164
    endloop
  endfacet
  facet normal 0 0 1
    outer loop
      vertex -11.544164657592773 -6.162905693054199 0.5989999771118164
      vertex -11.527732849121094 -6.17144775390625 0.5989999771118164
      vertex -11.527400016784668 -6.17144775390625 0.5989999771118164
    endloop
  endfacet
  facet normal 0 0 1
    outer loop
      vertex -11.544526100158691 -6.162891387939453 0.5989999771118164
      vertex -11.544164657592773 -6.162905693054199 0.5989999771118164
      vertex -11.544193267822266 -6.162891387939453 0.5989999771118164
    endloop
  endfacet
  facet normal 0 0 1
    outer loop
      vertex -11.544164657592773 -6.162905693054199 0.5989999771118164
      vertex -11.544526100158691 -6.162891387939453 0.5989999771118164
      vertex -11.527732849121094 -6.17144775390625 0.5989999771118164
    endloop
  endfacet
  facet normal 0 0 1
    outer loop
      vertex -11.544219970703125 -6.162875175476074 0.5989999771118164
      vertex -11.544526100158691 -6.162891387939453 0.5989999771118164
      vertex -11.544193267822266 -6.162891387939453 0.5989999771118164
    endloop
  endfacet
  facet normal 0 0 1
    outer loop
      vertex -11.56041431427002 -6.153297424316406 0.5989999771118164
      vertex -11.544526100158691 -6.162891387939453 0.5989999771118164
      vertex -11.544219970703125 -6.162875175476074 0.5989999771118164
    endloop
  endfacet
  facet normal 0 0 1
    outer loop
      vertex -11.56041431427002 -6.153297424316406 0.5989999771118164
      vertex -11.560747146606445 -6.153298377990723 0.5989999771118164
      vertex -11.544526100158691 -6.162891387939453 0.5989999771118164
    endloop
  endfacet
  facet normal 0 0 1
    outer loop
      vertex -11.57600212097168 -6.142704963684082 0.5989999771118164
      vertex -11.560747146606445 -6.153298377990723 0.5989999771118164
      vertex -11.56041431427002 -6.153297424316406 0.5989999771118164
    endloop
  endfacet
  facet normal 0 0 1
    outer loop
      vertex -11.57600212097168 -6.142704963684082 0.5989999771118164
      vertex -11.576334953308105 -6.142704963684082 0.5989999771118164
      vertex -11.560747146606445 -6.153298377990723 0.5989999771118164
    endloop
  endfacet
  facet normal 0 0 1
    outer loop
      vertex -11.590893745422363 -6.131153106689453 0.5989999771118164
      vertex -11.576334953308105 -6.142704963684082 0.5989999771118164
      vertex -11.57600212097168 -6.142704963684082 0.5989999771118164
    endloop
  endfacet
  facet normal 0 0 1
    outer loop
      vertex -11.590893745422363 -6.131153106689453 0.5989999771118164
      vertex -11.591226577758789 -6.131153106689453 0.5989999771118164
      vertex -11.576334953308105 -6.142704963684082 0.5989999771118164
    endloop
  endfacet
  facet normal 0 0 1
    outer loop
      vertex -11.60503101348877 -6.118690490722656 0.5989999771118164
      vertex -11.591226577758789 -6.131153106689453 0.5989999771118164
      vertex -11.590893745422363 -6.131153106689453 0.5989999771118164
    endloop
  endfacet
  facet normal 0 0 1
    outer loop
      vertex -11.60503101348877 -6.118690490722656 0.5989999771118164
      vertex -11.605363845825195 -6.118690490722656 0.5989999771118164
      vertex -11.591226577758789 -6.131153106689453 0.5989999771118164
    endloop
  endfacet
  facet normal 0 0 1
    outer loop
      vertex -11.618334770202637 -6.105386257171631 0.5989999771118164
      vertex -11.605363845825195 -6.118690490722656 0.5989999771118164
      vertex -11.60503101348877 -6.118690490722656 0.5989999771118164
    endloop
  endfacet
  facet normal 0 0 1
    outer loop
      vertex -11.618690490722656 -6.105363845825195 0.5989999771118164
      vertex -11.618334770202637 -6.105386257171631 0.5989999771118164
      vertex -11.61835765838623 -6.105363845825195 0.5989999771118164
    endloop
  endfacet
  facet normal 0 0 1
    outer loop
      vertex -11.618334770202637 -6.105386257171631 0.5989999771118164
      vertex -11.618690490722656 -6.105363845825195 0.5989999771118164
      vertex -11.605363845825195 -6.118690490722656 0.5989999771118164
    endloop
  endfacet
  facet normal 0 0 1
    outer loop
      vertex -11.618377685546875 -6.105340480804443 0.5989999771118164
      vertex -11.618690490722656 -6.105363845825195 0.5989999771118164
      vertex -11.61835765838623 -6.105363845825195 0.5989999771118164
    endloop
  endfacet
  facet normal 0 0 1
    outer loop
      vertex -11.630820274353027 -6.091226577758789 0.5989999771118164
      vertex -11.618690490722656 -6.105363845825195 0.5989999771118164
      vertex -11.618377685546875 -6.105340480804443 0.5989999771118164
    endloop
  endfacet
  facet normal 0 0 1
    outer loop
      vertex -11.630820274353027 -6.091226577758789 0.5989999771118164
      vertex -11.631153106689453 -6.091226577758789 0.5989999771118164
      vertex -11.618690490722656 -6.105363845825195 0.5989999771118164
    endloop
  endfacet
  facet normal 0 0 1
    outer loop
      vertex -11.642352104187012 -6.076359748840332 0.5989999771118164
      vertex -11.631153106689453 -6.091226577758789 0.5989999771118164
      vertex -11.630820274353027 -6.091226577758789 0.5989999771118164
    endloop
  endfacet
  facet normal 0 0 1
    outer loop
      vertex -11.642704963684082 -6.0763349533081055 0.5989999771118164
      vertex -11.642352104187012 -6.076359748840332 0.5989999771118164
      vertex -11.642372131347656 -6.0763349533081055 0.5989999771118164
    endloop
  endfacet
  facet normal 0 0 1
    outer loop
      vertex -11.642352104187012 -6.076359748840332 0.5989999771118164
      vertex -11.642704963684082 -6.0763349533081055 0.5989999771118164
      vertex -11.631153106689453 -6.091226577758789 0.5989999771118164
    endloop
  endfacet
  facet normal 0 0 1
    outer loop
      vertex -11.642389297485352 -6.0763092041015625 0.5989999771118164
      vertex -11.642704963684082 -6.0763349533081055 0.5989999771118164
      vertex -11.642372131347656 -6.0763349533081055 0.5989999771118164
    endloop
  endfacet
  facet normal 0 0 1
    outer loop
      vertex -11.65296459197998 -6.060747146606445 0.5989999771118164
      vertex -11.642704963684082 -6.0763349533081055 0.5989999771118164
      vertex -11.642389297485352 -6.0763092041015625 0.5989999771118164
    endloop
  endfacet
  facet normal 0 0 1
    outer loop
      vertex -11.65296459197998 -6.060747146606445 0.5989999771118164
      vertex -11.653298377990723 -6.060747146606445 0.5989999771118164
      vertex -11.642704963684082 -6.0763349533081055 0.5989999771118164
    endloop
  endfacet
  facet normal 0 0 1
    outer loop
      vertex -11.662558555603027 -6.044526100158691 0.5989999771118164
      vertex -11.653298377990723 -6.060747146606445 0.5989999771118164
      vertex -11.65296459197998 -6.060747146606445 0.5989999771118164
    endloop
  endfacet
  facet normal 0 0 1
    outer loop
      vertex -11.662558555603027 -6.044526100158691 0.5989999771118164
      vertex -11.662891387939453 -6.044526100158691 0.5989999771118164
      vertex -11.653298377990723 -6.060747146606445 0.5989999771118164
    endloop
  endfacet
  facet normal 0 0 1
    outer loop
      vertex -11.671114921569824 -6.027732849121094 0.5989999771118164
      vertex -11.662891387939453 -6.044526100158691 0.5989999771118164
      vertex -11.662558555603027 -6.044526100158691 0.5989999771118164
    endloop
  endfacet
  facet normal 0 0 1
    outer loop
      vertex -11.671114921569824 -6.027732849121094 0.5989999771118164
      vertex -11.67144775390625 -6.027732849121094 0.5989999771118164
      vertex -11.662891387939453 -6.044526100158691 0.5989999771118164
    endloop
  endfacet
  facet normal 0 0 1
    outer loop
      vertex -11.67859935760498 -6.01043701171875 0.5989999771118164
      vertex -11.67144775390625 -6.027732849121094 0.5989999771118164
      vertex -11.671114921569824 -6.027732849121094 0.5989999771118164
    endloop
  endfacet
  facet normal 0 0 1
    outer loop
      vertex -11.67859935760498 -6.01043701171875 0.5989999771118164
      vertex -11.678932189941406 -6.01043701171875 0.5989999771118164
      vertex -11.67144775390625 -6.027732849121094 0.5989999771118164
    endloop
  endfacet
  facet normal 0 0 1
    outer loop
      vertex -11.684983253479004 -5.992704391479492 0.5989999771118164
      vertex -11.678932189941406 -6.01043701171875 0.5989999771118164
      vertex -11.67859935760498 -6.01043701171875 0.5989999771118164
    endloop
  endfacet
  facet normal 0 0 1
    outer loop
      vertex -11.684983253479004 -5.992704391479492 0.5989999771118164
      vertex -11.68531608581543 -5.992704391479492 0.5989999771118164
      vertex -11.678932189941406 -6.01043701171875 0.5989999771118164
    endloop
  endfacet
  facet normal 0 0 1
    outer loop
      vertex -11.690241813659668 -5.974606513977051 0.5989999771118164
      vertex -11.68531608581543 -5.992704391479492 0.5989999771118164
      vertex -11.684983253479004 -5.992704391479492 0.5989999771118164
    endloop
  endfacet
  facet normal 0 0 1
    outer loop
      vertex -11.690241813659668 -5.974606513977051 0.5989999771118164
      vertex -11.690574645996094 -5.974606513977051 0.5989999771118164
      vertex -11.68531608581543 -5.992704391479492 0.5989999771118164
    endloop
  endfacet
  facet normal 0 0 1
    outer loop
      vertex -11.694353103637695 -5.95621395111084 0.5989999771118164
      vertex -11.690574645996094 -5.974606513977051 0.5989999771118164
      vertex -11.690241813659668 -5.974606513977051 0.5989999771118164
    endloop
  endfacet
  facet normal 0 0 1
    outer loop
      vertex -11.694353103637695 -5.95621395111084 0.5989999771118164
      vertex -11.694685935974121 -5.95621395111084 0.5989999771118164
      vertex -11.690574645996094 -5.974606513977051 0.5989999771118164
    endloop
  endfacet
  facet normal 0 0 1
    outer loop
      vertex -11.697300910949707 -5.937599182128906 0.5989999771118164
      vertex -11.694685935974121 -5.95621395111084 0.5989999771118164
      vertex -11.694353103637695 -5.95621395111084 0.5989999771118164
    endloop
  endfacet
  facet normal 0 0 1
    outer loop
      vertex -11.697300910949707 -5.937599182128906 0.5989999771118164
      vertex -11.697633743286133 -5.937599182128906 0.5989999771118164
      vertex -11.694685935974121 -5.95621395111084 0.5989999771118164
    endloop
  endfacet
  facet normal 0 0 1
    outer loop
      vertex -11.699074745178223 -5.91883659362793 0.5989999771118164
      vertex -11.697633743286133 -5.937599182128906 0.5989999771118164
      vertex -11.697300910949707 -5.937599182128906 0.5989999771118164
    endloop
  endfacet
  facet normal 0 0 1
    outer loop
      vertex -11.699074745178223 -5.91883659362793 0.5989999771118164
      vertex -11.699407577514648 -5.91883659362793 0.5989999771118164
      vertex -11.697633743286133 -5.937599182128906 0.5989999771118164
    endloop
  endfacet
  facet normal 0 0 1
    outer loop
      vertex -11.699666976928711 -5.899999618530273 0.5989999771118164
      vertex -11.699407577514648 -5.91883659362793 0.5989999771118164
      vertex -11.699074745178223 -5.91883659362793 0.5989999771118164
    endloop
  endfacet
  facet normal 0 0 1
    outer loop
      vertex -11.699666976928711 -5.899999618530273 0.5989999771118164
      vertex -11.699999809265137 -5.899999618530273 0.5989999771118164
      vertex -11.699407577514648 -5.91883659362793 0.5989999771118164
    endloop
  endfacet
  facet normal 0 0 1
    outer loop
      vertex -11.699999809265137 -5.899999618530273 0.5989999771118164
      vertex -11.699666976928711 -5.899999618530273 0.5989999771118164
      vertex -11.699999809265137 5.899999618530273 0.5989999771118164
    endloop
  endfacet
  facet normal 0.6813420826165777 -0.6958387226722496 0.22711547390161874
    outer loop
      vertex -11.418689727783203 6.105363845825195 0
      vertex -11.618334770202637 6.105386257171631 0.5989999771118164
      vertex -11.61835765838623 6.105363845825195 0.5989999771118164
    endloop
  endfacet
  facet normal 0.6882703879459077 -0.6882211343042913 0.2294243739747464
    outer loop
      vertex -11.618334770202637 6.105386257171631 0.5989999771118164
      vertex -11.418689727783203 6.105363845825195 0
      vertex -11.405364036560059 6.118690490722656 0
    endloop
  endfacet
  facet normal 0.9448903153940448 0.0893308928856828 0.314963939921365
    outer loop
      vertex -11.697300910949707 -5.937599182128906 0.5989999771118164
      vertex -11.499407768249512 -5.91883659362793 0
      vertex -11.699074745178223 -5.91883659362793 0.5989999771118164
    endloop
  endfacet
  facet normal 0.9448903153940448 0.0893308928856828 0.314963939921365
    outer loop
      vertex -11.499407768249512 -5.91883659362793 0
      vertex -11.697300910949707 -5.937599182128906 0.5989999771118164
      vertex -11.497633934020996 -5.937599182128906 0
    endloop
  endfacet
  facet normal -0.7277109017399647 0.6415578639260388 -0.2425703005799882
    outer loop
      vertex -10.981308937072754 -6.105363845825195 0
      vertex -11.168845176696777 -6.091226577758789 0.5999994277954102
      vertex -10.96884536743164 -6.091226577758789 0
    endloop
  endfacet
  facet normal -0.7277109017399647 0.6415578639260388 -0.2425703005799882
    outer loop
      vertex -11.168845176696777 -6.091226577758789 0.5999994277954102
      vertex -10.981308937072754 -6.105363845825195 0
      vertex -11.18130874633789 -6.105363845825195 0.5999994277954102
    endloop
  endfacet
  facet normal 0.9280459153253152 0.207446123663146 0.3093491309590715
    outer loop
      vertex -11.690241813659668 -5.974606513977051 0.5989999771118164
      vertex -11.494686126708984 -5.95621395111084 0
      vertex -11.694353103637695 -5.95621395111084 0.5989999771118164
    endloop
  endfacet
  facet normal 0.9280459153253152 0.207446123663146 0.3093491309590715
    outer loop
      vertex -11.494686126708984 -5.95621395111084 0
      vertex -11.690241813659668 -5.974606513977051 0.5989999771118164
      vertex -11.490574836730957 -5.974606513977051 0
    endloop
  endfacet
  facet normal -0.9482615965309626 -0.029813206330788163 -0.3160871988436542
    outer loop
      vertex -10.899999618530273 5.899999618530273 0
      vertex -11.100591659545898 5.91883659362793 0.5999994277954102
      vertex -10.900591850280762 5.91883659362793 0
    endloop
  endfacet
  facet normal -0.9482615965309626 -0.029813206330788163 -0.3160871988436542
    outer loop
      vertex -11.100591659545898 5.91883659362793 0.5999994277954102
      vertex -10.899999618530273 5.899999618530273 0
      vertex -11.09999942779541 5.899999618530273 0.5999994277954102
    endloop
  endfacet
  facet normal 0.6005255124674058 -0.7741439674051467 0.2001754895235145
    outer loop
      vertex -11.391226768493652 6.131153106689453 0
      vertex -11.57600212097168 6.142704963684082 0.5989999771118164
      vertex -11.590893745422363 6.131153106689453 0.5989999771118164
    endloop
  endfacet
  facet normal 0.6005255124674058 -0.7741439674051467 0.2001754895235145
    outer loop
      vertex -11.57600212097168 6.142704963684082 0.5989999771118164
      vertex -11.391226768493652 6.131153106689453 0
      vertex -11.376335144042969 6.142704963684082 0
    endloop
  endfacet
  facet normal 0.15619734702326013 -0.9863526420404447 0.05206586523557967
    outer loop
      vertex -11.256214141845703 6.194685935974121 0
      vertex -11.43726634979248 6.197633743286133 0.5989999771118164
      vertex -11.455881118774414 6.194685935974121 0.5989999771118164
    endloop
  endfacet
  facet normal 0.15619734702326013 -0.9863526420404447 0.05206586523557967
    outer loop
      vertex -11.43726634979248 6.197633743286133 0.5989999771118164
      vertex -11.256214141845703 6.194685935974121 0
      vertex -11.23759937286377 6.197633743286133 0
    endloop
  endfacet
  facet normal -0.944890017666074 0.08933086473817717 -0.31496484108569306
    outer loop
      vertex -11.100591659545898 -5.91883659362793 0.5999994277954102
      vertex -10.902364730834961 -5.937599182128906 0
      vertex -11.102365493774414 -5.937599182128906 0.5999994277954102
    endloop
  endfacet
  facet normal 0.15619734702326013 0.9863526420404447 0.05206586523557967
    outer loop
      vertex -11.256214141845703 -6.194685935974121 0
      vertex -11.43726634979248 -6.197633743286133 0.5989999771118164
      vertex -11.23759937286377 -6.197633743286133 0
    endloop
  endfacet
  facet normal 0.15619734702326013 0.9863526420404447 0.05206586523557967
    outer loop
      vertex -11.43726634979248 -6.197633743286133 0.5989999771118164
      vertex -11.256214141845703 -6.194685935974121 0
      vertex -11.455881118774414 -6.194685935974121 0.5989999771118164
    endloop
  endfacet
  facet normal 0.9381552894209032 0.14856488547569097 0.31271892768934867
    outer loop
      vertex -11.694353103637695 -5.95621395111084 0.5989999771118164
      vertex -11.497633934020996 -5.937599182128906 0
      vertex -11.697300910949707 -5.937599182128906 0.5989999771118164
    endloop
  endfacet
  facet normal 0.9381552894209032 0.14856488547569097 0.31271892768934867
    outer loop
      vertex -11.497633934020996 -5.937599182128906 0
      vertex -11.694353103637695 -5.95621395111084 0.5989999771118164
      vertex -11.494686126708984 -5.95621395111084 0
    endloop
  endfacet
  facet normal 0.9486831470095397 0 0.3162282191393993
    outer loop
      vertex -11.699666976928711 -5.899999618530273 0.5989999771118164
      vertex -11.5 5.899999618530273 0
      vertex -11.699666976928711 5.899999618530273 0.5989999771118164
    endloop
  endfacet
  facet normal 0.9486831470095397 0 0.3162282191393993
    outer loop
      vertex -11.5 5.899999618530273 0
      vertex -11.699666976928711 -5.899999618530273 0.5989999771118164
      vertex -11.5 -5.899999618530273 0
    endloop
  endfacet
  facet normal -0.6005254360363332 0.77414386887702 -0.2001760998558292
    outer loop
      vertex -11.023663520812988 -6.142704963684082 0
      vertex -11.208772659301758 -6.131153106689453 0.5999994277954102
      vertex -11.008771896362305 -6.131153106689453 0
    endloop
  endfacet
  facet normal -0.6005254360363332 0.77414386887702 -0.2001760998558292
    outer loop
      vertex -11.208772659301758 -6.131153106689453 0.5999994277954102
      vertex -11.023663520812988 -6.142704963684082 0
      vertex -11.223664283752441 -6.142704963684082 0.5999994277954102
    endloop
  endfacet
  facet normal 0.7640974949850687 -0.592691443284332 0.2546995705043073
    outer loop
      vertex -11.431153297424316 6.091226577758789 0
      vertex -11.630820274353027 6.091226577758789 0.5989999771118164
      vertex -11.642352104187012 6.076359748840332 0.5989999771118164
    endloop
  endfacet
  facet normal -0.5524693635827104 0.8129352244379499 -0.184157332654812
    outer loop
      vertex -11.223664283752441 -6.142704963684082 0.5999994277954102
      vertex -11.023663520812988 -6.142704963684082 0
      vertex -11.239249229431152 -6.153297424316406 0.5999951958656311
    endloop
  endfacet
  facet normal -0.9486832980505138 0 -0.31622776601683794
    outer loop
      vertex -10.899999618530273 -5.899999618530273 0
      vertex -11.09999942779541 5.899999618530273 0.5999994277954102
      vertex -10.899999618530273 5.899999618530273 0
    endloop
  endfacet
  facet normal -0.9486832980505138 0 -0.31622776601683794
    outer loop
      vertex -11.09999942779541 5.899999618530273 0.5999994277954102
      vertex -10.899999618530273 -5.899999618530273 0
      vertex -11.09999942779541 -5.899999618530273 0.5999994277954102
    endloop
  endfacet
  facet normal -0.9448945174574438 0.08928326257768568 -0.31496483915248125
    outer loop
      vertex -10.900591850280762 -5.91883659362793 0
      vertex -10.902364730834961 -5.937599182128906 0
      vertex -11.100591659545898 -5.91883659362793 0.5999994277954102
    endloop
  endfacet
  facet normal 0.5018846247640312 -0.8486012957401188 0.1672951412733163
    outer loop
      vertex -11.360747337341309 6.153297424316406 0
      vertex -11.544219970703125 6.162875175476074 0.5989999771118164
      vertex -11.56041431427002 6.153297424316406 0.5989999771118164
    endloop
  endfacet
  facet normal 0.8541350730034201 -0.43519222414598696 0.28471214429369035
    outer loop
      vertex -11.671114921569824 6.027732849121094 0.5989999771118164
      vertex -11.462891578674316 6.044526100158691 0
      vertex -11.662558555603027 6.044526100158691 0.5989999771118164
    endloop
  endfacet
  facet normal 0.8541350730034201 -0.43519222414598696 0.28471214429369035
    outer loop
      vertex -11.462891578674316 6.044526100158691 0
      vertex -11.671114921569824 6.027732849121094 0.5989999771118164
      vertex -11.471447944641113 6.027732849121094 0
    endloop
  endfacet
  facet normal -0.9280460567221237 -0.2074461552695777 -0.3093486855740412
    outer loop
      vertex -10.905313491821289 5.95621395111084 0
      vertex -11.109424591064453 5.974606513977051 0.5999994277954102
      vertex -10.909424781799316 5.974606513977051 0
    endloop
  endfacet
  facet normal -0.9280460567221237 -0.2074461552695777 -0.3093486855740412
    outer loop
      vertex -11.109424591064453 5.974606513977051 0.5999994277954102
      vertex -10.905313491821289 5.95621395111084 0
      vertex -11.105313301086426 5.95621395111084 0.5999994277954102
    endloop
  endfacet
  facet normal -0.9145847450153148 0.2656956157068784 -0.30486158167177163
    outer loop
      vertex -10.914682388305664 -5.992704391479492 0
      vertex -11.109424591064453 -5.974606513977051 0.5999994277954102
      vertex -10.909424781799316 -5.974606513977051 0
    endloop
  endfacet
  facet normal -0.9145847450153148 0.2656956157068784 -0.30486158167177163
    outer loop
      vertex -11.109424591064453 -5.974606513977051 0.5999994277954102
      vertex -10.914682388305664 -5.992704391479492 0
      vertex -11.1146821975708 -5.992704391479492 0.5999994277954102
    endloop
  endfacet
  facet normal -0.9482615965309626 0.029813206330788163 -0.3160871988436542
    outer loop
      vertex -10.900591850280762 -5.91883659362793 0
      vertex -11.09999942779541 -5.899999618530273 0.5999994277954102
      vertex -10.899999618530273 -5.899999618530273 0
    endloop
  endfacet
  facet normal -0.9482615965309626 0.029813206330788163 -0.3160871988436542
    outer loop
      vertex -11.09999942779541 -5.899999618530273 0.5999994277954102
      vertex -10.900591850280762 -5.91883659362793 0
      vertex -11.100591659545898 -5.91883659362793 0.5999994277954102
    endloop
  endfacet
  facet normal 0.5018846247640312 0.8486012957401188 0.1672951412733163
    outer loop
      vertex -11.544219970703125 -6.162875175476074 0.5989999771118164
      vertex -11.360747337341309 -6.153297424316406 0
      vertex -11.56041431427002 -6.153297424316406 0.5989999771118164
    endloop
  endfacet
  facet normal 0.09407503748032019 0.9950711222515158 0.0313583957527336
    outer loop
      vertex -11.23759937286377 -6.197633743286133 0
      vertex -11.418503761291504 -6.199407577514648 0.5989999771118164
      vertex -11.218836784362793 -6.199407577514648 0
    endloop
  endfacet
  facet normal 0.09407503748032019 0.9950711222515158 0.0313583957527336
    outer loop
      vertex -11.418503761291504 -6.199407577514648 0.5989999771118164
      vertex -11.23759937286377 -6.197633743286133 0
      vertex -11.43726634979248 -6.197633743286133 0.5989999771118164
    endloop
  endfacet
  facet normal 0.8977667526449848 0.3232037561689539 0.2992560606630344
    outer loop
      vertex -11.67859935760498 -6.01043701171875 0.5989999771118164
      vertex -11.485316276550293 -5.992704391479492 0
      vertex -11.684983253479004 -5.992704391479492 0.5989999771118164
    endloop
  endfacet
  facet normal 0.8977667526449848 0.3232037561689539 0.2992560606630344
    outer loop
      vertex -11.485316276550293 -5.992704391479492 0
      vertex -11.67859935760498 -6.01043701171875 0.5989999771118164
      vertex -11.47893238067627 -6.01043701171875 0
    endloop
  endfacet
  facet normal 0.9145728975605576 0.2657403676634302 0.3048581178873067
    outer loop
      vertex -11.684983253479004 -5.992704391479492 0.5989999771118164
      vertex -11.490574836730957 -5.974606513977051 0
      vertex -11.690241813659668 -5.974606513977051 0.5989999771118164
    endloop
  endfacet
  facet normal 0.9145728975605576 0.2657403676634302 0.3048581178873067
    outer loop
      vertex -11.490574836730957 -5.974606513977051 0
      vertex -11.684983253479004 -5.992704391479492 0.5989999771118164
      vertex -11.485316276550293 -5.992704391479492 0
    endloop
  endfacet
  facet normal -0.8776091149104006 0.3797682142598602 -0.2925377665602517
    outer loop
      vertex -11.12106704711914 -6.01043701171875 0.5999994277954102
      vertex -10.921066284179688 -6.01043701171875 0
      vertex -11.128551483154297 -6.027732849121094 0.5999994277954102
    endloop
  endfacet
  facet normal -0.6882472016116852 0.6882472016116852 -0.22941573387056174
    outer loop
      vertex -10.994635581970215 -6.118690490722656 0
      vertex -11.18130874633789 -6.105363845825195 0.5999994277954102
      vertex -10.981308937072754 -6.105363845825195 0
    endloop
  endfacet
  facet normal -0.6882472016116852 0.6882472016116852 -0.22941573387056174
    outer loop
      vertex -11.18130874633789 -6.105363845825195 0.5999994277954102
      vertex -10.994635581970215 -6.118690490722656 0
      vertex -11.194635391235352 -6.118690490722656 0.5999994277954102
    endloop
  endfacet
  facet normal 0.09407503748032019 -0.9950711222515158 0.0313583957527336
    outer loop
      vertex -11.23759937286377 6.197633743286133 0
      vertex -11.418503761291504 6.199407577514648 0.5989999771118164
      vertex -11.43726634979248 6.197633743286133 0.5989999771118164
    endloop
  endfacet
  facet normal 0.09407503748032019 -0.9950711222515158 0.0313583957527336
    outer loop
      vertex -11.418503761291504 6.199407577514648 0.5989999771118164
      vertex -11.23759937286377 6.197633743286133 0
      vertex -11.218836784362793 6.199407577514648 0
    endloop
  endfacet
  facet normal 0.03153132649444233 0.9994475003995963 0.01051044216481411
    outer loop
      vertex -11.199999809265137 -6.199999809265137 0
      vertex -11.399832725524902 -6.1999945640563965 0.5989999771118164
      vertex -11.399999618530273 -6.199999809265137 0.5999994277954102
    endloop
  endfacet
  facet normal 0.031422603311864264 0.9994513053396827 0.01047417089364966
    outer loop
      vertex -11.218836784362793 -6.199407577514648 0
      vertex -11.399832725524902 -6.1999945640563965 0.5989999771118164
      vertex -11.199999809265137 -6.199999809265137 0
    endloop
  endfacet
  facet normal 0.03142110074780655 0.9994513573364041 0.010473716924559848
    outer loop
      vertex -11.399832725524902 -6.1999945640563965 0.5989999771118164
      vertex -11.218836784362793 -6.199407577514648 0
      vertex -11.418503761291504 -6.199407577514648 0.5989999771118164
    endloop
  endfacet
  facet normal -0.8541532129677649 0.43515296005075926 -0.2847177376559217
    outer loop
      vertex -10.92855167388916 -6.027732849121094 0
      vertex -10.93710708618164 -6.044526100158691 0
      vertex -11.128551483154297 -6.027732849121094 0.5999994277954102
    endloop
  endfacet
  facet normal -0.44889045027525587 0.8809700232330256 -0.14963015009175196
    outer loop
      vertex -11.072265625 -6.17144775390625 0
      vertex -11.255473136901855 -6.162891387939453 0.5999994277954102
      vertex -11.055473327636719 -6.162891387939453 0
    endloop
  endfacet
  facet normal -0.44889045027525587 0.8809700232330256 -0.14963015009175196
    outer loop
      vertex -11.255473136901855 -6.162891387939453 0.5999994277954102
      vertex -11.072265625 -6.17144775390625 0
      vertex -11.272265434265137 -6.17144775390625 0.5999994277954102
    endloop
  endfacet
  facet normal 0.9482614456913178 0.02981320158841172 0.3160876518095269
    outer loop
      vertex -11.699074745178223 -5.91883659362793 0.5989999771118164
      vertex -11.5 -5.899999618530273 0
      vertex -11.699666976928711 -5.899999618530273 0.5989999771118164
    endloop
  endfacet
  facet normal 0.9482614456913178 0.02981320158841172 0.3160876518095269
    outer loop
      vertex -11.5 -5.899999618530273 0
      vertex -11.699074745178223 -5.91883659362793 0.5989999771118164
      vertex -11.499407768249512 -5.91883659362793 0
    endloop
  endfacet
  facet normal 0.6457776690918672 0.7325534256671135 0.2152595657471503
    outer loop
      vertex -11.405364036560059 -6.118690490722656 0
      vertex -11.590893745422363 -6.131153106689453 0.5989999771118164
      vertex -11.391226768493652 -6.131153106689453 0
    endloop
  endfacet
  facet normal 0.6457776690918672 0.7325534256671135 0.2152595657471503
    outer loop
      vertex -11.590893745422363 -6.131153106689453 0.5989999771118164
      vertex -11.405364036560059 -6.118690490722656 0
      vertex -11.60503101348877 -6.118690490722656 0.5989999771118164
    endloop
  endfacet
  facet normal -0.2778233919227966 -0.9561578724190989 -0.09260823889640896
    outer loop
      vertex -11.107294082641602 6.18531608581543 0
      vertex -11.307294845581055 6.18531608581543 0.5999994277954102
      vertex -11.325392723083496 6.190574645996094 0.5999994277954102
    endloop
  endfacet
  facet normal 0.9482614456913178 -0.02981320158841172 0.3160876518095269
    outer loop
      vertex -11.699666976928711 5.899999618530273 0.5989999771118164
      vertex -11.499407768249512 5.91883659362793 0
      vertex -11.699074745178223 5.91883659362793 0.5989999771118164
    endloop
  endfacet
  facet normal 0.9482614456913178 -0.02981320158841172 0.3160876518095269
    outer loop
      vertex -11.499407768249512 5.91883659362793 0
      vertex -11.699666976928711 5.899999618530273 0.5989999771118164
      vertex -11.5 5.899999618530273 0
    endloop
  endfacet
  facet normal 0.9280459153253152 -0.207446123663146 0.3093491309590715
    outer loop
      vertex -11.694353103637695 5.95621395111084 0.5989999771118164
      vertex -11.490574836730957 5.974606513977051 0
      vertex -11.690241813659668 5.974606513977051 0.5989999771118164
    endloop
  endfacet
  facet normal 0.9280459153253152 -0.207446123663146 0.3093491309590715
    outer loop
      vertex -11.490574836730957 5.974606513977051 0
      vertex -11.694353103637695 5.95621395111084 0.5989999771118164
      vertex -11.494686126708984 5.95621395111084 0
    endloop
  endfacet
  facet normal -0.9280460567221237 0.2074461552695777 -0.3093486855740412
    outer loop
      vertex -10.909424781799316 -5.974606513977051 0
      vertex -11.105313301086426 -5.95621395111084 0.5999994277954102
      vertex -10.905313491821289 -5.95621395111084 0
    endloop
  endfacet
  facet normal -0.9280460567221237 0.2074461552695777 -0.3093486855740412
    outer loop
      vertex -11.105313301086426 -5.95621395111084 0.5999994277954102
      vertex -10.909424781799316 -5.974606513977051 0
      vertex -11.109424591064453 -5.974606513977051 0.5999994277954102
    endloop
  endfacet
  facet normal -0.8977668806484612 -0.32320380225130685 -0.2992556268828204
    outer loop
      vertex -10.921066284179688 6.01043701171875 0
      vertex -10.914682388305664 5.992704391479492 0
      vertex -11.1146821975708 5.992704391479492 0.5999994277954102
    endloop
  endfacet
  facet normal -0.9381549980141302 -0.14856483932894493 -0.31271982383000946
    outer loop
      vertex -10.902364730834961 5.937599182128906 0
      vertex -11.102365493774414 5.937599182128906 0.5999994277954102
      vertex -11.105313301086426 5.95621395111084 0.5999994277954102
    endloop
  endfacet
  facet normal -0.9381549980141302 0.14856483932894493 -0.31271982383000946
    outer loop
      vertex -11.102365493774414 -5.937599182128906 0.5999994277954102
      vertex -10.902364730834961 -5.937599182128906 0
      vertex -11.105313301086426 -5.95621395111084 0.5999994277954102
    endloop
  endfacet
  facet normal -0.8775933444741778 0.3798097794870876 -0.29253111482472594
    outer loop
      vertex -10.921066284179688 -6.01043701171875 0
      vertex -10.92855167388916 -6.027732849121094 0
      vertex -11.128551483154297 -6.027732849121094 0.5999994277954102
    endloop
  endfacet
  facet normal -0.938148735503439 0.1486119109676025 -0.31271624516781305
    outer loop
      vertex -10.902364730834961 -5.937599182128906 0
      vertex -10.905313491821289 -5.95621395111084 0
      vertex -11.105313301086426 -5.95621395111084 0.5999994277954102
    endloop
  endfacet
  facet normal -0.8273629274320552 0.48929647169375295 -0.27578895753656296
    outer loop
      vertex -11.137107849121094 -6.044526100158691 0.5999994277954102
      vertex -10.93710708618164 -6.044526100158691 0
      vertex -11.146700859069824 -6.060747146606445 0.5999994277954102
    endloop
  endfacet
  facet normal 0.3937067762466769 0.9098198386862554 0.13123580102382554
    outer loop
      vertex -11.327733039855957 -6.17144775390625 0
      vertex -11.510104179382324 -6.178932189941406 0.5989999771118164
      vertex -11.310437202453613 -6.178932189941406 0
    endloop
  endfacet
  facet normal 0.3937067762466769 0.9098198386862554 0.13123580102382554
    outer loop
      vertex -11.510104179382324 -6.178932189941406 0.5989999771118164
      vertex -11.327733039855957 -6.17144775390625 0
      vertex -11.527400016784668 -6.17144775390625 0.5989999771118164
    endloop
  endfacet
  facet normal -0.3365879286416397 -0.9349441208787943 -0.11219651120649471
    outer loop
      vertex -11.107294082641602 6.18531608581543 0
      vertex -11.289562225341797 6.178932189941406 0.5999994277954102
      vertex -11.307294845581055 6.18531608581543 0.5999994277954102
    endloop
  endfacet
  facet normal 0.727720028450782 0.6415462151557385 0.2425737290205596
    outer loop
      vertex -11.618377685546875 -6.105340480804443 0.5989999771118164
      vertex -11.431153297424316 -6.091226577758789 0
      vertex -11.630820274353027 -6.091226577758789 0.5989999771118164
    endloop
  endfacet
  facet normal 0.7530343822356446 0.6082200779595591 0.25101305929741774
    outer loop
      vertex -11.642352104187012 -6.076359748840332 0.5989999771118164
      vertex -11.442704200744629 -6.0763349533081055 0
      vertex -11.642372131347656 -6.0763349533081055 0.5989999771118164
    endloop
  endfacet
  facet normal 0.7641011685039587 0.5926860936868362 0.25470099850829664
    outer loop
      vertex -11.442704200744629 -6.0763349533081055 0
      vertex -11.642352104187012 -6.076359748840332 0.5989999771118164
      vertex -11.431153297424316 -6.091226577758789 0
    endloop
  endfacet
  facet normal -0.031422603301921266 -0.9994513050234282 -0.010474201100640422
    outer loop
      vertex -11.199999809265137 6.199999809265137 0
      vertex -11.381162643432617 6.199407577514648 0.5999994277954102
      vertex -11.399999618530273 6.199999809265137 0.5999994277954102
    endloop
  endfacet
  facet normal -0.031422603301921266 -0.9994513050234282 -0.010474201100640422
    outer loop
      vertex -11.381162643432617 6.199407577514648 0.5999994277954102
      vertex -11.199999809265137 6.199999809265137 0
      vertex -11.18116283416748 6.199407577514648 0
    endloop
  endfacet
  facet normal -0.944890017666074 -0.08933086473817717 -0.31496484108569306
    outer loop
      vertex -10.902364730834961 5.937599182128906 0
      vertex -11.100591659545898 5.91883659362793 0.5999994277954102
      vertex -11.102365493774414 5.937599182128906 0.5999994277954102
    endloop
  endfacet
  facet normal -0.5018791385868173 -0.8486049534064417 -0.16729304619560578
    outer loop
      vertex -11.255473136901855 6.162891387939453 0.5999994277954102
      vertex -11.055473327636719 6.162891387939453 0
      vertex -11.239251136779785 6.153298377990723 0.5999945998191833
    endloop
  endfacet
  facet normal -0.6256969999906585 -0.7530031358038966 -0.20368981730118071
    outer loop
      vertex -11.055473327636719 6.162891387939453 0
      vertex -11.239250183105469 6.153297424316406 0.5999951958656311
      vertex -11.239251136779785 6.153298377990723 0.5999945998191833
    endloop
  endfacet
  facet normal -0.5018791777828056 -0.8486048522947837 -0.16729344150265832
    outer loop
      vertex -11.239250183105469 6.153297424316406 0.5999951958656311
      vertex -11.055473327636719 6.162891387939453 0
      vertex -11.039251327514648 6.153297424316406 0
    endloop
  endfacet
  facet normal -0.031422603301921266 0.9994513050234282 -0.010474201100640422
    outer loop
      vertex -11.199999809265137 -6.199999809265137 0
      vertex -11.381162643432617 -6.199407577514648 0.5999994277954102
      vertex -11.18116283416748 -6.199407577514648 0
    endloop
  endfacet
  facet normal -0.031422603301921266 0.9994513050234282 -0.010474201100640422
    outer loop
      vertex -11.381162643432617 -6.199407577514648 0.5999994277954102
      vertex -11.199999809265137 -6.199999809265137 0
      vertex -11.399999618530273 -6.199999809265137 0.5999994277954102
    endloop
  endfacet
  facet normal -0.5524355263200793 0.8129610765914915 -0.18414471810687424
    outer loop
      vertex -11.039251327514648 -6.153297424316406 0
      vertex -11.239249229431152 -6.153297424316406 0.5999951958656311
      vertex -11.023663520812988 -6.142704963684082 0
    endloop
  endfacet
  facet normal 0 1 0
    outer loop
      vertex -11.239249229431152 -6.153297424316406 0.5999951958656311
      vertex -11.039251327514648 -6.153297424316406 0
      vertex -11.239250183105469 -6.153297424316406 0.5999951958656311
    endloop
  endfacet
  facet normal 0.03142110074780655 -0.9994513573364041 0.010473716924559848
    outer loop
      vertex -11.418503761291504 6.199407577514648 0.5989999771118164
      vertex -11.218836784362793 6.199407577514648 0
      vertex -11.399832725524902 6.1999945640563965 0.5989999771118164
    endloop
  endfacet
  facet normal 0.031422603311864264 -0.9994513053396827 0.01047417089364966
    outer loop
      vertex -11.199999809265137 6.199999809265137 0
      vertex -11.399832725524902 6.1999945640563965 0.5989999771118164
      vertex -11.218836784362793 6.199407577514648 0
    endloop
  endfacet
  facet normal 0.03153132649444233 -0.9994475003995963 0.01051044216481411
    outer loop
      vertex -11.399832725524902 6.1999945640563965 0.5989999771118164
      vertex -11.199999809265137 6.199999809265137 0
      vertex -11.399999618530273 6.199999809265137 0.5999994277954102
    endloop
  endfacet
  facet normal 0.8273434352195195 0.489333585649266 0.27578158414730514
    outer loop
      vertex -11.65296459197998 -6.060747146606445 0.5989999771118164
      vertex -11.462891578674316 -6.044526100158691 0
      vertex -11.662558555603027 -6.044526100158691 0.5989999771118164
    endloop
  endfacet
  facet normal 0.8273434352195195 0.489333585649266 0.27578158414730514
    outer loop
      vertex -11.462891578674316 -6.044526100158691 0
      vertex -11.65296459197998 -6.060747146606445 0.5989999771118164
      vertex -11.45329761505127 -6.060747146606445 0
    endloop
  endfacet
  facet normal 0.7530343822356446 -0.6082200779595591 0.25101305929741774
    outer loop
      vertex -11.442704200744629 6.0763349533081055 0
      vertex -11.642352104187012 6.076359748840332 0.5989999771118164
      vertex -11.642372131347656 6.0763349533081055 0.5989999771118164
    endloop
  endfacet
  facet normal 0.7641011685039587 -0.5926860936868362 0.25470099850829664
    outer loop
      vertex -11.642352104187012 6.076359748840332 0.5989999771118164
      vertex -11.442704200744629 6.0763349533081055 0
      vertex -11.431153297424316 6.091226577758789 0
    endloop
  endfacet
  facet normal -0.6458010946197356 0.7325305804674273 -0.21526703153991184
    outer loop
      vertex -10.994635581970215 -6.118690490722656 0
      vertex -11.008771896362305 -6.131153106689453 0
      vertex -11.194635391235352 -6.118690490722656 0.5999994277954102
    endloop
  endfacet
  facet normal 0.4488817487446437 0.8809749091416872 0.14962748780470386
    outer loop
      vertex -11.527400016784668 -6.17144775390625 0.5989999771118164
      vertex -11.327733039855957 -6.17144775390625 0
      vertex -11.544164657592773 -6.162905693054199 0.5989999771118164
    endloop
  endfacet
  facet normal -0.09407030319179813 0.9950716211282947 -0.03135676773059937
    outer loop
      vertex -11.18116283416748 -6.199407577514648 0
      vertex -11.362399101257324 -6.197633743286133 0.5999994277954102
      vertex -11.162399291992188 -6.197633743286133 0
    endloop
  endfacet
  facet normal -0.09407030319179813 0.9950716211282947 -0.03135676773059937
    outer loop
      vertex -11.362399101257324 -6.197633743286133 0.5999994277954102
      vertex -11.18116283416748 -6.199407577514648 0
      vertex -11.381162643432617 -6.199407577514648 0.5999994277954102
    endloop
  endfacet
  facet normal 0.8776093534602805 0.3797683174876644 0.2925369169038621
    outer loop
      vertex -11.671114921569824 -6.027732849121094 0.5989999771118164
      vertex -11.47893238067627 -6.01043701171875 0
      vertex -11.67859935760498 -6.01043701171875 0.5989999771118164
    endloop
  endfacet
  facet normal 0.8776093534602805 0.3797683174876644 0.2925369169038621
    outer loop
      vertex -11.47893238067627 -6.01043701171875 0
      vertex -11.671114921569824 -6.027732849121094 0.5989999771118164
      vertex -11.471447944641113 -6.027732849121094 0
    endloop
  endfacet
  facet normal -0.8541532129677649 -0.43515296005075926 -0.2847177376559217
    outer loop
      vertex -10.93710708618164 6.044526100158691 0
      vertex -10.92855167388916 6.027732849121094 0
      vertex -11.128551483154297 6.027732849121094 0.5999994277954102
    endloop
  endfacet
  facet normal -0.9145847450153148 -0.2656956157068784 -0.30486158167177163
    outer loop
      vertex -10.909424781799316 5.974606513977051 0
      vertex -11.1146821975708 5.992704391479492 0.5999994277954102
      vertex -10.914682388305664 5.992704391479492 0
    endloop
  endfacet
  facet normal -0.9145847450153148 -0.2656956157068784 -0.30486158167177163
    outer loop
      vertex -11.1146821975708 5.992704391479492 0.5999994277954102
      vertex -10.909424781799316 5.974606513977051 0
      vertex -11.109424591064453 5.974606513977051 0.5999994277954102
    endloop
  endfacet
  facet normal 0.797348725191545 0.5418433639936906 0.2657833315530133
    outer loop
      vertex -11.642389297485352 -6.0763092041015625 0.5989999771118164
      vertex -11.45329761505127 -6.060747146606445 0
      vertex -11.65296459197998 -6.060747146606445 0.5989999771118164
    endloop
  endfacet
  facet normal 0.6882588286180987 0.6882341607270333 0.22941997480079807
    outer loop
      vertex -11.60503101348877 -6.118690490722656 0.5989999771118164
      vertex -11.405364036560059 -6.118690490722656 0
      vertex -11.618334770202637 -6.105386257171631 0.5989999771118164
    endloop
  endfacet
  facet normal -0.6457775740478854 0.7325533178516875 -0.2152602177860848
    outer loop
      vertex -11.194635391235352 -6.118690490722656 0.5999994277954102
      vertex -11.008771896362305 -6.131153106689453 0
      vertex -11.208772659301758 -6.131153106689453 0.5999994277954102
    endloop
  endfacet
  facet normal -0.39368881801940775 -0.9098285031113656 -0.13122960600646924
    outer loop
      vertex -11.08956241607666 6.178932189941406 0
      vertex -11.272265434265137 6.17144775390625 0.5999994277954102
      vertex -11.289562225341797 6.178932189941406 0.5999994277954102
    endloop
  endfacet
  facet normal -0.39368881801940775 -0.9098285031113656 -0.13122960600646924
    outer loop
      vertex -11.272265434265137 6.17144775390625 0.5999994277954102
      vertex -11.08956241607666 6.178932189941406 0
      vertex -11.072265625 6.17144775390625 0
    endloop
  endfacet
  facet normal -0.336603772836693 0.9349378470798675 -0.112201257612231
    outer loop
      vertex -11.08956241607666 -6.178932189941406 0
      vertex -11.107294082641602 -6.18531608581543 0
      vertex -11.289562225341797 -6.178932189941406 0.5999994277954102
    endloop
  endfacet
  facet normal -0.8977524868135451 0.3232469021843974 -0.2992522558783578
    outer loop
      vertex -11.1146821975708 -5.992704391479492 0.5999994277954102
      vertex -10.921066284179688 -6.01043701171875 0
      vertex -11.12106704711914 -6.01043701171875 0.5999994277954102
    endloop
  endfacet
  facet normal -0.8273435354012828 0.4893336449019287 -0.27578117846709427
    outer loop
      vertex -10.93710708618164 -6.044526100158691 0
      vertex -10.946701049804688 -6.060747146606445 0
      vertex -11.146700859069824 -6.060747146606445 0.5999994277954102
    endloop
  endfacet
  facet normal -0.8541348530882704 0.4351921120965394 -0.28471297530817175
    outer loop
      vertex -11.128551483154297 -6.027732849121094 0.5999994277954102
      vertex -10.93710708618164 -6.044526100158691 0
      vertex -11.137107849121094 -6.044526100158691 0.5999994277954102
    endloop
  endfacet
  facet normal -0.6005254360363332 -0.77414386887702 -0.2001760998558292
    outer loop
      vertex -11.023663520812988 6.142704963684082 0
      vertex -11.208772659301758 6.131153106689453 0.5999994277954102
      vertex -11.223664283752441 6.142704963684082 0.5999994277954102
    endloop
  endfacet
  facet normal -0.6005254360363332 -0.77414386887702 -0.2001760998558292
    outer loop
      vertex -11.208772659301758 6.131153106689453 0.5999994277954102
      vertex -11.023663520812988 6.142704963684082 0
      vertex -11.008771896362305 6.131153106689453 0
    endloop
  endfacet
  facet normal 0.4488904132363605 0.8809699505423356 0.14963068918482036
    outer loop
      vertex -11.344525337219238 -6.162891387939453 0
      vertex -11.544164657592773 -6.162905693054199 0.5989999771118164
      vertex -11.327733039855957 -6.17144775390625 0
    endloop
  endfacet
  facet normal 0.442325807226963 0.884651614453926 0.14744287471789796
    outer loop
      vertex -11.544164657592773 -6.162905693054199 0.5989999771118164
      vertex -11.344525337219238 -6.162891387939453 0
      vertex -11.544193267822266 -6.162891387939453 0.5989999771118164
    endloop
  endfacet
  facet normal -0.2175720779353925 -0.9733461134451356 -0.07252402597846416
    outer loop
      vertex -11.14378547668457 6.194685935974121 0
      vertex -11.325392723083496 6.190574645996094 0.5999994277954102
      vertex -11.343785285949707 6.194685935974121 0.5999994277954102
    endloop
  endfacet
  facet normal -0.2175720779353925 -0.9733461134451356 -0.07252402597846416
    outer loop
      vertex -11.325392723083496 6.190574645996094 0.5999994277954102
      vertex -11.14378547668457 6.194685935974121 0
      vertex -11.12539291381836 6.190574645996094 0
    endloop
  endfacet
  facet normal 0.8776093534602805 -0.3797683174876644 0.2925369169038621
    outer loop
      vertex -11.67859935760498 6.01043701171875 0.5989999771118164
      vertex -11.471447944641113 6.027732849121094 0
      vertex -11.671114921569824 6.027732849121094 0.5989999771118164
    endloop
  endfacet
  facet normal 0.8776093534602805 -0.3797683174876644 0.2925369169038621
    outer loop
      vertex -11.471447944641113 6.027732849121094 0
      vertex -11.67859935760498 6.01043701171875 0.5989999771118164
      vertex -11.47893238067627 6.01043701171875 0
    endloop
  endfacet
  facet normal -0.8273435354012828 -0.4893336449019287 -0.27578117846709427
    outer loop
      vertex -10.946701049804688 6.060747146606445 0
      vertex -10.93710708618164 6.044526100158691 0
      vertex -11.146700859069824 6.060747146606445 0.5999994277954102
    endloop
  endfacet
  facet normal 0.9145728975605576 -0.2657403676634302 0.3048581178873067
    outer loop
      vertex -11.690241813659668 5.974606513977051 0.5989999771118164
      vertex -11.485316276550293 5.992704391479492 0
      vertex -11.684983253479004 5.992704391479492 0.5989999771118164
    endloop
  endfacet
  facet normal 0.9145728975605576 -0.2657403676634302 0.3048581178873067
    outer loop
      vertex -11.485316276550293 5.992704391479492 0
      vertex -11.690241813659668 5.974606513977051 0.5989999771118164
      vertex -11.490574836730957 5.974606513977051 0
    endloop
  endfacet
  facet normal 0.7640974949850687 0.592691443284332 0.2546995705043073
    outer loop
      vertex -11.630820274353027 -6.091226577758789 0.5989999771118164
      vertex -11.431153297424316 -6.091226577758789 0
      vertex -11.642352104187012 -6.076359748840332 0.5989999771118164
    endloop
  endfacet
  facet normal -0.7973350737837167 0.54186589168489 -0.2657783579279056
    outer loop
      vertex -10.957294464111328 -6.0763349533081055 0
      vertex -11.146700859069824 -6.060747146606445 0.5999994277954102
      vertex -10.946701049804688 -6.060747146606445 0
    endloop
  endfacet
  facet normal -0.7973350737837167 0.54186589168489 -0.2657783579279056
    outer loop
      vertex -11.146700859069824 -6.060747146606445 0.5999994277954102
      vertex -10.957294464111328 -6.0763349533081055 0
      vertex -11.157294273376465 -6.0763349533081055 0.5999994277954102
    endloop
  endfacet
  facet normal -0.39368881801940775 0.9098285031113656 -0.13122960600646924
    outer loop
      vertex -11.08956241607666 -6.178932189941406 0
      vertex -11.272265434265137 -6.17144775390625 0.5999994277954102
      vertex -11.072265625 -6.17144775390625 0
    endloop
  endfacet
  facet normal -0.39368881801940775 0.9098285031113656 -0.13122960600646924
    outer loop
      vertex -11.272265434265137 -6.17144775390625 0.5999994277954102
      vertex -11.08956241607666 -6.178932189941406 0
      vertex -11.289562225341797 -6.178932189941406 0.5999994277954102
    endloop
  endfacet
  facet normal -0.9448945174574438 -0.08928326257768568 -0.31496483915248125
    outer loop
      vertex -10.902364730834961 5.937599182128906 0
      vertex -10.900591850280762 5.91883659362793 0
      vertex -11.100591659545898 5.91883659362793 0.5999994277954102
    endloop
  endfacet
  facet normal -0.15620513347268736 0.9863512763247854 -0.052068377824229115
    outer loop
      vertex -11.162399291992188 -6.197633743286133 0
      vertex -11.343785285949707 -6.194685935974121 0.5999994277954102
      vertex -11.14378547668457 -6.194685935974121 0
    endloop
  endfacet
  facet normal -0.15620513347268736 0.9863512763247854 -0.052068377824229115
    outer loop
      vertex -11.343785285949707 -6.194685935974121 0.5999994277954102
      vertex -11.162399291992188 -6.197633743286133 0
      vertex -11.362399101257324 -6.197633743286133 0.5999994277954102
    endloop
  endfacet
  facet normal 0.6813420826165777 0.6958387226722496 0.22711547390161874
    outer loop
      vertex -11.618334770202637 -6.105386257171631 0.5989999771118164
      vertex -11.418689727783203 -6.105363845825195 0
      vertex -11.61835765838623 -6.105363845825195 0.5989999771118164
    endloop
  endfacet
  facet normal 0.6882703879459077 0.6882211343042913 0.2294243739747464
    outer loop
      vertex -11.418689727783203 -6.105363845825195 0
      vertex -11.618334770202637 -6.105386257171631 0.5989999771118164
      vertex -11.405364036560059 -6.118690490722656 0
    endloop
  endfacet
  facet normal 0.8541350730034201 0.43519222414598696 0.28471214429369035
    outer loop
      vertex -11.662558555603027 -6.044526100158691 0.5989999771118164
      vertex -11.471447944641113 -6.027732849121094 0
      vertex -11.671114921569824 -6.027732849121094 0.5989999771118164
    endloop
  endfacet
  facet normal 0.8541350730034201 0.43519222414598696 0.28471214429369035
    outer loop
      vertex -11.471447944641113 -6.027732849121094 0
      vertex -11.662558555603027 -6.044526100158691 0.5989999771118164
      vertex -11.462891578674316 -6.044526100158691 0
    endloop
  endfacet
  facet normal 0.21757207611342513 -0.9733461052942513 0.07252414083742378
    outer loop
      vertex -11.274606704711914 6.190574645996094 0
      vertex -11.455881118774414 6.194685935974121 0.5989999771118164
      vertex -11.474273681640625 6.190574645996094 0.5989999771118164
    endloop
  endfacet
  facet normal 0.21757207611342513 -0.9733461052942513 0.07252414083742378
    outer loop
      vertex -11.455881118774414 6.194685935974121 0.5989999771118164
      vertex -11.274606704711914 6.190574645996094 0
      vertex -11.256214141845703 6.194685935974121 0
    endloop
  endfacet
  facet normal -0.6882472016116852 -0.6882472016116852 -0.22941573387056174
    outer loop
      vertex -10.994635581970215 6.118690490722656 0
      vertex -11.18130874633789 6.105363845825195 0.5999994277954102
      vertex -11.194635391235352 6.118690490722656 0.5999994277954102
    endloop
  endfacet
  facet normal -0.6882472016116852 -0.6882472016116852 -0.22941573387056174
    outer loop
      vertex -11.18130874633789 6.105363845825195 0.5999994277954102
      vertex -10.994635581970215 6.118690490722656 0
      vertex -10.981308937072754 6.105363845825195 0
    endloop
  endfacet
  facet normal 0.6882588286180987 -0.6882341607270333 0.22941997480079807
    outer loop
      vertex -11.405364036560059 6.118690490722656 0
      vertex -11.60503101348877 6.118690490722656 0.5989999771118164
      vertex -11.618334770202637 6.105386257171631 0.5989999771118164
    endloop
  endfacet
  facet normal 0.33658794209935344 0.9349441582604389 0.112196159328214
    outer loop
      vertex -11.310437202453613 -6.178932189941406 0
      vertex -11.492371559143066 -6.18531608581543 0.5989999771118164
      vertex -11.292704582214355 -6.18531608581543 0
    endloop
  endfacet
  facet normal 0.33658794209935344 0.9349441582604389 0.112196159328214
    outer loop
      vertex -11.492371559143066 -6.18531608581543 0.5989999771118164
      vertex -11.310437202453613 -6.178932189941406 0
      vertex -11.510104179382324 -6.178932189941406 0.5989999771118164
    endloop
  endfacet
  facet normal 0.6457776690918672 -0.7325534256671135 0.2152595657471503
    outer loop
      vertex -11.405364036560059 6.118690490722656 0
      vertex -11.590893745422363 6.131153106689453 0.5989999771118164
      vertex -11.60503101348877 6.118690490722656 0.5989999771118164
    endloop
  endfacet
  facet normal 0.6457776690918672 -0.7325534256671135 0.2152595657471503
    outer loop
      vertex -11.590893745422363 6.131153106689453 0.5989999771118164
      vertex -11.405364036560059 6.118690490722656 0
      vertex -11.391226768493652 6.131153106689453 0
    endloop
  endfacet
  facet normal 0.21757207611342513 0.9733461052942513 0.07252414083742378
    outer loop
      vertex -11.274606704711914 -6.190574645996094 0
      vertex -11.455881118774414 -6.194685935974121 0.5989999771118164
      vertex -11.256214141845703 -6.194685935974121 0
    endloop
  endfacet
  facet normal 0.21757207611342513 0.9733461052942513 0.07252414083742378
    outer loop
      vertex -11.455881118774414 -6.194685935974121 0.5989999771118164
      vertex -11.274606704711914 -6.190574645996094 0
      vertex -11.474273681640625 -6.190574645996094 0.5989999771118164
    endloop
  endfacet
  facet normal 0.2778233994908135 0.9561578984652102 0.09260794727214693
    outer loop
      vertex -11.292704582214355 -6.18531608581543 0
      vertex -11.474273681640625 -6.190574645996094 0.5989999771118164
      vertex -11.274606704711914 -6.190574645996094 0
    endloop
  endfacet
  facet normal 0.2778233994908135 0.9561578984652102 0.09260794727214693
    outer loop
      vertex -11.474273681640625 -6.190574645996094 0.5989999771118164
      vertex -11.292704582214355 -6.18531608581543 0
      vertex -11.492371559143066 -6.18531608581543 0.5989999771118164
    endloop
  endfacet
  facet normal 0.5524354499717234 0.8129609642376717 0.18414544317005152
    outer loop
      vertex -11.376335144042969 -6.142704963684082 0
      vertex -11.56041431427002 -6.153297424316406 0.5989999771118164
      vertex -11.360747337341309 -6.153297424316406 0
    endloop
  endfacet
  facet normal 0.5524354499717234 0.8129609642376717 0.18414544317005152
    outer loop
      vertex -11.56041431427002 -6.153297424316406 0.5989999771118164
      vertex -11.376335144042969 -6.142704963684082 0
      vertex -11.57600212097168 -6.142704963684082 0.5989999771118164
    endloop
  endfacet
  facet normal -0.8775933444741778 -0.3798097794870876 -0.29253111482472594
    outer loop
      vertex -10.92855167388916 6.027732849121094 0
      vertex -10.921066284179688 6.01043701171875 0
      vertex -11.128551483154297 6.027732849121094 0.5999994277954102
    endloop
  endfacet
  facet normal -0.6458010946197356 -0.7325305804674273 -0.21526703153991184
    outer loop
      vertex -11.008771896362305 6.131153106689453 0
      vertex -10.994635581970215 6.118690490722656 0
      vertex -11.194635391235352 6.118690490722656 0.5999994277954102
    endloop
  endfacet
  facet normal -0.2778233919227966 0.9561578724190989 -0.09260823889640896
    outer loop
      vertex -11.307294845581055 -6.18531608581543 0.5999994277954102
      vertex -11.107294082641602 -6.18531608581543 0
      vertex -11.325392723083496 -6.190574645996094 0.5999994277954102
    endloop
  endfacet
  facet normal 0.9381552894209032 -0.14856488547569097 0.31271892768934867
    outer loop
      vertex -11.697300910949707 5.937599182128906 0.5989999771118164
      vertex -11.494686126708984 5.95621395111084 0
      vertex -11.694353103637695 5.95621395111084 0.5989999771118164
    endloop
  endfacet
  facet normal 0.9381552894209032 -0.14856488547569097 0.31271892768934867
    outer loop
      vertex -11.494686126708984 5.95621395111084 0
      vertex -11.697300910949707 5.937599182128906 0.5989999771118164
      vertex -11.497633934020996 5.937599182128906 0
    endloop
  endfacet
  facet normal 0.7360493369229038 -0.6308994316482033 0.245351341470406
    outer loop
      vertex -11.618377685546875 6.105340480804443 0.5989999771118164
      vertex -11.418689727783203 6.105363845825195 0
      vertex -11.61835765838623 6.105363845825195 0.5989999771118164
    endloop
  endfacet
  facet normal 0.7277107516518808 -0.6415577316067479 0.2425711008052254
    outer loop
      vertex -11.418689727783203 6.105363845825195 0
      vertex -11.618377685546875 6.105340480804443 0.5989999771118164
      vertex -11.431153297424316 6.091226577758789 0
    endloop
  endfacet
  facet normal 0.7360493369229038 0.6308994316482033 0.245351341470406
    outer loop
      vertex -11.418689727783203 -6.105363845825195 0
      vertex -11.618377685546875 -6.105340480804443 0.5989999771118164
      vertex -11.61835765838623 -6.105363845825195 0.5989999771118164
    endloop
  endfacet
  facet normal 0.7277107516518808 0.6415577316067479 0.2425711008052254
    outer loop
      vertex -11.618377685546875 -6.105340480804443 0.5989999771118164
      vertex -11.418689727783203 -6.105363845825195 0
      vertex -11.431153297424316 -6.091226577758789 0
    endloop
  endfacet
  facet normal -0.8977668806484612 0.32320380225130685 -0.2992556268828204
    outer loop
      vertex -10.914682388305664 -5.992704391479492 0
      vertex -10.921066284179688 -6.01043701171875 0
      vertex -11.1146821975708 -5.992704391479492 0.5999994277954102
    endloop
  endfacet
  facet normal -0.6256969999906585 0.7530031358038966 -0.20368981730118071
    outer loop
      vertex -11.239250183105469 -6.153297424316406 0.5999951958656311
      vertex -11.055473327636719 -6.162891387939453 0
      vertex -11.239251136779785 -6.153298377990723 0.5999945998191833
    endloop
  endfacet
  facet normal -0.5018791385868173 0.8486049534064417 -0.16729304619560578
    outer loop
      vertex -11.239251136779785 -6.153298377990723 0.5999945998191833
      vertex -11.055473327636719 -6.162891387939453 0
      vertex -11.255473136901855 -6.162891387939453 0.5999994277954102
    endloop
  endfacet
  facet normal -0.5018791777828056 0.8486048522947837 -0.16729344150265832
    outer loop
      vertex -11.055473327636719 -6.162891387939453 0
      vertex -11.239250183105469 -6.153297424316406 0.5999951958656311
      vertex -11.039251327514648 -6.153297424316406 0
    endloop
  endfacet
  facet normal -0.44889045027525587 -0.8809700232330256 -0.14963015009175196
    outer loop
      vertex -11.072265625 6.17144775390625 0
      vertex -11.255473136901855 6.162891387939453 0.5999994277954102
      vertex -11.272265434265137 6.17144775390625 0.5999994277954102
    endloop
  endfacet
  facet normal -0.44889045027525587 -0.8809700232330256 -0.14963015009175196
    outer loop
      vertex -11.255473136901855 6.162891387939453 0.5999994277954102
      vertex -11.072265625 6.17144775390625 0
      vertex -11.055473327636719 6.162891387939453 0
    endloop
  endfacet
  facet normal -0.8541348530882704 -0.4351921120965394 -0.28471297530817175
    outer loop
      vertex -10.93710708618164 6.044526100158691 0
      vertex -11.128551483154297 6.027732849121094 0.5999994277954102
      vertex -11.137107849121094 6.044526100158691 0.5999994277954102
    endloop
  endfacet
  facet normal -0.15620513347268736 -0.9863512763247854 -0.052068377824229115
    outer loop
      vertex -11.162399291992188 6.197633743286133 0
      vertex -11.343785285949707 6.194685935974121 0.5999994277954102
      vertex -11.362399101257324 6.197633743286133 0.5999994277954102
    endloop
  endfacet
  facet normal -0.15620513347268736 -0.9863512763247854 -0.052068377824229115
    outer loop
      vertex -11.343785285949707 6.194685935974121 0.5999994277954102
      vertex -11.162399291992188 6.197633743286133 0
      vertex -11.14378547668457 6.194685935974121 0
    endloop
  endfacet
  facet normal -0.7973350737837167 -0.54186589168489 -0.2657783579279056
    outer loop
      vertex -10.946701049804688 6.060747146606445 0
      vertex -11.157294273376465 6.0763349533081055 0.5999994277954102
      vertex -10.957294464111328 6.0763349533081055 0
    endloop
  endfacet
  facet normal -0.7973350737837167 -0.54186589168489 -0.2657783579279056
    outer loop
      vertex -11.157294273376465 6.0763349533081055 0.5999994277954102
      vertex -10.946701049804688 6.060747146606445 0
      vertex -11.146700859069824 6.060747146606445 0.5999994277954102
    endloop
  endfacet
  facet normal -0.8776091149104006 -0.3797682142598602 -0.2925377665602517
    outer loop
      vertex -10.921066284179688 6.01043701171875 0
      vertex -11.12106704711914 6.01043701171875 0.5999994277954102
      vertex -11.128551483154297 6.027732849121094 0.5999994277954102
    endloop
  endfacet
  facet normal -0.09407030319179813 -0.9950716211282947 -0.03135676773059937
    outer loop
      vertex -11.18116283416748 6.199407577514648 0
      vertex -11.362399101257324 6.197633743286133 0.5999994277954102
      vertex -11.381162643432617 6.199407577514648 0.5999994277954102
    endloop
  endfacet
  facet normal -0.09407030319179813 -0.9950716211282947 -0.03135676773059937
    outer loop
      vertex -11.362399101257324 6.197633743286133 0.5999994277954102
      vertex -11.18116283416748 6.199407577514648 0
      vertex -11.162399291992188 6.197633743286133 0
    endloop
  endfacet
  facet normal 0.5018791204242898 0.8486047553098578 0.16729410553763557
    outer loop
      vertex -11.360747337341309 -6.153297424316406 0
      vertex -11.544193267822266 -6.162891387939453 0.5989999771118164
      vertex -11.344525337219238 -6.162891387939453 0
    endloop
  endfacet
  facet normal 0.5114137472089575 0.8423285248147535 0.17011359572089957
    outer loop
      vertex -11.544193267822266 -6.162891387939453 0.5989999771118164
      vertex -11.360747337341309 -6.153297424316406 0
      vertex -11.544219970703125 -6.162875175476074 0.5989999771118164
    endloop
  endfacet
  facet normal 0.80178336101393 0.5345222406759533 0.26726282237521193
    outer loop
      vertex -11.442704200744629 -6.0763349533081055 0
      vertex -11.642389297485352 -6.0763092041015625 0.5989999771118164
      vertex -11.642372131347656 -6.0763349533081055 0.5989999771118164
    endloop
  endfacet
  facet normal 0.7973348090101828 0.5418657117458007 0.26577951910354614
    outer loop
      vertex -11.642389297485352 -6.0763092041015625 0.5989999771118164
      vertex -11.442704200744629 -6.0763349533081055 0
      vertex -11.45329761505127 -6.060747146606445 0
    endloop
  endfacet
  facet normal 0.727720028450782 -0.6415462151557385 0.2425737290205596
    outer loop
      vertex -11.431153297424316 6.091226577758789 0
      vertex -11.618377685546875 6.105340480804443 0.5989999771118164
      vertex -11.630820274353027 6.091226577758789 0.5989999771118164
    endloop
  endfacet
  facet normal -0.27781001944927863 -0.9561622323373974 -0.0926033398164262
    outer loop
      vertex -11.12539291381836 6.190574645996094 0
      vertex -11.107294082641602 6.18531608581543 0
      vertex -11.325392723083496 6.190574645996094 0.5999994277954102
    endloop
  endfacet
  facet normal 0.80178336101393 -0.5345222406759533 0.26726282237521193
    outer loop
      vertex -11.642389297485352 6.0763092041015625 0.5989999771118164
      vertex -11.442704200744629 6.0763349533081055 0
      vertex -11.642372131347656 6.0763349533081055 0.5989999771118164
    endloop
  endfacet
  facet normal 0.7973348090101828 -0.5418657117458007 0.26577951910354614
    outer loop
      vertex -11.442704200744629 6.0763349533081055 0
      vertex -11.642389297485352 6.0763092041015625 0.5989999771118164
      vertex -11.45329761505127 6.060747146606445 0
    endloop
  endfacet
  facet normal -0.8273629274320552 -0.48929647169375295 -0.27578895753656296
    outer loop
      vertex -10.93710708618164 6.044526100158691 0
      vertex -11.137107849121094 6.044526100158691 0.5999994277954102
      vertex -11.146700859069824 6.060747146606445 0.5999994277954102
    endloop
  endfacet
  facet normal 0.797348725191545 -0.5418433639936906 0.2657833315530133
    outer loop
      vertex -11.45329761505127 6.060747146606445 0
      vertex -11.642389297485352 6.0763092041015625 0.5989999771118164
      vertex -11.65296459197998 6.060747146606445 0.5989999771118164
    endloop
  endfacet
  facet normal 0.8273434352195195 -0.489333585649266 0.27578158414730514
    outer loop
      vertex -11.662558555603027 6.044526100158691 0.5989999771118164
      vertex -11.45329761505127 6.060747146606445 0
      vertex -11.65296459197998 6.060747146606445 0.5989999771118164
    endloop
  endfacet
  facet normal 0.8273434352195195 -0.489333585649266 0.27578158414730514
    outer loop
      vertex -11.45329761505127 6.060747146606445 0
      vertex -11.662558555603027 6.044526100158691 0.5989999771118164
      vertex -11.462891578674316 6.044526100158691 0
    endloop
  endfacet
  facet normal 0.6005255124674058 0.7741439674051467 0.2001754895235145
    outer loop
      vertex -11.391226768493652 -6.131153106689453 0
      vertex -11.57600212097168 -6.142704963684082 0.5989999771118164
      vertex -11.376335144042969 -6.142704963684082 0
    endloop
  endfacet
  facet normal 0.6005255124674058 0.7741439674051467 0.2001754895235145
    outer loop
      vertex -11.57600212097168 -6.142704963684082 0.5989999771118164
      vertex -11.391226768493652 -6.131153106689453 0
      vertex -11.590893745422363 -6.131153106689453 0.5989999771118164
    endloop
  endfacet
  facet normal -0.8977524868135451 -0.3232469021843974 -0.2992522558783578
    outer loop
      vertex -10.921066284179688 6.01043701171875 0
      vertex -11.1146821975708 5.992704391479492 0.5999994277954102
      vertex -11.12106704711914 6.01043701171875 0.5999994277954102
    endloop
  endfacet
  facet normal -0.27781001944927863 0.9561622323373974 -0.0926033398164262
    outer loop
      vertex -11.107294082641602 -6.18531608581543 0
      vertex -11.12539291381836 -6.190574645996094 0
      vertex -11.325392723083496 -6.190574645996094 0.5999994277954102
    endloop
  endfacet
  facet normal -0.2175720779353925 0.9733461134451356 -0.07252402597846416
    outer loop
      vertex -11.14378547668457 -6.194685935974121 0
      vertex -11.325392723083496 -6.190574645996094 0.5999994277954102
      vertex -11.12539291381836 -6.190574645996094 0
    endloop
  endfacet
  facet normal -0.2175720779353925 0.9733461134451356 -0.07252402597846416
    outer loop
      vertex -11.325392723083496 -6.190574645996094 0.5999994277954102
      vertex -11.14378547668457 -6.194685935974121 0
      vertex -11.343785285949707 -6.194685935974121 0.5999994277954102
    endloop
  endfacet
  facet normal -0.336603772836693 -0.9349378470798675 -0.112201257612231
    outer loop
      vertex -11.107294082641602 6.18531608581543 0
      vertex -11.08956241607666 6.178932189941406 0
      vertex -11.289562225341797 6.178932189941406 0.5999994277954102
    endloop
  endfacet
  facet normal -0.7277109017399647 -0.6415578639260388 -0.2425703005799882
    outer loop
      vertex -10.96884536743164 6.091226577758789 0
      vertex -11.18130874633789 6.105363845825195 0.5999994277954102
      vertex -10.981308937072754 6.105363845825195 0
    endloop
  endfacet
  facet normal -0.7277109017399647 -0.6415578639260388 -0.2425703005799882
    outer loop
      vertex -11.18130874633789 6.105363845825195 0.5999994277954102
      vertex -10.96884536743164 6.091226577758789 0
      vertex -11.168845176696777 6.091226577758789 0.5999994277954102
    endloop
  endfacet
  facet normal -0.7641012870271569 -0.5926861856210646 -0.25470042900905226
    outer loop
      vertex -10.957294464111328 6.0763349533081055 0
      vertex -11.168845176696777 6.091226577758789 0.5999994277954102
      vertex -10.96884536743164 6.091226577758789 0
    endloop
  endfacet
  facet normal -0.7641012870271569 -0.5926861856210646 -0.25470042900905226
    outer loop
      vertex -11.168845176696777 6.091226577758789 0.5999994277954102
      vertex -10.957294464111328 6.0763349533081055 0
      vertex -11.157294273376465 6.0763349533081055 0.5999994277954102
    endloop
  endfacet
  facet normal -0.938148735503439 -0.1486119109676025 -0.31271624516781305
    outer loop
      vertex -10.905313491821289 5.95621395111084 0
      vertex -10.902364730834961 5.937599182128906 0
      vertex -11.105313301086426 5.95621395111084 0.5999994277954102
    endloop
  endfacet
  facet normal 0.4488817487446437 -0.8809749091416872 0.14962748780470386
    outer loop
      vertex -11.327733039855957 6.17144775390625 0
      vertex -11.527400016784668 6.17144775390625 0.5989999771118164
      vertex -11.544164657592773 6.162905693054199 0.5989999771118164
    endloop
  endfacet
  facet normal 0.442325807226963 -0.884651614453926 0.14744287471789796
    outer loop
      vertex -11.344525337219238 6.162891387939453 0
      vertex -11.544164657592773 6.162905693054199 0.5989999771118164
      vertex -11.544193267822266 6.162891387939453 0.5989999771118164
    endloop
  endfacet
  facet normal 0.4488904132363605 -0.8809699505423356 0.14963068918482036
    outer loop
      vertex -11.544164657592773 6.162905693054199 0.5989999771118164
      vertex -11.344525337219238 6.162891387939453 0
      vertex -11.327733039855957 6.17144775390625 0
    endloop
  endfacet
  facet normal 0.3937067762466769 -0.9098198386862554 0.13123580102382554
    outer loop
      vertex -11.327733039855957 6.17144775390625 0
      vertex -11.510104179382324 6.178932189941406 0.5989999771118164
      vertex -11.527400016784668 6.17144775390625 0.5989999771118164
    endloop
  endfacet
  facet normal 0.3937067762466769 -0.9098198386862554 0.13123580102382554
    outer loop
      vertex -11.510104179382324 6.178932189941406 0.5989999771118164
      vertex -11.327733039855957 6.17144775390625 0
      vertex -11.310437202453613 6.178932189941406 0
    endloop
  endfacet
  facet normal -0.3365879286416397 0.9349441208787943 -0.11219651120649471
    outer loop
      vertex -11.289562225341797 -6.178932189941406 0.5999994277954102
      vertex -11.107294082641602 -6.18531608581543 0
      vertex -11.307294845581055 -6.18531608581543 0.5999994277954102
    endloop
  endfacet
  facet normal -0.6457775740478854 -0.7325533178516875 -0.2152602177860848
    outer loop
      vertex -11.008771896362305 6.131153106689453 0
      vertex -11.194635391235352 6.118690490722656 0.5999994277954102
      vertex -11.208772659301758 6.131153106689453 0.5999994277954102
    endloop
  endfacet
  facet normal 0 -1 0
    outer loop
      vertex -11.039251327514648 6.153297424316406 0
      vertex -11.239249229431152 6.153297424316406 0.5999951958656311
      vertex -11.239250183105469 6.153297424316406 0.5999951958656311
    endloop
  endfacet
  facet normal -0.5524355263200793 -0.8129610765914915 -0.18414471810687424
    outer loop
      vertex -11.239249229431152 6.153297424316406 0.5999951958656311
      vertex -11.039251327514648 6.153297424316406 0
      vertex -11.023663520812988 6.142704963684082 0
    endloop
  endfacet
  facet normal -0.5524693635827104 -0.8129352244379499 -0.184157332654812
    outer loop
      vertex -11.023663520812988 6.142704963684082 0
      vertex -11.223664283752441 6.142704963684082 0.5999994277954102
      vertex -11.239249229431152 6.153297424316406 0.5999951958656311
    endloop
  endfacet
  facet normal 0.9448903153940448 -0.0893308928856828 0.314963939921365
    outer loop
      vertex -11.699074745178223 5.91883659362793 0.5989999771118164
      vertex -11.497633934020996 5.937599182128906 0
      vertex -11.697300910949707 5.937599182128906 0.5989999771118164
    endloop
  endfacet
  facet normal 0.9448903153940448 -0.0893308928856828 0.314963939921365
    outer loop
      vertex -11.497633934020996 5.937599182128906 0
      vertex -11.699074745178223 5.91883659362793 0.5989999771118164
      vertex -11.499407768249512 5.91883659362793 0
    endloop
  endfacet
  facet normal 0.8977667526449848 -0.3232037561689539 0.2992560606630344
    outer loop
      vertex -11.684983253479004 5.992704391479492 0.5989999771118164
      vertex -11.47893238067627 6.01043701171875 0
      vertex -11.67859935760498 6.01043701171875 0.5989999771118164
    endloop
  endfacet
  facet normal 0.8977667526449848 -0.3232037561689539 0.2992560606630344
    outer loop
      vertex -11.47893238067627 6.01043701171875 0
      vertex -11.684983253479004 5.992704391479492 0.5989999771118164
      vertex -11.485316276550293 5.992704391479492 0
    endloop
  endfacet
  facet normal -0.7641012870271569 0.5926861856210646 -0.25470042900905226
    outer loop
      vertex -10.96884536743164 -6.091226577758789 0
      vertex -11.157294273376465 -6.0763349533081055 0.5999994277954102
      vertex -10.957294464111328 -6.0763349533081055 0
    endloop
  endfacet
  facet normal -0.7641012870271569 0.5926861856210646 -0.25470042900905226
    outer loop
      vertex -11.157294273376465 -6.0763349533081055 0.5999994277954102
      vertex -10.96884536743164 -6.091226577758789 0
      vertex -11.168845176696777 -6.091226577758789 0.5999994277954102
    endloop
  endfacet
  facet normal 0.2778233994908135 -0.9561578984652102 0.09260794727214693
    outer loop
      vertex -11.292704582214355 6.18531608581543 0
      vertex -11.474273681640625 6.190574645996094 0.5989999771118164
      vertex -11.492371559143066 6.18531608581543 0.5989999771118164
    endloop
  endfacet
  facet normal 0.2778233994908135 -0.9561578984652102 0.09260794727214693
    outer loop
      vertex -11.474273681640625 6.190574645996094 0.5989999771118164
      vertex -11.292704582214355 6.18531608581543 0
      vertex -11.274606704711914 6.190574645996094 0
    endloop
  endfacet
  facet normal 0.33658794209935344 -0.9349441582604389 0.112196159328214
    outer loop
      vertex -11.310437202453613 6.178932189941406 0
      vertex -11.492371559143066 6.18531608581543 0.5989999771118164
      vertex -11.510104179382324 6.178932189941406 0.5989999771118164
    endloop
  endfacet
  facet normal 0.33658794209935344 -0.9349441582604389 0.112196159328214
    outer loop
      vertex -11.492371559143066 6.18531608581543 0.5989999771118164
      vertex -11.310437202453613 6.178932189941406 0
      vertex -11.292704582214355 6.18531608581543 0
    endloop
  endfacet
  facet normal 0.5114137472089575 -0.8423285248147535 0.17011359572089957
    outer loop
      vertex -11.360747337341309 6.153297424316406 0
      vertex -11.544193267822266 6.162891387939453 0.5989999771118164
      vertex -11.544219970703125 6.162875175476074 0.5989999771118164
    endloop
  endfacet
  facet normal 0.5018791204242898 -0.8486047553098578 0.16729410553763557
    outer loop
      vertex -11.544193267822266 6.162891387939453 0.5989999771118164
      vertex -11.360747337341309 6.153297424316406 0
      vertex -11.344525337219238 6.162891387939453 0
    endloop
  endfacet
  facet normal 0.5524354499717234 -0.8129609642376717 0.18414544317005152
    outer loop
      vertex -11.376335144042969 6.142704963684082 0
      vertex -11.56041431427002 6.153297424316406 0.5989999771118164
      vertex -11.57600212097168 6.142704963684082 0.5989999771118164
    endloop
  endfacet
  facet normal 0.5524354499717234 -0.8129609642376717 0.18414544317005152
    outer loop
      vertex -11.56041431427002 6.153297424316406 0.5989999771118164
      vertex -11.376335144042969 6.142704963684082 0
      vertex -11.360747337341309 6.153297424316406 0
    endloop
  endfacet
  facet normal -0.9486832980505138 0 -0.31622776601683794
    outer loop
      vertex -12.199999809265137 7.78162956237793 0
      vertex -12.399999618530273 -7.581629753112793 0.5999994277954102
      vertex -12.399999618530273 7.581629753112793 0.5999994277954102
    endloop
  endfacet
  facet normal -0.9486832980505139 0 -0.31622776601683794
    outer loop
      vertex -12.399999618530273 -7.581629753112793 0.5999994277954102
      vertex -12.199999809265137 7.78162956237793 0
      vertex -12.199999809265137 -7.78162956237793 0
    endloop
  endfacet
  facet normal 0 0 -1
    outer loop
      vertex 5.899999618530273 11.699999809265137 2.59999942779541
      vertex 6 12.399999618530273 2.59999942779541
      vertex 6 11.699999809265137 2.59999942779541
    endloop
  endfacet
  facet normal 0 0 -1
    outer loop
      vertex -5.899999618530273 11.699999809265137 2.59999942779541
      vertex 6 12.399999618530273 2.59999942779541
      vertex 5.899999618530273 11.699999809265137 2.59999942779541
    endloop
  endfacet
  facet normal 0 0 -1
    outer loop
      vertex -6 12.399999618530273 2.59999942779541
      vertex -5.899999618530273 11.699999809265137 2.59999942779541
      vertex -6 11.699999809265137 2.59999942779541
    endloop
  endfacet
  facet normal 0 0 -1
    outer loop
      vertex -5.899999618530273 11.699999809265137 2.59999942779541
      vertex -6 12.399999618530273 2.59999942779541
      vertex 6 12.399999618530273 2.59999942779541
    endloop
  endfacet
  facet normal 1 0 0
    outer loop
      vertex -6 11.699999809265137 2.59999942779541
      vertex -6 12.399999618530273 2.1999998092651367
      vertex -6 12.399999618530273 2.59999942779541
    endloop
  endfacet
  facet normal 1 0 0
    outer loop
      vertex -6 12.399999618530273 2.1999998092651367
      vertex -6 11.699999809265137 2.59999942779541
      vertex -6 11.699999809265137 2.1999998092651367
    endloop
  endfacet
  facet normal 0 0 1
    outer loop
      vertex 6 12.399999618530273 2.1999998092651367
      vertex 5.899999618530273 11.699999809265137 2.1999998092651367
      vertex 6 11.699999809265137 2.1999998092651367
    endloop
  endfacet
  facet normal 0 0 1
    outer loop
      vertex 6 12.399999618530273 2.1999998092651367
      vertex -5.899999618530273 11.699999809265137 2.1999998092651367
      vertex 5.899999618530273 11.699999809265137 2.1999998092651367
    endloop
  endfacet
  facet normal 0 0 1
    outer loop
      vertex -6 12.399999618530273 2.1999998092651367
      vertex -5.899999618530273 11.699999809265137 2.1999998092651367
      vertex 6 12.399999618530273 2.1999998092651367
    endloop
  endfacet
  facet normal 0 0 1
    outer loop
      vertex -5.899999618530273 11.699999809265137 2.1999998092651367
      vertex -6 12.399999618530273 2.1999998092651367
      vertex -6 11.699999809265137 2.1999998092651367
    endloop
  endfacet
  facet normal -1 0 0
    outer loop
      vertex 6 11.699999809265137 2.1999998092651367
      vertex 6 12.399999618530273 2.59999942779541
      vertex 6 12.399999618530273 2.1999998092651367
    endloop
  endfacet
  facet normal -1 0 0
    outer loop
      vertex 6 12.399999618530273 2.59999942779541
      vertex 6 11.699999809265137 2.1999998092651367
      vertex 6 11.699999809265137 2.59999942779541
    endloop
  endfacet
  facet normal 0 0 -1
    outer loop
      vertex -12.399999618530273 -6 2.59999942779541
      vertex -11.699999809265137 -5.899999618530273 2.59999942779541
      vertex -11.699999809265137 -6 2.59999942779541
    endloop
  endfacet
  facet normal 0 0 -1
    outer loop
      vertex -11.699999809265137 -5.899999618530273 2.59999942779541
      vertex -12.399999618530273 -6 2.59999942779541
      vertex -11.699999809265137 5.899999618530273 2.59999942779541
    endloop
  endfacet
  facet normal 0 0 -1
    outer loop
      vertex -12.399999618530273 6 2.59999942779541
      vertex -11.699999809265137 5.899999618530273 2.59999942779541
      vertex -12.399999618530273 -6 2.59999942779541
    endloop
  endfacet
  facet normal 0 0 -1
    outer loop
      vertex -11.699999809265137 5.899999618530273 2.59999942779541
      vertex -12.399999618530273 6 2.59999942779541
      vertex -11.699999809265137 6 2.59999942779541
    endloop
  endfacet
  facet normal 0 0 1
    outer loop
      vertex -12.399999618530273 6 2.1999998092651367
      vertex -11.699999809265137 5.899999618530273 2.1999998092651367
      vertex -11.699999809265137 6 2.1999998092651367
    endloop
  endfacet
  facet normal 0 0 1
    outer loop
      vertex -11.699999809265137 5.899999618530273 2.1999998092651367
      vertex -12.399999618530273 6 2.1999998092651367
      vertex -11.699999809265137 -5.899999618530273 2.1999998092651367
    endloop
  endfacet
  facet normal 0 0 1
    outer loop
      vertex -12.399999618530273 -6 2.1999998092651367
      vertex -11.699999809265137 -5.899999618530273 2.1999998092651367
      vertex -12.399999618530273 6 2.1999998092651367
    endloop
  endfacet
  facet normal 0 0 1
    outer loop
      vertex -11.699999809265137 -5.899999618530273 2.1999998092651367
      vertex -12.399999618530273 -6 2.1999998092651367
      vertex -11.699999809265137 -6 2.1999998092651367
    endloop
  endfacet
  facet normal 0 -1 0
    outer loop
      vertex -12.399999618530273 6 2.1999998092651367
      vertex -11.699999809265137 6 2.59999942779541
      vertex -12.399999618530273 6 2.59999942779541
    endloop
  endfacet
  facet normal 0 -1 0
    outer loop
      vertex -11.699999809265137 6 2.59999942779541
      vertex -12.399999618530273 6 2.1999998092651367
      vertex -11.699999809265137 6 2.1999998092651367
    endloop
  endfacet
  facet normal 0 1 0
    outer loop
      vertex -11.699999809265137 -6 2.1999998092651367
      vertex -12.399999618530273 -6 2.59999942779541
      vertex -11.699999809265137 -6 2.59999942779541
    endloop
  endfacet
  facet normal 0 1 0
    outer loop
      vertex -12.399999618530273 -6 2.59999942779541
      vertex -11.699999809265137 -6 2.1999998092651367
      vertex -12.399999618530273 -6 2.1999998092651367
    endloop
  endfacet
  facet normal 0 0 -1
    outer loop
      vertex 6 -12.399999618530273 2.59999942779541
      vertex 5.899999618530273 -11.699999809265137 2.59999942779541
      vertex 6 -11.699999809265137 2.59999942779541
    endloop
  endfacet
  facet normal 0 0 -1
    outer loop
      vertex 6 -12.399999618530273 2.59999942779541
      vertex -5.899999618530273 -11.699999809265137 2.59999942779541
      vertex 5.899999618530273 -11.699999809265137 2.59999942779541
    endloop
  endfacet
  facet normal 0 0 -1
    outer loop
      vertex -6 -12.399999618530273 2.59999942779541
      vertex -5.899999618530273 -11.699999809265137 2.59999942779541
      vertex 6 -12.399999618530273 2.59999942779541
    endloop
  endfacet
  facet normal 0 0 -1
    outer loop
      vertex -5.899999618530273 -11.699999809265137 2.59999942779541
      vertex -6 -12.399999618530273 2.59999942779541
      vertex -6 -11.699999809265137 2.59999942779541
    endloop
  endfacet
  facet normal 0 0 1
    outer loop
      vertex 5.899999618530273 -11.699999809265137 2.1999998092651367
      vertex 6 -12.399999618530273 2.1999998092651367
      vertex 6 -11.699999809265137 2.1999998092651367
    endloop
  endfacet
  facet normal 0 0 1
    outer loop
      vertex -5.899999618530273 -11.699999809265137 2.1999998092651367
      vertex 6 -12.399999618530273 2.1999998092651367
      vertex 5.899999618530273 -11.699999809265137 2.1999998092651367
    endloop
  endfacet
  facet normal 0 0 1
    outer loop
      vertex -6 -12.399999618530273 2.1999998092651367
      vertex -5.899999618530273 -11.699999809265137 2.1999998092651367
      vertex -6 -11.699999809265137 2.1999998092651367
    endloop
  endfacet
  facet normal 0 0 1
    outer loop
      vertex -5.899999618530273 -11.699999809265137 2.1999998092651367
      vertex -6 -12.399999618530273 2.1999998092651367
      vertex 6 -12.399999618530273 2.1999998092651367
    endloop
  endfacet
  facet normal 1 0 0
    outer loop
      vertex -6 -12.399999618530273 2.59999942779541
      vertex -6 -11.699999809265137 2.1999998092651367
      vertex -6 -11.699999809265137 2.59999942779541
    endloop
  endfacet
  facet normal 1 0 0
    outer loop
      vertex -6 -11.699999809265137 2.1999998092651367
      vertex -6 -12.399999618530273 2.59999942779541
      vertex -6 -12.399999618530273 2.1999998092651367
    endloop
  endfacet
  facet normal -1 0 0
    outer loop
      vertex 6 -12.399999618530273 2.1999998092651367
      vertex 6 -11.699999809265137 2.59999942779541
      vertex 6 -11.699999809265137 2.1999998092651367
    endloop
  endfacet
  facet normal -1 0 0
    outer loop
      vertex 6 -11.699999809265137 2.59999942779541
      vertex 6 -12.399999618530273 2.1999998092651367
      vertex 6 -12.399999618530273 2.59999942779541
    endloop
  endfacet
  facet normal -0.4239991208770853 -0.734388386717237 -0.5299985310831651
    outer loop
      vertex 11.5 0 0
      vertex 8.75 1.2990379333496094 0.39999961853027344
      vertex 8.5 1.7320499420166016 0
    endloop
  endfacet
  facet normal -0.42399900808372937 -0.7343879217818362 -0.5299992655513489
    outer loop
      vertex 11.5 0 0
      vertex 11 0 0.39999961853027344
      vertex 8.75 1.2990379333496094 0.39999961853027344
    endloop
  endfacet
  facet normal 0.8479980768379434 0 -0.5299993034704381
    outer loop
      vertex 8.75 -1.2990379333496094 0.39999961853027344
      vertex 8.5 1.7320499420166016 0
      vertex 8.75 1.2990379333496094 0.39999961853027344
    endloop
  endfacet
  facet normal 0.8479980768379434 0 -0.529999303470438
    outer loop
      vertex 8.5 1.7320499420166016 0
      vertex 8.75 -1.2990379333496094 0.39999961853027344
      vertex 8.5 -1.7320499420166016 0
    endloop
  endfacet
  facet normal -0.4239991208770853 0.734388386717237 -0.5299985310831651
    outer loop
      vertex 8.75 -1.2990379333496094 0.39999961853027344
      vertex 11.5 0 0
      vertex 8.5 -1.7320499420166016 0
    endloop
  endfacet
  facet normal 0 0 -1
    outer loop
      vertex 8.75 1.2990379333496094 0.39999961853027344
      vertex 11 0 0.39999961853027344
      vertex 8.75 -1.2990379333496094 0.39999961853027344
    endloop
  endfacet
  facet normal -0.42399900808372937 0.7343879217818362 -0.5299992655513489
    outer loop
      vertex 11 0 0.39999961853027344
      vertex 11.5 0 0
      vertex 8.75 -1.2990379333496094 0.39999961853027344
    endloop
  endfacet
endsolid OpenSCAD_Model
