solid OpenSCAD_Model
  facet normal 0.49999999642730675 0.49999999642730675 -0.7071067862390986
    outer loop
      vertex 12.399999618530273 7.582181930541992 5.299999237060547
      vertex 9.123676300048828 12.399999618530273 6.390000343322754
      vertex 12.399999618530273 9.123676300048828 6.390000343322754
    endloop
  endfacet
  facet normal 0.4999999964273068 0.4999999964273068 -0.7071067862390987
    outer loop
      vertex 9.123676300048828 12.399999618530273 6.390000343322754
      vertex 12.399999618530273 7.582181930541992 5.299999237060547
      vertex 7.582181930541992 12.399999618530273 5.299999237060547
    endloop
  endfacet
  facet normal -0.7071067811865475 -0.7071067811865475 0
    outer loop
      vertex 12.399999618530273 7.582181930541992 5.299999237060547
      vertex 7.582181930541992 12.399999618530273 6.390000343322754
      vertex 7.582181930541992 12.399999618530273 5.299999237060547
    endloop
  endfacet
  facet normal -0.7071067811865475 -0.7071067811865475 0
    outer loop
      vertex 7.582181930541992 12.399999618530273 6.390000343322754
      vertex 12.399999618530273 7.582181930541992 5.299999237060547
      vertex 12.399999618530273 7.582181930541992 6.390000343322754
    endloop
  endfacet
  facet normal -0.4999999964273068 0.4999999964273068 -0.7071067862390987
    outer loop
      vertex -12.399999618530273 7.582181930541992 5.299999237060547
      vertex -9.123676300048828 12.399999618530273 6.390000343322754
      vertex -7.582181930541992 12.399999618530273 5.299999237060547
    endloop
  endfacet
  facet normal -0.49999999642730675 0.49999999642730675 -0.7071067862390986
    outer loop
      vertex -9.123676300048828 12.399999618530273 6.390000343322754
      vertex -12.399999618530273 7.582181930541992 5.299999237060547
      vertex -12.399999618530273 9.123676300048828 6.390000343322754
    endloop
  endfacet
  facet normal 0.7071067811865475 -0.7071067811865475 0
    outer loop
      vertex -12.399999618530273 7.582181930541992 6.390000343322754
      vertex -7.582181930541992 12.399999618530273 5.299999237060547
      vertex -7.582181930541992 12.399999618530273 6.390000343322754
    endloop
  endfacet
  facet normal 0.7071067811865475 -0.7071067811865475 0
    outer loop
      vertex -7.582181930541992 12.399999618530273 5.299999237060547
      vertex -12.399999618530273 7.582181930541992 6.390000343322754
      vertex -12.399999618530273 7.582181930541992 5.299999237060547
    endloop
  endfacet
  facet normal -0.49999999642730675 -0.49999999642730675 -0.7071067862390986
    outer loop
      vertex -12.399999618530273 -9.123676300048828 6.390000343322754
      vertex -7.582181930541992 -12.399999618530273 5.299999237060547
      vertex -9.123676300048828 -12.399999618530273 6.390000343322754
    endloop
  endfacet
  facet normal -0.4999999964273068 -0.4999999964273068 -0.7071067862390987
    outer loop
      vertex -7.582181930541992 -12.399999618530273 5.299999237060547
      vertex -12.399999618530273 -9.123676300048828 6.390000343322754
      vertex -12.399999618530273 -7.582181930541992 5.299999237060547
    endloop
  endfacet
  facet normal 0.7071067811865475 0.7071067811865475 0
    outer loop
      vertex -7.582181930541992 -12.399999618530273 6.390000343322754
      vertex -12.399999618530273 -7.582181930541992 5.299999237060547
      vertex -12.399999618530273 -7.582181930541992 6.390000343322754
    endloop
  endfacet
  facet normal 0.7071067811865475 0.7071067811865475 0
    outer loop
      vertex -12.399999618530273 -7.582181930541992 5.299999237060547
      vertex -7.582181930541992 -12.399999618530273 6.390000343322754
      vertex -7.582181930541992 -12.399999618530273 5.299999237060547
    endloop
  endfacet
  facet normal -0.7071067811865475 0.7071067811865475 0
    outer loop
      vertex 7.582181930541992 -12.399999618530273 5.299999237060547
      vertex 12.399999618530273 -7.582181930541992 6.390000343322754
      vertex 12.399999618530273 -7.582181930541992 5.299999237060547
    endloop
  endfacet
  facet normal -0.7071067811865475 0.7071067811865475 0
    outer loop
      vertex 12.399999618530273 -7.582181930541992 6.390000343322754
      vertex 7.582181930541992 -12.399999618530273 5.299999237060547
      vertex 7.582181930541992 -12.399999618530273 6.390000343322754
    endloop
  endfacet
  facet normal 0.49999999642730675 -0.49999999642730675 -0.7071067862390986
    outer loop
      vertex 9.123676300048828 -12.399999618530273 6.390000343322754
      vertex 12.399999618530273 -7.582181930541992 5.299999237060547
      vertex 12.399999618530273 -9.123676300048828 6.390000343322754
    endloop
  endfacet
  facet normal 0.4999999964273068 -0.4999999964273068 -0.7071067862390987
    outer loop
      vertex 12.399999618530273 -7.582181930541992 5.299999237060547
      vertex 9.123676300048828 -12.399999618530273 6.390000343322754
      vertex 7.582181930541992 -12.399999618530273 5.299999237060547
    endloop
  endfacet
  facet normal -0.7071067811865475 -0.7071067811865475 0
    outer loop
      vertex -9.137256622314453 -12.399999618530273 6.390000343322754
      vertex -12.399999618530273 -9.137256622314453 6.7999982833862305
      vertex -12.399999618530273 -9.137256622314453 6.390000343322754
    endloop
  endfacet
  facet normal -0.7071067811865475 -0.7071067811865475 0
    outer loop
      vertex -12.399999618530273 -9.137256622314453 6.7999982833862305
      vertex -9.137256622314453 -12.399999618530273 6.390000343322754
      vertex -9.137256622314453 -12.399999618530273 6.7999982833862305
    endloop
  endfacet
  facet normal -1 0 0
    outer loop
      vertex -12.399999618530273 -7.582181930541992 5.299999237060547
      vertex -12.399999618530273 -9.123676300048828 6.390000343322754
      vertex -12.399999618530273 -7.582181930541992 6.390000343322754
    endloop
  endfacet
  facet normal -1 0 0
    outer loop
      vertex -12.399999618530273 7.581629753112793 0
      vertex -12.399999618530273 6 5.59999942779541
      vertex -12.399999618530273 7.581629753112793 6.390000343322754
    endloop
  endfacet
  facet normal -1 0 0
    outer loop
      vertex -12.399999618530273 7.581629753112793 0
      vertex -12.399999618530273 -6 5.59999942779541
      vertex -12.399999618530273 6 5.59999942779541
    endloop
  endfacet
  facet normal -1 0 0
    outer loop
      vertex -12.399999618530273 -7.581629753112793 6.390000343322754
      vertex -12.399999618530273 -6 5.59999942779541
      vertex -12.399999618530273 -7.581629753112793 0
    endloop
  endfacet
  facet normal -1 0 0
    outer loop
      vertex -12.399999618530273 -7.581629753112793 0
      vertex -12.399999618530273 -6 5.59999942779541
      vertex -12.399999618530273 7.581629753112793 0
    endloop
  endfacet
  facet normal -1 0 0
    outer loop
      vertex -12.399999618530273 9.123676300048828 6.390000343322754
      vertex -12.399999618530273 9.137256622314453 6.7999982833862305
      vertex -12.399999618530273 9.137256622314453 6.390000343322754
    endloop
  endfacet
  facet normal -1 0 0
    outer loop
      vertex -12.399999618530273 7.582181930541992 6.390000343322754
      vertex -12.399999618530273 9.123676300048828 6.390000343322754
      vertex -12.399999618530273 7.582181930541992 5.299999237060547
    endloop
  endfacet
  facet normal -1 0 0
    outer loop
      vertex -12.399999618530273 9.123676300048828 6.390000343322754
      vertex -12.399999618530273 7.582181930541992 6.390000343322754
      vertex -12.399999618530273 9.137256622314453 6.7999982833862305
    endloop
  endfacet
  facet normal -1 0 0
    outer loop
      vertex -12.399999618530273 7.581629753112793 6.390000343322754
      vertex -12.399999618530273 9.137256622314453 6.7999982833862305
      vertex -12.399999618530273 7.582181930541992 6.390000343322754
    endloop
  endfacet
  facet normal -1 0 0
    outer loop
      vertex -12.399999618530273 6 6
      vertex -12.399999618530273 7.581629753112793 6.390000343322754
      vertex -12.399999618530273 6 5.59999942779541
    endloop
  endfacet
  facet normal -1 0 0
    outer loop
      vertex -12.399999618530273 -7.581629753112793 6.390000343322754
      vertex -12.399999618530273 7.581629753112793 6.390000343322754
      vertex -12.399999618530273 6 6
    endloop
  endfacet
  facet normal -1 0 0
    outer loop
      vertex -12.399999618530273 -7.581629753112793 6.390000343322754
      vertex -12.399999618530273 6 6
      vertex -12.399999618530273 -6 6
    endloop
  endfacet
  facet normal -1 0 0
    outer loop
      vertex -12.399999618530273 -6 5.59999942779541
      vertex -12.399999618530273 -7.581629753112793 6.390000343322754
      vertex -12.399999618530273 -6 6
    endloop
  endfacet
  facet normal -1 0 0
    outer loop
      vertex -12.399999618530273 7.581629753112793 6.390000343322754
      vertex -12.399999618530273 -7.581629753112793 6.390000343322754
      vertex -12.399999618530273 9.137256622314453 6.7999982833862305
    endloop
  endfacet
  facet normal -1 0 0
    outer loop
      vertex -12.399999618530273 -9.137256622314453 6.7999982833862305
      vertex -12.399999618530273 -7.581629753112793 6.390000343322754
      vertex -12.399999618530273 -7.582181930541992 6.390000343322754
    endloop
  endfacet
  facet normal -1 0 0
    outer loop
      vertex -12.399999618530273 -9.137256622314453 6.7999982833862305
      vertex -12.399999618530273 -7.582181930541992 6.390000343322754
      vertex -12.399999618530273 -9.123676300048828 6.390000343322754
    endloop
  endfacet
  facet normal -1 0 0
    outer loop
      vertex -12.399999618530273 -9.137256622314453 6.7999982833862305
      vertex -12.399999618530273 -9.123676300048828 6.390000343322754
      vertex -12.399999618530273 -9.137256622314453 6.390000343322754
    endloop
  endfacet
  facet normal -1 0 0
    outer loop
      vertex -12.399999618530273 -7.581629753112793 6.390000343322754
      vertex -12.399999618530273 -9.137256622314453 6.7999982833862305
      vertex -12.399999618530273 9.137256622314453 6.7999982833862305
    endloop
  endfacet
  facet normal 0.7071067811865475 0.7071067811865475 0
    outer loop
      vertex 12.399999618530273 9.137256622314453 6.7999982833862305
      vertex 9.137256622314453 12.399999618530273 6.390000343322754
      vertex 9.137256622314453 12.399999618530273 6.7999982833862305
    endloop
  endfacet
  facet normal 0.7071067811865475 0.7071067811865475 0
    outer loop
      vertex 9.137256622314453 12.399999618530273 6.390000343322754
      vertex 12.399999618530273 9.137256622314453 6.7999982833862305
      vertex 12.399999618530273 9.137256622314453 6.390000343322754
    endloop
  endfacet
  facet normal 0 -1 0
    outer loop
      vertex 7.582181930541992 -12.399999618530273 6.390000343322754
      vertex 7.582181930541992 -12.399999618530273 5.299999237060547
      vertex 9.123676300048828 -12.399999618530273 6.390000343322754
    endloop
  endfacet
  facet normal 0 -1 0
    outer loop
      vertex -7.581629753112793 -12.399999618530273 6.390000343322754
      vertex -6 -12.399999618530273 6
      vertex 7.581629753112793 -12.399999618530273 6.390000343322754
    endloop
  endfacet
  facet normal 0 -1 0
    outer loop
      vertex -7.581629753112793 -12.399999618530273 6.390000343322754
      vertex -6 -12.399999618530273 5.59999942779541
      vertex -6 -12.399999618530273 6
    endloop
  endfacet
  facet normal 0 -1 0
    outer loop
      vertex -6 -12.399999618530273 5.59999942779541
      vertex -7.581629753112793 -12.399999618530273 0
      vertex 6 -12.399999618530273 5.59999942779541
    endloop
  endfacet
  facet normal 0 -1 0
    outer loop
      vertex -7.581629753112793 -12.399999618530273 0
      vertex -6 -12.399999618530273 5.59999942779541
      vertex -7.581629753112793 -12.399999618530273 6.390000343322754
    endloop
  endfacet
  facet normal 0 -1 0
    outer loop
      vertex -9.123676300048828 -12.399999618530273 6.390000343322754
      vertex -7.582181930541992 -12.399999618530273 5.299999237060547
      vertex -7.582181930541992 -12.399999618530273 6.390000343322754
    endloop
  endfacet
  facet normal 0 -1 0
    outer loop
      vertex -9.123676300048828 -12.399999618530273 6.390000343322754
      vertex -9.137256622314453 -12.399999618530273 6.7999982833862305
      vertex -9.137256622314453 -12.399999618530273 6.390000343322754
    endloop
  endfacet
  facet normal 0 -1 0
    outer loop
      vertex -7.582181930541992 -12.399999618530273 6.390000343322754
      vertex -9.137256622314453 -12.399999618530273 6.7999982833862305
      vertex -9.123676300048828 -12.399999618530273 6.390000343322754
    endloop
  endfacet
  facet normal 0 -1 0
    outer loop
      vertex -7.581629753112793 -12.399999618530273 6.390000343322754
      vertex -9.137256622314453 -12.399999618530273 6.7999982833862305
      vertex -7.582181930541992 -12.399999618530273 6.390000343322754
    endloop
  endfacet
  facet normal 0 -1 0
    outer loop
      vertex -9.137256622314453 -12.399999618530273 6.7999982833862305
      vertex -7.581629753112793 -12.399999618530273 6.390000343322754
      vertex 9.137256622314453 -12.399999618530273 6.7999982833862305
    endloop
  endfacet
  facet normal 0 -1 0
    outer loop
      vertex 7.581629753112793 -12.399999618530273 6.390000343322754
      vertex 9.137256622314453 -12.399999618530273 6.7999982833862305
      vertex -7.581629753112793 -12.399999618530273 6.390000343322754
    endloop
  endfacet
  facet normal 0 -1 0
    outer loop
      vertex 7.582181930541992 -12.399999618530273 6.390000343322754
      vertex 9.137256622314453 -12.399999618530273 6.7999982833862305
      vertex 7.581629753112793 -12.399999618530273 6.390000343322754
    endloop
  endfacet
  facet normal 0 -1 0
    outer loop
      vertex 9.123676300048828 -12.399999618530273 6.390000343322754
      vertex 9.137256622314453 -12.399999618530273 6.7999982833862305
      vertex 7.582181930541992 -12.399999618530273 6.390000343322754
    endloop
  endfacet
  facet normal 0 -1 0
    outer loop
      vertex 9.137256622314453 -12.399999618530273 6.7999982833862305
      vertex 9.123676300048828 -12.399999618530273 6.390000343322754
      vertex 9.137256622314453 -12.399999618530273 6.390000343322754
    endloop
  endfacet
  facet normal 0 -1 0
    outer loop
      vertex 6 -12.399999618530273 6
      vertex 7.581629753112793 -12.399999618530273 6.390000343322754
      vertex -6 -12.399999618530273 6
    endloop
  endfacet
  facet normal 0 -1 0
    outer loop
      vertex 6 -12.399999618530273 5.59999942779541
      vertex 7.581629753112793 -12.399999618530273 6.390000343322754
      vertex 6 -12.399999618530273 6
    endloop
  endfacet
  facet normal 0 -1 0
    outer loop
      vertex 6 -12.399999618530273 5.59999942779541
      vertex 7.581629753112793 -12.399999618530273 0
      vertex 7.581629753112793 -12.399999618530273 6.390000343322754
    endloop
  endfacet
  facet normal 0 -1 0
    outer loop
      vertex 7.581629753112793 -12.399999618530273 0
      vertex 6 -12.399999618530273 5.59999942779541
      vertex -7.581629753112793 -12.399999618530273 0
    endloop
  endfacet
  facet normal 0 1 0
    outer loop
      vertex -7.582181930541992 12.399999618530273 6.390000343322754
      vertex -7.582181930541992 12.399999618530273 5.299999237060547
      vertex -9.123676300048828 12.399999618530273 6.390000343322754
    endloop
  endfacet
  facet normal 0 1 0
    outer loop
      vertex 7.581629753112793 12.399999618530273 6.390000343322754
      vertex 6 12.399999618530273 6
      vertex -7.581629753112793 12.399999618530273 6.390000343322754
    endloop
  endfacet
  facet normal 0 1 0
    outer loop
      vertex 7.581629753112793 12.399999618530273 6.390000343322754
      vertex 6 12.399999618530273 5.59999942779541
      vertex 6 12.399999618530273 6
    endloop
  endfacet
  facet normal 0 1 0
    outer loop
      vertex 6 12.399999618530273 5.59999942779541
      vertex 7.581629753112793 12.399999618530273 0
      vertex -6 12.399999618530273 5.59999942779541
    endloop
  endfacet
  facet normal 0 1 0
    outer loop
      vertex 7.581629753112793 12.399999618530273 0
      vertex 6 12.399999618530273 5.59999942779541
      vertex 7.581629753112793 12.399999618530273 6.390000343322754
    endloop
  endfacet
  facet normal 0 1 0
    outer loop
      vertex 9.123676300048828 12.399999618530273 6.390000343322754
      vertex 7.582181930541992 12.399999618530273 5.299999237060547
      vertex 7.582181930541992 12.399999618530273 6.390000343322754
    endloop
  endfacet
  facet normal 0 1 0
    outer loop
      vertex 9.123676300048828 12.399999618530273 6.390000343322754
      vertex 9.137256622314453 12.399999618530273 6.7999982833862305
      vertex 9.137256622314453 12.399999618530273 6.390000343322754
    endloop
  endfacet
  facet normal 0 1 0
    outer loop
      vertex 7.582181930541992 12.399999618530273 6.390000343322754
      vertex 9.137256622314453 12.399999618530273 6.7999982833862305
      vertex 9.123676300048828 12.399999618530273 6.390000343322754
    endloop
  endfacet
  facet normal 0 1 0
    outer loop
      vertex 7.581629753112793 12.399999618530273 6.390000343322754
      vertex 9.137256622314453 12.399999618530273 6.7999982833862305
      vertex 7.582181930541992 12.399999618530273 6.390000343322754
    endloop
  endfacet
  facet normal 0 1 0
    outer loop
      vertex 9.137256622314453 12.399999618530273 6.7999982833862305
      vertex 7.581629753112793 12.399999618530273 6.390000343322754
      vertex -9.137256622314453 12.399999618530273 6.7999982833862305
    endloop
  endfacet
  facet normal 0 1 0
    outer loop
      vertex -7.581629753112793 12.399999618530273 6.390000343322754
      vertex -9.137256622314453 12.399999618530273 6.7999982833862305
      vertex 7.581629753112793 12.399999618530273 6.390000343322754
    endloop
  endfacet
  facet normal 0 1 0
    outer loop
      vertex -7.582181930541992 12.399999618530273 6.390000343322754
      vertex -9.137256622314453 12.399999618530273 6.7999982833862305
      vertex -7.581629753112793 12.399999618530273 6.390000343322754
    endloop
  endfacet
  facet normal 0 1 0
    outer loop
      vertex -9.123676300048828 12.399999618530273 6.390000343322754
      vertex -9.137256622314453 12.399999618530273 6.7999982833862305
      vertex -7.582181930541992 12.399999618530273 6.390000343322754
    endloop
  endfacet
  facet normal 0 1 0
    outer loop
      vertex -9.137256622314453 12.399999618530273 6.7999982833862305
      vertex -9.123676300048828 12.399999618530273 6.390000343322754
      vertex -9.137256622314453 12.399999618530273 6.390000343322754
    endloop
  endfacet
  facet normal 0 1 0
    outer loop
      vertex -6 12.399999618530273 6
      vertex -7.581629753112793 12.399999618530273 6.390000343322754
      vertex 6 12.399999618530273 6
    endloop
  endfacet
  facet normal 0 1 0
    outer loop
      vertex -6 12.399999618530273 5.59999942779541
      vertex -7.581629753112793 12.399999618530273 6.390000343322754
      vertex -6 12.399999618530273 6
    endloop
  endfacet
  facet normal 0 1 0
    outer loop
      vertex -6 12.399999618530273 5.59999942779541
      vertex -7.581629753112793 12.399999618530273 0
      vertex -7.581629753112793 12.399999618530273 6.390000343322754
    endloop
  endfacet
  facet normal 0 1 0
    outer loop
      vertex -7.581629753112793 12.399999618530273 0
      vertex -6 12.399999618530273 5.59999942779541
      vertex 7.581629753112793 12.399999618530273 0
    endloop
  endfacet
  facet normal 0.7071067811865475 -0.7071067811865475 0
    outer loop
      vertex 9.137256622314453 -12.399999618530273 6.7999982833862305
      vertex 12.399999618530273 -9.137256622314453 6.390000343322754
      vertex 12.399999618530273 -9.137256622314453 6.7999982833862305
    endloop
  endfacet
  facet normal 0.7071067811865475 -0.7071067811865475 0
    outer loop
      vertex 12.399999618530273 -9.137256622314453 6.390000343322754
      vertex 9.137256622314453 -12.399999618530273 6.7999982833862305
      vertex 9.137256622314453 -12.399999618530273 6.390000343322754
    endloop
  endfacet
  facet normal 1 0 0
    outer loop
      vertex 12.399999618530273 9.137256622314453 6.7999982833862305
      vertex 12.399999618530273 9.123676300048828 6.390000343322754
      vertex 12.399999618530273 9.137256622314453 6.390000343322754
    endloop
  endfacet
  facet normal 1 0 0
    outer loop
      vertex 12.399999618530273 9.137256622314453 6.7999982833862305
      vertex 12.399999618530273 7.582181930541992 6.390000343322754
      vertex 12.399999618530273 9.123676300048828 6.390000343322754
    endloop
  endfacet
  facet normal 1 0 0
    outer loop
      vertex 12.399999618530273 9.137256622314453 6.7999982833862305
      vertex 12.399999618530273 7.581629753112793 6.390000343322754
      vertex 12.399999618530273 7.582181930541992 6.390000343322754
    endloop
  endfacet
  facet normal 1 0 0
    outer loop
      vertex 12.399999618530273 6 5.59999942779541
      vertex 12.399999618530273 7.581629753112793 6.390000343322754
      vertex 12.399999618530273 6 6
    endloop
  endfacet
  facet normal 1 0 0
    outer loop
      vertex 12.399999618530273 -7.581629753112793 6.390000343322754
      vertex 12.399999618530273 7.581629753112793 6.390000343322754
      vertex 12.399999618530273 9.137256622314453 6.7999982833862305
    endloop
  endfacet
  facet normal 1 0 0
    outer loop
      vertex 12.399999618530273 7.581629753112793 6.390000343322754
      vertex 12.399999618530273 -7.581629753112793 6.390000343322754
      vertex 12.399999618530273 6 6
    endloop
  endfacet
  facet normal 1 0 0
    outer loop
      vertex 12.399999618530273 -6 6
      vertex 12.399999618530273 -7.581629753112793 6.390000343322754
      vertex 12.399999618530273 -6 5.59999942779541
    endloop
  endfacet
  facet normal 1 0 0
    outer loop
      vertex 12.399999618530273 6 6
      vertex 12.399999618530273 -7.581629753112793 6.390000343322754
      vertex 12.399999618530273 -6 6
    endloop
  endfacet
  facet normal 1 0 0
    outer loop
      vertex 12.399999618530273 -9.137256622314453 6.7999982833862305
      vertex 12.399999618530273 -7.581629753112793 6.390000343322754
      vertex 12.399999618530273 9.137256622314453 6.7999982833862305
    endloop
  endfacet
  facet normal 1 0 0
    outer loop
      vertex 12.399999618530273 -7.582181930541992 6.390000343322754
      vertex 12.399999618530273 -9.123676300048828 6.390000343322754
      vertex 12.399999618530273 -7.582181930541992 5.299999237060547
    endloop
  endfacet
  facet normal 1 0 0
    outer loop
      vertex 12.399999618530273 -7.581629753112793 6.390000343322754
      vertex 12.399999618530273 -9.137256622314453 6.7999982833862305
      vertex 12.399999618530273 -7.582181930541992 6.390000343322754
    endloop
  endfacet
  facet normal 1 0 0
    outer loop
      vertex 12.399999618530273 -7.582181930541992 6.390000343322754
      vertex 12.399999618530273 -9.137256622314453 6.7999982833862305
      vertex 12.399999618530273 -9.123676300048828 6.390000343322754
    endloop
  endfacet
  facet normal 1 0 0
    outer loop
      vertex 12.399999618530273 -9.123676300048828 6.390000343322754
      vertex 12.399999618530273 -9.137256622314453 6.7999982833862305
      vertex 12.399999618530273 -9.137256622314453 6.390000343322754
    endloop
  endfacet
  facet normal 1 0 0
    outer loop
      vertex 12.399999618530273 9.123676300048828 6.390000343322754
      vertex 12.399999618530273 7.582181930541992 6.390000343322754
      vertex 12.399999618530273 7.582181930541992 5.299999237060547
    endloop
  endfacet
  facet normal 1 0 0
    outer loop
      vertex 12.399999618530273 7.581629753112793 6.390000343322754
      vertex 12.399999618530273 6 5.59999942779541
      vertex 12.399999618530273 7.581629753112793 0
    endloop
  endfacet
  facet normal 1 0 0
    outer loop
      vertex 12.399999618530273 -6 5.59999942779541
      vertex 12.399999618530273 7.581629753112793 0
      vertex 12.399999618530273 6 5.59999942779541
    endloop
  endfacet
  facet normal 1 0 0
    outer loop
      vertex 12.399999618530273 -6 5.59999942779541
      vertex 12.399999618530273 -7.581629753112793 0
      vertex 12.399999618530273 7.581629753112793 0
    endloop
  endfacet
  facet normal 1 0 0
    outer loop
      vertex 12.399999618530273 -7.581629753112793 0
      vertex 12.399999618530273 -6 5.59999942779541
      vertex 12.399999618530273 -7.581629753112793 6.390000343322754
    endloop
  endfacet
  facet normal -0.7071067811865475 0.7071067811865475 0
    outer loop
      vertex -12.399999618530273 9.137256622314453 6.390000343322754
      vertex -9.137256622314453 12.399999618530273 6.7999982833862305
      vertex -9.137256622314453 12.399999618530273 6.390000343322754
    endloop
  endfacet
  facet normal -0.7071067811865475 0.7071067811865475 0
    outer loop
      vertex -9.137256622314453 12.399999618530273 6.7999982833862305
      vertex -12.399999618530273 9.137256622314453 6.390000343322754
      vertex -12.399999618530273 9.137256622314453 6.7999982833862305
    endloop
  endfacet
  facet normal 1 0 0
    outer loop
      vertex 12.799999237060547 -3.554048538208008 3.5999999046325684
      vertex 12.799999237060547 3.554048538208008 3.5899996757507324
      vertex 12.799999237060547 3.554048538208008 3.5999999046325684
    endloop
  endfacet
  facet normal 1 0 0
    outer loop
      vertex 12.799999237060547 3.554048538208008 3.5899996757507324
      vertex 12.799999237060547 -3.554048538208008 3.5999999046325684
      vertex 12.799999237060547 -3.554048538208008 3.5899996757507324
    endloop
  endfacet
  facet normal 1 0 0
    outer loop
      vertex 12.799999237060547 -3.554048538208008 4.799999713897705
      vertex 12.799999237060547 3.554048538208008 4.1999993324279785
      vertex 12.799999237060547 3.554048538208008 4.799999713897705
    endloop
  endfacet
  facet normal 1 0 0
    outer loop
      vertex 12.799999237060547 3.554048538208008 4.1999993324279785
      vertex 12.799999237060547 -3.554048538208008 4.799999713897705
      vertex 12.799999237060547 -3.554048538208008 4.1999993324279785
    endloop
  endfacet
  facet normal 0 0 -1
    outer loop
      vertex 12.399999618530273 -5.5 3.5899996757507324
      vertex 12.799999237060547 -3.554048538208008 3.5899996757507324
      vertex 12.78037166595459 -3.6829471588134766 3.5899996757507324
    endloop
  endfacet
  facet normal 0 0 -1
    outer loop
      vertex 12.799999237060547 -3.554048538208008 3.5899996757507324
      vertex 12.399999618530273 -5.5 3.5899996757507324
      vertex 12.799999237060547 3.554048538208008 3.5899996757507324
    endloop
  endfacet
  facet normal 0 0 -1
    outer loop
      vertex 12.399999618530273 -5.5 3.5899996757507324
      vertex 12.78037166595459 -3.6829471588134766 3.5899996757507324
      vertex 12.751315116882324 -3.8641891479492188 3.5899996757507324
    endloop
  endfacet
  facet normal 0 0 -1
    outer loop
      vertex 12.399999618530273 5.5 3.5899996757507324
      vertex 12.799999237060547 3.554048538208008 3.5899996757507324
      vertex 12.399999618530273 -5.5 3.5899996757507324
    endloop
  endfacet
  facet normal 0 0 -1
    outer loop
      vertex 12.399999618530273 -5.5 3.5899996757507324
      vertex 12.751315116882324 -3.8641891479492188 3.5899996757507324
      vertex 12.720864295959473 -4.04500675201416 3.5899996757507324
    endloop
  endfacet
  facet normal 0 0 -1
    outer loop
      vertex 12.799999237060547 3.554048538208008 3.5899996757507324
      vertex 12.399999618530273 5.5 3.5899996757507324
      vertex 12.78037166595459 3.6829471588134766 3.5899996757507324
    endloop
  endfacet
  facet normal 0 0 -1
    outer loop
      vertex 12.399999618530273 -5.5 3.5899996757507324
      vertex 12.720864295959473 -4.04500675201416 3.5899996757507324
      vertex 12.6890230178833 -4.225380897521973 3.5899996757507324
    endloop
  endfacet
  facet normal 0 0 -1
    outer loop
      vertex 12.78037166595459 3.6829471588134766 3.5899996757507324
      vertex 12.399999618530273 5.5 3.5899996757507324
      vertex 12.751315116882324 3.8641891479492188 3.5899996757507324
    endloop
  endfacet
  facet normal 0 0 -1
    outer loop
      vertex 12.399999618530273 -5.5 3.5899996757507324
      vertex 12.6890230178833 -4.225380897521973 3.5899996757507324
      vertex 12.655795097351074 -4.405292510986328 3.5899996757507324
    endloop
  endfacet
  facet normal 0 0 -1
    outer loop
      vertex 12.751315116882324 3.8641891479492188 3.5899996757507324
      vertex 12.399999618530273 5.5 3.5899996757507324
      vertex 12.720864295959473 4.04500675201416 3.5899996757507324
    endloop
  endfacet
  facet normal 0 0 -1
    outer loop
      vertex 12.399999618530273 -5.5 3.5899996757507324
      vertex 12.655795097351074 -4.405292510986328 3.5899996757507324
      vertex 12.621183395385742 -4.584719657897949 3.5899996757507324
    endloop
  endfacet
  facet normal 0 0 -1
    outer loop
      vertex 12.720864295959473 4.04500675201416 3.5899996757507324
      vertex 12.399999618530273 5.5 3.5899996757507324
      vertex 12.6890230178833 4.225380897521973 3.5899996757507324
    endloop
  endfacet
  facet normal 0 0 -1
    outer loop
      vertex 12.399999618530273 -5.5 3.5899996757507324
      vertex 12.621183395385742 -4.584719657897949 3.5899996757507324
      vertex 12.58519172668457 -4.763645172119141 3.5899996757507324
    endloop
  endfacet
  facet normal 0 0 -1
    outer loop
      vertex 12.6890230178833 4.225380897521973 3.5899996757507324
      vertex 12.399999618530273 5.5 3.5899996757507324
      vertex 12.655795097351074 4.405292510986328 3.5899996757507324
    endloop
  endfacet
  facet normal 0 0 -1
    outer loop
      vertex 12.399999618530273 -5.5 3.5899996757507324
      vertex 12.58519172668457 -4.763645172119141 3.5899996757507324
      vertex 12.54782485961914 -4.942048072814941 3.5899996757507324
    endloop
  endfacet
  facet normal 0 0 -1
    outer loop
      vertex 12.655795097351074 4.405292510986328 3.5899996757507324
      vertex 12.399999618530273 5.5 3.5899996757507324
      vertex 12.621183395385742 4.584719657897949 3.5899996757507324
    endloop
  endfacet
  facet normal 0 0 -1
    outer loop
      vertex 12.399999618530273 -5.5 3.5899996757507324
      vertex 12.54782485961914 -4.942048072814941 3.5899996757507324
      vertex 12.509085655212402 -5.119908332824707 3.5899996757507324
    endloop
  endfacet
  facet normal 0 0 -1
    outer loop
      vertex 12.621183395385742 4.584719657897949 3.5899996757507324
      vertex 12.399999618530273 5.5 3.5899996757507324
      vertex 12.58519172668457 4.763645172119141 3.5899996757507324
    endloop
  endfacet
  facet normal 0 0 -1
    outer loop
      vertex 12.399999618530273 -5.5 3.5899996757507324
      vertex 12.509085655212402 -5.119908332824707 3.5899996757507324
      vertex 12.468979835510254 -5.297207832336426 3.5899996757507324
    endloop
  endfacet
  facet normal 0 0 -1
    outer loop
      vertex 12.58519172668457 4.763645172119141 3.5899996757507324
      vertex 12.399999618530273 5.5 3.5899996757507324
      vertex 12.54782485961914 4.942048072814941 3.5899996757507324
    endloop
  endfacet
  facet normal 0 0 -1
    outer loop
      vertex 12.399999618530273 -5.5 3.5899996757507324
      vertex 12.468979835510254 -5.297207832336426 3.5899996757507324
      vertex 12.427510261535645 -5.473926544189453 3.5899996757507324
    endloop
  endfacet
  facet normal 0 0 -1
    outer loop
      vertex 12.54782485961914 4.942048072814941 3.5899996757507324
      vertex 12.399999618530273 5.5 3.5899996757507324
      vertex 12.509085655212402 5.119908332824707 3.5899996757507324
    endloop
  endfacet
  facet normal 0 0 -1
    outer loop
      vertex 12.399999618530273 -5.5 3.5899996757507324
      vertex 12.427510261535645 -5.473926544189453 3.5899996757507324
      vertex 12.421170234680176 -5.5 3.5899996757507324
    endloop
  endfacet
  facet normal 0 0 -1
    outer loop
      vertex 12.509085655212402 5.119908332824707 3.5899996757507324
      vertex 12.399999618530273 5.5 3.5899996757507324
      vertex 12.468979835510254 5.297207832336426 3.5899996757507324
    endloop
  endfacet
  facet normal 0 0 -1
    outer loop
      vertex 12.468979835510254 5.297207832336426 3.5899996757507324
      vertex 12.399999618530273 5.5 3.5899996757507324
      vertex 12.427510261535645 5.473926544189453 3.5899996757507324
    endloop
  endfacet
  facet normal 0 0 -1
    outer loop
      vertex 12.427510261535645 5.473926544189453 3.5899996757507324
      vertex 12.399999618530273 5.5 3.5899996757507324
      vertex 12.421170234680176 5.5 3.5899996757507324
    endloop
  endfacet
  facet normal -1 0 0
    outer loop
      vertex 12.399999618530273 -5.5 3.5999999046325684
      vertex 12.399999618530273 5.5 5.400000095367432
      vertex 12.399999618530273 5.5 3.5999999046325684
    endloop
  endfacet
  facet normal -1 0 0
    outer loop
      vertex 12.399999618530273 5.5 5.400000095367432
      vertex 12.399999618530273 -5.5 3.5999999046325684
      vertex 12.399999618530273 -5.5 5.400000095367432
    endloop
  endfacet
  facet normal -1 0 0
    outer loop
      vertex 12.399999618530273 -5.5 3.5899996757507324
      vertex 12.399999618530273 5.5 3.5999999046325684
      vertex 12.399999618530273 5.5 3.5899996757507324
    endloop
  endfacet
  facet normal -1 0 0
    outer loop
      vertex 12.399999618530273 5.5 3.5999999046325684
      vertex 12.399999618530273 -5.5 3.5899996757507324
      vertex 12.399999618530273 -5.5 3.5999999046325684
    endloop
  endfacet
  facet normal 0 1 0
    outer loop
      vertex 12.421170234680176 5.5 3.6317553520202637
      vertex 12.399999618530273 5.5 5.400000095367432
      vertex 12.421170234680176 5.5 5.368244647979736
    endloop
  endfacet
  facet normal 0 1 0
    outer loop
      vertex 12.399999618530273 5.5 5.400000095367432
      vertex 12.421170234680176 5.5 3.6317553520202637
      vertex 12.399999618530273 5.5 3.5999999046325684
    endloop
  endfacet
  facet normal 0 1 0
    outer loop
      vertex 12.421170234680176 5.5 3.5899996757507324
      vertex 12.399999618530273 5.5 3.5999999046325684
      vertex 12.421170234680176 5.5 3.5999999046325684
    endloop
  endfacet
  facet normal 0 1 0
    outer loop
      vertex 12.399999618530273 5.5 3.5999999046325684
      vertex 12.421170234680176 5.5 3.5899996757507324
      vertex 12.399999618530273 5.5 3.5899996757507324
    endloop
  endfacet
  facet normal 0 -1 0
    outer loop
      vertex 12.399999618530273 -5.5 5.400000095367432
      vertex 12.421170234680176 -5.5 3.6317553520202637
      vertex 12.421170234680176 -5.5 5.368244647979736
    endloop
  endfacet
  facet normal 0 -1 0
    outer loop
      vertex 12.421170234680176 -5.5 3.6317553520202637
      vertex 12.399999618530273 -5.5 5.400000095367432
      vertex 12.399999618530273 -5.5 3.5999999046325684
    endloop
  endfacet
  facet normal 0 -1 0
    outer loop
      vertex 12.399999618530273 -5.5 3.5899996757507324
      vertex 12.421170234680176 -5.5 3.5999999046325684
      vertex 12.399999618530273 -5.5 3.5999999046325684
    endloop
  endfacet
  facet normal 0 -1 0
    outer loop
      vertex 12.421170234680176 -5.5 3.5999999046325684
      vertex 12.399999618530273 -5.5 3.5899996757507324
      vertex 12.421170234680176 -5.5 3.5899996757507324
    endloop
  endfacet
  facet normal 0.8320464499562332 -0.000013182615090954419 0.5547059625977062
    outer loop
      vertex 12.399999618530273 5.5 5.400000095367432
      vertex 12.427510261535645 5.473926544189453 5.358734130859375
      vertex 12.421170234680176 5.5 5.368244647979736
    endloop
  endfacet
  facet normal 0.8320497330195595 -0.0000019248335155446196 0.5547010381983927
    outer loop
      vertex 12.399999618530273 5.5 5.400000095367432
      vertex 12.468979835510254 5.297207832336426 5.296529293060303
      vertex 12.427510261535645 5.473926544189453 5.358734130859375
    endloop
  endfacet
  facet normal 0.832053816252215 0.000002589193172353206 0.5546949133112917
    outer loop
      vertex 12.399999618530273 5.5 5.400000095367432
      vertex 12.509085655212402 5.119908332824707 5.23637056350708
      vertex 12.468979835510254 5.297207832336426 5.296529293060303
    endloop
  endfacet
  facet normal 0.8320533888565472 0.000002190535746432062 0.5546955544147952
    outer loop
      vertex 12.399999618530273 5.5 5.400000095367432
      vertex 12.54782485961914 4.942048072814941 5.178261756896973
      vertex 12.509085655212402 5.119908332824707 5.23637056350708
    endloop
  endfacet
  facet normal 0.8320529229402233 0.0000017893479368798112 0.554696253298532
    outer loop
      vertex 12.399999618530273 5.5 5.400000095367432
      vertex 12.58519172668457 4.763645172119141 5.122211456298828
      vertex 12.54782485961914 4.942048072814941 5.178261756896973
    endloop
  endfacet
  facet normal 0.8320524897005893 0.0000014352277350521041 0.5546969031651346
    outer loop
      vertex 12.399999618530273 5.5 5.400000095367432
      vertex 12.621183395385742 4.584719657897949 5.06822395324707
      vertex 12.58519172668457 4.763645172119141 5.122211456298828
    endloop
  endfacet
  facet normal 0.8320521180739826 0.0000011433557218905179 0.5546974606100987
    outer loop
      vertex 12.399999618530273 5.5 5.400000095367432
      vertex 12.655795097351074 4.405292510986328 5.016306400299072
      vertex 12.621183395385742 4.584719657897949 5.06822395324707
    endloop
  endfacet
  facet normal 0.8320425755537749 -0.0000061032971081396696 0.5547117741932204
    outer loop
      vertex 12.399999618530273 5.5 5.400000095367432
      vertex 12.6890230178833 4.225380897521973 4.966464042663574
      vertex 12.655795097351074 4.405292510986328 5.016306400299072
    endloop
  endfacet
  facet normal 0.8320528369567678 0.0000014587554281479585 0.5546963822759855
    outer loop
      vertex 12.399999618530273 5.5 5.400000095367432
      vertex 12.720864295959473 4.04500675201416 4.918702125549316
      vertex 12.6890230178833 4.225380897521973 4.966464042663574
    endloop
  endfacet
  facet normal 0.8320524407016973 0.0000011747525010650063 0.554696976664709
    outer loop
      vertex 12.399999618530273 5.5 5.400000095367432
      vertex 12.751315116882324 3.8641891479492188 4.873025894165039
      vertex 12.720864295959473 4.04500675201416 4.918702125549316
    endloop
  endfacet
  facet normal 0.8320521218929617 9.522264076757211e-7 0.5546974548819502
    outer loop
      vertex 12.399999618530273 5.5 5.400000095367432
      vertex 12.78037166595459 3.6829471588134766 4.829441070556641
      vertex 12.751315116882324 3.8641891479492188 4.873025894165039
    endloop
  endfacet
  facet normal 0.8320518641522852 7.768746706548543e-7 0.5546978414958035
    outer loop
      vertex 12.399999618530273 5.5 5.400000095367432
      vertex 12.799999237060547 3.554048538208008 4.799999713897705
      vertex 12.78037166595459 3.6829471588134766 4.829441070556641
    endloop
  endfacet
  facet normal 0.8320507012631989 0 0.5546995858367112
    outer loop
      vertex 12.399999618530273 5.5 5.400000095367432
      vertex 12.799999237060547 -3.554048538208008 4.799999713897705
      vertex 12.799999237060547 3.554048538208008 4.799999713897705
    endloop
  endfacet
  facet normal 0.8320507012631989 0 0.5546995858367112
    outer loop
      vertex 12.399999618530273 -5.5 5.400000095367432
      vertex 12.799999237060547 -3.554048538208008 4.799999713897705
      vertex 12.399999618530273 5.5 5.400000095367432
    endloop
  endfacet
  facet normal 0.8320518641522852 -7.768746706548543e-7 0.5546978414958035
    outer loop
      vertex 12.799999237060547 -3.554048538208008 4.799999713897705
      vertex 12.399999618530273 -5.5 5.400000095367432
      vertex 12.78037166595459 -3.6829471588134766 4.829441070556641
    endloop
  endfacet
  facet normal 0.8320521218929617 -9.522264076757211e-7 0.5546974548819502
    outer loop
      vertex 12.78037166595459 -3.6829471588134766 4.829441070556641
      vertex 12.399999618530273 -5.5 5.400000095367432
      vertex 12.751315116882324 -3.8641891479492188 4.873025894165039
    endloop
  endfacet
  facet normal 0.8320524407016973 -0.0000011747525010650063 0.554696976664709
    outer loop
      vertex 12.751315116882324 -3.8641891479492188 4.873025894165039
      vertex 12.399999618530273 -5.5 5.400000095367432
      vertex 12.720864295959473 -4.04500675201416 4.918702125549316
    endloop
  endfacet
  facet normal 0.8320528369567678 -0.0000014587554281479585 0.5546963822759855
    outer loop
      vertex 12.720864295959473 -4.04500675201416 4.918702125549316
      vertex 12.399999618530273 -5.5 5.400000095367432
      vertex 12.6890230178833 -4.225380897521973 4.966464042663574
    endloop
  endfacet
  facet normal 0.8320425755537749 0.0000061032971081396696 0.5547117741932204
    outer loop
      vertex 12.6890230178833 -4.225380897521973 4.966464042663574
      vertex 12.399999618530273 -5.5 5.400000095367432
      vertex 12.655795097351074 -4.405292510986328 5.016306400299072
    endloop
  endfacet
  facet normal 0.8320521180739826 -0.0000011433557218905179 0.5546974606100987
    outer loop
      vertex 12.655795097351074 -4.405292510986328 5.016306400299072
      vertex 12.399999618530273 -5.5 5.400000095367432
      vertex 12.621183395385742 -4.584719657897949 5.06822395324707
    endloop
  endfacet
  facet normal 0.8320524897005893 -0.0000014352277350521041 0.5546969031651346
    outer loop
      vertex 12.621183395385742 -4.584719657897949 5.06822395324707
      vertex 12.399999618530273 -5.5 5.400000095367432
      vertex 12.58519172668457 -4.763645172119141 5.122211456298828
    endloop
  endfacet
  facet normal 0.8320529229402233 -0.0000017893479368798112 0.554696253298532
    outer loop
      vertex 12.58519172668457 -4.763645172119141 5.122211456298828
      vertex 12.399999618530273 -5.5 5.400000095367432
      vertex 12.54782485961914 -4.942048072814941 5.178261756896973
    endloop
  endfacet
  facet normal 0.8320533888565472 -0.000002190535746432062 0.5546955544147952
    outer loop
      vertex 12.54782485961914 -4.942048072814941 5.178261756896973
      vertex 12.399999618530273 -5.5 5.400000095367432
      vertex 12.509085655212402 -5.119908332824707 5.23637056350708
    endloop
  endfacet
  facet normal 0.832053816252215 -0.000002589193172353206 0.5546949133112917
    outer loop
      vertex 12.509085655212402 -5.119908332824707 5.23637056350708
      vertex 12.399999618530273 -5.5 5.400000095367432
      vertex 12.468979835510254 -5.297207832336426 5.296529293060303
    endloop
  endfacet
  facet normal 0.8320497330195595 0.0000019248335155446196 0.5547010381983927
    outer loop
      vertex 12.468979835510254 -5.297207832336426 5.296529293060303
      vertex 12.399999618530273 -5.5 5.400000095367432
      vertex 12.427510261535645 -5.473926544189453 5.358734130859375
    endloop
  endfacet
  facet normal 0.8320464499562332 0.000013182615090954419 0.5547059625977062
    outer loop
      vertex 12.427510261535645 -5.473926544189453 5.358734130859375
      vertex 12.399999618530273 -5.5 5.400000095367432
      vertex 12.421170234680176 -5.5 5.368244647979736
    endloop
  endfacet
  facet normal 0 0 1
    outer loop
      vertex 12.399999618530273 5.5 3.5999999046325684
      vertex 12.799999237060547 3.554048538208008 3.5999999046325684
      vertex 12.78037166595459 3.6829471588134766 3.5999999046325684
    endloop
  endfacet
  facet normal 0 0 1
    outer loop
      vertex 12.799999237060547 3.554048538208008 3.5999999046325684
      vertex 12.399999618530273 5.5 3.5999999046325684
      vertex 12.799999237060547 -3.554048538208008 3.5999999046325684
    endloop
  endfacet
  facet normal 0 0 1
    outer loop
      vertex 12.399999618530273 5.5 3.5999999046325684
      vertex 12.78037166595459 3.6829471588134766 3.5999999046325684
      vertex 12.751315116882324 3.8641891479492188 3.5999999046325684
    endloop
  endfacet
  facet normal 0 0 1
    outer loop
      vertex 12.399999618530273 -5.5 3.5999999046325684
      vertex 12.799999237060547 -3.554048538208008 3.5999999046325684
      vertex 12.399999618530273 5.5 3.5999999046325684
    endloop
  endfacet
  facet normal 0 0 1
    outer loop
      vertex 12.399999618530273 5.5 3.5999999046325684
      vertex 12.751315116882324 3.8641891479492188 3.5999999046325684
      vertex 12.720864295959473 4.04500675201416 3.5999999046325684
    endloop
  endfacet
  facet normal 0 0 1
    outer loop
      vertex 12.799999237060547 -3.554048538208008 3.5999999046325684
      vertex 12.399999618530273 -5.5 3.5999999046325684
      vertex 12.78037166595459 -3.6829471588134766 3.5999999046325684
    endloop
  endfacet
  facet normal 0 0 1
    outer loop
      vertex 12.399999618530273 5.5 3.5999999046325684
      vertex 12.720864295959473 4.04500675201416 3.5999999046325684
      vertex 12.6890230178833 4.225380897521973 3.5999999046325684
    endloop
  endfacet
  facet normal 0 0 1
    outer loop
      vertex 12.78037166595459 -3.6829471588134766 3.5999999046325684
      vertex 12.399999618530273 -5.5 3.5999999046325684
      vertex 12.751315116882324 -3.8641891479492188 3.5999999046325684
    endloop
  endfacet
  facet normal 0 0 1
    outer loop
      vertex 12.399999618530273 5.5 3.5999999046325684
      vertex 12.6890230178833 4.225380897521973 3.5999999046325684
      vertex 12.655795097351074 4.405292510986328 3.5999999046325684
    endloop
  endfacet
  facet normal 0 0 1
    outer loop
      vertex 12.751315116882324 -3.8641891479492188 3.5999999046325684
      vertex 12.399999618530273 -5.5 3.5999999046325684
      vertex 12.720864295959473 -4.04500675201416 3.5999999046325684
    endloop
  endfacet
  facet normal 0 0 1
    outer loop
      vertex 12.399999618530273 5.5 3.5999999046325684
      vertex 12.655795097351074 4.405292510986328 3.5999999046325684
      vertex 12.621183395385742 4.584719657897949 3.5999999046325684
    endloop
  endfacet
  facet normal 0 0 1
    outer loop
      vertex 12.720864295959473 -4.04500675201416 3.5999999046325684
      vertex 12.399999618530273 -5.5 3.5999999046325684
      vertex 12.6890230178833 -4.225380897521973 3.5999999046325684
    endloop
  endfacet
  facet normal 0 0 1
    outer loop
      vertex 12.399999618530273 5.5 3.5999999046325684
      vertex 12.621183395385742 4.584719657897949 3.5999999046325684
      vertex 12.58519172668457 4.763645172119141 3.5999999046325684
    endloop
  endfacet
  facet normal 0 0 1
    outer loop
      vertex 12.6890230178833 -4.225380897521973 3.5999999046325684
      vertex 12.399999618530273 -5.5 3.5999999046325684
      vertex 12.655795097351074 -4.405292510986328 3.5999999046325684
    endloop
  endfacet
  facet normal 0 0 1
    outer loop
      vertex 12.399999618530273 5.5 3.5999999046325684
      vertex 12.58519172668457 4.763645172119141 3.5999999046325684
      vertex 12.54782485961914 4.942048072814941 3.5999999046325684
    endloop
  endfacet
  facet normal 0 0 1
    outer loop
      vertex 12.655795097351074 -4.405292510986328 3.5999999046325684
      vertex 12.399999618530273 -5.5 3.5999999046325684
      vertex 12.621183395385742 -4.584719657897949 3.5999999046325684
    endloop
  endfacet
  facet normal 0 0 1
    outer loop
      vertex 12.399999618530273 5.5 3.5999999046325684
      vertex 12.54782485961914 4.942048072814941 3.5999999046325684
      vertex 12.509085655212402 5.119908332824707 3.5999999046325684
    endloop
  endfacet
  facet normal 0 0 1
    outer loop
      vertex 12.621183395385742 -4.584719657897949 3.5999999046325684
      vertex 12.399999618530273 -5.5 3.5999999046325684
      vertex 12.58519172668457 -4.763645172119141 3.5999999046325684
    endloop
  endfacet
  facet normal 0 0 1
    outer loop
      vertex 12.399999618530273 5.5 3.5999999046325684
      vertex 12.509085655212402 5.119908332824707 3.5999999046325684
      vertex 12.468979835510254 5.297207832336426 3.5999999046325684
    endloop
  endfacet
  facet normal 0 0 1
    outer loop
      vertex 12.58519172668457 -4.763645172119141 3.5999999046325684
      vertex 12.399999618530273 -5.5 3.5999999046325684
      vertex 12.54782485961914 -4.942048072814941 3.5999999046325684
    endloop
  endfacet
  facet normal 0 0 1
    outer loop
      vertex 12.399999618530273 5.5 3.5999999046325684
      vertex 12.468979835510254 5.297207832336426 3.5999999046325684
      vertex 12.427510261535645 5.473926544189453 3.5999999046325684
    endloop
  endfacet
  facet normal 0 0 1
    outer loop
      vertex 12.54782485961914 -4.942048072814941 3.5999999046325684
      vertex 12.399999618530273 -5.5 3.5999999046325684
      vertex 12.509085655212402 -5.119908332824707 3.5999999046325684
    endloop
  endfacet
  facet normal 0 0 1
    outer loop
      vertex 12.399999618530273 5.5 3.5999999046325684
      vertex 12.427510261535645 5.473926544189453 3.5999999046325684
      vertex 12.421170234680176 5.5 3.5999999046325684
    endloop
  endfacet
  facet normal 0 0 1
    outer loop
      vertex 12.509085655212402 -5.119908332824707 3.5999999046325684
      vertex 12.399999618530273 -5.5 3.5999999046325684
      vertex 12.468979835510254 -5.297207832336426 3.5999999046325684
    endloop
  endfacet
  facet normal 0 0 1
    outer loop
      vertex 12.468979835510254 -5.297207832336426 3.5999999046325684
      vertex 12.399999618530273 -5.5 3.5999999046325684
      vertex 12.427510261535645 -5.473926544189453 3.5999999046325684
    endloop
  endfacet
  facet normal 0 0 1
    outer loop
      vertex 12.427510261535645 -5.473926544189453 3.5999999046325684
      vertex 12.399999618530273 -5.5 3.5999999046325684
      vertex 12.421170234680176 -5.5 3.5999999046325684
    endloop
  endfacet
  facet normal 0.8320464499562332 -0.000013182615090954419 -0.5547059625977062
    outer loop
      vertex 12.427510261535645 5.473926544189453 3.641265869140625
      vertex 12.399999618530273 5.5 3.5999999046325684
      vertex 12.421170234680176 5.5 3.6317553520202637
    endloop
  endfacet
  facet normal 0.8320502943378436 0 -0.554700196225229
    outer loop
      vertex 12.468979835510254 5.297207832336426 3.703470230102539
      vertex 12.399999618530273 5.5 3.5999999046325684
      vertex 12.427510261535645 5.473926544189453 3.641265869140625
    endloop
  endfacet
  facet normal 0.8320502943378437 0 -0.5547001962252291
    outer loop
      vertex 12.509085655212402 5.119908332824707 3.7636289596557617
      vertex 12.399999618530273 5.5 3.5999999046325684
      vertex 12.468979835510254 5.297207832336426 3.703470230102539
    endloop
  endfacet
  facet normal 0.8320502943378436 0 -0.554700196225229
    outer loop
      vertex 12.54782485961914 4.942048072814941 3.821737766265869
      vertex 12.399999618530273 5.5 3.5999999046325684
      vertex 12.509085655212402 5.119908332824707 3.7636289596557617
    endloop
  endfacet
  facet normal 0.8320502943378436 0 -0.554700196225229
    outer loop
      vertex 12.58519172668457 4.763645172119141 3.8777880668640137
      vertex 12.399999618530273 5.5 3.5999999046325684
      vertex 12.54782485961914 4.942048072814941 3.821737766265869
    endloop
  endfacet
  facet normal 0.8320502943378437 0 -0.5547001962252291
    outer loop
      vertex 12.621183395385742 4.584719657897949 3.9317755699157715
      vertex 12.399999618530273 5.5 3.5999999046325684
      vertex 12.58519172668457 4.763645172119141 3.8777880668640137
    endloop
  endfacet
  facet normal 0.8320502943378437 0 -0.5547001962252291
    outer loop
      vertex 12.655795097351074 4.405292510986328 3.9836931228637695
      vertex 12.399999618530273 5.5 3.5999999046325684
      vertex 12.621183395385742 4.584719657897949 3.9317755699157715
    endloop
  endfacet
  facet normal 0.8320502943378437 0 -0.5547001962252291
    outer loop
      vertex 12.6890230178833 4.225380897521973 4.033535003662109
      vertex 12.399999618530273 5.5 3.5999999046325684
      vertex 12.655795097351074 4.405292510986328 3.9836931228637695
    endloop
  endfacet
  facet normal 0.8320502943378436 0 -0.5547001962252291
    outer loop
      vertex 12.720864295959473 4.04500675201416 4.081296920776367
      vertex 12.399999618530273 5.5 3.5999999046325684
      vertex 12.6890230178833 4.225380897521973 4.033535003662109
    endloop
  endfacet
  facet normal 0.8320502943378437 0 -0.5547001962252291
    outer loop
      vertex 12.751315116882324 3.8641891479492188 4.1269731521606445
      vertex 12.399999618530273 5.5 3.5999999046325684
      vertex 12.720864295959473 4.04500675201416 4.081296920776367
    endloop
  endfacet
  facet normal 0.8320502943378437 0 -0.5547001962252291
    outer loop
      vertex 12.78037166595459 3.6829471588134766 4.170557975769043
      vertex 12.399999618530273 5.5 3.5999999046325684
      vertex 12.751315116882324 3.8641891479492188 4.1269731521606445
    endloop
  endfacet
  facet normal 0.8320502943378437 0 -0.5547001962252291
    outer loop
      vertex 12.799999237060547 3.554048538208008 4.1999993324279785
      vertex 12.399999618530273 5.5 3.5999999046325684
      vertex 12.78037166595459 3.6829471588134766 4.170557975769043
    endloop
  endfacet
  facet normal 0.8320502943378436 0 -0.554700196225229
    outer loop
      vertex 12.799999237060547 -3.554048538208008 4.1999993324279785
      vertex 12.399999618530273 5.5 3.5999999046325684
      vertex 12.799999237060547 3.554048538208008 4.1999993324279785
    endloop
  endfacet
  facet normal 0.8320502943378437 0 -0.5547001962252291
    outer loop
      vertex 12.399999618530273 -5.5 3.5999999046325684
      vertex 12.799999237060547 -3.554048538208008 4.1999993324279785
      vertex 12.78037166595459 -3.6829471588134766 4.170557975769043
    endloop
  endfacet
  facet normal 0.8320502943378437 0 -0.5547001962252291
    outer loop
      vertex 12.399999618530273 -5.5 3.5999999046325684
      vertex 12.78037166595459 -3.6829471588134766 4.170557975769043
      vertex 12.751315116882324 -3.8641891479492188 4.1269731521606445
    endloop
  endfacet
  facet normal 0.8320502943378437 0 -0.5547001962252291
    outer loop
      vertex 12.399999618530273 -5.5 3.5999999046325684
      vertex 12.751315116882324 -3.8641891479492188 4.1269731521606445
      vertex 12.720864295959473 -4.04500675201416 4.081296920776367
    endloop
  endfacet
  facet normal 0.8320502943378436 0 -0.5547001962252291
    outer loop
      vertex 12.399999618530273 -5.5 3.5999999046325684
      vertex 12.720864295959473 -4.04500675201416 4.081296920776367
      vertex 12.6890230178833 -4.225380897521973 4.033535003662109
    endloop
  endfacet
  facet normal 0.8320502943378437 0 -0.5547001962252291
    outer loop
      vertex 12.399999618530273 -5.5 3.5999999046325684
      vertex 12.6890230178833 -4.225380897521973 4.033535003662109
      vertex 12.655795097351074 -4.405292510986328 3.9836931228637695
    endloop
  endfacet
  facet normal 0.8320502943378437 0 -0.5547001962252291
    outer loop
      vertex 12.399999618530273 -5.5 3.5999999046325684
      vertex 12.655795097351074 -4.405292510986328 3.9836931228637695
      vertex 12.621183395385742 -4.584719657897949 3.9317755699157715
    endloop
  endfacet
  facet normal 0.8320502943378437 0 -0.5547001962252291
    outer loop
      vertex 12.399999618530273 -5.5 3.5999999046325684
      vertex 12.621183395385742 -4.584719657897949 3.9317755699157715
      vertex 12.58519172668457 -4.763645172119141 3.8777880668640137
    endloop
  endfacet
  facet normal 0.8320502943378436 0 -0.554700196225229
    outer loop
      vertex 12.399999618530273 -5.5 3.5999999046325684
      vertex 12.58519172668457 -4.763645172119141 3.8777880668640137
      vertex 12.54782485961914 -4.942048072814941 3.821737766265869
    endloop
  endfacet
  facet normal 0.8320502943378436 0 -0.554700196225229
    outer loop
      vertex 12.399999618530273 -5.5 3.5999999046325684
      vertex 12.54782485961914 -4.942048072814941 3.821737766265869
      vertex 12.509085655212402 -5.119908332824707 3.7636289596557617
    endloop
  endfacet
  facet normal 0.8320502943378437 0 -0.5547001962252291
    outer loop
      vertex 12.399999618530273 -5.5 3.5999999046325684
      vertex 12.509085655212402 -5.119908332824707 3.7636289596557617
      vertex 12.468979835510254 -5.297207832336426 3.703470230102539
    endloop
  endfacet
  facet normal 0.8320502943378436 0 -0.554700196225229
    outer loop
      vertex 12.399999618530273 -5.5 3.5999999046325684
      vertex 12.468979835510254 -5.297207832336426 3.703470230102539
      vertex 12.427510261535645 -5.473926544189453 3.641265869140625
    endloop
  endfacet
  facet normal 0.8320464499562332 0.000013182615090954419 -0.5547059625977062
    outer loop
      vertex 12.399999618530273 -5.5 3.5999999046325684
      vertex 12.427510261535645 -5.473926544189453 3.641265869140625
      vertex 12.421170234680176 -5.5 3.6317553520202637
    endloop
  endfacet
  facet normal 0.8320502943378436 0 -0.5547001962252291
    outer loop
      vertex 12.799999237060547 -3.554048538208008 4.1999993324279785
      vertex 12.399999618530273 -5.5 3.5999999046325684
      vertex 12.399999618530273 5.5 3.5999999046325684
    endloop
  endfacet
  facet normal 0.9803624163252163 -0.19720429167993125 0
    outer loop
      vertex 12.58519172668457 -4.763645172119141 3.5999999046325684
      vertex 12.621183395385742 -4.584719657897949 3.5899996757507324
      vertex 12.621183395385742 -4.584719657897949 3.5999999046325684
    endloop
  endfacet
  facet normal 0.9803624163252163 -0.19720429167993125 0
    outer loop
      vertex 12.621183395385742 -4.584719657897949 3.5899996757507324
      vertex 12.58519172668457 -4.763645172119141 3.5999999046325684
      vertex 12.58519172668457 -4.763645172119141 3.5899996757507324
    endloop
  endfacet
  facet normal 0.9803624163252161 -0.19720429167993123 0
    outer loop
      vertex 12.58519172668457 -4.763645172119141 5.122211456298828
      vertex 12.621183395385742 -4.584719657897949 3.9317755699157715
      vertex 12.621183395385742 -4.584719657897949 5.06822395324707
    endloop
  endfacet
  facet normal 0.9803624163252163 -0.19720429167993125 0
    outer loop
      vertex 12.621183395385742 -4.584719657897949 3.9317755699157715
      vertex 12.58519172668457 -4.763645172119141 5.122211456298828
      vertex 12.58519172668457 -4.763645172119141 3.8777880668640137
    endloop
  endfacet
  facet normal 0.9818982231037188 0.18940929086441305 0
    outer loop
      vertex 12.655795097351074 4.405292510986328 3.5999999046325684
      vertex 12.621183395385742 4.584719657897949 3.5899996757507324
      vertex 12.621183395385742 4.584719657897949 3.5999999046325684
    endloop
  endfacet
  facet normal 0.9818982231037188 0.18940929086441305 0
    outer loop
      vertex 12.621183395385742 4.584719657897949 3.5899996757507324
      vertex 12.655795097351074 4.405292510986328 3.5999999046325684
      vertex 12.655795097351074 4.405292510986328 3.5899996757507324
    endloop
  endfacet
  facet normal 0.9818982231037187 0.18940929086441302 0
    outer loop
      vertex 12.655795097351074 4.405292510986328 5.016306400299072
      vertex 12.621183395385742 4.584719657897949 3.9317755699157715
      vertex 12.621183395385742 4.584719657897949 5.06822395324707
    endloop
  endfacet
  facet normal 0.9818982231037187 0.18940929086441302 0
    outer loop
      vertex 12.621183395385742 4.584719657897949 3.9317755699157715
      vertex 12.655795097351074 4.405292510986328 5.016306400299072
      vertex 12.655795097351074 4.405292510986328 3.9836931228637695
    endloop
  endfacet
  facet normal 0.9873914331975868 0.1582976868056369 0
    outer loop
      vertex 12.78037166595459 3.6829471588134766 3.5999999046325684
      vertex 12.751315116882324 3.8641891479492188 3.5899996757507324
      vertex 12.751315116882324 3.8641891479492188 3.5999999046325684
    endloop
  endfacet
  facet normal 0.9873914331975868 0.1582976868056369 0
    outer loop
      vertex 12.751315116882324 3.8641891479492188 3.5899996757507324
      vertex 12.78037166595459 3.6829471588134766 3.5999999046325684
      vertex 12.78037166595459 3.6829471588134766 3.5899996757507324
    endloop
  endfacet
  facet normal 0.9873914331975867 0.1582976868056369 0
    outer loop
      vertex 12.78037166595459 3.6829471588134766 4.829441070556641
      vertex 12.751315116882324 3.8641891479492188 4.1269731521606445
      vertex 12.751315116882324 3.8641891479492188 4.873025894165039
    endloop
  endfacet
  facet normal 0.9873914331975868 0.1582976868056369 0
    outer loop
      vertex 12.751315116882324 3.8641891479492188 4.1269731521606445
      vertex 12.78037166595459 3.6829471588134766 4.829441070556641
      vertex 12.78037166595459 3.6829471588134766 4.170557975769043
    endloop
  endfacet
  facet normal 0.9861143285893457 -0.16606785044307681 0
    outer loop
      vertex 12.720864295959473 -4.04500675201416 3.5999999046325684
      vertex 12.751315116882324 -3.8641891479492188 3.5899996757507324
      vertex 12.751315116882324 -3.8641891479492188 3.5999999046325684
    endloop
  endfacet
  facet normal 0.9861143285893457 -0.16606785044307681 0
    outer loop
      vertex 12.751315116882324 -3.8641891479492188 3.5899996757507324
      vertex 12.720864295959473 -4.04500675201416 3.5999999046325684
      vertex 12.720864295959473 -4.04500675201416 3.5899996757507324
    endloop
  endfacet
  facet normal 0.9861143285893456 -0.16606785044307681 0
    outer loop
      vertex 12.720864295959473 -4.04500675201416 4.918702125549316
      vertex 12.751315116882324 -3.8641891479492188 4.1269731521606445
      vertex 12.751315116882324 -3.8641891479492188 4.873025894165039
    endloop
  endfacet
  facet normal 0.9861143285893457 -0.16606785044307681 0
    outer loop
      vertex 12.751315116882324 -3.8641891479492188 4.1269731521606445
      vertex 12.720864295959473 -4.04500675201416 4.918702125549316
      vertex 12.720864295959473 -4.04500675201416 4.081296920776367
    endloop
  endfacet
  facet normal 0.9770919790805535 0.21281744387255314 0
    outer loop
      vertex 12.54782485961914 4.942048072814941 3.5999999046325684
      vertex 12.509085655212402 5.119908332824707 3.5899996757507324
      vertex 12.509085655212402 5.119908332824707 3.5999999046325684
    endloop
  endfacet
  facet normal 0.9770919790805535 0.21281744387255314 0
    outer loop
      vertex 12.509085655212402 5.119908332824707 3.5899996757507324
      vertex 12.54782485961914 4.942048072814941 3.5999999046325684
      vertex 12.54782485961914 4.942048072814941 3.5899996757507324
    endloop
  endfacet
  facet normal 0.9770919790805535 0.21281744387255316 0
    outer loop
      vertex 12.54782485961914 4.942048072814941 5.178261756896973
      vertex 12.509085655212402 5.119908332824707 3.7636289596557617
      vertex 12.509085655212402 5.119908332824707 5.23637056350708
    endloop
  endfacet
  facet normal 0.9770919790805535 0.21281744387255314 0
    outer loop
      vertex 12.509085655212402 5.119908332824707 3.7636289596557617
      vertex 12.54782485961914 4.942048072814941 5.178261756896973
      vertex 12.54782485961914 4.942048072814941 3.821737766265869
    endloop
  endfacet
  facet normal 0.9753576661901758 0.2206296059101169 0
    outer loop
      vertex 12.509085655212402 5.119908332824707 3.5999999046325684
      vertex 12.468979835510254 5.297207832336426 3.5899996757507324
      vertex 12.468979835510254 5.297207832336426 3.5999999046325684
    endloop
  endfacet
  facet normal 0.9753576661901758 0.2206296059101169 0
    outer loop
      vertex 12.468979835510254 5.297207832336426 3.5899996757507324
      vertex 12.509085655212402 5.119908332824707 3.5999999046325684
      vertex 12.509085655212402 5.119908332824707 3.5899996757507324
    endloop
  endfacet
  facet normal 0.9753576661901758 0.2206296059101169 0
    outer loop
      vertex 12.509085655212402 5.119908332824707 5.23637056350708
      vertex 12.468979835510254 5.297207832336426 3.703470230102539
      vertex 12.468979835510254 5.297207832336426 5.296529293060303
    endloop
  endfacet
  facet normal 0.9753576661901758 0.2206296059101169 0
    outer loop
      vertex 12.468979835510254 5.297207832336426 3.703470230102539
      vertex 12.509085655212402 5.119908332824707 5.23637056350708
      vertex 12.509085655212402 5.119908332824707 3.7636289596557617
    endloop
  endfacet
  facet normal 0.9873914331975868 -0.1582976868056369 0
    outer loop
      vertex 12.751315116882324 -3.8641891479492188 3.5999999046325684
      vertex 12.78037166595459 -3.6829471588134766 3.5899996757507324
      vertex 12.78037166595459 -3.6829471588134766 3.5999999046325684
    endloop
  endfacet
  facet normal 0.9873914331975868 -0.1582976868056369 0
    outer loop
      vertex 12.78037166595459 -3.6829471588134766 3.5899996757507324
      vertex 12.751315116882324 -3.8641891479492188 3.5999999046325684
      vertex 12.751315116882324 -3.8641891479492188 3.5899996757507324
    endloop
  endfacet
  facet normal 0.9873914331975868 -0.1582976868056369 0
    outer loop
      vertex 12.751315116882324 -3.8641891479492188 4.873025894165039
      vertex 12.78037166595459 -3.6829471588134766 4.170557975769043
      vertex 12.78037166595459 -3.6829471588134766 4.829441070556641
    endloop
  endfacet
  facet normal 0.9873914331975867 -0.1582976868056369 0
    outer loop
      vertex 12.78037166595459 -3.6829471588134766 4.170557975769043
      vertex 12.751315116882324 -3.8641891479492188 4.873025894165039
      vertex 12.751315116882324 -3.8641891479492188 4.1269731521606445
    endloop
  endfacet
  facet normal 0.9833690346652398 0.18161867101582438 0
    outer loop
      vertex 12.6890230178833 4.225380897521973 3.5999999046325684
      vertex 12.655795097351074 4.405292510986328 3.5899996757507324
      vertex 12.655795097351074 4.405292510986328 3.5999999046325684
    endloop
  endfacet
  facet normal 0.9833690346652398 0.18161867101582438 0
    outer loop
      vertex 12.655795097351074 4.405292510986328 3.5899996757507324
      vertex 12.6890230178833 4.225380897521973 3.5999999046325684
      vertex 12.6890230178833 4.225380897521973 3.5899996757507324
    endloop
  endfacet
  facet normal 0.98336903466524 0.1816186710158244 0
    outer loop
      vertex 12.6890230178833 4.225380897521973 4.966464042663574
      vertex 12.655795097351074 4.405292510986328 3.9836931228637695
      vertex 12.655795097351074 4.405292510986328 5.016306400299072
    endloop
  endfacet
  facet normal 0.9833690346652398 0.18161867101582438 0
    outer loop
      vertex 12.655795097351074 4.405292510986328 3.9836931228637695
      vertex 12.6890230178833 4.225380897521973 4.966464042663574
      vertex 12.6890230178833 4.225380897521973 4.033535003662109
    endloop
  endfacet
  facet normal 0.9716861304259974 -0.2362753985030004 0
    outer loop
      vertex 12.421170234680176 -5.5 3.5999999046325684
      vertex 12.427510261535645 -5.473926544189453 3.5899996757507324
      vertex 12.427510261535645 -5.473926544189453 3.5999999046325684
    endloop
  endfacet
  facet normal 0.9716861304259974 -0.2362753985030004 0
    outer loop
      vertex 12.427510261535645 -5.473926544189453 3.5899996757507324
      vertex 12.421170234680176 -5.5 3.5999999046325684
      vertex 12.421170234680176 -5.5 3.5899996757507324
    endloop
  endfacet
  facet normal 0.9716861304259974 -0.2362753985030004 0
    outer loop
      vertex 12.421170234680176 -5.5 5.368244647979736
      vertex 12.427510261535645 -5.473926544189453 3.641265869140625
      vertex 12.427510261535645 -5.473926544189453 5.358734130859375
    endloop
  endfacet
  facet normal 0.9716861304259974 -0.2362753985030004 0
    outer loop
      vertex 12.427510261535645 -5.473926544189453 3.641265869140625
      vertex 12.421170234680176 -5.5 5.368244647979736
      vertex 12.421170234680176 -5.5 3.6317553520202637
    endloop
  endfacet
  facet normal 0.9753576661901758 -0.2206296059101169 0
    outer loop
      vertex 12.468979835510254 -5.297207832336426 3.5999999046325684
      vertex 12.509085655212402 -5.119908332824707 3.5899996757507324
      vertex 12.509085655212402 -5.119908332824707 3.5999999046325684
    endloop
  endfacet
  facet normal 0.9753576661901758 -0.2206296059101169 0
    outer loop
      vertex 12.509085655212402 -5.119908332824707 3.5899996757507324
      vertex 12.468979835510254 -5.297207832336426 3.5999999046325684
      vertex 12.468979835510254 -5.297207832336426 3.5899996757507324
    endloop
  endfacet
  facet normal 0.9753576661901758 -0.2206296059101169 0
    outer loop
      vertex 12.468979835510254 -5.297207832336426 5.296529293060303
      vertex 12.509085655212402 -5.119908332824707 3.7636289596557617
      vertex 12.509085655212402 -5.119908332824707 5.23637056350708
    endloop
  endfacet
  facet normal 0.9753576661901758 -0.2206296059101169 0
    outer loop
      vertex 12.509085655212402 -5.119908332824707 3.7636289596557617
      vertex 12.468979835510254 -5.297207832336426 5.296529293060303
      vertex 12.468979835510254 -5.297207832336426 3.703470230102539
    endloop
  endfacet
  facet normal 0.9886045015018302 0.15053617376005599 0
    outer loop
      vertex 12.799999237060547 3.554048538208008 3.5999999046325684
      vertex 12.78037166595459 3.6829471588134766 3.5899996757507324
      vertex 12.78037166595459 3.6829471588134766 3.5999999046325684
    endloop
  endfacet
  facet normal 0.9886045015018302 0.15053617376005599 0
    outer loop
      vertex 12.78037166595459 3.6829471588134766 3.5899996757507324
      vertex 12.799999237060547 3.554048538208008 3.5999999046325684
      vertex 12.799999237060547 3.554048538208008 3.5899996757507324
    endloop
  endfacet
  facet normal 0.9886045015018302 0.15053617376005599 0
    outer loop
      vertex 12.799999237060547 3.554048538208008 4.799999713897705
      vertex 12.78037166595459 3.6829471588134766 4.170557975769043
      vertex 12.78037166595459 3.6829471588134766 4.829441070556641
    endloop
  endfacet
  facet normal 0.9886045015018301 0.15053617376005599 0
    outer loop
      vertex 12.78037166595459 3.6829471588134766 4.170557975769043
      vertex 12.799999237060547 3.554048538208008 4.799999713897705
      vertex 12.799999237060547 3.554048538208008 4.1999993324279785
    endloop
  endfacet
  facet normal 0.9735536983388787 -0.2284583035275619 0
    outer loop
      vertex 12.427510261535645 -5.473926544189453 3.5999999046325684
      vertex 12.468979835510254 -5.297207832336426 3.5899996757507324
      vertex 12.468979835510254 -5.297207832336426 3.5999999046325684
    endloop
  endfacet
  facet normal 0.9735536983388787 -0.2284583035275619 0
    outer loop
      vertex 12.468979835510254 -5.297207832336426 3.5899996757507324
      vertex 12.427510261535645 -5.473926544189453 3.5999999046325684
      vertex 12.427510261535645 -5.473926544189453 3.5899996757507324
    endloop
  endfacet
  facet normal 0.9735536983388787 -0.22845830352756188 0
    outer loop
      vertex 12.427510261535645 -5.473926544189453 5.358734130859375
      vertex 12.468979835510254 -5.297207832336426 3.703470230102539
      vertex 12.468979835510254 -5.297207832336426 5.296529293060303
    endloop
  endfacet
  facet normal 0.9735536983388786 -0.22845830352756186 0
    outer loop
      vertex 12.468979835510254 -5.297207832336426 3.703470230102539
      vertex 12.427510261535645 -5.473926544189453 5.358734130859375
      vertex 12.427510261535645 -5.473926544189453 3.641265869140625
    endloop
  endfacet
  facet normal 0.9787612151842384 -0.20500361862921612 0
    outer loop
      vertex 12.54782485961914 -4.942048072814941 3.5999999046325684
      vertex 12.58519172668457 -4.763645172119141 3.5899996757507324
      vertex 12.58519172668457 -4.763645172119141 3.5999999046325684
    endloop
  endfacet
  facet normal 0.9787612151842384 -0.20500361862921612 0
    outer loop
      vertex 12.58519172668457 -4.763645172119141 3.5899996757507324
      vertex 12.54782485961914 -4.942048072814941 3.5999999046325684
      vertex 12.54782485961914 -4.942048072814941 3.5899996757507324
    endloop
  endfacet
  facet normal 0.9787612151842384 -0.20500361862921612 0
    outer loop
      vertex 12.54782485961914 -4.942048072814941 5.178261756896973
      vertex 12.58519172668457 -4.763645172119141 3.8777880668640137
      vertex 12.58519172668457 -4.763645172119141 5.122211456298828
    endloop
  endfacet
  facet normal 0.9787612151842384 -0.2050036186292161 0
    outer loop
      vertex 12.58519172668457 -4.763645172119141 3.8777880668640137
      vertex 12.54782485961914 -4.942048072814941 5.178261756896973
      vertex 12.54782485961914 -4.942048072814941 3.821737766265869
    endloop
  endfacet
  facet normal 0.9847737029505528 -0.17384117457339193 0
    outer loop
      vertex 12.6890230178833 -4.225380897521973 3.5999999046325684
      vertex 12.720864295959473 -4.04500675201416 3.5899996757507324
      vertex 12.720864295959473 -4.04500675201416 3.5999999046325684
    endloop
  endfacet
  facet normal 0.9847737029505528 -0.17384117457339193 0
    outer loop
      vertex 12.720864295959473 -4.04500675201416 3.5899996757507324
      vertex 12.6890230178833 -4.225380897521973 3.5999999046325684
      vertex 12.6890230178833 -4.225380897521973 3.5899996757507324
    endloop
  endfacet
  facet normal 0.9847737029505528 -0.17384117457339193 0
    outer loop
      vertex 12.6890230178833 -4.225380897521973 4.966464042663574
      vertex 12.720864295959473 -4.04500675201416 4.081296920776367
      vertex 12.720864295959473 -4.04500675201416 4.918702125549316
    endloop
  endfacet
  facet normal 0.9847737029505528 -0.17384117457339193 0
    outer loop
      vertex 12.720864295959473 -4.04500675201416 4.081296920776367
      vertex 12.6890230178833 -4.225380897521973 4.966464042663574
      vertex 12.6890230178833 -4.225380897521973 4.033535003662109
    endloop
  endfacet
  facet normal 0.9818982231037188 -0.18940929086441305 0
    outer loop
      vertex 12.621183395385742 -4.584719657897949 3.5999999046325684
      vertex 12.655795097351074 -4.405292510986328 3.5899996757507324
      vertex 12.655795097351074 -4.405292510986328 3.5999999046325684
    endloop
  endfacet
  facet normal 0.9818982231037188 -0.18940929086441305 0
    outer loop
      vertex 12.655795097351074 -4.405292510986328 3.5899996757507324
      vertex 12.621183395385742 -4.584719657897949 3.5999999046325684
      vertex 12.621183395385742 -4.584719657897949 3.5899996757507324
    endloop
  endfacet
  facet normal 0.9818982231037187 -0.18940929086441302 0
    outer loop
      vertex 12.621183395385742 -4.584719657897949 5.06822395324707
      vertex 12.655795097351074 -4.405292510986328 3.9836931228637695
      vertex 12.655795097351074 -4.405292510986328 5.016306400299072
    endloop
  endfacet
  facet normal 0.9818982231037187 -0.18940929086441302 0
    outer loop
      vertex 12.655795097351074 -4.405292510986328 3.9836931228637695
      vertex 12.621183395385742 -4.584719657897949 5.06822395324707
      vertex 12.621183395385742 -4.584719657897949 3.9317755699157715
    endloop
  endfacet
  facet normal 0.9861143285893457 0.16606785044307681 0
    outer loop
      vertex 12.751315116882324 3.8641891479492188 3.5999999046325684
      vertex 12.720864295959473 4.04500675201416 3.5899996757507324
      vertex 12.720864295959473 4.04500675201416 3.5999999046325684
    endloop
  endfacet
  facet normal 0.9861143285893457 0.16606785044307681 0
    outer loop
      vertex 12.720864295959473 4.04500675201416 3.5899996757507324
      vertex 12.751315116882324 3.8641891479492188 3.5999999046325684
      vertex 12.751315116882324 3.8641891479492188 3.5899996757507324
    endloop
  endfacet
  facet normal 0.9861143285893457 0.16606785044307681 0
    outer loop
      vertex 12.751315116882324 3.8641891479492188 4.873025894165039
      vertex 12.720864295959473 4.04500675201416 4.081296920776367
      vertex 12.720864295959473 4.04500675201416 4.918702125549316
    endloop
  endfacet
  facet normal 0.9861143285893456 0.16606785044307681 0
    outer loop
      vertex 12.720864295959473 4.04500675201416 4.081296920776367
      vertex 12.751315116882324 3.8641891479492188 4.873025894165039
      vertex 12.751315116882324 3.8641891479492188 4.1269731521606445
    endloop
  endfacet
  facet normal 0.9886045015018302 -0.15053617376005599 0
    outer loop
      vertex 12.78037166595459 -3.6829471588134766 3.5999999046325684
      vertex 12.799999237060547 -3.554048538208008 3.5899996757507324
      vertex 12.799999237060547 -3.554048538208008 3.5999999046325684
    endloop
  endfacet
  facet normal 0.9886045015018302 -0.15053617376005599 0
    outer loop
      vertex 12.799999237060547 -3.554048538208008 3.5899996757507324
      vertex 12.78037166595459 -3.6829471588134766 3.5999999046325684
      vertex 12.78037166595459 -3.6829471588134766 3.5899996757507324
    endloop
  endfacet
  facet normal 0.9886045015018301 -0.15053617376005599 0
    outer loop
      vertex 12.78037166595459 -3.6829471588134766 4.829441070556641
      vertex 12.799999237060547 -3.554048538208008 4.1999993324279785
      vertex 12.799999237060547 -3.554048538208008 4.799999713897705
    endloop
  endfacet
  facet normal 0.9886045015018302 -0.15053617376005599 0
    outer loop
      vertex 12.799999237060547 -3.554048538208008 4.1999993324279785
      vertex 12.78037166595459 -3.6829471588134766 4.829441070556641
      vertex 12.78037166595459 -3.6829471588134766 4.170557975769043
    endloop
  endfacet
  facet normal 0.9735536983388787 0.2284583035275619 0
    outer loop
      vertex 12.468979835510254 5.297207832336426 3.5999999046325684
      vertex 12.427510261535645 5.473926544189453 3.5899996757507324
      vertex 12.427510261535645 5.473926544189453 3.5999999046325684
    endloop
  endfacet
  facet normal 0.9735536983388787 0.2284583035275619 0
    outer loop
      vertex 12.427510261535645 5.473926544189453 3.5899996757507324
      vertex 12.468979835510254 5.297207832336426 3.5999999046325684
      vertex 12.468979835510254 5.297207832336426 3.5899996757507324
    endloop
  endfacet
  facet normal 0.9735536983388786 0.22845830352756186 0
    outer loop
      vertex 12.468979835510254 5.297207832336426 5.296529293060303
      vertex 12.427510261535645 5.473926544189453 3.641265869140625
      vertex 12.427510261535645 5.473926544189453 5.358734130859375
    endloop
  endfacet
  facet normal 0.9735536983388787 0.22845830352756188 0
    outer loop
      vertex 12.427510261535645 5.473926544189453 3.641265869140625
      vertex 12.468979835510254 5.297207832336426 5.296529293060303
      vertex 12.468979835510254 5.297207832336426 3.703470230102539
    endloop
  endfacet
  facet normal 0.9770919790805535 -0.21281744387255314 0
    outer loop
      vertex 12.509085655212402 -5.119908332824707 3.5999999046325684
      vertex 12.54782485961914 -4.942048072814941 3.5899996757507324
      vertex 12.54782485961914 -4.942048072814941 3.5999999046325684
    endloop
  endfacet
  facet normal 0.9770919790805535 -0.21281744387255314 0
    outer loop
      vertex 12.54782485961914 -4.942048072814941 3.5899996757507324
      vertex 12.509085655212402 -5.119908332824707 3.5999999046325684
      vertex 12.509085655212402 -5.119908332824707 3.5899996757507324
    endloop
  endfacet
  facet normal 0.9770919790805535 -0.21281744387255314 0
    outer loop
      vertex 12.509085655212402 -5.119908332824707 5.23637056350708
      vertex 12.54782485961914 -4.942048072814941 3.821737766265869
      vertex 12.54782485961914 -4.942048072814941 5.178261756896973
    endloop
  endfacet
  facet normal 0.9770919790805535 -0.21281744387255316 0
    outer loop
      vertex 12.54782485961914 -4.942048072814941 3.821737766265869
      vertex 12.509085655212402 -5.119908332824707 5.23637056350708
      vertex 12.509085655212402 -5.119908332824707 3.7636289596557617
    endloop
  endfacet
  facet normal 0.9716861304259974 0.2362753985030004 0
    outer loop
      vertex 12.427510261535645 5.473926544189453 3.5999999046325684
      vertex 12.421170234680176 5.5 3.5899996757507324
      vertex 12.421170234680176 5.5 3.5999999046325684
    endloop
  endfacet
  facet normal 0.9716861304259974 0.2362753985030004 0
    outer loop
      vertex 12.421170234680176 5.5 3.5899996757507324
      vertex 12.427510261535645 5.473926544189453 3.5999999046325684
      vertex 12.427510261535645 5.473926544189453 3.5899996757507324
    endloop
  endfacet
  facet normal 0.9716861304259974 0.2362753985030004 0
    outer loop
      vertex 12.427510261535645 5.473926544189453 5.358734130859375
      vertex 12.421170234680176 5.5 3.6317553520202637
      vertex 12.421170234680176 5.5 5.368244647979736
    endloop
  endfacet
  facet normal 0.9716861304259974 0.2362753985030004 0
    outer loop
      vertex 12.421170234680176 5.5 3.6317553520202637
      vertex 12.427510261535645 5.473926544189453 5.358734130859375
      vertex 12.427510261535645 5.473926544189453 3.641265869140625
    endloop
  endfacet
  facet normal 0.9847737029505528 0.17384117457339193 0
    outer loop
      vertex 12.720864295959473 4.04500675201416 3.5999999046325684
      vertex 12.6890230178833 4.225380897521973 3.5899996757507324
      vertex 12.6890230178833 4.225380897521973 3.5999999046325684
    endloop
  endfacet
  facet normal 0.9847737029505528 0.17384117457339193 0
    outer loop
      vertex 12.6890230178833 4.225380897521973 3.5899996757507324
      vertex 12.720864295959473 4.04500675201416 3.5999999046325684
      vertex 12.720864295959473 4.04500675201416 3.5899996757507324
    endloop
  endfacet
  facet normal 0.9847737029505528 0.17384117457339193 0
    outer loop
      vertex 12.720864295959473 4.04500675201416 4.918702125549316
      vertex 12.6890230178833 4.225380897521973 4.033535003662109
      vertex 12.6890230178833 4.225380897521973 4.966464042663574
    endloop
  endfacet
  facet normal 0.9847737029505528 0.17384117457339193 0
    outer loop
      vertex 12.6890230178833 4.225380897521973 4.033535003662109
      vertex 12.720864295959473 4.04500675201416 4.918702125549316
      vertex 12.720864295959473 4.04500675201416 4.081296920776367
    endloop
  endfacet
  facet normal 0.9803624163252163 0.19720429167993125 0
    outer loop
      vertex 12.621183395385742 4.584719657897949 3.5999999046325684
      vertex 12.58519172668457 4.763645172119141 3.5899996757507324
      vertex 12.58519172668457 4.763645172119141 3.5999999046325684
    endloop
  endfacet
  facet normal 0.9803624163252163 0.19720429167993125 0
    outer loop
      vertex 12.58519172668457 4.763645172119141 3.5899996757507324
      vertex 12.621183395385742 4.584719657897949 3.5999999046325684
      vertex 12.621183395385742 4.584719657897949 3.5899996757507324
    endloop
  endfacet
  facet normal 0.9803624163252163 0.19720429167993125 0
    outer loop
      vertex 12.621183395385742 4.584719657897949 5.06822395324707
      vertex 12.58519172668457 4.763645172119141 3.8777880668640137
      vertex 12.58519172668457 4.763645172119141 5.122211456298828
    endloop
  endfacet
  facet normal 0.9803624163252161 0.19720429167993123 0
    outer loop
      vertex 12.58519172668457 4.763645172119141 3.8777880668640137
      vertex 12.621183395385742 4.584719657897949 5.06822395324707
      vertex 12.621183395385742 4.584719657897949 3.9317755699157715
    endloop
  endfacet
  facet normal 0.9833690346652398 -0.18161867101582438 0
    outer loop
      vertex 12.655795097351074 -4.405292510986328 3.5999999046325684
      vertex 12.6890230178833 -4.225380897521973 3.5899996757507324
      vertex 12.6890230178833 -4.225380897521973 3.5999999046325684
    endloop
  endfacet
  facet normal 0.9833690346652398 -0.18161867101582438 0
    outer loop
      vertex 12.6890230178833 -4.225380897521973 3.5899996757507324
      vertex 12.655795097351074 -4.405292510986328 3.5999999046325684
      vertex 12.655795097351074 -4.405292510986328 3.5899996757507324
    endloop
  endfacet
  facet normal 0.9833690346652398 -0.18161867101582438 0
    outer loop
      vertex 12.655795097351074 -4.405292510986328 5.016306400299072
      vertex 12.6890230178833 -4.225380897521973 4.033535003662109
      vertex 12.6890230178833 -4.225380897521973 4.966464042663574
    endloop
  endfacet
  facet normal 0.98336903466524 -0.1816186710158244 0
    outer loop
      vertex 12.6890230178833 -4.225380897521973 4.033535003662109
      vertex 12.655795097351074 -4.405292510986328 5.016306400299072
      vertex 12.655795097351074 -4.405292510986328 3.9836931228637695
    endloop
  endfacet
  facet normal 0.9787612151842384 0.20500361862921612 0
    outer loop
      vertex 12.58519172668457 4.763645172119141 3.5999999046325684
      vertex 12.54782485961914 4.942048072814941 3.5899996757507324
      vertex 12.54782485961914 4.942048072814941 3.5999999046325684
    endloop
  endfacet
  facet normal 0.9787612151842384 0.20500361862921612 0
    outer loop
      vertex 12.54782485961914 4.942048072814941 3.5899996757507324
      vertex 12.58519172668457 4.763645172119141 3.5999999046325684
      vertex 12.58519172668457 4.763645172119141 3.5899996757507324
    endloop
  endfacet
  facet normal 0.9787612151842384 0.2050036186292161 0
    outer loop
      vertex 12.58519172668457 4.763645172119141 5.122211456298828
      vertex 12.54782485961914 4.942048072814941 3.821737766265869
      vertex 12.54782485961914 4.942048072814941 5.178261756896973
    endloop
  endfacet
  facet normal 0.9787612151842384 0.20500361862921612 0
    outer loop
      vertex 12.54782485961914 4.942048072814941 3.821737766265869
      vertex 12.58519172668457 4.763645172119141 5.122211456298828
      vertex 12.58519172668457 4.763645172119141 3.8777880668640137
    endloop
  endfacet
  facet normal 0 1 0
    outer loop
      vertex 3.554048538208008 12.799999237060547 3.5899996757507324
      vertex -3.554048538208008 12.799999237060547 3.5999999046325684
      vertex 3.554048538208008 12.799999237060547 3.5999999046325684
    endloop
  endfacet
  facet normal 0 1 0
    outer loop
      vertex -3.554048538208008 12.799999237060547 3.5999999046325684
      vertex 3.554048538208008 12.799999237060547 3.5899996757507324
      vertex -3.554048538208008 12.799999237060547 3.5899996757507324
    endloop
  endfacet
  facet normal 0 1 0
    outer loop
      vertex 3.554048538208008 12.799999237060547 4.1999993324279785
      vertex -3.554048538208008 12.799999237060547 4.799999713897705
      vertex 3.554048538208008 12.799999237060547 4.799999713897705
    endloop
  endfacet
  facet normal 0 1 0
    outer loop
      vertex -3.554048538208008 12.799999237060547 4.799999713897705
      vertex 3.554048538208008 12.799999237060547 4.1999993324279785
      vertex -3.554048538208008 12.799999237060547 4.1999993324279785
    endloop
  endfacet
  facet normal 0 0 -1
    outer loop
      vertex 5.5 12.399999618530273 3.5899996757507324
      vertex 5.473926544189453 12.427510261535645 3.5899996757507324
      vertex 5.5 12.421170234680176 3.5899996757507324
    endloop
  endfacet
  facet normal 0 0 -1
    outer loop
      vertex 5.5 12.399999618530273 3.5899996757507324
      vertex 5.297207832336426 12.468979835510254 3.5899996757507324
      vertex 5.473926544189453 12.427510261535645 3.5899996757507324
    endloop
  endfacet
  facet normal 0 0 -1
    outer loop
      vertex 5.5 12.399999618530273 3.5899996757507324
      vertex 5.119908332824707 12.509085655212402 3.5899996757507324
      vertex 5.297207832336426 12.468979835510254 3.5899996757507324
    endloop
  endfacet
  facet normal 0 0 -1
    outer loop
      vertex 5.5 12.399999618530273 3.5899996757507324
      vertex 4.942048072814941 12.54782485961914 3.5899996757507324
      vertex 5.119908332824707 12.509085655212402 3.5899996757507324
    endloop
  endfacet
  facet normal 0 0 -1
    outer loop
      vertex 5.5 12.399999618530273 3.5899996757507324
      vertex 4.763645172119141 12.58519172668457 3.5899996757507324
      vertex 4.942048072814941 12.54782485961914 3.5899996757507324
    endloop
  endfacet
  facet normal 0 0 -1
    outer loop
      vertex 5.5 12.399999618530273 3.5899996757507324
      vertex 4.584719657897949 12.621183395385742 3.5899996757507324
      vertex 4.763645172119141 12.58519172668457 3.5899996757507324
    endloop
  endfacet
  facet normal 0 0 -1
    outer loop
      vertex 5.5 12.399999618530273 3.5899996757507324
      vertex 4.405292510986328 12.655795097351074 3.5899996757507324
      vertex 4.584719657897949 12.621183395385742 3.5899996757507324
    endloop
  endfacet
  facet normal 0 0 -1
    outer loop
      vertex 5.5 12.399999618530273 3.5899996757507324
      vertex 4.225380897521973 12.6890230178833 3.5899996757507324
      vertex 4.405292510986328 12.655795097351074 3.5899996757507324
    endloop
  endfacet
  facet normal 0 0 -1
    outer loop
      vertex 5.5 12.399999618530273 3.5899996757507324
      vertex 4.04500675201416 12.720864295959473 3.5899996757507324
      vertex 4.225380897521973 12.6890230178833 3.5899996757507324
    endloop
  endfacet
  facet normal 0 0 -1
    outer loop
      vertex 5.5 12.399999618530273 3.5899996757507324
      vertex 3.8641891479492188 12.751315116882324 3.5899996757507324
      vertex 4.04500675201416 12.720864295959473 3.5899996757507324
    endloop
  endfacet
  facet normal 0 0 -1
    outer loop
      vertex 5.5 12.399999618530273 3.5899996757507324
      vertex 3.6829471588134766 12.78037166595459 3.5899996757507324
      vertex 3.8641891479492188 12.751315116882324 3.5899996757507324
    endloop
  endfacet
  facet normal 0 0 -1
    outer loop
      vertex 5.5 12.399999618530273 3.5899996757507324
      vertex 3.554048538208008 12.799999237060547 3.5899996757507324
      vertex 3.6829471588134766 12.78037166595459 3.5899996757507324
    endloop
  endfacet
  facet normal 0 0 -1
    outer loop
      vertex 5.5 12.399999618530273 3.5899996757507324
      vertex -3.554048538208008 12.799999237060547 3.5899996757507324
      vertex 3.554048538208008 12.799999237060547 3.5899996757507324
    endloop
  endfacet
  facet normal 0 0 -1
    outer loop
      vertex -5.5 12.399999618530273 3.5899996757507324
      vertex -3.554048538208008 12.799999237060547 3.5899996757507324
      vertex 5.5 12.399999618530273 3.5899996757507324
    endloop
  endfacet
  facet normal 0 0 -1
    outer loop
      vertex -3.554048538208008 12.799999237060547 3.5899996757507324
      vertex -5.5 12.399999618530273 3.5899996757507324
      vertex -3.6829471588134766 12.78037166595459 3.5899996757507324
    endloop
  endfacet
  facet normal 0 0 -1
    outer loop
      vertex -3.6829471588134766 12.78037166595459 3.5899996757507324
      vertex -5.5 12.399999618530273 3.5899996757507324
      vertex -3.8641891479492188 12.751315116882324 3.5899996757507324
    endloop
  endfacet
  facet normal 0 0 -1
    outer loop
      vertex -3.8641891479492188 12.751315116882324 3.5899996757507324
      vertex -5.5 12.399999618530273 3.5899996757507324
      vertex -4.04500675201416 12.720864295959473 3.5899996757507324
    endloop
  endfacet
  facet normal 0 0 -1
    outer loop
      vertex -4.04500675201416 12.720864295959473 3.5899996757507324
      vertex -5.5 12.399999618530273 3.5899996757507324
      vertex -4.225380897521973 12.6890230178833 3.5899996757507324
    endloop
  endfacet
  facet normal 0 0 -1
    outer loop
      vertex -4.225380897521973 12.6890230178833 3.5899996757507324
      vertex -5.5 12.399999618530273 3.5899996757507324
      vertex -4.405292510986328 12.655795097351074 3.5899996757507324
    endloop
  endfacet
  facet normal 0 0 -1
    outer loop
      vertex -4.405292510986328 12.655795097351074 3.5899996757507324
      vertex -5.5 12.399999618530273 3.5899996757507324
      vertex -4.584719657897949 12.621183395385742 3.5899996757507324
    endloop
  endfacet
  facet normal 0 0 -1
    outer loop
      vertex -4.584719657897949 12.621183395385742 3.5899996757507324
      vertex -5.5 12.399999618530273 3.5899996757507324
      vertex -4.763645172119141 12.58519172668457 3.5899996757507324
    endloop
  endfacet
  facet normal 0 0 -1
    outer loop
      vertex -4.763645172119141 12.58519172668457 3.5899996757507324
      vertex -5.5 12.399999618530273 3.5899996757507324
      vertex -4.942048072814941 12.54782485961914 3.5899996757507324
    endloop
  endfacet
  facet normal 0 0 -1
    outer loop
      vertex -4.942048072814941 12.54782485961914 3.5899996757507324
      vertex -5.5 12.399999618530273 3.5899996757507324
      vertex -5.119908332824707 12.509085655212402 3.5899996757507324
    endloop
  endfacet
  facet normal 0 0 -1
    outer loop
      vertex -5.119908332824707 12.509085655212402 3.5899996757507324
      vertex -5.5 12.399999618530273 3.5899996757507324
      vertex -5.297207832336426 12.468979835510254 3.5899996757507324
    endloop
  endfacet
  facet normal 0 0 -1
    outer loop
      vertex -5.297207832336426 12.468979835510254 3.5899996757507324
      vertex -5.5 12.399999618530273 3.5899996757507324
      vertex -5.473926544189453 12.427510261535645 3.5899996757507324
    endloop
  endfacet
  facet normal 0 0 -1
    outer loop
      vertex -5.473926544189453 12.427510261535645 3.5899996757507324
      vertex -5.5 12.399999618530273 3.5899996757507324
      vertex -5.5 12.421170234680176 3.5899996757507324
    endloop
  endfacet
  facet normal 0 -1 0
    outer loop
      vertex -5.5 12.399999618530273 3.5999999046325684
      vertex 5.5 12.399999618530273 5.400000095367432
      vertex -5.5 12.399999618530273 5.400000095367432
    endloop
  endfacet
  facet normal 0 -1 0
    outer loop
      vertex 5.5 12.399999618530273 5.400000095367432
      vertex -5.5 12.399999618530273 3.5999999046325684
      vertex 5.5 12.399999618530273 3.5999999046325684
    endloop
  endfacet
  facet normal 0 -1 0
    outer loop
      vertex -5.5 12.399999618530273 3.5899996757507324
      vertex 5.5 12.399999618530273 3.5999999046325684
      vertex -5.5 12.399999618530273 3.5999999046325684
    endloop
  endfacet
  facet normal 0 -1 0
    outer loop
      vertex 5.5 12.399999618530273 3.5999999046325684
      vertex -5.5 12.399999618530273 3.5899996757507324
      vertex 5.5 12.399999618530273 3.5899996757507324
    endloop
  endfacet
  facet normal -1 0 0
    outer loop
      vertex -5.5 12.399999618530273 3.5999999046325684
      vertex -5.5 12.421170234680176 5.368244647979736
      vertex -5.5 12.421170234680176 3.6317553520202637
    endloop
  endfacet
  facet normal -1 0 0
    outer loop
      vertex -5.5 12.421170234680176 5.368244647979736
      vertex -5.5 12.399999618530273 3.5999999046325684
      vertex -5.5 12.399999618530273 5.400000095367432
    endloop
  endfacet
  facet normal -1 0 0
    outer loop
      vertex -5.5 12.399999618530273 3.5899996757507324
      vertex -5.5 12.421170234680176 3.5999999046325684
      vertex -5.5 12.421170234680176 3.5899996757507324
    endloop
  endfacet
  facet normal -1 0 0
    outer loop
      vertex -5.5 12.421170234680176 3.5999999046325684
      vertex -5.5 12.399999618530273 3.5899996757507324
      vertex -5.5 12.399999618530273 3.5999999046325684
    endloop
  endfacet
  facet normal 1 0 0
    outer loop
      vertex 5.5 12.399999618530273 5.400000095367432
      vertex 5.5 12.421170234680176 3.6317553520202637
      vertex 5.5 12.421170234680176 5.368244647979736
    endloop
  endfacet
  facet normal 1 0 0
    outer loop
      vertex 5.5 12.421170234680176 3.6317553520202637
      vertex 5.5 12.399999618530273 5.400000095367432
      vertex 5.5 12.399999618530273 3.5999999046325684
    endloop
  endfacet
  facet normal 1 0 0
    outer loop
      vertex 5.5 12.399999618530273 3.5999999046325684
      vertex 5.5 12.421170234680176 3.5899996757507324
      vertex 5.5 12.421170234680176 3.5999999046325684
    endloop
  endfacet
  facet normal 1 0 0
    outer loop
      vertex 5.5 12.421170234680176 3.5899996757507324
      vertex 5.5 12.399999618530273 3.5999999046325684
      vertex 5.5 12.399999618530273 3.5899996757507324
    endloop
  endfacet
  facet normal -0.000013182615090954419 0.8320464499562332 0.5547059625977062
    outer loop
      vertex 5.473926544189453 12.427510261535645 5.358734130859375
      vertex 5.5 12.399999618530273 5.400000095367432
      vertex 5.5 12.421170234680176 5.368244647979736
    endloop
  endfacet
  facet normal -0.0000019248335155446196 0.8320497330195595 0.5547010381983927
    outer loop
      vertex 5.297207832336426 12.468979835510254 5.296529293060303
      vertex 5.5 12.399999618530273 5.400000095367432
      vertex 5.473926544189453 12.427510261535645 5.358734130859375
    endloop
  endfacet
  facet normal 0.000002589193172353206 0.832053816252215 0.5546949133112917
    outer loop
      vertex 5.119908332824707 12.509085655212402 5.23637056350708
      vertex 5.5 12.399999618530273 5.400000095367432
      vertex 5.297207832336426 12.468979835510254 5.296529293060303
    endloop
  endfacet
  facet normal 0.000013182615090954419 0.8320464499562332 0.5547059625977062
    outer loop
      vertex -5.5 12.399999618530273 5.400000095367432
      vertex -5.473926544189453 12.427510261535645 5.358734130859375
      vertex -5.5 12.421170234680176 5.368244647979736
    endloop
  endfacet
  facet normal 0.000002190535746432062 0.8320533888565472 0.5546955544147952
    outer loop
      vertex 4.942048072814941 12.54782485961914 5.178261756896973
      vertex 5.5 12.399999618530273 5.400000095367432
      vertex 5.119908332824707 12.509085655212402 5.23637056350708
    endloop
  endfacet
  facet normal 0.0000019248335155446196 0.8320497330195595 0.5547010381983927
    outer loop
      vertex -5.5 12.399999618530273 5.400000095367432
      vertex -5.297207832336426 12.468979835510254 5.296529293060303
      vertex -5.473926544189453 12.427510261535645 5.358734130859375
    endloop
  endfacet
  facet normal 0.0000017893479368798112 0.8320529229402233 0.554696253298532
    outer loop
      vertex 4.763645172119141 12.58519172668457 5.122211456298828
      vertex 5.5 12.399999618530273 5.400000095367432
      vertex 4.942048072814941 12.54782485961914 5.178261756896973
    endloop
  endfacet
  facet normal -0.000002589193172353206 0.832053816252215 0.5546949133112917
    outer loop
      vertex -5.5 12.399999618530273 5.400000095367432
      vertex -5.119908332824707 12.509085655212402 5.23637056350708
      vertex -5.297207832336426 12.468979835510254 5.296529293060303
    endloop
  endfacet
  facet normal 0.0000014352277350521041 0.8320524897005893 0.5546969031651346
    outer loop
      vertex 4.584719657897949 12.621183395385742 5.06822395324707
      vertex 5.5 12.399999618530273 5.400000095367432
      vertex 4.763645172119141 12.58519172668457 5.122211456298828
    endloop
  endfacet
  facet normal -0.000002190535746432062 0.8320533888565472 0.5546955544147952
    outer loop
      vertex -5.5 12.399999618530273 5.400000095367432
      vertex -4.942048072814941 12.54782485961914 5.178261756896973
      vertex -5.119908332824707 12.509085655212402 5.23637056350708
    endloop
  endfacet
  facet normal 0.0000011433557218905179 0.8320521180739826 0.5546974606100987
    outer loop
      vertex 4.405292510986328 12.655795097351074 5.016306400299072
      vertex 5.5 12.399999618530273 5.400000095367432
      vertex 4.584719657897949 12.621183395385742 5.06822395324707
    endloop
  endfacet
  facet normal -0.0000017893479368798112 0.8320529229402233 0.554696253298532
    outer loop
      vertex -5.5 12.399999618530273 5.400000095367432
      vertex -4.763645172119141 12.58519172668457 5.122211456298828
      vertex -4.942048072814941 12.54782485961914 5.178261756896973
    endloop
  endfacet
  facet normal -0.0000061032971081396696 0.8320425755537749 0.5547117741932204
    outer loop
      vertex 4.225380897521973 12.6890230178833 4.966464042663574
      vertex 5.5 12.399999618530273 5.400000095367432
      vertex 4.405292510986328 12.655795097351074 5.016306400299072
    endloop
  endfacet
  facet normal -0.0000014352277350521041 0.8320524897005893 0.5546969031651346
    outer loop
      vertex -5.5 12.399999618530273 5.400000095367432
      vertex -4.584719657897949 12.621183395385742 5.06822395324707
      vertex -4.763645172119141 12.58519172668457 5.122211456298828
    endloop
  endfacet
  facet normal 0.0000014587554281479585 0.8320528369567678 0.5546963822759855
    outer loop
      vertex 4.04500675201416 12.720864295959473 4.918702125549316
      vertex 5.5 12.399999618530273 5.400000095367432
      vertex 4.225380897521973 12.6890230178833 4.966464042663574
    endloop
  endfacet
  facet normal -0.0000011433557218905179 0.8320521180739826 0.5546974606100987
    outer loop
      vertex -5.5 12.399999618530273 5.400000095367432
      vertex -4.405292510986328 12.655795097351074 5.016306400299072
      vertex -4.584719657897949 12.621183395385742 5.06822395324707
    endloop
  endfacet
  facet normal 0.0000011747525010650063 0.8320524407016973 0.554696976664709
    outer loop
      vertex 3.8641891479492188 12.751315116882324 4.873025894165039
      vertex 5.5 12.399999618530273 5.400000095367432
      vertex 4.04500675201416 12.720864295959473 4.918702125549316
    endloop
  endfacet
  facet normal 0.0000061032971081396696 0.8320425755537749 0.5547117741932204
    outer loop
      vertex -5.5 12.399999618530273 5.400000095367432
      vertex -4.225380897521973 12.6890230178833 4.966464042663574
      vertex -4.405292510986328 12.655795097351074 5.016306400299072
    endloop
  endfacet
  facet normal 9.522264076757211e-7 0.8320521218929617 0.5546974548819502
    outer loop
      vertex 3.6829471588134766 12.78037166595459 4.829441070556641
      vertex 5.5 12.399999618530273 5.400000095367432
      vertex 3.8641891479492188 12.751315116882324 4.873025894165039
    endloop
  endfacet
  facet normal -0.0000014587554281479585 0.8320528369567678 0.5546963822759855
    outer loop
      vertex -5.5 12.399999618530273 5.400000095367432
      vertex -4.04500675201416 12.720864295959473 4.918702125549316
      vertex -4.225380897521973 12.6890230178833 4.966464042663574
    endloop
  endfacet
  facet normal 7.768746706548543e-7 0.8320518641522852 0.5546978414958035
    outer loop
      vertex 3.554048538208008 12.799999237060547 4.799999713897705
      vertex 5.5 12.399999618530273 5.400000095367432
      vertex 3.6829471588134766 12.78037166595459 4.829441070556641
    endloop
  endfacet
  facet normal -0.0000011747525010650063 0.8320524407016973 0.554696976664709
    outer loop
      vertex -5.5 12.399999618530273 5.400000095367432
      vertex -3.8641891479492188 12.751315116882324 4.873025894165039
      vertex -4.04500675201416 12.720864295959473 4.918702125549316
    endloop
  endfacet
  facet normal 0 0.8320507012631989 0.5546995858367112
    outer loop
      vertex 5.5 12.399999618530273 5.400000095367432
      vertex 3.554048538208008 12.799999237060547 4.799999713897705
      vertex -5.5 12.399999618530273 5.400000095367432
    endloop
  endfacet
  facet normal -9.522264076757211e-7 0.8320521218929617 0.5546974548819502
    outer loop
      vertex -5.5 12.399999618530273 5.400000095367432
      vertex -3.6829471588134766 12.78037166595459 4.829441070556641
      vertex -3.8641891479492188 12.751315116882324 4.873025894165039
    endloop
  endfacet
  facet normal 0 0.8320507012631989 0.5546995858367112
    outer loop
      vertex -3.554048538208008 12.799999237060547 4.799999713897705
      vertex -5.5 12.399999618530273 5.400000095367432
      vertex 3.554048538208008 12.799999237060547 4.799999713897705
    endloop
  endfacet
  facet normal -7.768746706548543e-7 0.8320518641522852 0.5546978414958035
    outer loop
      vertex -5.5 12.399999618530273 5.400000095367432
      vertex -3.554048538208008 12.799999237060547 4.799999713897705
      vertex -3.6829471588134766 12.78037166595459 4.829441070556641
    endloop
  endfacet
  facet normal 0 0 1
    outer loop
      vertex 5.473926544189453 12.427510261535645 3.5999999046325684
      vertex 5.5 12.399999618530273 3.5999999046325684
      vertex 5.5 12.421170234680176 3.5999999046325684
    endloop
  endfacet
  facet normal 0 0 1
    outer loop
      vertex 5.297207832336426 12.468979835510254 3.5999999046325684
      vertex 5.5 12.399999618530273 3.5999999046325684
      vertex 5.473926544189453 12.427510261535645 3.5999999046325684
    endloop
  endfacet
  facet normal 0 0 1
    outer loop
      vertex 5.119908332824707 12.509085655212402 3.5999999046325684
      vertex 5.5 12.399999618530273 3.5999999046325684
      vertex 5.297207832336426 12.468979835510254 3.5999999046325684
    endloop
  endfacet
  facet normal 0 0 1
    outer loop
      vertex 4.942048072814941 12.54782485961914 3.5999999046325684
      vertex 5.5 12.399999618530273 3.5999999046325684
      vertex 5.119908332824707 12.509085655212402 3.5999999046325684
    endloop
  endfacet
  facet normal 0 0 1
    outer loop
      vertex 4.763645172119141 12.58519172668457 3.5999999046325684
      vertex 5.5 12.399999618530273 3.5999999046325684
      vertex 4.942048072814941 12.54782485961914 3.5999999046325684
    endloop
  endfacet
  facet normal 0 0 1
    outer loop
      vertex 4.584719657897949 12.621183395385742 3.5999999046325684
      vertex 5.5 12.399999618530273 3.5999999046325684
      vertex 4.763645172119141 12.58519172668457 3.5999999046325684
    endloop
  endfacet
  facet normal 0 0 1
    outer loop
      vertex 4.405292510986328 12.655795097351074 3.5999999046325684
      vertex 5.5 12.399999618530273 3.5999999046325684
      vertex 4.584719657897949 12.621183395385742 3.5999999046325684
    endloop
  endfacet
  facet normal 0 0 1
    outer loop
      vertex 4.225380897521973 12.6890230178833 3.5999999046325684
      vertex 5.5 12.399999618530273 3.5999999046325684
      vertex 4.405292510986328 12.655795097351074 3.5999999046325684
    endloop
  endfacet
  facet normal 0 0 1
    outer loop
      vertex 4.04500675201416 12.720864295959473 3.5999999046325684
      vertex 5.5 12.399999618530273 3.5999999046325684
      vertex 4.225380897521973 12.6890230178833 3.5999999046325684
    endloop
  endfacet
  facet normal 0 0 1
    outer loop
      vertex 3.8641891479492188 12.751315116882324 3.5999999046325684
      vertex 5.5 12.399999618530273 3.5999999046325684
      vertex 4.04500675201416 12.720864295959473 3.5999999046325684
    endloop
  endfacet
  facet normal 0 0 1
    outer loop
      vertex 3.6829471588134766 12.78037166595459 3.5999999046325684
      vertex 5.5 12.399999618530273 3.5999999046325684
      vertex 3.8641891479492188 12.751315116882324 3.5999999046325684
    endloop
  endfacet
  facet normal 0 0 1
    outer loop
      vertex 3.554048538208008 12.799999237060547 3.5999999046325684
      vertex 5.5 12.399999618530273 3.5999999046325684
      vertex 3.6829471588134766 12.78037166595459 3.5999999046325684
    endloop
  endfacet
  facet normal 0 0 1
    outer loop
      vertex -3.554048538208008 12.799999237060547 3.5999999046325684
      vertex 5.5 12.399999618530273 3.5999999046325684
      vertex 3.554048538208008 12.799999237060547 3.5999999046325684
    endloop
  endfacet
  facet normal 0 0 1
    outer loop
      vertex -5.5 12.399999618530273 3.5999999046325684
      vertex -3.554048538208008 12.799999237060547 3.5999999046325684
      vertex -3.6829471588134766 12.78037166595459 3.5999999046325684
    endloop
  endfacet
  facet normal 0 0 1
    outer loop
      vertex -5.5 12.399999618530273 3.5999999046325684
      vertex -3.6829471588134766 12.78037166595459 3.5999999046325684
      vertex -3.8641891479492188 12.751315116882324 3.5999999046325684
    endloop
  endfacet
  facet normal 0 0 1
    outer loop
      vertex -5.5 12.399999618530273 3.5999999046325684
      vertex -3.8641891479492188 12.751315116882324 3.5999999046325684
      vertex -4.04500675201416 12.720864295959473 3.5999999046325684
    endloop
  endfacet
  facet normal 0 0 1
    outer loop
      vertex -5.5 12.399999618530273 3.5999999046325684
      vertex -4.04500675201416 12.720864295959473 3.5999999046325684
      vertex -4.225380897521973 12.6890230178833 3.5999999046325684
    endloop
  endfacet
  facet normal 0 0 1
    outer loop
      vertex -5.5 12.399999618530273 3.5999999046325684
      vertex -4.225380897521973 12.6890230178833 3.5999999046325684
      vertex -4.405292510986328 12.655795097351074 3.5999999046325684
    endloop
  endfacet
  facet normal 0 0 1
    outer loop
      vertex -5.5 12.399999618530273 3.5999999046325684
      vertex -4.405292510986328 12.655795097351074 3.5999999046325684
      vertex -4.584719657897949 12.621183395385742 3.5999999046325684
    endloop
  endfacet
  facet normal 0 0 1
    outer loop
      vertex -5.5 12.399999618530273 3.5999999046325684
      vertex -4.584719657897949 12.621183395385742 3.5999999046325684
      vertex -4.763645172119141 12.58519172668457 3.5999999046325684
    endloop
  endfacet
  facet normal 0 0 1
    outer loop
      vertex -5.5 12.399999618530273 3.5999999046325684
      vertex -4.763645172119141 12.58519172668457 3.5999999046325684
      vertex -4.942048072814941 12.54782485961914 3.5999999046325684
    endloop
  endfacet
  facet normal 0 0 1
    outer loop
      vertex -5.5 12.399999618530273 3.5999999046325684
      vertex -4.942048072814941 12.54782485961914 3.5999999046325684
      vertex -5.119908332824707 12.509085655212402 3.5999999046325684
    endloop
  endfacet
  facet normal 0 0 1
    outer loop
      vertex -5.5 12.399999618530273 3.5999999046325684
      vertex -5.119908332824707 12.509085655212402 3.5999999046325684
      vertex -5.297207832336426 12.468979835510254 3.5999999046325684
    endloop
  endfacet
  facet normal 0 0 1
    outer loop
      vertex -5.5 12.399999618530273 3.5999999046325684
      vertex -5.297207832336426 12.468979835510254 3.5999999046325684
      vertex -5.473926544189453 12.427510261535645 3.5999999046325684
    endloop
  endfacet
  facet normal 0 0 1
    outer loop
      vertex -5.5 12.399999618530273 3.5999999046325684
      vertex -5.473926544189453 12.427510261535645 3.5999999046325684
      vertex -5.5 12.421170234680176 3.5999999046325684
    endloop
  endfacet
  facet normal 0 0 1
    outer loop
      vertex -3.554048538208008 12.799999237060547 3.5999999046325684
      vertex -5.5 12.399999618530273 3.5999999046325684
      vertex 5.5 12.399999618530273 3.5999999046325684
    endloop
  endfacet
  facet normal 0 0.8320502943378437 -0.5547001962252291
    outer loop
      vertex 5.5 12.399999618530273 3.5999999046325684
      vertex 3.554048538208008 12.799999237060547 4.1999993324279785
      vertex 3.6829471588134766 12.78037166595459 4.170557975769043
    endloop
  endfacet
  facet normal 0 0.8320502943378436 -0.554700196225229
    outer loop
      vertex 3.554048538208008 12.799999237060547 4.1999993324279785
      vertex 5.5 12.399999618530273 3.5999999046325684
      vertex -3.554048538208008 12.799999237060547 4.1999993324279785
    endloop
  endfacet
  facet normal 0 0.8320502943378437 -0.5547001962252291
    outer loop
      vertex 5.5 12.399999618530273 3.5999999046325684
      vertex 3.6829471588134766 12.78037166595459 4.170557975769043
      vertex 3.8641891479492188 12.751315116882324 4.1269731521606445
    endloop
  endfacet
  facet normal 0 0.8320502943378436 -0.5547001962252291
    outer loop
      vertex -5.5 12.399999618530273 3.5999999046325684
      vertex -3.554048538208008 12.799999237060547 4.1999993324279785
      vertex 5.5 12.399999618530273 3.5999999046325684
    endloop
  endfacet
  facet normal 0 0.8320502943378437 -0.5547001962252291
    outer loop
      vertex 5.5 12.399999618530273 3.5999999046325684
      vertex 3.8641891479492188 12.751315116882324 4.1269731521606445
      vertex 4.04500675201416 12.720864295959473 4.081296920776367
    endloop
  endfacet
  facet normal 0 0.8320502943378437 -0.5547001962252291
    outer loop
      vertex -3.554048538208008 12.799999237060547 4.1999993324279785
      vertex -5.5 12.399999618530273 3.5999999046325684
      vertex -3.6829471588134766 12.78037166595459 4.170557975769043
    endloop
  endfacet
  facet normal 0 0.8320502943378436 -0.5547001962252291
    outer loop
      vertex 5.5 12.399999618530273 3.5999999046325684
      vertex 4.04500675201416 12.720864295959473 4.081296920776367
      vertex 4.225380897521973 12.6890230178833 4.033535003662109
    endloop
  endfacet
  facet normal 0 0.8320502943378437 -0.5547001962252291
    outer loop
      vertex -3.6829471588134766 12.78037166595459 4.170557975769043
      vertex -5.5 12.399999618530273 3.5999999046325684
      vertex -3.8641891479492188 12.751315116882324 4.1269731521606445
    endloop
  endfacet
  facet normal 0 0.8320502943378437 -0.5547001962252291
    outer loop
      vertex 5.5 12.399999618530273 3.5999999046325684
      vertex 4.225380897521973 12.6890230178833 4.033535003662109
      vertex 4.405292510986328 12.655795097351074 3.9836931228637695
    endloop
  endfacet
  facet normal 0 0.8320502943378437 -0.5547001962252291
    outer loop
      vertex -3.8641891479492188 12.751315116882324 4.1269731521606445
      vertex -5.5 12.399999618530273 3.5999999046325684
      vertex -4.04500675201416 12.720864295959473 4.081296920776367
    endloop
  endfacet
  facet normal 0 0.8320502943378437 -0.5547001962252291
    outer loop
      vertex 5.5 12.399999618530273 3.5999999046325684
      vertex 4.405292510986328 12.655795097351074 3.9836931228637695
      vertex 4.584719657897949 12.621183395385742 3.9317755699157715
    endloop
  endfacet
  facet normal 0 0.8320502943378436 -0.5547001962252291
    outer loop
      vertex -4.04500675201416 12.720864295959473 4.081296920776367
      vertex -5.5 12.399999618530273 3.5999999046325684
      vertex -4.225380897521973 12.6890230178833 4.033535003662109
    endloop
  endfacet
  facet normal 0 0.8320502943378437 -0.5547001962252291
    outer loop
      vertex 5.5 12.399999618530273 3.5999999046325684
      vertex 4.584719657897949 12.621183395385742 3.9317755699157715
      vertex 4.763645172119141 12.58519172668457 3.8777880668640137
    endloop
  endfacet
  facet normal 0 0.8320502943378437 -0.5547001962252291
    outer loop
      vertex -4.225380897521973 12.6890230178833 4.033535003662109
      vertex -5.5 12.399999618530273 3.5999999046325684
      vertex -4.405292510986328 12.655795097351074 3.9836931228637695
    endloop
  endfacet
  facet normal 0 0.8320502943378436 -0.554700196225229
    outer loop
      vertex 5.5 12.399999618530273 3.5999999046325684
      vertex 4.763645172119141 12.58519172668457 3.8777880668640137
      vertex 4.942048072814941 12.54782485961914 3.821737766265869
    endloop
  endfacet
  facet normal 0 0.8320502943378437 -0.5547001962252291
    outer loop
      vertex -4.405292510986328 12.655795097351074 3.9836931228637695
      vertex -5.5 12.399999618530273 3.5999999046325684
      vertex -4.584719657897949 12.621183395385742 3.9317755699157715
    endloop
  endfacet
  facet normal 0 0.8320502943378436 -0.554700196225229
    outer loop
      vertex 5.5 12.399999618530273 3.5999999046325684
      vertex 4.942048072814941 12.54782485961914 3.821737766265869
      vertex 5.119908332824707 12.509085655212402 3.7636289596557617
    endloop
  endfacet
  facet normal 0 0.8320502943378437 -0.5547001962252291
    outer loop
      vertex -4.584719657897949 12.621183395385742 3.9317755699157715
      vertex -5.5 12.399999618530273 3.5999999046325684
      vertex -4.763645172119141 12.58519172668457 3.8777880668640137
    endloop
  endfacet
  facet normal 0 0.8320502943378437 -0.5547001962252291
    outer loop
      vertex 5.5 12.399999618530273 3.5999999046325684
      vertex 5.119908332824707 12.509085655212402 3.7636289596557617
      vertex 5.297207832336426 12.468979835510254 3.703470230102539
    endloop
  endfacet
  facet normal 0 0.8320502943378436 -0.554700196225229
    outer loop
      vertex -4.763645172119141 12.58519172668457 3.8777880668640137
      vertex -5.5 12.399999618530273 3.5999999046325684
      vertex -4.942048072814941 12.54782485961914 3.821737766265869
    endloop
  endfacet
  facet normal 0 0.8320502943378436 -0.554700196225229
    outer loop
      vertex 5.5 12.399999618530273 3.5999999046325684
      vertex 5.297207832336426 12.468979835510254 3.703470230102539
      vertex 5.473926544189453 12.427510261535645 3.641265869140625
    endloop
  endfacet
  facet normal 0 0.8320502943378436 -0.554700196225229
    outer loop
      vertex -4.942048072814941 12.54782485961914 3.821737766265869
      vertex -5.5 12.399999618530273 3.5999999046325684
      vertex -5.119908332824707 12.509085655212402 3.7636289596557617
    endloop
  endfacet
  facet normal -0.000013182615090954419 0.8320464499562332 -0.5547059625977062
    outer loop
      vertex 5.5 12.399999618530273 3.5999999046325684
      vertex 5.473926544189453 12.427510261535645 3.641265869140625
      vertex 5.5 12.421170234680176 3.6317553520202637
    endloop
  endfacet
  facet normal 0 0.8320502943378437 -0.5547001962252291
    outer loop
      vertex -5.119908332824707 12.509085655212402 3.7636289596557617
      vertex -5.5 12.399999618530273 3.5999999046325684
      vertex -5.297207832336426 12.468979835510254 3.703470230102539
    endloop
  endfacet
  facet normal 0 0.8320502943378436 -0.554700196225229
    outer loop
      vertex -5.297207832336426 12.468979835510254 3.703470230102539
      vertex -5.5 12.399999618530273 3.5999999046325684
      vertex -5.473926544189453 12.427510261535645 3.641265869140625
    endloop
  endfacet
  facet normal 0.000013182615090954419 0.8320464499562332 -0.5547059625977062
    outer loop
      vertex -5.473926544189453 12.427510261535645 3.641265869140625
      vertex -5.5 12.399999618530273 3.5999999046325684
      vertex -5.5 12.421170234680176 3.6317553520202637
    endloop
  endfacet
  facet normal 0.19720429167993125 0.9803624163252163 0
    outer loop
      vertex 4.763645172119141 12.58519172668457 3.5899996757507324
      vertex 4.584719657897949 12.621183395385742 3.5999999046325684
      vertex 4.763645172119141 12.58519172668457 3.5999999046325684
    endloop
  endfacet
  facet normal 0.19720429167993125 0.9803624163252163 0
    outer loop
      vertex 4.584719657897949 12.621183395385742 3.5999999046325684
      vertex 4.763645172119141 12.58519172668457 3.5899996757507324
      vertex 4.584719657897949 12.621183395385742 3.5899996757507324
    endloop
  endfacet
  facet normal 0.19720429167993123 0.9803624163252161 0
    outer loop
      vertex 4.763645172119141 12.58519172668457 5.122211456298828
      vertex 4.584719657897949 12.621183395385742 3.9317755699157715
      vertex 4.584719657897949 12.621183395385742 5.06822395324707
    endloop
  endfacet
  facet normal 0.19720429167993125 0.9803624163252163 0
    outer loop
      vertex 4.584719657897949 12.621183395385742 3.9317755699157715
      vertex 4.763645172119141 12.58519172668457 5.122211456298828
      vertex 4.763645172119141 12.58519172668457 3.8777880668640137
    endloop
  endfacet
  facet normal -0.18940929086441305 0.9818982231037188 0
    outer loop
      vertex -4.405292510986328 12.655795097351074 3.5899996757507324
      vertex -4.584719657897949 12.621183395385742 3.5999999046325684
      vertex -4.405292510986328 12.655795097351074 3.5999999046325684
    endloop
  endfacet
  facet normal -0.18940929086441305 0.9818982231037188 0
    outer loop
      vertex -4.584719657897949 12.621183395385742 3.5999999046325684
      vertex -4.405292510986328 12.655795097351074 3.5899996757507324
      vertex -4.584719657897949 12.621183395385742 3.5899996757507324
    endloop
  endfacet
  facet normal -0.18940929086441302 0.9818982231037187 0
    outer loop
      vertex -4.405292510986328 12.655795097351074 3.9836931228637695
      vertex -4.584719657897949 12.621183395385742 5.06822395324707
      vertex -4.405292510986328 12.655795097351074 5.016306400299072
    endloop
  endfacet
  facet normal -0.18940929086441302 0.9818982231037187 0
    outer loop
      vertex -4.584719657897949 12.621183395385742 5.06822395324707
      vertex -4.405292510986328 12.655795097351074 3.9836931228637695
      vertex -4.584719657897949 12.621183395385742 3.9317755699157715
    endloop
  endfacet
  facet normal -0.1582976868056369 0.9873914331975868 0
    outer loop
      vertex -3.6829471588134766 12.78037166595459 3.5899996757507324
      vertex -3.8641891479492188 12.751315116882324 3.5999999046325684
      vertex -3.6829471588134766 12.78037166595459 3.5999999046325684
    endloop
  endfacet
  facet normal -0.1582976868056369 0.9873914331975868 0
    outer loop
      vertex -3.8641891479492188 12.751315116882324 3.5999999046325684
      vertex -3.6829471588134766 12.78037166595459 3.5899996757507324
      vertex -3.8641891479492188 12.751315116882324 3.5899996757507324
    endloop
  endfacet
  facet normal -0.1582976868056369 0.9873914331975868 0
    outer loop
      vertex -3.6829471588134766 12.78037166595459 4.170557975769043
      vertex -3.8641891479492188 12.751315116882324 4.873025894165039
      vertex -3.6829471588134766 12.78037166595459 4.829441070556641
    endloop
  endfacet
  facet normal -0.1582976868056369 0.9873914331975867 0
    outer loop
      vertex -3.8641891479492188 12.751315116882324 4.873025894165039
      vertex -3.6829471588134766 12.78037166595459 4.170557975769043
      vertex -3.8641891479492188 12.751315116882324 4.1269731521606445
    endloop
  endfacet
  facet normal 0.16606785044307681 0.9861143285893457 0
    outer loop
      vertex 4.04500675201416 12.720864295959473 3.5899996757507324
      vertex 3.8641891479492188 12.751315116882324 3.5999999046325684
      vertex 4.04500675201416 12.720864295959473 3.5999999046325684
    endloop
  endfacet
  facet normal 0.16606785044307681 0.9861143285893457 0
    outer loop
      vertex 3.8641891479492188 12.751315116882324 3.5999999046325684
      vertex 4.04500675201416 12.720864295959473 3.5899996757507324
      vertex 3.8641891479492188 12.751315116882324 3.5899996757507324
    endloop
  endfacet
  facet normal 0.16606785044307681 0.9861143285893456 0
    outer loop
      vertex 4.04500675201416 12.720864295959473 4.918702125549316
      vertex 3.8641891479492188 12.751315116882324 4.1269731521606445
      vertex 3.8641891479492188 12.751315116882324 4.873025894165039
    endloop
  endfacet
  facet normal 0.16606785044307681 0.9861143285893457 0
    outer loop
      vertex 3.8641891479492188 12.751315116882324 4.1269731521606445
      vertex 4.04500675201416 12.720864295959473 4.918702125549316
      vertex 4.04500675201416 12.720864295959473 4.081296920776367
    endloop
  endfacet
  facet normal -0.21281744387255314 0.9770919790805535 0
    outer loop
      vertex -4.942048072814941 12.54782485961914 3.5899996757507324
      vertex -5.119908332824707 12.509085655212402 3.5999999046325684
      vertex -4.942048072814941 12.54782485961914 3.5999999046325684
    endloop
  endfacet
  facet normal -0.21281744387255314 0.9770919790805535 0
    outer loop
      vertex -5.119908332824707 12.509085655212402 3.5999999046325684
      vertex -4.942048072814941 12.54782485961914 3.5899996757507324
      vertex -5.119908332824707 12.509085655212402 3.5899996757507324
    endloop
  endfacet
  facet normal -0.21281744387255314 0.9770919790805535 0
    outer loop
      vertex -4.942048072814941 12.54782485961914 3.821737766265869
      vertex -5.119908332824707 12.509085655212402 5.23637056350708
      vertex -4.942048072814941 12.54782485961914 5.178261756896973
    endloop
  endfacet
  facet normal -0.21281744387255316 0.9770919790805535 0
    outer loop
      vertex -5.119908332824707 12.509085655212402 5.23637056350708
      vertex -4.942048072814941 12.54782485961914 3.821737766265869
      vertex -5.119908332824707 12.509085655212402 3.7636289596557617
    endloop
  endfacet
  facet normal -0.2206296059101169 0.9753576661901758 0
    outer loop
      vertex -5.119908332824707 12.509085655212402 3.5899996757507324
      vertex -5.297207832336426 12.468979835510254 3.5999999046325684
      vertex -5.119908332824707 12.509085655212402 3.5999999046325684
    endloop
  endfacet
  facet normal -0.2206296059101169 0.9753576661901758 0
    outer loop
      vertex -5.297207832336426 12.468979835510254 3.5999999046325684
      vertex -5.119908332824707 12.509085655212402 3.5899996757507324
      vertex -5.297207832336426 12.468979835510254 3.5899996757507324
    endloop
  endfacet
  facet normal -0.2206296059101169 0.9753576661901758 0
    outer loop
      vertex -5.119908332824707 12.509085655212402 3.7636289596557617
      vertex -5.297207832336426 12.468979835510254 5.296529293060303
      vertex -5.119908332824707 12.509085655212402 5.23637056350708
    endloop
  endfacet
  facet normal -0.2206296059101169 0.9753576661901758 0
    outer loop
      vertex -5.297207832336426 12.468979835510254 5.296529293060303
      vertex -5.119908332824707 12.509085655212402 3.7636289596557617
      vertex -5.297207832336426 12.468979835510254 3.703470230102539
    endloop
  endfacet
  facet normal 0.1582976868056369 0.9873914331975868 0
    outer loop
      vertex 3.8641891479492188 12.751315116882324 3.5899996757507324
      vertex 3.6829471588134766 12.78037166595459 3.5999999046325684
      vertex 3.8641891479492188 12.751315116882324 3.5999999046325684
    endloop
  endfacet
  facet normal 0.1582976868056369 0.9873914331975868 0
    outer loop
      vertex 3.6829471588134766 12.78037166595459 3.5999999046325684
      vertex 3.8641891479492188 12.751315116882324 3.5899996757507324
      vertex 3.6829471588134766 12.78037166595459 3.5899996757507324
    endloop
  endfacet
  facet normal 0.1582976868056369 0.9873914331975868 0
    outer loop
      vertex 3.8641891479492188 12.751315116882324 4.873025894165039
      vertex 3.6829471588134766 12.78037166595459 4.170557975769043
      vertex 3.6829471588134766 12.78037166595459 4.829441070556641
    endloop
  endfacet
  facet normal 0.1582976868056369 0.9873914331975867 0
    outer loop
      vertex 3.6829471588134766 12.78037166595459 4.170557975769043
      vertex 3.8641891479492188 12.751315116882324 4.873025894165039
      vertex 3.8641891479492188 12.751315116882324 4.1269731521606445
    endloop
  endfacet
  facet normal -0.18161867101582438 0.9833690346652398 0
    outer loop
      vertex -4.225380897521973 12.6890230178833 3.5899996757507324
      vertex -4.405292510986328 12.655795097351074 3.5999999046325684
      vertex -4.225380897521973 12.6890230178833 3.5999999046325684
    endloop
  endfacet
  facet normal -0.18161867101582438 0.9833690346652398 0
    outer loop
      vertex -4.405292510986328 12.655795097351074 3.5999999046325684
      vertex -4.225380897521973 12.6890230178833 3.5899996757507324
      vertex -4.405292510986328 12.655795097351074 3.5899996757507324
    endloop
  endfacet
  facet normal -0.18161867101582438 0.9833690346652398 0
    outer loop
      vertex -4.225380897521973 12.6890230178833 4.033535003662109
      vertex -4.405292510986328 12.655795097351074 5.016306400299072
      vertex -4.225380897521973 12.6890230178833 4.966464042663574
    endloop
  endfacet
  facet normal -0.1816186710158244 0.98336903466524 0
    outer loop
      vertex -4.405292510986328 12.655795097351074 5.016306400299072
      vertex -4.225380897521973 12.6890230178833 4.033535003662109
      vertex -4.405292510986328 12.655795097351074 3.9836931228637695
    endloop
  endfacet
  facet normal 0.2362753985030004 0.9716861304259974 0
    outer loop
      vertex 5.5 12.421170234680176 3.5899996757507324
      vertex 5.473926544189453 12.427510261535645 3.5999999046325684
      vertex 5.5 12.421170234680176 3.5999999046325684
    endloop
  endfacet
  facet normal 0.2362753985030004 0.9716861304259974 0
    outer loop
      vertex 5.473926544189453 12.427510261535645 3.5999999046325684
      vertex 5.5 12.421170234680176 3.5899996757507324
      vertex 5.473926544189453 12.427510261535645 3.5899996757507324
    endloop
  endfacet
  facet normal 0.2362753985030004 0.9716861304259974 0
    outer loop
      vertex 5.5 12.421170234680176 5.368244647979736
      vertex 5.473926544189453 12.427510261535645 3.641265869140625
      vertex 5.473926544189453 12.427510261535645 5.358734130859375
    endloop
  endfacet
  facet normal 0.2362753985030004 0.9716861304259974 0
    outer loop
      vertex 5.473926544189453 12.427510261535645 3.641265869140625
      vertex 5.5 12.421170234680176 5.368244647979736
      vertex 5.5 12.421170234680176 3.6317553520202637
    endloop
  endfacet
  facet normal 0.2206296059101169 0.9753576661901758 0
    outer loop
      vertex 5.297207832336426 12.468979835510254 3.5899996757507324
      vertex 5.119908332824707 12.509085655212402 3.5999999046325684
      vertex 5.297207832336426 12.468979835510254 3.5999999046325684
    endloop
  endfacet
  facet normal 0.2206296059101169 0.9753576661901758 0
    outer loop
      vertex 5.119908332824707 12.509085655212402 3.5999999046325684
      vertex 5.297207832336426 12.468979835510254 3.5899996757507324
      vertex 5.119908332824707 12.509085655212402 3.5899996757507324
    endloop
  endfacet
  facet normal 0.2206296059101169 0.9753576661901758 0
    outer loop
      vertex 5.297207832336426 12.468979835510254 5.296529293060303
      vertex 5.119908332824707 12.509085655212402 3.7636289596557617
      vertex 5.119908332824707 12.509085655212402 5.23637056350708
    endloop
  endfacet
  facet normal 0.2206296059101169 0.9753576661901758 0
    outer loop
      vertex 5.119908332824707 12.509085655212402 3.7636289596557617
      vertex 5.297207832336426 12.468979835510254 5.296529293060303
      vertex 5.297207832336426 12.468979835510254 3.703470230102539
    endloop
  endfacet
  facet normal -0.15053617376005599 0.9886045015018302 0
    outer loop
      vertex -3.554048538208008 12.799999237060547 3.5899996757507324
      vertex -3.6829471588134766 12.78037166595459 3.5999999046325684
      vertex -3.554048538208008 12.799999237060547 3.5999999046325684
    endloop
  endfacet
  facet normal -0.15053617376005599 0.9886045015018302 0
    outer loop
      vertex -3.6829471588134766 12.78037166595459 3.5999999046325684
      vertex -3.554048538208008 12.799999237060547 3.5899996757507324
      vertex -3.6829471588134766 12.78037166595459 3.5899996757507324
    endloop
  endfacet
  facet normal -0.15053617376005599 0.9886045015018301 0
    outer loop
      vertex -3.554048538208008 12.799999237060547 4.1999993324279785
      vertex -3.6829471588134766 12.78037166595459 4.829441070556641
      vertex -3.554048538208008 12.799999237060547 4.799999713897705
    endloop
  endfacet
  facet normal -0.15053617376005599 0.9886045015018302 0
    outer loop
      vertex -3.6829471588134766 12.78037166595459 4.829441070556641
      vertex -3.554048538208008 12.799999237060547 4.1999993324279785
      vertex -3.6829471588134766 12.78037166595459 4.170557975769043
    endloop
  endfacet
  facet normal 0.2284583035275619 0.9735536983388787 0
    outer loop
      vertex 5.473926544189453 12.427510261535645 3.5899996757507324
      vertex 5.297207832336426 12.468979835510254 3.5999999046325684
      vertex 5.473926544189453 12.427510261535645 3.5999999046325684
    endloop
  endfacet
  facet normal 0.2284583035275619 0.9735536983388787 0
    outer loop
      vertex 5.297207832336426 12.468979835510254 3.5999999046325684
      vertex 5.473926544189453 12.427510261535645 3.5899996757507324
      vertex 5.297207832336426 12.468979835510254 3.5899996757507324
    endloop
  endfacet
  facet normal 0.22845830352756188 0.9735536983388787 0
    outer loop
      vertex 5.473926544189453 12.427510261535645 5.358734130859375
      vertex 5.297207832336426 12.468979835510254 3.703470230102539
      vertex 5.297207832336426 12.468979835510254 5.296529293060303
    endloop
  endfacet
  facet normal 0.22845830352756186 0.9735536983388786 0
    outer loop
      vertex 5.297207832336426 12.468979835510254 3.703470230102539
      vertex 5.473926544189453 12.427510261535645 5.358734130859375
      vertex 5.473926544189453 12.427510261535645 3.641265869140625
    endloop
  endfacet
  facet normal 0.20500361862921612 0.9787612151842384 0
    outer loop
      vertex 4.942048072814941 12.54782485961914 3.5899996757507324
      vertex 4.763645172119141 12.58519172668457 3.5999999046325684
      vertex 4.942048072814941 12.54782485961914 3.5999999046325684
    endloop
  endfacet
  facet normal 0.20500361862921612 0.9787612151842384 0
    outer loop
      vertex 4.763645172119141 12.58519172668457 3.5999999046325684
      vertex 4.942048072814941 12.54782485961914 3.5899996757507324
      vertex 4.763645172119141 12.58519172668457 3.5899996757507324
    endloop
  endfacet
  facet normal 0.20500361862921612 0.9787612151842384 0
    outer loop
      vertex 4.942048072814941 12.54782485961914 5.178261756896973
      vertex 4.763645172119141 12.58519172668457 3.8777880668640137
      vertex 4.763645172119141 12.58519172668457 5.122211456298828
    endloop
  endfacet
  facet normal 0.2050036186292161 0.9787612151842384 0
    outer loop
      vertex 4.763645172119141 12.58519172668457 3.8777880668640137
      vertex 4.942048072814941 12.54782485961914 5.178261756896973
      vertex 4.942048072814941 12.54782485961914 3.821737766265869
    endloop
  endfacet
  facet normal 0.17384117457339193 0.9847737029505528 0
    outer loop
      vertex 4.225380897521973 12.6890230178833 3.5899996757507324
      vertex 4.04500675201416 12.720864295959473 3.5999999046325684
      vertex 4.225380897521973 12.6890230178833 3.5999999046325684
    endloop
  endfacet
  facet normal 0.17384117457339193 0.9847737029505528 0
    outer loop
      vertex 4.04500675201416 12.720864295959473 3.5999999046325684
      vertex 4.225380897521973 12.6890230178833 3.5899996757507324
      vertex 4.04500675201416 12.720864295959473 3.5899996757507324
    endloop
  endfacet
  facet normal 0.17384117457339193 0.9847737029505528 0
    outer loop
      vertex 4.225380897521973 12.6890230178833 4.966464042663574
      vertex 4.04500675201416 12.720864295959473 4.081296920776367
      vertex 4.04500675201416 12.720864295959473 4.918702125549316
    endloop
  endfacet
  facet normal 0.17384117457339193 0.9847737029505528 0
    outer loop
      vertex 4.04500675201416 12.720864295959473 4.081296920776367
      vertex 4.225380897521973 12.6890230178833 4.966464042663574
      vertex 4.225380897521973 12.6890230178833 4.033535003662109
    endloop
  endfacet
  facet normal 0.18940929086441305 0.9818982231037188 0
    outer loop
      vertex 4.584719657897949 12.621183395385742 3.5899996757507324
      vertex 4.405292510986328 12.655795097351074 3.5999999046325684
      vertex 4.584719657897949 12.621183395385742 3.5999999046325684
    endloop
  endfacet
  facet normal 0.18940929086441305 0.9818982231037188 0
    outer loop
      vertex 4.405292510986328 12.655795097351074 3.5999999046325684
      vertex 4.584719657897949 12.621183395385742 3.5899996757507324
      vertex 4.405292510986328 12.655795097351074 3.5899996757507324
    endloop
  endfacet
  facet normal 0.18940929086441302 0.9818982231037187 0
    outer loop
      vertex 4.584719657897949 12.621183395385742 5.06822395324707
      vertex 4.405292510986328 12.655795097351074 3.9836931228637695
      vertex 4.405292510986328 12.655795097351074 5.016306400299072
    endloop
  endfacet
  facet normal 0.18940929086441302 0.9818982231037187 0
    outer loop
      vertex 4.405292510986328 12.655795097351074 3.9836931228637695
      vertex 4.584719657897949 12.621183395385742 5.06822395324707
      vertex 4.584719657897949 12.621183395385742 3.9317755699157715
    endloop
  endfacet
  facet normal -0.16606785044307681 0.9861143285893457 0
    outer loop
      vertex -3.8641891479492188 12.751315116882324 3.5899996757507324
      vertex -4.04500675201416 12.720864295959473 3.5999999046325684
      vertex -3.8641891479492188 12.751315116882324 3.5999999046325684
    endloop
  endfacet
  facet normal -0.16606785044307681 0.9861143285893457 0
    outer loop
      vertex -4.04500675201416 12.720864295959473 3.5999999046325684
      vertex -3.8641891479492188 12.751315116882324 3.5899996757507324
      vertex -4.04500675201416 12.720864295959473 3.5899996757507324
    endloop
  endfacet
  facet normal -0.16606785044307681 0.9861143285893456 0
    outer loop
      vertex -3.8641891479492188 12.751315116882324 4.1269731521606445
      vertex -4.04500675201416 12.720864295959473 4.918702125549316
      vertex -3.8641891479492188 12.751315116882324 4.873025894165039
    endloop
  endfacet
  facet normal -0.16606785044307681 0.9861143285893457 0
    outer loop
      vertex -4.04500675201416 12.720864295959473 4.918702125549316
      vertex -3.8641891479492188 12.751315116882324 4.1269731521606445
      vertex -4.04500675201416 12.720864295959473 4.081296920776367
    endloop
  endfacet
  facet normal 0.15053617376005599 0.9886045015018302 0
    outer loop
      vertex 3.6829471588134766 12.78037166595459 3.5899996757507324
      vertex 3.554048538208008 12.799999237060547 3.5999999046325684
      vertex 3.6829471588134766 12.78037166595459 3.5999999046325684
    endloop
  endfacet
  facet normal 0.15053617376005599 0.9886045015018302 0
    outer loop
      vertex 3.554048538208008 12.799999237060547 3.5999999046325684
      vertex 3.6829471588134766 12.78037166595459 3.5899996757507324
      vertex 3.554048538208008 12.799999237060547 3.5899996757507324
    endloop
  endfacet
  facet normal 0.15053617376005599 0.9886045015018301 0
    outer loop
      vertex 3.6829471588134766 12.78037166595459 4.829441070556641
      vertex 3.554048538208008 12.799999237060547 4.1999993324279785
      vertex 3.554048538208008 12.799999237060547 4.799999713897705
    endloop
  endfacet
  facet normal 0.15053617376005599 0.9886045015018302 0
    outer loop
      vertex 3.554048538208008 12.799999237060547 4.1999993324279785
      vertex 3.6829471588134766 12.78037166595459 4.829441070556641
      vertex 3.6829471588134766 12.78037166595459 4.170557975769043
    endloop
  endfacet
  facet normal -0.2284583035275619 0.9735536983388787 0
    outer loop
      vertex -5.297207832336426 12.468979835510254 3.5899996757507324
      vertex -5.473926544189453 12.427510261535645 3.5999999046325684
      vertex -5.297207832336426 12.468979835510254 3.5999999046325684
    endloop
  endfacet
  facet normal -0.2284583035275619 0.9735536983388787 0
    outer loop
      vertex -5.473926544189453 12.427510261535645 3.5999999046325684
      vertex -5.297207832336426 12.468979835510254 3.5899996757507324
      vertex -5.473926544189453 12.427510261535645 3.5899996757507324
    endloop
  endfacet
  facet normal -0.22845830352756188 0.9735536983388787 0
    outer loop
      vertex -5.297207832336426 12.468979835510254 3.703470230102539
      vertex -5.473926544189453 12.427510261535645 5.358734130859375
      vertex -5.297207832336426 12.468979835510254 5.296529293060303
    endloop
  endfacet
  facet normal -0.22845830352756186 0.9735536983388786 0
    outer loop
      vertex -5.473926544189453 12.427510261535645 5.358734130859375
      vertex -5.297207832336426 12.468979835510254 3.703470230102539
      vertex -5.473926544189453 12.427510261535645 3.641265869140625
    endloop
  endfacet
  facet normal 0.21281744387255314 0.9770919790805535 0
    outer loop
      vertex 5.119908332824707 12.509085655212402 3.5899996757507324
      vertex 4.942048072814941 12.54782485961914 3.5999999046325684
      vertex 5.119908332824707 12.509085655212402 3.5999999046325684
    endloop
  endfacet
  facet normal 0.21281744387255314 0.9770919790805535 0
    outer loop
      vertex 4.942048072814941 12.54782485961914 3.5999999046325684
      vertex 5.119908332824707 12.509085655212402 3.5899996757507324
      vertex 4.942048072814941 12.54782485961914 3.5899996757507324
    endloop
  endfacet
  facet normal 0.21281744387255314 0.9770919790805535 0
    outer loop
      vertex 5.119908332824707 12.509085655212402 5.23637056350708
      vertex 4.942048072814941 12.54782485961914 3.821737766265869
      vertex 4.942048072814941 12.54782485961914 5.178261756896973
    endloop
  endfacet
  facet normal 0.21281744387255316 0.9770919790805535 0
    outer loop
      vertex 4.942048072814941 12.54782485961914 3.821737766265869
      vertex 5.119908332824707 12.509085655212402 5.23637056350708
      vertex 5.119908332824707 12.509085655212402 3.7636289596557617
    endloop
  endfacet
  facet normal -0.2362753985030004 0.9716861304259974 0
    outer loop
      vertex -5.473926544189453 12.427510261535645 3.5899996757507324
      vertex -5.5 12.421170234680176 3.5999999046325684
      vertex -5.473926544189453 12.427510261535645 3.5999999046325684
    endloop
  endfacet
  facet normal -0.2362753985030004 0.9716861304259974 0
    outer loop
      vertex -5.5 12.421170234680176 3.5999999046325684
      vertex -5.473926544189453 12.427510261535645 3.5899996757507324
      vertex -5.5 12.421170234680176 3.5899996757507324
    endloop
  endfacet
  facet normal -0.2362753985030004 0.9716861304259974 0
    outer loop
      vertex -5.473926544189453 12.427510261535645 3.641265869140625
      vertex -5.5 12.421170234680176 5.368244647979736
      vertex -5.473926544189453 12.427510261535645 5.358734130859375
    endloop
  endfacet
  facet normal -0.2362753985030004 0.9716861304259974 0
    outer loop
      vertex -5.5 12.421170234680176 5.368244647979736
      vertex -5.473926544189453 12.427510261535645 3.641265869140625
      vertex -5.5 12.421170234680176 3.6317553520202637
    endloop
  endfacet
  facet normal -0.17384117457339193 0.9847737029505528 0
    outer loop
      vertex -4.04500675201416 12.720864295959473 3.5899996757507324
      vertex -4.225380897521973 12.6890230178833 3.5999999046325684
      vertex -4.04500675201416 12.720864295959473 3.5999999046325684
    endloop
  endfacet
  facet normal -0.17384117457339193 0.9847737029505528 0
    outer loop
      vertex -4.225380897521973 12.6890230178833 3.5999999046325684
      vertex -4.04500675201416 12.720864295959473 3.5899996757507324
      vertex -4.225380897521973 12.6890230178833 3.5899996757507324
    endloop
  endfacet
  facet normal -0.17384117457339193 0.9847737029505528 0
    outer loop
      vertex -4.04500675201416 12.720864295959473 4.081296920776367
      vertex -4.225380897521973 12.6890230178833 4.966464042663574
      vertex -4.04500675201416 12.720864295959473 4.918702125549316
    endloop
  endfacet
  facet normal -0.17384117457339193 0.9847737029505528 0
    outer loop
      vertex -4.225380897521973 12.6890230178833 4.966464042663574
      vertex -4.04500675201416 12.720864295959473 4.081296920776367
      vertex -4.225380897521973 12.6890230178833 4.033535003662109
    endloop
  endfacet
  facet normal -0.19720429167993125 0.9803624163252163 0
    outer loop
      vertex -4.584719657897949 12.621183395385742 3.5899996757507324
      vertex -4.763645172119141 12.58519172668457 3.5999999046325684
      vertex -4.584719657897949 12.621183395385742 3.5999999046325684
    endloop
  endfacet
  facet normal -0.19720429167993125 0.9803624163252163 0
    outer loop
      vertex -4.763645172119141 12.58519172668457 3.5999999046325684
      vertex -4.584719657897949 12.621183395385742 3.5899996757507324
      vertex -4.763645172119141 12.58519172668457 3.5899996757507324
    endloop
  endfacet
  facet normal -0.19720429167993123 0.9803624163252161 0
    outer loop
      vertex -4.584719657897949 12.621183395385742 3.9317755699157715
      vertex -4.763645172119141 12.58519172668457 5.122211456298828
      vertex -4.584719657897949 12.621183395385742 5.06822395324707
    endloop
  endfacet
  facet normal -0.19720429167993125 0.9803624163252163 0
    outer loop
      vertex -4.763645172119141 12.58519172668457 5.122211456298828
      vertex -4.584719657897949 12.621183395385742 3.9317755699157715
      vertex -4.763645172119141 12.58519172668457 3.8777880668640137
    endloop
  endfacet
  facet normal 0.18161867101582438 0.9833690346652398 0
    outer loop
      vertex 4.405292510986328 12.655795097351074 3.5899996757507324
      vertex 4.225380897521973 12.6890230178833 3.5999999046325684
      vertex 4.405292510986328 12.655795097351074 3.5999999046325684
    endloop
  endfacet
  facet normal 0.18161867101582438 0.9833690346652398 0
    outer loop
      vertex 4.225380897521973 12.6890230178833 3.5999999046325684
      vertex 4.405292510986328 12.655795097351074 3.5899996757507324
      vertex 4.225380897521973 12.6890230178833 3.5899996757507324
    endloop
  endfacet
  facet normal 0.18161867101582438 0.9833690346652398 0
    outer loop
      vertex 4.405292510986328 12.655795097351074 5.016306400299072
      vertex 4.225380897521973 12.6890230178833 4.033535003662109
      vertex 4.225380897521973 12.6890230178833 4.966464042663574
    endloop
  endfacet
  facet normal 0.1816186710158244 0.98336903466524 0
    outer loop
      vertex 4.225380897521973 12.6890230178833 4.033535003662109
      vertex 4.405292510986328 12.655795097351074 5.016306400299072
      vertex 4.405292510986328 12.655795097351074 3.9836931228637695
    endloop
  endfacet
  facet normal -0.20500361862921612 0.9787612151842384 0
    outer loop
      vertex -4.763645172119141 12.58519172668457 3.5899996757507324
      vertex -4.942048072814941 12.54782485961914 3.5999999046325684
      vertex -4.763645172119141 12.58519172668457 3.5999999046325684
    endloop
  endfacet
  facet normal -0.20500361862921612 0.9787612151842384 0
    outer loop
      vertex -4.942048072814941 12.54782485961914 3.5999999046325684
      vertex -4.763645172119141 12.58519172668457 3.5899996757507324
      vertex -4.942048072814941 12.54782485961914 3.5899996757507324
    endloop
  endfacet
  facet normal -0.20500361862921612 0.9787612151842384 0
    outer loop
      vertex -4.763645172119141 12.58519172668457 3.8777880668640137
      vertex -4.942048072814941 12.54782485961914 5.178261756896973
      vertex -4.763645172119141 12.58519172668457 5.122211456298828
    endloop
  endfacet
  facet normal -0.2050036186292161 0.9787612151842384 0
    outer loop
      vertex -4.942048072814941 12.54782485961914 5.178261756896973
      vertex -4.763645172119141 12.58519172668457 3.8777880668640137
      vertex -4.942048072814941 12.54782485961914 3.821737766265869
    endloop
  endfacet
  facet normal -1 0 0
    outer loop
      vertex -12.799999237060547 -3.554048538208008 3.5899996757507324
      vertex -12.799999237060547 3.554048538208008 3.5999999046325684
      vertex -12.799999237060547 3.554048538208008 3.5899996757507324
    endloop
  endfacet
  facet normal -1 0 0
    outer loop
      vertex -12.799999237060547 3.554048538208008 3.5999999046325684
      vertex -12.799999237060547 -3.554048538208008 3.5899996757507324
      vertex -12.799999237060547 -3.554048538208008 3.5999999046325684
    endloop
  endfacet
  facet normal -1 0 0
    outer loop
      vertex -12.799999237060547 -3.554048538208008 4.1999993324279785
      vertex -12.799999237060547 3.554048538208008 4.799999713897705
      vertex -12.799999237060547 3.554048538208008 4.1999993324279785
    endloop
  endfacet
  facet normal -1 0 0
    outer loop
      vertex -12.799999237060547 3.554048538208008 4.799999713897705
      vertex -12.799999237060547 -3.554048538208008 4.1999993324279785
      vertex -12.799999237060547 -3.554048538208008 4.799999713897705
    endloop
  endfacet
  facet normal 0 0 -1
    outer loop
      vertex -12.427510261535645 -5.473926544189453 3.5899996757507324
      vertex -12.399999618530273 -5.5 3.5899996757507324
      vertex -12.421170234680176 -5.5 3.5899996757507324
    endloop
  endfacet
  facet normal 0 0 -1
    outer loop
      vertex -12.468979835510254 -5.297207832336426 3.5899996757507324
      vertex -12.399999618530273 -5.5 3.5899996757507324
      vertex -12.427510261535645 -5.473926544189453 3.5899996757507324
    endloop
  endfacet
  facet normal 0 0 -1
    outer loop
      vertex -12.509085655212402 -5.119908332824707 3.5899996757507324
      vertex -12.399999618530273 -5.5 3.5899996757507324
      vertex -12.468979835510254 -5.297207832336426 3.5899996757507324
    endloop
  endfacet
  facet normal 0 0 -1
    outer loop
      vertex -12.399999618530273 5.5 3.5899996757507324
      vertex -12.427510261535645 5.473926544189453 3.5899996757507324
      vertex -12.421170234680176 5.5 3.5899996757507324
    endloop
  endfacet
  facet normal 0 0 -1
    outer loop
      vertex -12.54782485961914 -4.942048072814941 3.5899996757507324
      vertex -12.399999618530273 -5.5 3.5899996757507324
      vertex -12.509085655212402 -5.119908332824707 3.5899996757507324
    endloop
  endfacet
  facet normal 0 0 -1
    outer loop
      vertex -12.399999618530273 5.5 3.5899996757507324
      vertex -12.468979835510254 5.297207832336426 3.5899996757507324
      vertex -12.427510261535645 5.473926544189453 3.5899996757507324
    endloop
  endfacet
  facet normal 0 0 -1
    outer loop
      vertex -12.58519172668457 -4.763645172119141 3.5899996757507324
      vertex -12.399999618530273 -5.5 3.5899996757507324
      vertex -12.54782485961914 -4.942048072814941 3.5899996757507324
    endloop
  endfacet
  facet normal 0 0 -1
    outer loop
      vertex -12.399999618530273 5.5 3.5899996757507324
      vertex -12.509085655212402 5.119908332824707 3.5899996757507324
      vertex -12.468979835510254 5.297207832336426 3.5899996757507324
    endloop
  endfacet
  facet normal 0 0 -1
    outer loop
      vertex -12.621183395385742 -4.584719657897949 3.5899996757507324
      vertex -12.399999618530273 -5.5 3.5899996757507324
      vertex -12.58519172668457 -4.763645172119141 3.5899996757507324
    endloop
  endfacet
  facet normal 0 0 -1
    outer loop
      vertex -12.399999618530273 5.5 3.5899996757507324
      vertex -12.54782485961914 4.942048072814941 3.5899996757507324
      vertex -12.509085655212402 5.119908332824707 3.5899996757507324
    endloop
  endfacet
  facet normal 0 0 -1
    outer loop
      vertex -12.655795097351074 -4.405292510986328 3.5899996757507324
      vertex -12.399999618530273 -5.5 3.5899996757507324
      vertex -12.621183395385742 -4.584719657897949 3.5899996757507324
    endloop
  endfacet
  facet normal 0 0 -1
    outer loop
      vertex -12.399999618530273 5.5 3.5899996757507324
      vertex -12.58519172668457 4.763645172119141 3.5899996757507324
      vertex -12.54782485961914 4.942048072814941 3.5899996757507324
    endloop
  endfacet
  facet normal 0 0 -1
    outer loop
      vertex -12.6890230178833 -4.225380897521973 3.5899996757507324
      vertex -12.399999618530273 -5.5 3.5899996757507324
      vertex -12.655795097351074 -4.405292510986328 3.5899996757507324
    endloop
  endfacet
  facet normal 0 0 -1
    outer loop
      vertex -12.399999618530273 5.5 3.5899996757507324
      vertex -12.621183395385742 4.584719657897949 3.5899996757507324
      vertex -12.58519172668457 4.763645172119141 3.5899996757507324
    endloop
  endfacet
  facet normal 0 0 -1
    outer loop
      vertex -12.720864295959473 -4.04500675201416 3.5899996757507324
      vertex -12.399999618530273 -5.5 3.5899996757507324
      vertex -12.6890230178833 -4.225380897521973 3.5899996757507324
    endloop
  endfacet
  facet normal 0 0 -1
    outer loop
      vertex -12.399999618530273 5.5 3.5899996757507324
      vertex -12.655795097351074 4.405292510986328 3.5899996757507324
      vertex -12.621183395385742 4.584719657897949 3.5899996757507324
    endloop
  endfacet
  facet normal 0 0 -1
    outer loop
      vertex -12.751315116882324 -3.8641891479492188 3.5899996757507324
      vertex -12.399999618530273 -5.5 3.5899996757507324
      vertex -12.720864295959473 -4.04500675201416 3.5899996757507324
    endloop
  endfacet
  facet normal 0 0 -1
    outer loop
      vertex -12.399999618530273 5.5 3.5899996757507324
      vertex -12.6890230178833 4.225380897521973 3.5899996757507324
      vertex -12.655795097351074 4.405292510986328 3.5899996757507324
    endloop
  endfacet
  facet normal 0 0 -1
    outer loop
      vertex -12.78037166595459 -3.6829471588134766 3.5899996757507324
      vertex -12.399999618530273 -5.5 3.5899996757507324
      vertex -12.751315116882324 -3.8641891479492188 3.5899996757507324
    endloop
  endfacet
  facet normal 0 0 -1
    outer loop
      vertex -12.399999618530273 5.5 3.5899996757507324
      vertex -12.720864295959473 4.04500675201416 3.5899996757507324
      vertex -12.6890230178833 4.225380897521973 3.5899996757507324
    endloop
  endfacet
  facet normal 0 0 -1
    outer loop
      vertex -12.799999237060547 -3.554048538208008 3.5899996757507324
      vertex -12.399999618530273 -5.5 3.5899996757507324
      vertex -12.78037166595459 -3.6829471588134766 3.5899996757507324
    endloop
  endfacet
  facet normal 0 0 -1
    outer loop
      vertex -12.399999618530273 5.5 3.5899996757507324
      vertex -12.751315116882324 3.8641891479492188 3.5899996757507324
      vertex -12.720864295959473 4.04500675201416 3.5899996757507324
    endloop
  endfacet
  facet normal 0 0 -1
    outer loop
      vertex -12.399999618530273 -5.5 3.5899996757507324
      vertex -12.799999237060547 -3.554048538208008 3.5899996757507324
      vertex -12.399999618530273 5.5 3.5899996757507324
    endloop
  endfacet
  facet normal 0 0 -1
    outer loop
      vertex -12.399999618530273 5.5 3.5899996757507324
      vertex -12.78037166595459 3.6829471588134766 3.5899996757507324
      vertex -12.751315116882324 3.8641891479492188 3.5899996757507324
    endloop
  endfacet
  facet normal 0 0 -1
    outer loop
      vertex -12.799999237060547 3.554048538208008 3.5899996757507324
      vertex -12.399999618530273 5.5 3.5899996757507324
      vertex -12.799999237060547 -3.554048538208008 3.5899996757507324
    endloop
  endfacet
  facet normal 0 0 -1
    outer loop
      vertex -12.399999618530273 5.5 3.5899996757507324
      vertex -12.799999237060547 3.554048538208008 3.5899996757507324
      vertex -12.78037166595459 3.6829471588134766 3.5899996757507324
    endloop
  endfacet
  facet normal 1 0 0
    outer loop
      vertex -12.399999618530273 -5.5 5.400000095367432
      vertex -12.399999618530273 5.5 3.5999999046325684
      vertex -12.399999618530273 5.5 5.400000095367432
    endloop
  endfacet
  facet normal 1 0 0
    outer loop
      vertex -12.399999618530273 5.5 3.5999999046325684
      vertex -12.399999618530273 -5.5 5.400000095367432
      vertex -12.399999618530273 -5.5 3.5999999046325684
    endloop
  endfacet
  facet normal 1 0 0
    outer loop
      vertex -12.399999618530273 -5.5 3.5999999046325684
      vertex -12.399999618530273 5.5 3.5899996757507324
      vertex -12.399999618530273 5.5 3.5999999046325684
    endloop
  endfacet
  facet normal 1 0 0
    outer loop
      vertex -12.399999618530273 5.5 3.5899996757507324
      vertex -12.399999618530273 -5.5 3.5999999046325684
      vertex -12.399999618530273 -5.5 3.5899996757507324
    endloop
  endfacet
  facet normal 0 -1 0
    outer loop
      vertex -12.421170234680176 -5.5 3.6317553520202637
      vertex -12.399999618530273 -5.5 5.400000095367432
      vertex -12.421170234680176 -5.5 5.368244647979736
    endloop
  endfacet
  facet normal 0 -1 0
    outer loop
      vertex -12.399999618530273 -5.5 5.400000095367432
      vertex -12.421170234680176 -5.5 3.6317553520202637
      vertex -12.399999618530273 -5.5 3.5999999046325684
    endloop
  endfacet
  facet normal 0 -1 0
    outer loop
      vertex -12.421170234680176 -5.5 3.5899996757507324
      vertex -12.399999618530273 -5.5 3.5999999046325684
      vertex -12.421170234680176 -5.5 3.5999999046325684
    endloop
  endfacet
  facet normal 0 -1 0
    outer loop
      vertex -12.399999618530273 -5.5 3.5999999046325684
      vertex -12.421170234680176 -5.5 3.5899996757507324
      vertex -12.399999618530273 -5.5 3.5899996757507324
    endloop
  endfacet
  facet normal 0 1 0
    outer loop
      vertex -12.399999618530273 5.5 5.400000095367432
      vertex -12.421170234680176 5.5 3.6317553520202637
      vertex -12.421170234680176 5.5 5.368244647979736
    endloop
  endfacet
  facet normal 0 1 0
    outer loop
      vertex -12.421170234680176 5.5 3.6317553520202637
      vertex -12.399999618530273 5.5 5.400000095367432
      vertex -12.399999618530273 5.5 3.5999999046325684
    endloop
  endfacet
  facet normal 0 1 0
    outer loop
      vertex -12.399999618530273 5.5 3.5899996757507324
      vertex -12.421170234680176 5.5 3.5999999046325684
      vertex -12.399999618530273 5.5 3.5999999046325684
    endloop
  endfacet
  facet normal 0 1 0
    outer loop
      vertex -12.421170234680176 5.5 3.5999999046325684
      vertex -12.399999618530273 5.5 3.5899996757507324
      vertex -12.421170234680176 5.5 3.5899996757507324
    endloop
  endfacet
  facet normal -0.8320464499562332 -0.000013182615090954419 0.5547059625977062
    outer loop
      vertex -12.427510261535645 5.473926544189453 5.358734130859375
      vertex -12.399999618530273 5.5 5.400000095367432
      vertex -12.421170234680176 5.5 5.368244647979736
    endloop
  endfacet
  facet normal -0.8320497330195595 -0.0000019248335155446196 0.5547010381983927
    outer loop
      vertex -12.468979835510254 5.297207832336426 5.296529293060303
      vertex -12.399999618530273 5.5 5.400000095367432
      vertex -12.427510261535645 5.473926544189453 5.358734130859375
    endloop
  endfacet
  facet normal -0.832053816252215 0.000002589193172353206 0.5546949133112917
    outer loop
      vertex -12.509085655212402 5.119908332824707 5.23637056350708
      vertex -12.399999618530273 5.5 5.400000095367432
      vertex -12.468979835510254 5.297207832336426 5.296529293060303
    endloop
  endfacet
  facet normal -0.8320533888565472 0.000002190535746432062 0.5546955544147952
    outer loop
      vertex -12.54782485961914 4.942048072814941 5.178261756896973
      vertex -12.399999618530273 5.5 5.400000095367432
      vertex -12.509085655212402 5.119908332824707 5.23637056350708
    endloop
  endfacet
  facet normal -0.8320529229402233 0.0000017893479368798112 0.554696253298532
    outer loop
      vertex -12.58519172668457 4.763645172119141 5.122211456298828
      vertex -12.399999618530273 5.5 5.400000095367432
      vertex -12.54782485961914 4.942048072814941 5.178261756896973
    endloop
  endfacet
  facet normal -0.8320524897005893 0.0000014352277350521041 0.5546969031651346
    outer loop
      vertex -12.621183395385742 4.584719657897949 5.06822395324707
      vertex -12.399999618530273 5.5 5.400000095367432
      vertex -12.58519172668457 4.763645172119141 5.122211456298828
    endloop
  endfacet
  facet normal -0.8320521180739826 0.0000011433557218905179 0.5546974606100987
    outer loop
      vertex -12.655795097351074 4.405292510986328 5.016306400299072
      vertex -12.399999618530273 5.5 5.400000095367432
      vertex -12.621183395385742 4.584719657897949 5.06822395324707
    endloop
  endfacet
  facet normal -0.8320425755537749 -0.0000061032971081396696 0.5547117741932204
    outer loop
      vertex -12.6890230178833 4.225380897521973 4.966464042663574
      vertex -12.399999618530273 5.5 5.400000095367432
      vertex -12.655795097351074 4.405292510986328 5.016306400299072
    endloop
  endfacet
  facet normal -0.8320528369567678 0.0000014587554281479585 0.5546963822759855
    outer loop
      vertex -12.720864295959473 4.04500675201416 4.918702125549316
      vertex -12.399999618530273 5.5 5.400000095367432
      vertex -12.6890230178833 4.225380897521973 4.966464042663574
    endloop
  endfacet
  facet normal -0.8320524407016973 0.0000011747525010650063 0.554696976664709
    outer loop
      vertex -12.751315116882324 3.8641891479492188 4.873025894165039
      vertex -12.399999618530273 5.5 5.400000095367432
      vertex -12.720864295959473 4.04500675201416 4.918702125549316
    endloop
  endfacet
  facet normal -0.8320521218929617 9.522264076757211e-7 0.5546974548819502
    outer loop
      vertex -12.78037166595459 3.6829471588134766 4.829441070556641
      vertex -12.399999618530273 5.5 5.400000095367432
      vertex -12.751315116882324 3.8641891479492188 4.873025894165039
    endloop
  endfacet
  facet normal -0.8320518641522852 7.768746706548543e-7 0.5546978414958035
    outer loop
      vertex -12.799999237060547 3.554048538208008 4.799999713897705
      vertex -12.399999618530273 5.5 5.400000095367432
      vertex -12.78037166595459 3.6829471588134766 4.829441070556641
    endloop
  endfacet
  facet normal -0.8320507012631989 0 0.5546995858367112
    outer loop
      vertex -12.799999237060547 -3.554048538208008 4.799999713897705
      vertex -12.399999618530273 5.5 5.400000095367432
      vertex -12.799999237060547 3.554048538208008 4.799999713897705
    endloop
  endfacet
  facet normal -0.8320518641522852 -7.768746706548543e-7 0.5546978414958035
    outer loop
      vertex -12.399999618530273 -5.5 5.400000095367432
      vertex -12.799999237060547 -3.554048538208008 4.799999713897705
      vertex -12.78037166595459 -3.6829471588134766 4.829441070556641
    endloop
  endfacet
  facet normal -0.8320521218929617 -9.522264076757211e-7 0.5546974548819502
    outer loop
      vertex -12.399999618530273 -5.5 5.400000095367432
      vertex -12.78037166595459 -3.6829471588134766 4.829441070556641
      vertex -12.751315116882324 -3.8641891479492188 4.873025894165039
    endloop
  endfacet
  facet normal -0.8320524407016973 -0.0000011747525010650063 0.554696976664709
    outer loop
      vertex -12.399999618530273 -5.5 5.400000095367432
      vertex -12.751315116882324 -3.8641891479492188 4.873025894165039
      vertex -12.720864295959473 -4.04500675201416 4.918702125549316
    endloop
  endfacet
  facet normal -0.8320528369567678 -0.0000014587554281479585 0.5546963822759855
    outer loop
      vertex -12.399999618530273 -5.5 5.400000095367432
      vertex -12.720864295959473 -4.04500675201416 4.918702125549316
      vertex -12.6890230178833 -4.225380897521973 4.966464042663574
    endloop
  endfacet
  facet normal -0.8320425755537749 0.0000061032971081396696 0.5547117741932204
    outer loop
      vertex -12.399999618530273 -5.5 5.400000095367432
      vertex -12.6890230178833 -4.225380897521973 4.966464042663574
      vertex -12.655795097351074 -4.405292510986328 5.016306400299072
    endloop
  endfacet
  facet normal -0.8320521180739826 -0.0000011433557218905179 0.5546974606100987
    outer loop
      vertex -12.399999618530273 -5.5 5.400000095367432
      vertex -12.655795097351074 -4.405292510986328 5.016306400299072
      vertex -12.621183395385742 -4.584719657897949 5.06822395324707
    endloop
  endfacet
  facet normal -0.8320524897005893 -0.0000014352277350521041 0.5546969031651346
    outer loop
      vertex -12.399999618530273 -5.5 5.400000095367432
      vertex -12.621183395385742 -4.584719657897949 5.06822395324707
      vertex -12.58519172668457 -4.763645172119141 5.122211456298828
    endloop
  endfacet
  facet normal -0.8320529229402233 -0.0000017893479368798112 0.554696253298532
    outer loop
      vertex -12.399999618530273 -5.5 5.400000095367432
      vertex -12.58519172668457 -4.763645172119141 5.122211456298828
      vertex -12.54782485961914 -4.942048072814941 5.178261756896973
    endloop
  endfacet
  facet normal -0.8320533888565472 -0.000002190535746432062 0.5546955544147952
    outer loop
      vertex -12.399999618530273 -5.5 5.400000095367432
      vertex -12.54782485961914 -4.942048072814941 5.178261756896973
      vertex -12.509085655212402 -5.119908332824707 5.23637056350708
    endloop
  endfacet
  facet normal -0.832053816252215 -0.000002589193172353206 0.5546949133112917
    outer loop
      vertex -12.399999618530273 -5.5 5.400000095367432
      vertex -12.509085655212402 -5.119908332824707 5.23637056350708
      vertex -12.468979835510254 -5.297207832336426 5.296529293060303
    endloop
  endfacet
  facet normal -0.8320497330195595 0.0000019248335155446196 0.5547010381983927
    outer loop
      vertex -12.399999618530273 -5.5 5.400000095367432
      vertex -12.468979835510254 -5.297207832336426 5.296529293060303
      vertex -12.427510261535645 -5.473926544189453 5.358734130859375
    endloop
  endfacet
  facet normal -0.8320464499562332 0.000013182615090954419 0.5547059625977062
    outer loop
      vertex -12.399999618530273 -5.5 5.400000095367432
      vertex -12.427510261535645 -5.473926544189453 5.358734130859375
      vertex -12.421170234680176 -5.5 5.368244647979736
    endloop
  endfacet
  facet normal -0.8320507012631989 0 0.5546995858367112
    outer loop
      vertex -12.799999237060547 -3.554048538208008 4.799999713897705
      vertex -12.399999618530273 -5.5 5.400000095367432
      vertex -12.399999618530273 5.5 5.400000095367432
    endloop
  endfacet
  facet normal 0 0 1
    outer loop
      vertex -12.427510261535645 5.473926544189453 3.5999999046325684
      vertex -12.399999618530273 5.5 3.5999999046325684
      vertex -12.421170234680176 5.5 3.5999999046325684
    endloop
  endfacet
  facet normal 0 0 1
    outer loop
      vertex -12.468979835510254 5.297207832336426 3.5999999046325684
      vertex -12.399999618530273 5.5 3.5999999046325684
      vertex -12.427510261535645 5.473926544189453 3.5999999046325684
    endloop
  endfacet
  facet normal 0 0 1
    outer loop
      vertex -12.509085655212402 5.119908332824707 3.5999999046325684
      vertex -12.399999618530273 5.5 3.5999999046325684
      vertex -12.468979835510254 5.297207832336426 3.5999999046325684
    endloop
  endfacet
  facet normal 0 0 1
    outer loop
      vertex -12.399999618530273 -5.5 3.5999999046325684
      vertex -12.427510261535645 -5.473926544189453 3.5999999046325684
      vertex -12.421170234680176 -5.5 3.5999999046325684
    endloop
  endfacet
  facet normal 0 0 1
    outer loop
      vertex -12.54782485961914 4.942048072814941 3.5999999046325684
      vertex -12.399999618530273 5.5 3.5999999046325684
      vertex -12.509085655212402 5.119908332824707 3.5999999046325684
    endloop
  endfacet
  facet normal 0 0 1
    outer loop
      vertex -12.399999618530273 -5.5 3.5999999046325684
      vertex -12.468979835510254 -5.297207832336426 3.5999999046325684
      vertex -12.427510261535645 -5.473926544189453 3.5999999046325684
    endloop
  endfacet
  facet normal 0 0 1
    outer loop
      vertex -12.58519172668457 4.763645172119141 3.5999999046325684
      vertex -12.399999618530273 5.5 3.5999999046325684
      vertex -12.54782485961914 4.942048072814941 3.5999999046325684
    endloop
  endfacet
  facet normal 0 0 1
    outer loop
      vertex -12.399999618530273 -5.5 3.5999999046325684
      vertex -12.509085655212402 -5.119908332824707 3.5999999046325684
      vertex -12.468979835510254 -5.297207832336426 3.5999999046325684
    endloop
  endfacet
  facet normal 0 0 1
    outer loop
      vertex -12.621183395385742 4.584719657897949 3.5999999046325684
      vertex -12.399999618530273 5.5 3.5999999046325684
      vertex -12.58519172668457 4.763645172119141 3.5999999046325684
    endloop
  endfacet
  facet normal 0 0 1
    outer loop
      vertex -12.399999618530273 -5.5 3.5999999046325684
      vertex -12.54782485961914 -4.942048072814941 3.5999999046325684
      vertex -12.509085655212402 -5.119908332824707 3.5999999046325684
    endloop
  endfacet
  facet normal 0 0 1
    outer loop
      vertex -12.655795097351074 4.405292510986328 3.5999999046325684
      vertex -12.399999618530273 5.5 3.5999999046325684
      vertex -12.621183395385742 4.584719657897949 3.5999999046325684
    endloop
  endfacet
  facet normal 0 0 1
    outer loop
      vertex -12.399999618530273 -5.5 3.5999999046325684
      vertex -12.58519172668457 -4.763645172119141 3.5999999046325684
      vertex -12.54782485961914 -4.942048072814941 3.5999999046325684
    endloop
  endfacet
  facet normal 0 0 1
    outer loop
      vertex -12.6890230178833 4.225380897521973 3.5999999046325684
      vertex -12.399999618530273 5.5 3.5999999046325684
      vertex -12.655795097351074 4.405292510986328 3.5999999046325684
    endloop
  endfacet
  facet normal 0 0 1
    outer loop
      vertex -12.399999618530273 -5.5 3.5999999046325684
      vertex -12.621183395385742 -4.584719657897949 3.5999999046325684
      vertex -12.58519172668457 -4.763645172119141 3.5999999046325684
    endloop
  endfacet
  facet normal 0 0 1
    outer loop
      vertex -12.720864295959473 4.04500675201416 3.5999999046325684
      vertex -12.399999618530273 5.5 3.5999999046325684
      vertex -12.6890230178833 4.225380897521973 3.5999999046325684
    endloop
  endfacet
  facet normal 0 0 1
    outer loop
      vertex -12.399999618530273 -5.5 3.5999999046325684
      vertex -12.655795097351074 -4.405292510986328 3.5999999046325684
      vertex -12.621183395385742 -4.584719657897949 3.5999999046325684
    endloop
  endfacet
  facet normal 0 0 1
    outer loop
      vertex -12.751315116882324 3.8641891479492188 3.5999999046325684
      vertex -12.399999618530273 5.5 3.5999999046325684
      vertex -12.720864295959473 4.04500675201416 3.5999999046325684
    endloop
  endfacet
  facet normal 0 0 1
    outer loop
      vertex -12.399999618530273 -5.5 3.5999999046325684
      vertex -12.6890230178833 -4.225380897521973 3.5999999046325684
      vertex -12.655795097351074 -4.405292510986328 3.5999999046325684
    endloop
  endfacet
  facet normal 0 0 1
    outer loop
      vertex -12.78037166595459 3.6829471588134766 3.5999999046325684
      vertex -12.399999618530273 5.5 3.5999999046325684
      vertex -12.751315116882324 3.8641891479492188 3.5999999046325684
    endloop
  endfacet
  facet normal 0 0 1
    outer loop
      vertex -12.399999618530273 -5.5 3.5999999046325684
      vertex -12.720864295959473 -4.04500675201416 3.5999999046325684
      vertex -12.6890230178833 -4.225380897521973 3.5999999046325684
    endloop
  endfacet
  facet normal 0 0 1
    outer loop
      vertex -12.799999237060547 3.554048538208008 3.5999999046325684
      vertex -12.399999618530273 5.5 3.5999999046325684
      vertex -12.78037166595459 3.6829471588134766 3.5999999046325684
    endloop
  endfacet
  facet normal 0 0 1
    outer loop
      vertex -12.399999618530273 -5.5 3.5999999046325684
      vertex -12.751315116882324 -3.8641891479492188 3.5999999046325684
      vertex -12.720864295959473 -4.04500675201416 3.5999999046325684
    endloop
  endfacet
  facet normal 0 0 1
    outer loop
      vertex -12.399999618530273 5.5 3.5999999046325684
      vertex -12.799999237060547 3.554048538208008 3.5999999046325684
      vertex -12.399999618530273 -5.5 3.5999999046325684
    endloop
  endfacet
  facet normal 0 0 1
    outer loop
      vertex -12.399999618530273 -5.5 3.5999999046325684
      vertex -12.78037166595459 -3.6829471588134766 3.5999999046325684
      vertex -12.751315116882324 -3.8641891479492188 3.5999999046325684
    endloop
  endfacet
  facet normal 0 0 1
    outer loop
      vertex -12.799999237060547 -3.554048538208008 3.5999999046325684
      vertex -12.399999618530273 -5.5 3.5999999046325684
      vertex -12.799999237060547 3.554048538208008 3.5999999046325684
    endloop
  endfacet
  facet normal 0 0 1
    outer loop
      vertex -12.399999618530273 -5.5 3.5999999046325684
      vertex -12.799999237060547 -3.554048538208008 3.5999999046325684
      vertex -12.78037166595459 -3.6829471588134766 3.5999999046325684
    endloop
  endfacet
  facet normal -0.8320464499562332 -0.000013182615090954419 -0.5547059625977062
    outer loop
      vertex -12.399999618530273 5.5 3.5999999046325684
      vertex -12.427510261535645 5.473926544189453 3.641265869140625
      vertex -12.421170234680176 5.5 3.6317553520202637
    endloop
  endfacet
  facet normal -0.8320502943378436 0 -0.554700196225229
    outer loop
      vertex -12.399999618530273 5.5 3.5999999046325684
      vertex -12.468979835510254 5.297207832336426 3.703470230102539
      vertex -12.427510261535645 5.473926544189453 3.641265869140625
    endloop
  endfacet
  facet normal -0.8320502943378437 0 -0.5547001962252291
    outer loop
      vertex -12.399999618530273 5.5 3.5999999046325684
      vertex -12.509085655212402 5.119908332824707 3.7636289596557617
      vertex -12.468979835510254 5.297207832336426 3.703470230102539
    endloop
  endfacet
  facet normal -0.8320502943378436 0 -0.554700196225229
    outer loop
      vertex -12.399999618530273 5.5 3.5999999046325684
      vertex -12.54782485961914 4.942048072814941 3.821737766265869
      vertex -12.509085655212402 5.119908332824707 3.7636289596557617
    endloop
  endfacet
  facet normal -0.8320502943378436 0 -0.554700196225229
    outer loop
      vertex -12.399999618530273 5.5 3.5999999046325684
      vertex -12.58519172668457 4.763645172119141 3.8777880668640137
      vertex -12.54782485961914 4.942048072814941 3.821737766265869
    endloop
  endfacet
  facet normal -0.8320502943378437 0 -0.5547001962252291
    outer loop
      vertex -12.399999618530273 5.5 3.5999999046325684
      vertex -12.621183395385742 4.584719657897949 3.9317755699157715
      vertex -12.58519172668457 4.763645172119141 3.8777880668640137
    endloop
  endfacet
  facet normal -0.8320502943378437 0 -0.5547001962252291
    outer loop
      vertex -12.399999618530273 5.5 3.5999999046325684
      vertex -12.655795097351074 4.405292510986328 3.9836931228637695
      vertex -12.621183395385742 4.584719657897949 3.9317755699157715
    endloop
  endfacet
  facet normal -0.8320502943378437 0 -0.5547001962252291
    outer loop
      vertex -12.399999618530273 5.5 3.5999999046325684
      vertex -12.6890230178833 4.225380897521973 4.033535003662109
      vertex -12.655795097351074 4.405292510986328 3.9836931228637695
    endloop
  endfacet
  facet normal -0.8320502943378436 0 -0.5547001962252291
    outer loop
      vertex -12.399999618530273 5.5 3.5999999046325684
      vertex -12.720864295959473 4.04500675201416 4.081296920776367
      vertex -12.6890230178833 4.225380897521973 4.033535003662109
    endloop
  endfacet
  facet normal -0.8320502943378437 0 -0.5547001962252291
    outer loop
      vertex -12.399999618530273 5.5 3.5999999046325684
      vertex -12.751315116882324 3.8641891479492188 4.1269731521606445
      vertex -12.720864295959473 4.04500675201416 4.081296920776367
    endloop
  endfacet
  facet normal -0.8320502943378437 0 -0.5547001962252291
    outer loop
      vertex -12.399999618530273 5.5 3.5999999046325684
      vertex -12.78037166595459 3.6829471588134766 4.170557975769043
      vertex -12.751315116882324 3.8641891479492188 4.1269731521606445
    endloop
  endfacet
  facet normal -0.8320502943378437 0 -0.5547001962252291
    outer loop
      vertex -12.399999618530273 5.5 3.5999999046325684
      vertex -12.799999237060547 3.554048538208008 4.1999993324279785
      vertex -12.78037166595459 3.6829471588134766 4.170557975769043
    endloop
  endfacet
  facet normal -0.8320502943378436 0 -0.554700196225229
    outer loop
      vertex -12.399999618530273 5.5 3.5999999046325684
      vertex -12.799999237060547 -3.554048538208008 4.1999993324279785
      vertex -12.799999237060547 3.554048538208008 4.1999993324279785
    endloop
  endfacet
  facet normal -0.8320502943378436 0 -0.5547001962252291
    outer loop
      vertex -12.399999618530273 -5.5 3.5999999046325684
      vertex -12.799999237060547 -3.554048538208008 4.1999993324279785
      vertex -12.399999618530273 5.5 3.5999999046325684
    endloop
  endfacet
  facet normal -0.8320502943378437 0 -0.5547001962252291
    outer loop
      vertex -12.799999237060547 -3.554048538208008 4.1999993324279785
      vertex -12.399999618530273 -5.5 3.5999999046325684
      vertex -12.78037166595459 -3.6829471588134766 4.170557975769043
    endloop
  endfacet
  facet normal -0.8320502943378437 0 -0.5547001962252291
    outer loop
      vertex -12.78037166595459 -3.6829471588134766 4.170557975769043
      vertex -12.399999618530273 -5.5 3.5999999046325684
      vertex -12.751315116882324 -3.8641891479492188 4.1269731521606445
    endloop
  endfacet
  facet normal -0.8320502943378437 0 -0.5547001962252291
    outer loop
      vertex -12.751315116882324 -3.8641891479492188 4.1269731521606445
      vertex -12.399999618530273 -5.5 3.5999999046325684
      vertex -12.720864295959473 -4.04500675201416 4.081296920776367
    endloop
  endfacet
  facet normal -0.8320502943378436 0 -0.5547001962252291
    outer loop
      vertex -12.720864295959473 -4.04500675201416 4.081296920776367
      vertex -12.399999618530273 -5.5 3.5999999046325684
      vertex -12.6890230178833 -4.225380897521973 4.033535003662109
    endloop
  endfacet
  facet normal -0.8320502943378437 0 -0.5547001962252291
    outer loop
      vertex -12.6890230178833 -4.225380897521973 4.033535003662109
      vertex -12.399999618530273 -5.5 3.5999999046325684
      vertex -12.655795097351074 -4.405292510986328 3.9836931228637695
    endloop
  endfacet
  facet normal -0.8320502943378437 0 -0.5547001962252291
    outer loop
      vertex -12.655795097351074 -4.405292510986328 3.9836931228637695
      vertex -12.399999618530273 -5.5 3.5999999046325684
      vertex -12.621183395385742 -4.584719657897949 3.9317755699157715
    endloop
  endfacet
  facet normal -0.8320502943378437 0 -0.5547001962252291
    outer loop
      vertex -12.621183395385742 -4.584719657897949 3.9317755699157715
      vertex -12.399999618530273 -5.5 3.5999999046325684
      vertex -12.58519172668457 -4.763645172119141 3.8777880668640137
    endloop
  endfacet
  facet normal -0.8320502943378436 0 -0.554700196225229
    outer loop
      vertex -12.58519172668457 -4.763645172119141 3.8777880668640137
      vertex -12.399999618530273 -5.5 3.5999999046325684
      vertex -12.54782485961914 -4.942048072814941 3.821737766265869
    endloop
  endfacet
  facet normal -0.8320502943378436 0 -0.554700196225229
    outer loop
      vertex -12.54782485961914 -4.942048072814941 3.821737766265869
      vertex -12.399999618530273 -5.5 3.5999999046325684
      vertex -12.509085655212402 -5.119908332824707 3.7636289596557617
    endloop
  endfacet
  facet normal -0.8320502943378437 0 -0.5547001962252291
    outer loop
      vertex -12.509085655212402 -5.119908332824707 3.7636289596557617
      vertex -12.399999618530273 -5.5 3.5999999046325684
      vertex -12.468979835510254 -5.297207832336426 3.703470230102539
    endloop
  endfacet
  facet normal -0.8320502943378436 0 -0.554700196225229
    outer loop
      vertex -12.468979835510254 -5.297207832336426 3.703470230102539
      vertex -12.399999618530273 -5.5 3.5999999046325684
      vertex -12.427510261535645 -5.473926544189453 3.641265869140625
    endloop
  endfacet
  facet normal -0.8320464499562332 0.000013182615090954419 -0.5547059625977062
    outer loop
      vertex -12.427510261535645 -5.473926544189453 3.641265869140625
      vertex -12.399999618530273 -5.5 3.5999999046325684
      vertex -12.421170234680176 -5.5 3.6317553520202637
    endloop
  endfacet
  facet normal -0.9803624163252163 0.19720429167993125 0
    outer loop
      vertex -12.621183395385742 4.584719657897949 3.5899996757507324
      vertex -12.58519172668457 4.763645172119141 3.5999999046325684
      vertex -12.58519172668457 4.763645172119141 3.5899996757507324
    endloop
  endfacet
  facet normal -0.9803624163252163 0.19720429167993125 0
    outer loop
      vertex -12.58519172668457 4.763645172119141 3.5999999046325684
      vertex -12.621183395385742 4.584719657897949 3.5899996757507324
      vertex -12.621183395385742 4.584719657897949 3.5999999046325684
    endloop
  endfacet
  facet normal -0.9803624163252163 0.19720429167993125 0
    outer loop
      vertex -12.621183395385742 4.584719657897949 3.9317755699157715
      vertex -12.58519172668457 4.763645172119141 5.122211456298828
      vertex -12.58519172668457 4.763645172119141 3.8777880668640137
    endloop
  endfacet
  facet normal -0.9803624163252161 0.19720429167993123 0
    outer loop
      vertex -12.58519172668457 4.763645172119141 5.122211456298828
      vertex -12.621183395385742 4.584719657897949 3.9317755699157715
      vertex -12.621183395385742 4.584719657897949 5.06822395324707
    endloop
  endfacet
  facet normal -0.9818982231037188 -0.18940929086441305 0
    outer loop
      vertex -12.621183395385742 -4.584719657897949 3.5899996757507324
      vertex -12.655795097351074 -4.405292510986328 3.5999999046325684
      vertex -12.655795097351074 -4.405292510986328 3.5899996757507324
    endloop
  endfacet
  facet normal -0.9818982231037188 -0.18940929086441305 0
    outer loop
      vertex -12.655795097351074 -4.405292510986328 3.5999999046325684
      vertex -12.621183395385742 -4.584719657897949 3.5899996757507324
      vertex -12.621183395385742 -4.584719657897949 3.5999999046325684
    endloop
  endfacet
  facet normal -0.9818982231037187 -0.18940929086441302 0
    outer loop
      vertex -12.621183395385742 -4.584719657897949 3.9317755699157715
      vertex -12.655795097351074 -4.405292510986328 5.016306400299072
      vertex -12.655795097351074 -4.405292510986328 3.9836931228637695
    endloop
  endfacet
  facet normal -0.9818982231037187 -0.18940929086441302 0
    outer loop
      vertex -12.655795097351074 -4.405292510986328 5.016306400299072
      vertex -12.621183395385742 -4.584719657897949 3.9317755699157715
      vertex -12.621183395385742 -4.584719657897949 5.06822395324707
    endloop
  endfacet
  facet normal -0.9873914331975868 -0.1582976868056369 0
    outer loop
      vertex -12.751315116882324 -3.8641891479492188 3.5899996757507324
      vertex -12.78037166595459 -3.6829471588134766 3.5999999046325684
      vertex -12.78037166595459 -3.6829471588134766 3.5899996757507324
    endloop
  endfacet
  facet normal -0.9873914331975868 -0.1582976868056369 0
    outer loop
      vertex -12.78037166595459 -3.6829471588134766 3.5999999046325684
      vertex -12.751315116882324 -3.8641891479492188 3.5899996757507324
      vertex -12.751315116882324 -3.8641891479492188 3.5999999046325684
    endloop
  endfacet
  facet normal -0.9873914331975868 -0.1582976868056369 0
    outer loop
      vertex -12.751315116882324 -3.8641891479492188 4.1269731521606445
      vertex -12.78037166595459 -3.6829471588134766 4.829441070556641
      vertex -12.78037166595459 -3.6829471588134766 4.170557975769043
    endloop
  endfacet
  facet normal -0.9873914331975867 -0.1582976868056369 0
    outer loop
      vertex -12.78037166595459 -3.6829471588134766 4.829441070556641
      vertex -12.751315116882324 -3.8641891479492188 4.1269731521606445
      vertex -12.751315116882324 -3.8641891479492188 4.873025894165039
    endloop
  endfacet
  facet normal -0.9861143285893457 0.16606785044307681 0
    outer loop
      vertex -12.751315116882324 3.8641891479492188 3.5899996757507324
      vertex -12.720864295959473 4.04500675201416 3.5999999046325684
      vertex -12.720864295959473 4.04500675201416 3.5899996757507324
    endloop
  endfacet
  facet normal -0.9861143285893457 0.16606785044307681 0
    outer loop
      vertex -12.720864295959473 4.04500675201416 3.5999999046325684
      vertex -12.751315116882324 3.8641891479492188 3.5899996757507324
      vertex -12.751315116882324 3.8641891479492188 3.5999999046325684
    endloop
  endfacet
  facet normal -0.9861143285893457 0.16606785044307681 0
    outer loop
      vertex -12.751315116882324 3.8641891479492188 4.1269731521606445
      vertex -12.720864295959473 4.04500675201416 4.918702125549316
      vertex -12.720864295959473 4.04500675201416 4.081296920776367
    endloop
  endfacet
  facet normal -0.9861143285893456 0.16606785044307681 0
    outer loop
      vertex -12.720864295959473 4.04500675201416 4.918702125549316
      vertex -12.751315116882324 3.8641891479492188 4.1269731521606445
      vertex -12.751315116882324 3.8641891479492188 4.873025894165039
    endloop
  endfacet
  facet normal -0.9770919790805535 -0.21281744387255314 0
    outer loop
      vertex -12.509085655212402 -5.119908332824707 3.5899996757507324
      vertex -12.54782485961914 -4.942048072814941 3.5999999046325684
      vertex -12.54782485961914 -4.942048072814941 3.5899996757507324
    endloop
  endfacet
  facet normal -0.9770919790805535 -0.21281744387255314 0
    outer loop
      vertex -12.54782485961914 -4.942048072814941 3.5999999046325684
      vertex -12.509085655212402 -5.119908332824707 3.5899996757507324
      vertex -12.509085655212402 -5.119908332824707 3.5999999046325684
    endloop
  endfacet
  facet normal -0.9770919790805535 -0.21281744387255314 0
    outer loop
      vertex -12.509085655212402 -5.119908332824707 3.7636289596557617
      vertex -12.54782485961914 -4.942048072814941 5.178261756896973
      vertex -12.54782485961914 -4.942048072814941 3.821737766265869
    endloop
  endfacet
  facet normal -0.9770919790805535 -0.21281744387255316 0
    outer loop
      vertex -12.54782485961914 -4.942048072814941 5.178261756896973
      vertex -12.509085655212402 -5.119908332824707 3.7636289596557617
      vertex -12.509085655212402 -5.119908332824707 5.23637056350708
    endloop
  endfacet
  facet normal -0.9753576661901758 -0.2206296059101169 0
    outer loop
      vertex -12.468979835510254 -5.297207832336426 3.5899996757507324
      vertex -12.509085655212402 -5.119908332824707 3.5999999046325684
      vertex -12.509085655212402 -5.119908332824707 3.5899996757507324
    endloop
  endfacet
  facet normal -0.9753576661901758 -0.2206296059101169 0
    outer loop
      vertex -12.509085655212402 -5.119908332824707 3.5999999046325684
      vertex -12.468979835510254 -5.297207832336426 3.5899996757507324
      vertex -12.468979835510254 -5.297207832336426 3.5999999046325684
    endloop
  endfacet
  facet normal -0.9753576661901758 -0.2206296059101169 0
    outer loop
      vertex -12.468979835510254 -5.297207832336426 3.703470230102539
      vertex -12.509085655212402 -5.119908332824707 5.23637056350708
      vertex -12.509085655212402 -5.119908332824707 3.7636289596557617
    endloop
  endfacet
  facet normal -0.9753576661901758 -0.2206296059101169 0
    outer loop
      vertex -12.509085655212402 -5.119908332824707 5.23637056350708
      vertex -12.468979835510254 -5.297207832336426 3.703470230102539
      vertex -12.468979835510254 -5.297207832336426 5.296529293060303
    endloop
  endfacet
  facet normal -0.9873914331975868 0.1582976868056369 0
    outer loop
      vertex -12.78037166595459 3.6829471588134766 3.5899996757507324
      vertex -12.751315116882324 3.8641891479492188 3.5999999046325684
      vertex -12.751315116882324 3.8641891479492188 3.5899996757507324
    endloop
  endfacet
  facet normal -0.9873914331975868 0.1582976868056369 0
    outer loop
      vertex -12.751315116882324 3.8641891479492188 3.5999999046325684
      vertex -12.78037166595459 3.6829471588134766 3.5899996757507324
      vertex -12.78037166595459 3.6829471588134766 3.5999999046325684
    endloop
  endfacet
  facet normal -0.9873914331975867 0.1582976868056369 0
    outer loop
      vertex -12.78037166595459 3.6829471588134766 4.170557975769043
      vertex -12.751315116882324 3.8641891479492188 4.873025894165039
      vertex -12.751315116882324 3.8641891479492188 4.1269731521606445
    endloop
  endfacet
  facet normal -0.9873914331975868 0.1582976868056369 0
    outer loop
      vertex -12.751315116882324 3.8641891479492188 4.873025894165039
      vertex -12.78037166595459 3.6829471588134766 4.170557975769043
      vertex -12.78037166595459 3.6829471588134766 4.829441070556641
    endloop
  endfacet
  facet normal -0.9833690346652398 -0.18161867101582438 0
    outer loop
      vertex -12.655795097351074 -4.405292510986328 3.5899996757507324
      vertex -12.6890230178833 -4.225380897521973 3.5999999046325684
      vertex -12.6890230178833 -4.225380897521973 3.5899996757507324
    endloop
  endfacet
  facet normal -0.9833690346652398 -0.18161867101582438 0
    outer loop
      vertex -12.6890230178833 -4.225380897521973 3.5999999046325684
      vertex -12.655795097351074 -4.405292510986328 3.5899996757507324
      vertex -12.655795097351074 -4.405292510986328 3.5999999046325684
    endloop
  endfacet
  facet normal -0.9833690346652398 -0.18161867101582438 0
    outer loop
      vertex -12.655795097351074 -4.405292510986328 3.9836931228637695
      vertex -12.6890230178833 -4.225380897521973 4.966464042663574
      vertex -12.6890230178833 -4.225380897521973 4.033535003662109
    endloop
  endfacet
  facet normal -0.98336903466524 -0.1816186710158244 0
    outer loop
      vertex -12.6890230178833 -4.225380897521973 4.966464042663574
      vertex -12.655795097351074 -4.405292510986328 3.9836931228637695
      vertex -12.655795097351074 -4.405292510986328 5.016306400299072
    endloop
  endfacet
  facet normal -0.9716861304259974 0.2362753985030004 0
    outer loop
      vertex -12.427510261535645 5.473926544189453 3.5899996757507324
      vertex -12.421170234680176 5.5 3.5999999046325684
      vertex -12.421170234680176 5.5 3.5899996757507324
    endloop
  endfacet
  facet normal -0.9716861304259974 0.2362753985030004 0
    outer loop
      vertex -12.421170234680176 5.5 3.5999999046325684
      vertex -12.427510261535645 5.473926544189453 3.5899996757507324
      vertex -12.427510261535645 5.473926544189453 3.5999999046325684
    endloop
  endfacet
  facet normal -0.9716861304259974 0.2362753985030004 0
    outer loop
      vertex -12.427510261535645 5.473926544189453 3.641265869140625
      vertex -12.421170234680176 5.5 5.368244647979736
      vertex -12.421170234680176 5.5 3.6317553520202637
    endloop
  endfacet
  facet normal -0.9716861304259974 0.2362753985030004 0
    outer loop
      vertex -12.421170234680176 5.5 5.368244647979736
      vertex -12.427510261535645 5.473926544189453 3.641265869140625
      vertex -12.427510261535645 5.473926544189453 5.358734130859375
    endloop
  endfacet
  facet normal -0.9753576661901758 0.2206296059101169 0
    outer loop
      vertex -12.509085655212402 5.119908332824707 3.5899996757507324
      vertex -12.468979835510254 5.297207832336426 3.5999999046325684
      vertex -12.468979835510254 5.297207832336426 3.5899996757507324
    endloop
  endfacet
  facet normal -0.9753576661901758 0.2206296059101169 0
    outer loop
      vertex -12.468979835510254 5.297207832336426 3.5999999046325684
      vertex -12.509085655212402 5.119908332824707 3.5899996757507324
      vertex -12.509085655212402 5.119908332824707 3.5999999046325684
    endloop
  endfacet
  facet normal -0.9753576661901758 0.2206296059101169 0
    outer loop
      vertex -12.509085655212402 5.119908332824707 3.7636289596557617
      vertex -12.468979835510254 5.297207832336426 5.296529293060303
      vertex -12.468979835510254 5.297207832336426 3.703470230102539
    endloop
  endfacet
  facet normal -0.9753576661901758 0.2206296059101169 0
    outer loop
      vertex -12.468979835510254 5.297207832336426 5.296529293060303
      vertex -12.509085655212402 5.119908332824707 3.7636289596557617
      vertex -12.509085655212402 5.119908332824707 5.23637056350708
    endloop
  endfacet
  facet normal -0.9886045015018302 -0.15053617376005599 0
    outer loop
      vertex -12.78037166595459 -3.6829471588134766 3.5899996757507324
      vertex -12.799999237060547 -3.554048538208008 3.5999999046325684
      vertex -12.799999237060547 -3.554048538208008 3.5899996757507324
    endloop
  endfacet
  facet normal -0.9886045015018302 -0.15053617376005599 0
    outer loop
      vertex -12.799999237060547 -3.554048538208008 3.5999999046325684
      vertex -12.78037166595459 -3.6829471588134766 3.5899996757507324
      vertex -12.78037166595459 -3.6829471588134766 3.5999999046325684
    endloop
  endfacet
  facet normal -0.9886045015018301 -0.15053617376005599 0
    outer loop
      vertex -12.78037166595459 -3.6829471588134766 4.170557975769043
      vertex -12.799999237060547 -3.554048538208008 4.799999713897705
      vertex -12.799999237060547 -3.554048538208008 4.1999993324279785
    endloop
  endfacet
  facet normal -0.9886045015018302 -0.15053617376005599 0
    outer loop
      vertex -12.799999237060547 -3.554048538208008 4.799999713897705
      vertex -12.78037166595459 -3.6829471588134766 4.170557975769043
      vertex -12.78037166595459 -3.6829471588134766 4.829441070556641
    endloop
  endfacet
  facet normal -0.9735536983388787 0.2284583035275619 0
    outer loop
      vertex -12.468979835510254 5.297207832336426 3.5899996757507324
      vertex -12.427510261535645 5.473926544189453 3.5999999046325684
      vertex -12.427510261535645 5.473926544189453 3.5899996757507324
    endloop
  endfacet
  facet normal -0.9735536983388787 0.2284583035275619 0
    outer loop
      vertex -12.427510261535645 5.473926544189453 3.5999999046325684
      vertex -12.468979835510254 5.297207832336426 3.5899996757507324
      vertex -12.468979835510254 5.297207832336426 3.5999999046325684
    endloop
  endfacet
  facet normal -0.9735536983388786 0.22845830352756186 0
    outer loop
      vertex -12.468979835510254 5.297207832336426 3.703470230102539
      vertex -12.427510261535645 5.473926544189453 5.358734130859375
      vertex -12.427510261535645 5.473926544189453 3.641265869140625
    endloop
  endfacet
  facet normal -0.9735536983388787 0.22845830352756188 0
    outer loop
      vertex -12.427510261535645 5.473926544189453 5.358734130859375
      vertex -12.468979835510254 5.297207832336426 3.703470230102539
      vertex -12.468979835510254 5.297207832336426 5.296529293060303
    endloop
  endfacet
  facet normal -0.9787612151842384 0.20500361862921612 0
    outer loop
      vertex -12.58519172668457 4.763645172119141 3.5899996757507324
      vertex -12.54782485961914 4.942048072814941 3.5999999046325684
      vertex -12.54782485961914 4.942048072814941 3.5899996757507324
    endloop
  endfacet
  facet normal -0.9787612151842384 0.20500361862921612 0
    outer loop
      vertex -12.54782485961914 4.942048072814941 3.5999999046325684
      vertex -12.58519172668457 4.763645172119141 3.5899996757507324
      vertex -12.58519172668457 4.763645172119141 3.5999999046325684
    endloop
  endfacet
  facet normal -0.9787612151842384 0.2050036186292161 0
    outer loop
      vertex -12.58519172668457 4.763645172119141 3.8777880668640137
      vertex -12.54782485961914 4.942048072814941 5.178261756896973
      vertex -12.54782485961914 4.942048072814941 3.821737766265869
    endloop
  endfacet
  facet normal -0.9787612151842384 0.20500361862921612 0
    outer loop
      vertex -12.54782485961914 4.942048072814941 5.178261756896973
      vertex -12.58519172668457 4.763645172119141 3.8777880668640137
      vertex -12.58519172668457 4.763645172119141 5.122211456298828
    endloop
  endfacet
  facet normal -0.9847737029505528 0.17384117457339193 0
    outer loop
      vertex -12.720864295959473 4.04500675201416 3.5899996757507324
      vertex -12.6890230178833 4.225380897521973 3.5999999046325684
      vertex -12.6890230178833 4.225380897521973 3.5899996757507324
    endloop
  endfacet
  facet normal -0.9847737029505528 0.17384117457339193 0
    outer loop
      vertex -12.6890230178833 4.225380897521973 3.5999999046325684
      vertex -12.720864295959473 4.04500675201416 3.5899996757507324
      vertex -12.720864295959473 4.04500675201416 3.5999999046325684
    endloop
  endfacet
  facet normal -0.9847737029505528 0.17384117457339193 0
    outer loop
      vertex -12.720864295959473 4.04500675201416 4.081296920776367
      vertex -12.6890230178833 4.225380897521973 4.966464042663574
      vertex -12.6890230178833 4.225380897521973 4.033535003662109
    endloop
  endfacet
  facet normal -0.9847737029505528 0.17384117457339193 0
    outer loop
      vertex -12.6890230178833 4.225380897521973 4.966464042663574
      vertex -12.720864295959473 4.04500675201416 4.081296920776367
      vertex -12.720864295959473 4.04500675201416 4.918702125549316
    endloop
  endfacet
  facet normal -0.9818982231037188 0.18940929086441305 0
    outer loop
      vertex -12.655795097351074 4.405292510986328 3.5899996757507324
      vertex -12.621183395385742 4.584719657897949 3.5999999046325684
      vertex -12.621183395385742 4.584719657897949 3.5899996757507324
    endloop
  endfacet
  facet normal -0.9818982231037188 0.18940929086441305 0
    outer loop
      vertex -12.621183395385742 4.584719657897949 3.5999999046325684
      vertex -12.655795097351074 4.405292510986328 3.5899996757507324
      vertex -12.655795097351074 4.405292510986328 3.5999999046325684
    endloop
  endfacet
  facet normal -0.9818982231037187 0.18940929086441302 0
    outer loop
      vertex -12.655795097351074 4.405292510986328 3.9836931228637695
      vertex -12.621183395385742 4.584719657897949 5.06822395324707
      vertex -12.621183395385742 4.584719657897949 3.9317755699157715
    endloop
  endfacet
  facet normal -0.9818982231037187 0.18940929086441302 0
    outer loop
      vertex -12.621183395385742 4.584719657897949 5.06822395324707
      vertex -12.655795097351074 4.405292510986328 3.9836931228637695
      vertex -12.655795097351074 4.405292510986328 5.016306400299072
    endloop
  endfacet
  facet normal -0.9861143285893457 -0.16606785044307681 0
    outer loop
      vertex -12.720864295959473 -4.04500675201416 3.5899996757507324
      vertex -12.751315116882324 -3.8641891479492188 3.5999999046325684
      vertex -12.751315116882324 -3.8641891479492188 3.5899996757507324
    endloop
  endfacet
  facet normal -0.9861143285893457 -0.16606785044307681 0
    outer loop
      vertex -12.751315116882324 -3.8641891479492188 3.5999999046325684
      vertex -12.720864295959473 -4.04500675201416 3.5899996757507324
      vertex -12.720864295959473 -4.04500675201416 3.5999999046325684
    endloop
  endfacet
  facet normal -0.9861143285893456 -0.16606785044307681 0
    outer loop
      vertex -12.720864295959473 -4.04500675201416 4.081296920776367
      vertex -12.751315116882324 -3.8641891479492188 4.873025894165039
      vertex -12.751315116882324 -3.8641891479492188 4.1269731521606445
    endloop
  endfacet
  facet normal -0.9861143285893457 -0.16606785044307681 0
    outer loop
      vertex -12.751315116882324 -3.8641891479492188 4.873025894165039
      vertex -12.720864295959473 -4.04500675201416 4.081296920776367
      vertex -12.720864295959473 -4.04500675201416 4.918702125549316
    endloop
  endfacet
  facet normal -0.9886045015018302 0.15053617376005599 0
    outer loop
      vertex -12.799999237060547 3.554048538208008 3.5899996757507324
      vertex -12.78037166595459 3.6829471588134766 3.5999999046325684
      vertex -12.78037166595459 3.6829471588134766 3.5899996757507324
    endloop
  endfacet
  facet normal -0.9886045015018302 0.15053617376005599 0
    outer loop
      vertex -12.78037166595459 3.6829471588134766 3.5999999046325684
      vertex -12.799999237060547 3.554048538208008 3.5899996757507324
      vertex -12.799999237060547 3.554048538208008 3.5999999046325684
    endloop
  endfacet
  facet normal -0.9886045015018302 0.15053617376005599 0
    outer loop
      vertex -12.799999237060547 3.554048538208008 4.1999993324279785
      vertex -12.78037166595459 3.6829471588134766 4.829441070556641
      vertex -12.78037166595459 3.6829471588134766 4.170557975769043
    endloop
  endfacet
  facet normal -0.9886045015018301 0.15053617376005599 0
    outer loop
      vertex -12.78037166595459 3.6829471588134766 4.829441070556641
      vertex -12.799999237060547 3.554048538208008 4.1999993324279785
      vertex -12.799999237060547 3.554048538208008 4.799999713897705
    endloop
  endfacet
  facet normal -0.9735536983388787 -0.2284583035275619 0
    outer loop
      vertex -12.427510261535645 -5.473926544189453 3.5899996757507324
      vertex -12.468979835510254 -5.297207832336426 3.5999999046325684
      vertex -12.468979835510254 -5.297207832336426 3.5899996757507324
    endloop
  endfacet
  facet normal -0.9735536983388787 -0.2284583035275619 0
    outer loop
      vertex -12.468979835510254 -5.297207832336426 3.5999999046325684
      vertex -12.427510261535645 -5.473926544189453 3.5899996757507324
      vertex -12.427510261535645 -5.473926544189453 3.5999999046325684
    endloop
  endfacet
  facet normal -0.9735536983388787 -0.22845830352756188 0
    outer loop
      vertex -12.427510261535645 -5.473926544189453 3.641265869140625
      vertex -12.468979835510254 -5.297207832336426 5.296529293060303
      vertex -12.468979835510254 -5.297207832336426 3.703470230102539
    endloop
  endfacet
  facet normal -0.9735536983388786 -0.22845830352756186 0
    outer loop
      vertex -12.468979835510254 -5.297207832336426 5.296529293060303
      vertex -12.427510261535645 -5.473926544189453 3.641265869140625
      vertex -12.427510261535645 -5.473926544189453 5.358734130859375
    endloop
  endfacet
  facet normal -0.9770919790805535 0.21281744387255314 0
    outer loop
      vertex -12.54782485961914 4.942048072814941 3.5899996757507324
      vertex -12.509085655212402 5.119908332824707 3.5999999046325684
      vertex -12.509085655212402 5.119908332824707 3.5899996757507324
    endloop
  endfacet
  facet normal -0.9770919790805535 0.21281744387255314 0
    outer loop
      vertex -12.509085655212402 5.119908332824707 3.5999999046325684
      vertex -12.54782485961914 4.942048072814941 3.5899996757507324
      vertex -12.54782485961914 4.942048072814941 3.5999999046325684
    endloop
  endfacet
  facet normal -0.9770919790805535 0.21281744387255316 0
    outer loop
      vertex -12.54782485961914 4.942048072814941 3.821737766265869
      vertex -12.509085655212402 5.119908332824707 5.23637056350708
      vertex -12.509085655212402 5.119908332824707 3.7636289596557617
    endloop
  endfacet
  facet normal -0.9770919790805535 0.21281744387255314 0
    outer loop
      vertex -12.509085655212402 5.119908332824707 5.23637056350708
      vertex -12.54782485961914 4.942048072814941 3.821737766265869
      vertex -12.54782485961914 4.942048072814941 5.178261756896973
    endloop
  endfacet
  facet normal -0.9716861304259974 -0.2362753985030004 0
    outer loop
      vertex -12.421170234680176 -5.5 3.5899996757507324
      vertex -12.427510261535645 -5.473926544189453 3.5999999046325684
      vertex -12.427510261535645 -5.473926544189453 3.5899996757507324
    endloop
  endfacet
  facet normal -0.9716861304259974 -0.2362753985030004 0
    outer loop
      vertex -12.427510261535645 -5.473926544189453 3.5999999046325684
      vertex -12.421170234680176 -5.5 3.5899996757507324
      vertex -12.421170234680176 -5.5 3.5999999046325684
    endloop
  endfacet
  facet normal -0.9716861304259974 -0.2362753985030004 0
    outer loop
      vertex -12.421170234680176 -5.5 3.6317553520202637
      vertex -12.427510261535645 -5.473926544189453 5.358734130859375
      vertex -12.427510261535645 -5.473926544189453 3.641265869140625
    endloop
  endfacet
  facet normal -0.9716861304259974 -0.2362753985030004 0
    outer loop
      vertex -12.427510261535645 -5.473926544189453 5.358734130859375
      vertex -12.421170234680176 -5.5 3.6317553520202637
      vertex -12.421170234680176 -5.5 5.368244647979736
    endloop
  endfacet
  facet normal -0.9847737029505528 -0.17384117457339193 0
    outer loop
      vertex -12.6890230178833 -4.225380897521973 3.5899996757507324
      vertex -12.720864295959473 -4.04500675201416 3.5999999046325684
      vertex -12.720864295959473 -4.04500675201416 3.5899996757507324
    endloop
  endfacet
  facet normal -0.9847737029505528 -0.17384117457339193 0
    outer loop
      vertex -12.720864295959473 -4.04500675201416 3.5999999046325684
      vertex -12.6890230178833 -4.225380897521973 3.5899996757507324
      vertex -12.6890230178833 -4.225380897521973 3.5999999046325684
    endloop
  endfacet
  facet normal -0.9847737029505528 -0.17384117457339193 0
    outer loop
      vertex -12.6890230178833 -4.225380897521973 4.033535003662109
      vertex -12.720864295959473 -4.04500675201416 4.918702125549316
      vertex -12.720864295959473 -4.04500675201416 4.081296920776367
    endloop
  endfacet
  facet normal -0.9847737029505528 -0.17384117457339193 0
    outer loop
      vertex -12.720864295959473 -4.04500675201416 4.918702125549316
      vertex -12.6890230178833 -4.225380897521973 4.033535003662109
      vertex -12.6890230178833 -4.225380897521973 4.966464042663574
    endloop
  endfacet
  facet normal -0.9803624163252163 -0.19720429167993125 0
    outer loop
      vertex -12.58519172668457 -4.763645172119141 3.5899996757507324
      vertex -12.621183395385742 -4.584719657897949 3.5999999046325684
      vertex -12.621183395385742 -4.584719657897949 3.5899996757507324
    endloop
  endfacet
  facet normal -0.9803624163252163 -0.19720429167993125 0
    outer loop
      vertex -12.621183395385742 -4.584719657897949 3.5999999046325684
      vertex -12.58519172668457 -4.763645172119141 3.5899996757507324
      vertex -12.58519172668457 -4.763645172119141 3.5999999046325684
    endloop
  endfacet
  facet normal -0.9803624163252161 -0.19720429167993123 0
    outer loop
      vertex -12.58519172668457 -4.763645172119141 3.8777880668640137
      vertex -12.621183395385742 -4.584719657897949 5.06822395324707
      vertex -12.621183395385742 -4.584719657897949 3.9317755699157715
    endloop
  endfacet
  facet normal -0.9803624163252163 -0.19720429167993125 0
    outer loop
      vertex -12.621183395385742 -4.584719657897949 5.06822395324707
      vertex -12.58519172668457 -4.763645172119141 3.8777880668640137
      vertex -12.58519172668457 -4.763645172119141 5.122211456298828
    endloop
  endfacet
  facet normal -0.9833690346652398 0.18161867101582438 0
    outer loop
      vertex -12.6890230178833 4.225380897521973 3.5899996757507324
      vertex -12.655795097351074 4.405292510986328 3.5999999046325684
      vertex -12.655795097351074 4.405292510986328 3.5899996757507324
    endloop
  endfacet
  facet normal -0.9833690346652398 0.18161867101582438 0
    outer loop
      vertex -12.655795097351074 4.405292510986328 3.5999999046325684
      vertex -12.6890230178833 4.225380897521973 3.5899996757507324
      vertex -12.6890230178833 4.225380897521973 3.5999999046325684
    endloop
  endfacet
  facet normal -0.98336903466524 0.1816186710158244 0
    outer loop
      vertex -12.6890230178833 4.225380897521973 4.033535003662109
      vertex -12.655795097351074 4.405292510986328 5.016306400299072
      vertex -12.655795097351074 4.405292510986328 3.9836931228637695
    endloop
  endfacet
  facet normal -0.9833690346652398 0.18161867101582438 0
    outer loop
      vertex -12.655795097351074 4.405292510986328 5.016306400299072
      vertex -12.6890230178833 4.225380897521973 4.033535003662109
      vertex -12.6890230178833 4.225380897521973 4.966464042663574
    endloop
  endfacet
  facet normal -0.9787612151842384 -0.20500361862921612 0
    outer loop
      vertex -12.54782485961914 -4.942048072814941 3.5899996757507324
      vertex -12.58519172668457 -4.763645172119141 3.5999999046325684
      vertex -12.58519172668457 -4.763645172119141 3.5899996757507324
    endloop
  endfacet
  facet normal -0.9787612151842384 -0.20500361862921612 0
    outer loop
      vertex -12.58519172668457 -4.763645172119141 3.5999999046325684
      vertex -12.54782485961914 -4.942048072814941 3.5899996757507324
      vertex -12.54782485961914 -4.942048072814941 3.5999999046325684
    endloop
  endfacet
  facet normal -0.9787612151842384 -0.20500361862921612 0
    outer loop
      vertex -12.54782485961914 -4.942048072814941 3.821737766265869
      vertex -12.58519172668457 -4.763645172119141 5.122211456298828
      vertex -12.58519172668457 -4.763645172119141 3.8777880668640137
    endloop
  endfacet
  facet normal -0.9787612151842384 -0.2050036186292161 0
    outer loop
      vertex -12.58519172668457 -4.763645172119141 5.122211456298828
      vertex -12.54782485961914 -4.942048072814941 3.821737766265869
      vertex -12.54782485961914 -4.942048072814941 5.178261756896973
    endloop
  endfacet
  facet normal 0 -1 0
    outer loop
      vertex -3.554048538208008 -12.799999237060547 3.5899996757507324
      vertex 3.554048538208008 -12.799999237060547 3.5999999046325684
      vertex -3.554048538208008 -12.799999237060547 3.5999999046325684
    endloop
  endfacet
  facet normal 0 -1 0
    outer loop
      vertex 3.554048538208008 -12.799999237060547 3.5999999046325684
      vertex -3.554048538208008 -12.799999237060547 3.5899996757507324
      vertex 3.554048538208008 -12.799999237060547 3.5899996757507324
    endloop
  endfacet
  facet normal 0 -1 0
    outer loop
      vertex -3.554048538208008 -12.799999237060547 4.1999993324279785
      vertex 3.554048538208008 -12.799999237060547 4.799999713897705
      vertex -3.554048538208008 -12.799999237060547 4.799999713897705
    endloop
  endfacet
  facet normal 0 -1 0
    outer loop
      vertex 3.554048538208008 -12.799999237060547 4.799999713897705
      vertex -3.554048538208008 -12.799999237060547 4.1999993324279785
      vertex 3.554048538208008 -12.799999237060547 4.1999993324279785
    endloop
  endfacet
  facet normal 0 0 -1
    outer loop
      vertex 5.473926544189453 -12.427510261535645 3.5899996757507324
      vertex 5.5 -12.399999618530273 3.5899996757507324
      vertex 5.5 -12.421170234680176 3.5899996757507324
    endloop
  endfacet
  facet normal 0 0 -1
    outer loop
      vertex 5.297207832336426 -12.468979835510254 3.5899996757507324
      vertex 5.5 -12.399999618530273 3.5899996757507324
      vertex 5.473926544189453 -12.427510261535645 3.5899996757507324
    endloop
  endfacet
  facet normal 0 0 -1
    outer loop
      vertex 5.119908332824707 -12.509085655212402 3.5899996757507324
      vertex 5.5 -12.399999618530273 3.5899996757507324
      vertex 5.297207832336426 -12.468979835510254 3.5899996757507324
    endloop
  endfacet
  facet normal 0 0 -1
    outer loop
      vertex 4.942048072814941 -12.54782485961914 3.5899996757507324
      vertex 5.5 -12.399999618530273 3.5899996757507324
      vertex 5.119908332824707 -12.509085655212402 3.5899996757507324
    endloop
  endfacet
  facet normal 0 0 -1
    outer loop
      vertex 4.763645172119141 -12.58519172668457 3.5899996757507324
      vertex 5.5 -12.399999618530273 3.5899996757507324
      vertex 4.942048072814941 -12.54782485961914 3.5899996757507324
    endloop
  endfacet
  facet normal 0 0 -1
    outer loop
      vertex 4.584719657897949 -12.621183395385742 3.5899996757507324
      vertex 5.5 -12.399999618530273 3.5899996757507324
      vertex 4.763645172119141 -12.58519172668457 3.5899996757507324
    endloop
  endfacet
  facet normal 0 0 -1
    outer loop
      vertex 4.405292510986328 -12.655795097351074 3.5899996757507324
      vertex 5.5 -12.399999618530273 3.5899996757507324
      vertex 4.584719657897949 -12.621183395385742 3.5899996757507324
    endloop
  endfacet
  facet normal 0 0 -1
    outer loop
      vertex 4.225380897521973 -12.6890230178833 3.5899996757507324
      vertex 5.5 -12.399999618530273 3.5899996757507324
      vertex 4.405292510986328 -12.655795097351074 3.5899996757507324
    endloop
  endfacet
  facet normal 0 0 -1
    outer loop
      vertex 4.04500675201416 -12.720864295959473 3.5899996757507324
      vertex 5.5 -12.399999618530273 3.5899996757507324
      vertex 4.225380897521973 -12.6890230178833 3.5899996757507324
    endloop
  endfacet
  facet normal 0 0 -1
    outer loop
      vertex 3.8641891479492188 -12.751315116882324 3.5899996757507324
      vertex 5.5 -12.399999618530273 3.5899996757507324
      vertex 4.04500675201416 -12.720864295959473 3.5899996757507324
    endloop
  endfacet
  facet normal 0 0 -1
    outer loop
      vertex 3.6829471588134766 -12.78037166595459 3.5899996757507324
      vertex 5.5 -12.399999618530273 3.5899996757507324
      vertex 3.8641891479492188 -12.751315116882324 3.5899996757507324
    endloop
  endfacet
  facet normal 0 0 -1
    outer loop
      vertex 3.554048538208008 -12.799999237060547 3.5899996757507324
      vertex 5.5 -12.399999618530273 3.5899996757507324
      vertex 3.6829471588134766 -12.78037166595459 3.5899996757507324
    endloop
  endfacet
  facet normal 0 0 -1
    outer loop
      vertex -3.554048538208008 -12.799999237060547 3.5899996757507324
      vertex 5.5 -12.399999618530273 3.5899996757507324
      vertex 3.554048538208008 -12.799999237060547 3.5899996757507324
    endloop
  endfacet
  facet normal 0 0 -1
    outer loop
      vertex -5.5 -12.399999618530273 3.5899996757507324
      vertex -3.554048538208008 -12.799999237060547 3.5899996757507324
      vertex -3.6829471588134766 -12.78037166595459 3.5899996757507324
    endloop
  endfacet
  facet normal 0 0 -1
    outer loop
      vertex -5.5 -12.399999618530273 3.5899996757507324
      vertex -3.6829471588134766 -12.78037166595459 3.5899996757507324
      vertex -3.8641891479492188 -12.751315116882324 3.5899996757507324
    endloop
  endfacet
  facet normal 0 0 -1
    outer loop
      vertex -5.5 -12.399999618530273 3.5899996757507324
      vertex -3.8641891479492188 -12.751315116882324 3.5899996757507324
      vertex -4.04500675201416 -12.720864295959473 3.5899996757507324
    endloop
  endfacet
  facet normal 0 0 -1
    outer loop
      vertex -5.5 -12.399999618530273 3.5899996757507324
      vertex -4.04500675201416 -12.720864295959473 3.5899996757507324
      vertex -4.225380897521973 -12.6890230178833 3.5899996757507324
    endloop
  endfacet
  facet normal 0 0 -1
    outer loop
      vertex -5.5 -12.399999618530273 3.5899996757507324
      vertex -4.225380897521973 -12.6890230178833 3.5899996757507324
      vertex -4.405292510986328 -12.655795097351074 3.5899996757507324
    endloop
  endfacet
  facet normal 0 0 -1
    outer loop
      vertex -5.5 -12.399999618530273 3.5899996757507324
      vertex -4.405292510986328 -12.655795097351074 3.5899996757507324
      vertex -4.584719657897949 -12.621183395385742 3.5899996757507324
    endloop
  endfacet
  facet normal 0 0 -1
    outer loop
      vertex -5.5 -12.399999618530273 3.5899996757507324
      vertex -4.584719657897949 -12.621183395385742 3.5899996757507324
      vertex -4.763645172119141 -12.58519172668457 3.5899996757507324
    endloop
  endfacet
  facet normal 0 0 -1
    outer loop
      vertex -5.5 -12.399999618530273 3.5899996757507324
      vertex -4.763645172119141 -12.58519172668457 3.5899996757507324
      vertex -4.942048072814941 -12.54782485961914 3.5899996757507324
    endloop
  endfacet
  facet normal 0 0 -1
    outer loop
      vertex -5.5 -12.399999618530273 3.5899996757507324
      vertex -4.942048072814941 -12.54782485961914 3.5899996757507324
      vertex -5.119908332824707 -12.509085655212402 3.5899996757507324
    endloop
  endfacet
  facet normal 0 0 -1
    outer loop
      vertex -5.5 -12.399999618530273 3.5899996757507324
      vertex -5.119908332824707 -12.509085655212402 3.5899996757507324
      vertex -5.297207832336426 -12.468979835510254 3.5899996757507324
    endloop
  endfacet
  facet normal 0 0 -1
    outer loop
      vertex -5.5 -12.399999618530273 3.5899996757507324
      vertex -5.297207832336426 -12.468979835510254 3.5899996757507324
      vertex -5.473926544189453 -12.427510261535645 3.5899996757507324
    endloop
  endfacet
  facet normal 0 0 -1
    outer loop
      vertex -5.5 -12.399999618530273 3.5899996757507324
      vertex -5.473926544189453 -12.427510261535645 3.5899996757507324
      vertex -5.5 -12.421170234680176 3.5899996757507324
    endloop
  endfacet
  facet normal 0 0 -1
    outer loop
      vertex -3.554048538208008 -12.799999237060547 3.5899996757507324
      vertex -5.5 -12.399999618530273 3.5899996757507324
      vertex 5.5 -12.399999618530273 3.5899996757507324
    endloop
  endfacet
  facet normal 0 1 0
    outer loop
      vertex 5.5 -12.399999618530273 3.5999999046325684
      vertex -5.5 -12.399999618530273 5.400000095367432
      vertex 5.5 -12.399999618530273 5.400000095367432
    endloop
  endfacet
  facet normal 0 1 0
    outer loop
      vertex -5.5 -12.399999618530273 5.400000095367432
      vertex 5.5 -12.399999618530273 3.5999999046325684
      vertex -5.5 -12.399999618530273 3.5999999046325684
    endloop
  endfacet
  facet normal 0 1 0
    outer loop
      vertex 5.5 -12.399999618530273 3.5899996757507324
      vertex -5.5 -12.399999618530273 3.5999999046325684
      vertex 5.5 -12.399999618530273 3.5999999046325684
    endloop
  endfacet
  facet normal 0 1 0
    outer loop
      vertex -5.5 -12.399999618530273 3.5999999046325684
      vertex 5.5 -12.399999618530273 3.5899996757507324
      vertex -5.5 -12.399999618530273 3.5899996757507324
    endloop
  endfacet
  facet normal 1 0 0
    outer loop
      vertex 5.5 -12.421170234680176 5.368244647979736
      vertex 5.5 -12.399999618530273 3.5999999046325684
      vertex 5.5 -12.399999618530273 5.400000095367432
    endloop
  endfacet
  facet normal 1 0 0
    outer loop
      vertex 5.5 -12.399999618530273 3.5999999046325684
      vertex 5.5 -12.421170234680176 5.368244647979736
      vertex 5.5 -12.421170234680176 3.6317553520202637
    endloop
  endfacet
  facet normal 1 0 0
    outer loop
      vertex 5.5 -12.421170234680176 3.5999999046325684
      vertex 5.5 -12.399999618530273 3.5899996757507324
      vertex 5.5 -12.399999618530273 3.5999999046325684
    endloop
  endfacet
  facet normal 1 0 0
    outer loop
      vertex 5.5 -12.399999618530273 3.5899996757507324
      vertex 5.5 -12.421170234680176 3.5999999046325684
      vertex 5.5 -12.421170234680176 3.5899996757507324
    endloop
  endfacet
  facet normal -1 0 0
    outer loop
      vertex -5.5 -12.421170234680176 3.6317553520202637
      vertex -5.5 -12.399999618530273 5.400000095367432
      vertex -5.5 -12.399999618530273 3.5999999046325684
    endloop
  endfacet
  facet normal -1 0 0
    outer loop
      vertex -5.5 -12.399999618530273 5.400000095367432
      vertex -5.5 -12.421170234680176 3.6317553520202637
      vertex -5.5 -12.421170234680176 5.368244647979736
    endloop
  endfacet
  facet normal -1 0 0
    outer loop
      vertex -5.5 -12.421170234680176 3.5899996757507324
      vertex -5.5 -12.399999618530273 3.5999999046325684
      vertex -5.5 -12.399999618530273 3.5899996757507324
    endloop
  endfacet
  facet normal -1 0 0
    outer loop
      vertex -5.5 -12.399999618530273 3.5999999046325684
      vertex -5.5 -12.421170234680176 3.5899996757507324
      vertex -5.5 -12.421170234680176 3.5999999046325684
    endloop
  endfacet
  facet normal 0.000013182615090954419 -0.8320464499562332 0.5547059625977062
    outer loop
      vertex -5.473926544189453 -12.427510261535645 5.358734130859375
      vertex -5.5 -12.399999618530273 5.400000095367432
      vertex -5.5 -12.421170234680176 5.368244647979736
    endloop
  endfacet
  facet normal 0.0000019248335155446196 -0.8320497330195595 0.5547010381983927
    outer loop
      vertex -5.297207832336426 -12.468979835510254 5.296529293060303
      vertex -5.5 -12.399999618530273 5.400000095367432
      vertex -5.473926544189453 -12.427510261535645 5.358734130859375
    endloop
  endfacet
  facet normal -0.000002589193172353206 -0.832053816252215 0.5546949133112917
    outer loop
      vertex -5.119908332824707 -12.509085655212402 5.23637056350708
      vertex -5.5 -12.399999618530273 5.400000095367432
      vertex -5.297207832336426 -12.468979835510254 5.296529293060303
    endloop
  endfacet
  facet normal -0.000013182615090954419 -0.8320464499562332 0.5547059625977062
    outer loop
      vertex 5.5 -12.399999618530273 5.400000095367432
      vertex 5.473926544189453 -12.427510261535645 5.358734130859375
      vertex 5.5 -12.421170234680176 5.368244647979736
    endloop
  endfacet
  facet normal -0.000002190535746432062 -0.8320533888565472 0.5546955544147952
    outer loop
      vertex -4.942048072814941 -12.54782485961914 5.178261756896973
      vertex -5.5 -12.399999618530273 5.400000095367432
      vertex -5.119908332824707 -12.509085655212402 5.23637056350708
    endloop
  endfacet
  facet normal -0.0000019248335155446196 -0.8320497330195595 0.5547010381983927
    outer loop
      vertex 5.5 -12.399999618530273 5.400000095367432
      vertex 5.297207832336426 -12.468979835510254 5.296529293060303
      vertex 5.473926544189453 -12.427510261535645 5.358734130859375
    endloop
  endfacet
  facet normal -0.0000017893479368798112 -0.8320529229402233 0.554696253298532
    outer loop
      vertex -4.763645172119141 -12.58519172668457 5.122211456298828
      vertex -5.5 -12.399999618530273 5.400000095367432
      vertex -4.942048072814941 -12.54782485961914 5.178261756896973
    endloop
  endfacet
  facet normal 0.000002589193172353206 -0.832053816252215 0.5546949133112917
    outer loop
      vertex 5.5 -12.399999618530273 5.400000095367432
      vertex 5.119908332824707 -12.509085655212402 5.23637056350708
      vertex 5.297207832336426 -12.468979835510254 5.296529293060303
    endloop
  endfacet
  facet normal -0.0000014352277350521041 -0.8320524897005893 0.5546969031651346
    outer loop
      vertex -4.584719657897949 -12.621183395385742 5.06822395324707
      vertex -5.5 -12.399999618530273 5.400000095367432
      vertex -4.763645172119141 -12.58519172668457 5.122211456298828
    endloop
  endfacet
  facet normal 0.000002190535746432062 -0.8320533888565472 0.5546955544147952
    outer loop
      vertex 5.5 -12.399999618530273 5.400000095367432
      vertex 4.942048072814941 -12.54782485961914 5.178261756896973
      vertex 5.119908332824707 -12.509085655212402 5.23637056350708
    endloop
  endfacet
  facet normal -0.0000011433557218905179 -0.8320521180739826 0.5546974606100987
    outer loop
      vertex -4.405292510986328 -12.655795097351074 5.016306400299072
      vertex -5.5 -12.399999618530273 5.400000095367432
      vertex -4.584719657897949 -12.621183395385742 5.06822395324707
    endloop
  endfacet
  facet normal 0.0000017893479368798112 -0.8320529229402233 0.554696253298532
    outer loop
      vertex 5.5 -12.399999618530273 5.400000095367432
      vertex 4.763645172119141 -12.58519172668457 5.122211456298828
      vertex 4.942048072814941 -12.54782485961914 5.178261756896973
    endloop
  endfacet
  facet normal 0.0000061032971081396696 -0.8320425755537749 0.5547117741932204
    outer loop
      vertex -4.225380897521973 -12.6890230178833 4.966464042663574
      vertex -5.5 -12.399999618530273 5.400000095367432
      vertex -4.405292510986328 -12.655795097351074 5.016306400299072
    endloop
  endfacet
  facet normal 0.0000014352277350521041 -0.8320524897005893 0.5546969031651346
    outer loop
      vertex 5.5 -12.399999618530273 5.400000095367432
      vertex 4.584719657897949 -12.621183395385742 5.06822395324707
      vertex 4.763645172119141 -12.58519172668457 5.122211456298828
    endloop
  endfacet
  facet normal -0.0000014587554281479585 -0.8320528369567678 0.5546963822759855
    outer loop
      vertex -4.04500675201416 -12.720864295959473 4.918702125549316
      vertex -5.5 -12.399999618530273 5.400000095367432
      vertex -4.225380897521973 -12.6890230178833 4.966464042663574
    endloop
  endfacet
  facet normal 0.0000011433557218905179 -0.8320521180739826 0.5546974606100987
    outer loop
      vertex 5.5 -12.399999618530273 5.400000095367432
      vertex 4.405292510986328 -12.655795097351074 5.016306400299072
      vertex 4.584719657897949 -12.621183395385742 5.06822395324707
    endloop
  endfacet
  facet normal -0.0000011747525010650063 -0.8320524407016973 0.554696976664709
    outer loop
      vertex -3.8641891479492188 -12.751315116882324 4.873025894165039
      vertex -5.5 -12.399999618530273 5.400000095367432
      vertex -4.04500675201416 -12.720864295959473 4.918702125549316
    endloop
  endfacet
  facet normal -0.0000061032971081396696 -0.8320425755537749 0.5547117741932204
    outer loop
      vertex 5.5 -12.399999618530273 5.400000095367432
      vertex 4.225380897521973 -12.6890230178833 4.966464042663574
      vertex 4.405292510986328 -12.655795097351074 5.016306400299072
    endloop
  endfacet
  facet normal -9.522264076757211e-7 -0.8320521218929617 0.5546974548819502
    outer loop
      vertex -3.6829471588134766 -12.78037166595459 4.829441070556641
      vertex -5.5 -12.399999618530273 5.400000095367432
      vertex -3.8641891479492188 -12.751315116882324 4.873025894165039
    endloop
  endfacet
  facet normal 0.0000014587554281479585 -0.8320528369567678 0.5546963822759855
    outer loop
      vertex 5.5 -12.399999618530273 5.400000095367432
      vertex 4.04500675201416 -12.720864295959473 4.918702125549316
      vertex 4.225380897521973 -12.6890230178833 4.966464042663574
    endloop
  endfacet
  facet normal -7.768746706548543e-7 -0.8320518641522852 0.5546978414958035
    outer loop
      vertex -3.554048538208008 -12.799999237060547 4.799999713897705
      vertex -5.5 -12.399999618530273 5.400000095367432
      vertex -3.6829471588134766 -12.78037166595459 4.829441070556641
    endloop
  endfacet
  facet normal 0.0000011747525010650063 -0.8320524407016973 0.554696976664709
    outer loop
      vertex 5.5 -12.399999618530273 5.400000095367432
      vertex 3.8641891479492188 -12.751315116882324 4.873025894165039
      vertex 4.04500675201416 -12.720864295959473 4.918702125549316
    endloop
  endfacet
  facet normal 0 -0.8320507012631989 0.5546995858367112
    outer loop
      vertex -5.5 -12.399999618530273 5.400000095367432
      vertex -3.554048538208008 -12.799999237060547 4.799999713897705
      vertex 5.5 -12.399999618530273 5.400000095367432
    endloop
  endfacet
  facet normal 9.522264076757211e-7 -0.8320521218929617 0.5546974548819502
    outer loop
      vertex 5.5 -12.399999618530273 5.400000095367432
      vertex 3.6829471588134766 -12.78037166595459 4.829441070556641
      vertex 3.8641891479492188 -12.751315116882324 4.873025894165039
    endloop
  endfacet
  facet normal 0 -0.8320507012631989 0.5546995858367112
    outer loop
      vertex 3.554048538208008 -12.799999237060547 4.799999713897705
      vertex 5.5 -12.399999618530273 5.400000095367432
      vertex -3.554048538208008 -12.799999237060547 4.799999713897705
    endloop
  endfacet
  facet normal 7.768746706548543e-7 -0.8320518641522852 0.5546978414958035
    outer loop
      vertex 5.5 -12.399999618530273 5.400000095367432
      vertex 3.554048538208008 -12.799999237060547 4.799999713897705
      vertex 3.6829471588134766 -12.78037166595459 4.829441070556641
    endloop
  endfacet
  facet normal 0 0 1
    outer loop
      vertex 5.5 -12.399999618530273 3.5999999046325684
      vertex 5.473926544189453 -12.427510261535645 3.5999999046325684
      vertex 5.5 -12.421170234680176 3.5999999046325684
    endloop
  endfacet
  facet normal 0 0 1
    outer loop
      vertex 5.5 -12.399999618530273 3.5999999046325684
      vertex 5.297207832336426 -12.468979835510254 3.5999999046325684
      vertex 5.473926544189453 -12.427510261535645 3.5999999046325684
    endloop
  endfacet
  facet normal 0 0 1
    outer loop
      vertex 5.5 -12.399999618530273 3.5999999046325684
      vertex 5.119908332824707 -12.509085655212402 3.5999999046325684
      vertex 5.297207832336426 -12.468979835510254 3.5999999046325684
    endloop
  endfacet
  facet normal 0 0 1
    outer loop
      vertex 5.5 -12.399999618530273 3.5999999046325684
      vertex 4.942048072814941 -12.54782485961914 3.5999999046325684
      vertex 5.119908332824707 -12.509085655212402 3.5999999046325684
    endloop
  endfacet
  facet normal 0 0 1
    outer loop
      vertex 5.5 -12.399999618530273 3.5999999046325684
      vertex 4.763645172119141 -12.58519172668457 3.5999999046325684
      vertex 4.942048072814941 -12.54782485961914 3.5999999046325684
    endloop
  endfacet
  facet normal 0 0 1
    outer loop
      vertex 5.5 -12.399999618530273 3.5999999046325684
      vertex 4.584719657897949 -12.621183395385742 3.5999999046325684
      vertex 4.763645172119141 -12.58519172668457 3.5999999046325684
    endloop
  endfacet
  facet normal 0 0 1
    outer loop
      vertex 5.5 -12.399999618530273 3.5999999046325684
      vertex 4.405292510986328 -12.655795097351074 3.5999999046325684
      vertex 4.584719657897949 -12.621183395385742 3.5999999046325684
    endloop
  endfacet
  facet normal 0 0 1
    outer loop
      vertex 5.5 -12.399999618530273 3.5999999046325684
      vertex 4.225380897521973 -12.6890230178833 3.5999999046325684
      vertex 4.405292510986328 -12.655795097351074 3.5999999046325684
    endloop
  endfacet
  facet normal 0 0 1
    outer loop
      vertex 5.5 -12.399999618530273 3.5999999046325684
      vertex 4.04500675201416 -12.720864295959473 3.5999999046325684
      vertex 4.225380897521973 -12.6890230178833 3.5999999046325684
    endloop
  endfacet
  facet normal 0 0 1
    outer loop
      vertex 5.5 -12.399999618530273 3.5999999046325684
      vertex 3.8641891479492188 -12.751315116882324 3.5999999046325684
      vertex 4.04500675201416 -12.720864295959473 3.5999999046325684
    endloop
  endfacet
  facet normal 0 0 1
    outer loop
      vertex 5.5 -12.399999618530273 3.5999999046325684
      vertex 3.6829471588134766 -12.78037166595459 3.5999999046325684
      vertex 3.8641891479492188 -12.751315116882324 3.5999999046325684
    endloop
  endfacet
  facet normal 0 0 1
    outer loop
      vertex 5.5 -12.399999618530273 3.5999999046325684
      vertex 3.554048538208008 -12.799999237060547 3.5999999046325684
      vertex 3.6829471588134766 -12.78037166595459 3.5999999046325684
    endloop
  endfacet
  facet normal 0 0 1
    outer loop
      vertex 5.5 -12.399999618530273 3.5999999046325684
      vertex -3.554048538208008 -12.799999237060547 3.5999999046325684
      vertex 3.554048538208008 -12.799999237060547 3.5999999046325684
    endloop
  endfacet
  facet normal 0 0 1
    outer loop
      vertex -5.5 -12.399999618530273 3.5999999046325684
      vertex -3.554048538208008 -12.799999237060547 3.5999999046325684
      vertex 5.5 -12.399999618530273 3.5999999046325684
    endloop
  endfacet
  facet normal 0 0 1
    outer loop
      vertex -3.554048538208008 -12.799999237060547 3.5999999046325684
      vertex -5.5 -12.399999618530273 3.5999999046325684
      vertex -3.6829471588134766 -12.78037166595459 3.5999999046325684
    endloop
  endfacet
  facet normal 0 0 1
    outer loop
      vertex -3.6829471588134766 -12.78037166595459 3.5999999046325684
      vertex -5.5 -12.399999618530273 3.5999999046325684
      vertex -3.8641891479492188 -12.751315116882324 3.5999999046325684
    endloop
  endfacet
  facet normal 0 0 1
    outer loop
      vertex -3.8641891479492188 -12.751315116882324 3.5999999046325684
      vertex -5.5 -12.399999618530273 3.5999999046325684
      vertex -4.04500675201416 -12.720864295959473 3.5999999046325684
    endloop
  endfacet
  facet normal 0 0 1
    outer loop
      vertex -4.04500675201416 -12.720864295959473 3.5999999046325684
      vertex -5.5 -12.399999618530273 3.5999999046325684
      vertex -4.225380897521973 -12.6890230178833 3.5999999046325684
    endloop
  endfacet
  facet normal 0 0 1
    outer loop
      vertex -4.225380897521973 -12.6890230178833 3.5999999046325684
      vertex -5.5 -12.399999618530273 3.5999999046325684
      vertex -4.405292510986328 -12.655795097351074 3.5999999046325684
    endloop
  endfacet
  facet normal 0 0 1
    outer loop
      vertex -4.405292510986328 -12.655795097351074 3.5999999046325684
      vertex -5.5 -12.399999618530273 3.5999999046325684
      vertex -4.584719657897949 -12.621183395385742 3.5999999046325684
    endloop
  endfacet
  facet normal 0 0 1
    outer loop
      vertex -4.584719657897949 -12.621183395385742 3.5999999046325684
      vertex -5.5 -12.399999618530273 3.5999999046325684
      vertex -4.763645172119141 -12.58519172668457 3.5999999046325684
    endloop
  endfacet
  facet normal 0 0 1
    outer loop
      vertex -4.763645172119141 -12.58519172668457 3.5999999046325684
      vertex -5.5 -12.399999618530273 3.5999999046325684
      vertex -4.942048072814941 -12.54782485961914 3.5999999046325684
    endloop
  endfacet
  facet normal 0 0 1
    outer loop
      vertex -4.942048072814941 -12.54782485961914 3.5999999046325684
      vertex -5.5 -12.399999618530273 3.5999999046325684
      vertex -5.119908332824707 -12.509085655212402 3.5999999046325684
    endloop
  endfacet
  facet normal 0 0 1
    outer loop
      vertex -5.119908332824707 -12.509085655212402 3.5999999046325684
      vertex -5.5 -12.399999618530273 3.5999999046325684
      vertex -5.297207832336426 -12.468979835510254 3.5999999046325684
    endloop
  endfacet
  facet normal 0 0 1
    outer loop
      vertex -5.297207832336426 -12.468979835510254 3.5999999046325684
      vertex -5.5 -12.399999618530273 3.5999999046325684
      vertex -5.473926544189453 -12.427510261535645 3.5999999046325684
    endloop
  endfacet
  facet normal 0 0 1
    outer loop
      vertex -5.473926544189453 -12.427510261535645 3.5999999046325684
      vertex -5.5 -12.399999618530273 3.5999999046325684
      vertex -5.5 -12.421170234680176 3.5999999046325684
    endloop
  endfacet
  facet normal 0 -0.8320502943378437 -0.5547001962252291
    outer loop
      vertex -5.5 -12.399999618530273 3.5999999046325684
      vertex -3.554048538208008 -12.799999237060547 4.1999993324279785
      vertex -3.6829471588134766 -12.78037166595459 4.170557975769043
    endloop
  endfacet
  facet normal 0 -0.8320502943378436 -0.554700196225229
    outer loop
      vertex -3.554048538208008 -12.799999237060547 4.1999993324279785
      vertex -5.5 -12.399999618530273 3.5999999046325684
      vertex 3.554048538208008 -12.799999237060547 4.1999993324279785
    endloop
  endfacet
  facet normal 0 -0.8320502943378437 -0.5547001962252291
    outer loop
      vertex -5.5 -12.399999618530273 3.5999999046325684
      vertex -3.6829471588134766 -12.78037166595459 4.170557975769043
      vertex -3.8641891479492188 -12.751315116882324 4.1269731521606445
    endloop
  endfacet
  facet normal 0 -0.8320502943378436 -0.5547001962252291
    outer loop
      vertex 5.5 -12.399999618530273 3.5999999046325684
      vertex 3.554048538208008 -12.799999237060547 4.1999993324279785
      vertex -5.5 -12.399999618530273 3.5999999046325684
    endloop
  endfacet
  facet normal 0 -0.8320502943378437 -0.5547001962252291
    outer loop
      vertex -5.5 -12.399999618530273 3.5999999046325684
      vertex -3.8641891479492188 -12.751315116882324 4.1269731521606445
      vertex -4.04500675201416 -12.720864295959473 4.081296920776367
    endloop
  endfacet
  facet normal 0 -0.8320502943378437 -0.5547001962252291
    outer loop
      vertex 3.554048538208008 -12.799999237060547 4.1999993324279785
      vertex 5.5 -12.399999618530273 3.5999999046325684
      vertex 3.6829471588134766 -12.78037166595459 4.170557975769043
    endloop
  endfacet
  facet normal 0 -0.8320502943378436 -0.5547001962252291
    outer loop
      vertex -5.5 -12.399999618530273 3.5999999046325684
      vertex -4.04500675201416 -12.720864295959473 4.081296920776367
      vertex -4.225380897521973 -12.6890230178833 4.033535003662109
    endloop
  endfacet
  facet normal 0 -0.8320502943378437 -0.5547001962252291
    outer loop
      vertex 3.6829471588134766 -12.78037166595459 4.170557975769043
      vertex 5.5 -12.399999618530273 3.5999999046325684
      vertex 3.8641891479492188 -12.751315116882324 4.1269731521606445
    endloop
  endfacet
  facet normal 0 -0.8320502943378437 -0.5547001962252291
    outer loop
      vertex -5.5 -12.399999618530273 3.5999999046325684
      vertex -4.225380897521973 -12.6890230178833 4.033535003662109
      vertex -4.405292510986328 -12.655795097351074 3.9836931228637695
    endloop
  endfacet
  facet normal 0 -0.8320502943378437 -0.5547001962252291
    outer loop
      vertex 3.8641891479492188 -12.751315116882324 4.1269731521606445
      vertex 5.5 -12.399999618530273 3.5999999046325684
      vertex 4.04500675201416 -12.720864295959473 4.081296920776367
    endloop
  endfacet
  facet normal 0 -0.8320502943378437 -0.5547001962252291
    outer loop
      vertex -5.5 -12.399999618530273 3.5999999046325684
      vertex -4.405292510986328 -12.655795097351074 3.9836931228637695
      vertex -4.584719657897949 -12.621183395385742 3.9317755699157715
    endloop
  endfacet
  facet normal 0 -0.8320502943378436 -0.5547001962252291
    outer loop
      vertex 4.04500675201416 -12.720864295959473 4.081296920776367
      vertex 5.5 -12.399999618530273 3.5999999046325684
      vertex 4.225380897521973 -12.6890230178833 4.033535003662109
    endloop
  endfacet
  facet normal 0 -0.8320502943378437 -0.5547001962252291
    outer loop
      vertex -5.5 -12.399999618530273 3.5999999046325684
      vertex -4.584719657897949 -12.621183395385742 3.9317755699157715
      vertex -4.763645172119141 -12.58519172668457 3.8777880668640137
    endloop
  endfacet
  facet normal 0 -0.8320502943378437 -0.5547001962252291
    outer loop
      vertex 4.225380897521973 -12.6890230178833 4.033535003662109
      vertex 5.5 -12.399999618530273 3.5999999046325684
      vertex 4.405292510986328 -12.655795097351074 3.9836931228637695
    endloop
  endfacet
  facet normal 0 -0.8320502943378436 -0.554700196225229
    outer loop
      vertex -5.5 -12.399999618530273 3.5999999046325684
      vertex -4.763645172119141 -12.58519172668457 3.8777880668640137
      vertex -4.942048072814941 -12.54782485961914 3.821737766265869
    endloop
  endfacet
  facet normal 0 -0.8320502943378437 -0.5547001962252291
    outer loop
      vertex 4.405292510986328 -12.655795097351074 3.9836931228637695
      vertex 5.5 -12.399999618530273 3.5999999046325684
      vertex 4.584719657897949 -12.621183395385742 3.9317755699157715
    endloop
  endfacet
  facet normal 0 -0.8320502943378436 -0.554700196225229
    outer loop
      vertex -5.5 -12.399999618530273 3.5999999046325684
      vertex -4.942048072814941 -12.54782485961914 3.821737766265869
      vertex -5.119908332824707 -12.509085655212402 3.7636289596557617
    endloop
  endfacet
  facet normal 0 -0.8320502943378437 -0.5547001962252291
    outer loop
      vertex 4.584719657897949 -12.621183395385742 3.9317755699157715
      vertex 5.5 -12.399999618530273 3.5999999046325684
      vertex 4.763645172119141 -12.58519172668457 3.8777880668640137
    endloop
  endfacet
  facet normal 0 -0.8320502943378437 -0.5547001962252291
    outer loop
      vertex -5.5 -12.399999618530273 3.5999999046325684
      vertex -5.119908332824707 -12.509085655212402 3.7636289596557617
      vertex -5.297207832336426 -12.468979835510254 3.703470230102539
    endloop
  endfacet
  facet normal 0 -0.8320502943378436 -0.554700196225229
    outer loop
      vertex 4.763645172119141 -12.58519172668457 3.8777880668640137
      vertex 5.5 -12.399999618530273 3.5999999046325684
      vertex 4.942048072814941 -12.54782485961914 3.821737766265869
    endloop
  endfacet
  facet normal 0 -0.8320502943378436 -0.554700196225229
    outer loop
      vertex -5.5 -12.399999618530273 3.5999999046325684
      vertex -5.297207832336426 -12.468979835510254 3.703470230102539
      vertex -5.473926544189453 -12.427510261535645 3.641265869140625
    endloop
  endfacet
  facet normal 0 -0.8320502943378436 -0.554700196225229
    outer loop
      vertex 4.942048072814941 -12.54782485961914 3.821737766265869
      vertex 5.5 -12.399999618530273 3.5999999046325684
      vertex 5.119908332824707 -12.509085655212402 3.7636289596557617
    endloop
  endfacet
  facet normal 0.000013182615090954419 -0.8320464499562332 -0.5547059625977062
    outer loop
      vertex -5.5 -12.399999618530273 3.5999999046325684
      vertex -5.473926544189453 -12.427510261535645 3.641265869140625
      vertex -5.5 -12.421170234680176 3.6317553520202637
    endloop
  endfacet
  facet normal 0 -0.8320502943378437 -0.5547001962252291
    outer loop
      vertex 5.119908332824707 -12.509085655212402 3.7636289596557617
      vertex 5.5 -12.399999618530273 3.5999999046325684
      vertex 5.297207832336426 -12.468979835510254 3.703470230102539
    endloop
  endfacet
  facet normal 0 -0.8320502943378436 -0.554700196225229
    outer loop
      vertex 5.297207832336426 -12.468979835510254 3.703470230102539
      vertex 5.5 -12.399999618530273 3.5999999046325684
      vertex 5.473926544189453 -12.427510261535645 3.641265869140625
    endloop
  endfacet
  facet normal -0.000013182615090954419 -0.8320464499562332 -0.5547059625977062
    outer loop
      vertex 5.473926544189453 -12.427510261535645 3.641265869140625
      vertex 5.5 -12.399999618530273 3.5999999046325684
      vertex 5.5 -12.421170234680176 3.6317553520202637
    endloop
  endfacet
  facet normal -0.19720429167993125 -0.9803624163252163 0
    outer loop
      vertex -4.763645172119141 -12.58519172668457 3.5899996757507324
      vertex -4.584719657897949 -12.621183395385742 3.5999999046325684
      vertex -4.763645172119141 -12.58519172668457 3.5999999046325684
    endloop
  endfacet
  facet normal -0.19720429167993125 -0.9803624163252163 0
    outer loop
      vertex -4.584719657897949 -12.621183395385742 3.5999999046325684
      vertex -4.763645172119141 -12.58519172668457 3.5899996757507324
      vertex -4.584719657897949 -12.621183395385742 3.5899996757507324
    endloop
  endfacet
  facet normal -0.19720429167993123 -0.9803624163252161 0
    outer loop
      vertex -4.763645172119141 -12.58519172668457 5.122211456298828
      vertex -4.584719657897949 -12.621183395385742 3.9317755699157715
      vertex -4.584719657897949 -12.621183395385742 5.06822395324707
    endloop
  endfacet
  facet normal -0.19720429167993125 -0.9803624163252163 0
    outer loop
      vertex -4.584719657897949 -12.621183395385742 3.9317755699157715
      vertex -4.763645172119141 -12.58519172668457 5.122211456298828
      vertex -4.763645172119141 -12.58519172668457 3.8777880668640137
    endloop
  endfacet
  facet normal 0.18940929086441305 -0.9818982231037188 0
    outer loop
      vertex 4.405292510986328 -12.655795097351074 3.5899996757507324
      vertex 4.584719657897949 -12.621183395385742 3.5999999046325684
      vertex 4.405292510986328 -12.655795097351074 3.5999999046325684
    endloop
  endfacet
  facet normal 0.18940929086441305 -0.9818982231037188 0
    outer loop
      vertex 4.584719657897949 -12.621183395385742 3.5999999046325684
      vertex 4.405292510986328 -12.655795097351074 3.5899996757507324
      vertex 4.584719657897949 -12.621183395385742 3.5899996757507324
    endloop
  endfacet
  facet normal 0.18940929086441302 -0.9818982231037187 0
    outer loop
      vertex 4.405292510986328 -12.655795097351074 3.9836931228637695
      vertex 4.584719657897949 -12.621183395385742 5.06822395324707
      vertex 4.405292510986328 -12.655795097351074 5.016306400299072
    endloop
  endfacet
  facet normal 0.18940929086441302 -0.9818982231037187 0
    outer loop
      vertex 4.584719657897949 -12.621183395385742 5.06822395324707
      vertex 4.405292510986328 -12.655795097351074 3.9836931228637695
      vertex 4.584719657897949 -12.621183395385742 3.9317755699157715
    endloop
  endfacet
  facet normal 0.1582976868056369 -0.9873914331975868 0
    outer loop
      vertex 3.6829471588134766 -12.78037166595459 3.5899996757507324
      vertex 3.8641891479492188 -12.751315116882324 3.5999999046325684
      vertex 3.6829471588134766 -12.78037166595459 3.5999999046325684
    endloop
  endfacet
  facet normal 0.1582976868056369 -0.9873914331975868 0
    outer loop
      vertex 3.8641891479492188 -12.751315116882324 3.5999999046325684
      vertex 3.6829471588134766 -12.78037166595459 3.5899996757507324
      vertex 3.8641891479492188 -12.751315116882324 3.5899996757507324
    endloop
  endfacet
  facet normal 0.1582976868056369 -0.9873914331975868 0
    outer loop
      vertex 3.6829471588134766 -12.78037166595459 4.170557975769043
      vertex 3.8641891479492188 -12.751315116882324 4.873025894165039
      vertex 3.6829471588134766 -12.78037166595459 4.829441070556641
    endloop
  endfacet
  facet normal 0.1582976868056369 -0.9873914331975867 0
    outer loop
      vertex 3.8641891479492188 -12.751315116882324 4.873025894165039
      vertex 3.6829471588134766 -12.78037166595459 4.170557975769043
      vertex 3.8641891479492188 -12.751315116882324 4.1269731521606445
    endloop
  endfacet
  facet normal -0.16606785044307681 -0.9861143285893457 0
    outer loop
      vertex -4.04500675201416 -12.720864295959473 3.5899996757507324
      vertex -3.8641891479492188 -12.751315116882324 3.5999999046325684
      vertex -4.04500675201416 -12.720864295959473 3.5999999046325684
    endloop
  endfacet
  facet normal -0.16606785044307681 -0.9861143285893457 0
    outer loop
      vertex -3.8641891479492188 -12.751315116882324 3.5999999046325684
      vertex -4.04500675201416 -12.720864295959473 3.5899996757507324
      vertex -3.8641891479492188 -12.751315116882324 3.5899996757507324
    endloop
  endfacet
  facet normal -0.16606785044307681 -0.9861143285893456 0
    outer loop
      vertex -4.04500675201416 -12.720864295959473 4.918702125549316
      vertex -3.8641891479492188 -12.751315116882324 4.1269731521606445
      vertex -3.8641891479492188 -12.751315116882324 4.873025894165039
    endloop
  endfacet
  facet normal -0.16606785044307681 -0.9861143285893457 0
    outer loop
      vertex -3.8641891479492188 -12.751315116882324 4.1269731521606445
      vertex -4.04500675201416 -12.720864295959473 4.918702125549316
      vertex -4.04500675201416 -12.720864295959473 4.081296920776367
    endloop
  endfacet
  facet normal 0.21281744387255314 -0.9770919790805535 0
    outer loop
      vertex 4.942048072814941 -12.54782485961914 3.5899996757507324
      vertex 5.119908332824707 -12.509085655212402 3.5999999046325684
      vertex 4.942048072814941 -12.54782485961914 3.5999999046325684
    endloop
  endfacet
  facet normal 0.21281744387255314 -0.9770919790805535 0
    outer loop
      vertex 5.119908332824707 -12.509085655212402 3.5999999046325684
      vertex 4.942048072814941 -12.54782485961914 3.5899996757507324
      vertex 5.119908332824707 -12.509085655212402 3.5899996757507324
    endloop
  endfacet
  facet normal 0.21281744387255314 -0.9770919790805535 0
    outer loop
      vertex 4.942048072814941 -12.54782485961914 3.821737766265869
      vertex 5.119908332824707 -12.509085655212402 5.23637056350708
      vertex 4.942048072814941 -12.54782485961914 5.178261756896973
    endloop
  endfacet
  facet normal 0.21281744387255316 -0.9770919790805535 0
    outer loop
      vertex 5.119908332824707 -12.509085655212402 5.23637056350708
      vertex 4.942048072814941 -12.54782485961914 3.821737766265869
      vertex 5.119908332824707 -12.509085655212402 3.7636289596557617
    endloop
  endfacet
  facet normal 0.2206296059101169 -0.9753576661901758 0
    outer loop
      vertex 5.119908332824707 -12.509085655212402 3.5899996757507324
      vertex 5.297207832336426 -12.468979835510254 3.5999999046325684
      vertex 5.119908332824707 -12.509085655212402 3.5999999046325684
    endloop
  endfacet
  facet normal 0.2206296059101169 -0.9753576661901758 0
    outer loop
      vertex 5.297207832336426 -12.468979835510254 3.5999999046325684
      vertex 5.119908332824707 -12.509085655212402 3.5899996757507324
      vertex 5.297207832336426 -12.468979835510254 3.5899996757507324
    endloop
  endfacet
  facet normal 0.2206296059101169 -0.9753576661901758 0
    outer loop
      vertex 5.119908332824707 -12.509085655212402 3.7636289596557617
      vertex 5.297207832336426 -12.468979835510254 5.296529293060303
      vertex 5.119908332824707 -12.509085655212402 5.23637056350708
    endloop
  endfacet
  facet normal 0.2206296059101169 -0.9753576661901758 0
    outer loop
      vertex 5.297207832336426 -12.468979835510254 5.296529293060303
      vertex 5.119908332824707 -12.509085655212402 3.7636289596557617
      vertex 5.297207832336426 -12.468979835510254 3.703470230102539
    endloop
  endfacet
  facet normal -0.1582976868056369 -0.9873914331975868 0
    outer loop
      vertex -3.8641891479492188 -12.751315116882324 3.5899996757507324
      vertex -3.6829471588134766 -12.78037166595459 3.5999999046325684
      vertex -3.8641891479492188 -12.751315116882324 3.5999999046325684
    endloop
  endfacet
  facet normal -0.1582976868056369 -0.9873914331975868 0
    outer loop
      vertex -3.6829471588134766 -12.78037166595459 3.5999999046325684
      vertex -3.8641891479492188 -12.751315116882324 3.5899996757507324
      vertex -3.6829471588134766 -12.78037166595459 3.5899996757507324
    endloop
  endfacet
  facet normal -0.1582976868056369 -0.9873914331975868 0
    outer loop
      vertex -3.8641891479492188 -12.751315116882324 4.873025894165039
      vertex -3.6829471588134766 -12.78037166595459 4.170557975769043
      vertex -3.6829471588134766 -12.78037166595459 4.829441070556641
    endloop
  endfacet
  facet normal -0.1582976868056369 -0.9873914331975867 0
    outer loop
      vertex -3.6829471588134766 -12.78037166595459 4.170557975769043
      vertex -3.8641891479492188 -12.751315116882324 4.873025894165039
      vertex -3.8641891479492188 -12.751315116882324 4.1269731521606445
    endloop
  endfacet
  facet normal 0.18161867101582438 -0.9833690346652398 0
    outer loop
      vertex 4.225380897521973 -12.6890230178833 3.5899996757507324
      vertex 4.405292510986328 -12.655795097351074 3.5999999046325684
      vertex 4.225380897521973 -12.6890230178833 3.5999999046325684
    endloop
  endfacet
  facet normal 0.18161867101582438 -0.9833690346652398 0
    outer loop
      vertex 4.405292510986328 -12.655795097351074 3.5999999046325684
      vertex 4.225380897521973 -12.6890230178833 3.5899996757507324
      vertex 4.405292510986328 -12.655795097351074 3.5899996757507324
    endloop
  endfacet
  facet normal 0.18161867101582438 -0.9833690346652398 0
    outer loop
      vertex 4.225380897521973 -12.6890230178833 4.033535003662109
      vertex 4.405292510986328 -12.655795097351074 5.016306400299072
      vertex 4.225380897521973 -12.6890230178833 4.966464042663574
    endloop
  endfacet
  facet normal 0.1816186710158244 -0.98336903466524 0
    outer loop
      vertex 4.405292510986328 -12.655795097351074 5.016306400299072
      vertex 4.225380897521973 -12.6890230178833 4.033535003662109
      vertex 4.405292510986328 -12.655795097351074 3.9836931228637695
    endloop
  endfacet
  facet normal -0.2362753985030004 -0.9716861304259974 0
    outer loop
      vertex -5.5 -12.421170234680176 3.5899996757507324
      vertex -5.473926544189453 -12.427510261535645 3.5999999046325684
      vertex -5.5 -12.421170234680176 3.5999999046325684
    endloop
  endfacet
  facet normal -0.2362753985030004 -0.9716861304259974 0
    outer loop
      vertex -5.473926544189453 -12.427510261535645 3.5999999046325684
      vertex -5.5 -12.421170234680176 3.5899996757507324
      vertex -5.473926544189453 -12.427510261535645 3.5899996757507324
    endloop
  endfacet
  facet normal -0.2362753985030004 -0.9716861304259974 0
    outer loop
      vertex -5.5 -12.421170234680176 5.368244647979736
      vertex -5.473926544189453 -12.427510261535645 3.641265869140625
      vertex -5.473926544189453 -12.427510261535645 5.358734130859375
    endloop
  endfacet
  facet normal -0.2362753985030004 -0.9716861304259974 0
    outer loop
      vertex -5.473926544189453 -12.427510261535645 3.641265869140625
      vertex -5.5 -12.421170234680176 5.368244647979736
      vertex -5.5 -12.421170234680176 3.6317553520202637
    endloop
  endfacet
  facet normal -0.2206296059101169 -0.9753576661901758 0
    outer loop
      vertex -5.297207832336426 -12.468979835510254 3.5899996757507324
      vertex -5.119908332824707 -12.509085655212402 3.5999999046325684
      vertex -5.297207832336426 -12.468979835510254 3.5999999046325684
    endloop
  endfacet
  facet normal -0.2206296059101169 -0.9753576661901758 0
    outer loop
      vertex -5.119908332824707 -12.509085655212402 3.5999999046325684
      vertex -5.297207832336426 -12.468979835510254 3.5899996757507324
      vertex -5.119908332824707 -12.509085655212402 3.5899996757507324
    endloop
  endfacet
  facet normal -0.2206296059101169 -0.9753576661901758 0
    outer loop
      vertex -5.297207832336426 -12.468979835510254 5.296529293060303
      vertex -5.119908332824707 -12.509085655212402 3.7636289596557617
      vertex -5.119908332824707 -12.509085655212402 5.23637056350708
    endloop
  endfacet
  facet normal -0.2206296059101169 -0.9753576661901758 0
    outer loop
      vertex -5.119908332824707 -12.509085655212402 3.7636289596557617
      vertex -5.297207832336426 -12.468979835510254 5.296529293060303
      vertex -5.297207832336426 -12.468979835510254 3.703470230102539
    endloop
  endfacet
  facet normal 0.15053617376005599 -0.9886045015018302 0
    outer loop
      vertex 3.554048538208008 -12.799999237060547 3.5899996757507324
      vertex 3.6829471588134766 -12.78037166595459 3.5999999046325684
      vertex 3.554048538208008 -12.799999237060547 3.5999999046325684
    endloop
  endfacet
  facet normal 0.15053617376005599 -0.9886045015018302 0
    outer loop
      vertex 3.6829471588134766 -12.78037166595459 3.5999999046325684
      vertex 3.554048538208008 -12.799999237060547 3.5899996757507324
      vertex 3.6829471588134766 -12.78037166595459 3.5899996757507324
    endloop
  endfacet
  facet normal 0.15053617376005599 -0.9886045015018301 0
    outer loop
      vertex 3.554048538208008 -12.799999237060547 4.1999993324279785
      vertex 3.6829471588134766 -12.78037166595459 4.829441070556641
      vertex 3.554048538208008 -12.799999237060547 4.799999713897705
    endloop
  endfacet
  facet normal 0.15053617376005599 -0.9886045015018302 0
    outer loop
      vertex 3.6829471588134766 -12.78037166595459 4.829441070556641
      vertex 3.554048538208008 -12.799999237060547 4.1999993324279785
      vertex 3.6829471588134766 -12.78037166595459 4.170557975769043
    endloop
  endfacet
  facet normal -0.2284583035275619 -0.9735536983388787 0
    outer loop
      vertex -5.473926544189453 -12.427510261535645 3.5899996757507324
      vertex -5.297207832336426 -12.468979835510254 3.5999999046325684
      vertex -5.473926544189453 -12.427510261535645 3.5999999046325684
    endloop
  endfacet
  facet normal -0.2284583035275619 -0.9735536983388787 0
    outer loop
      vertex -5.297207832336426 -12.468979835510254 3.5999999046325684
      vertex -5.473926544189453 -12.427510261535645 3.5899996757507324
      vertex -5.297207832336426 -12.468979835510254 3.5899996757507324
    endloop
  endfacet
  facet normal -0.22845830352756188 -0.9735536983388787 0
    outer loop
      vertex -5.473926544189453 -12.427510261535645 5.358734130859375
      vertex -5.297207832336426 -12.468979835510254 3.703470230102539
      vertex -5.297207832336426 -12.468979835510254 5.296529293060303
    endloop
  endfacet
  facet normal -0.22845830352756186 -0.9735536983388786 0
    outer loop
      vertex -5.297207832336426 -12.468979835510254 3.703470230102539
      vertex -5.473926544189453 -12.427510261535645 5.358734130859375
      vertex -5.473926544189453 -12.427510261535645 3.641265869140625
    endloop
  endfacet
  facet normal -0.20500361862921612 -0.9787612151842384 0
    outer loop
      vertex -4.942048072814941 -12.54782485961914 3.5899996757507324
      vertex -4.763645172119141 -12.58519172668457 3.5999999046325684
      vertex -4.942048072814941 -12.54782485961914 3.5999999046325684
    endloop
  endfacet
  facet normal -0.20500361862921612 -0.9787612151842384 0
    outer loop
      vertex -4.763645172119141 -12.58519172668457 3.5999999046325684
      vertex -4.942048072814941 -12.54782485961914 3.5899996757507324
      vertex -4.763645172119141 -12.58519172668457 3.5899996757507324
    endloop
  endfacet
  facet normal -0.20500361862921612 -0.9787612151842384 0
    outer loop
      vertex -4.942048072814941 -12.54782485961914 5.178261756896973
      vertex -4.763645172119141 -12.58519172668457 3.8777880668640137
      vertex -4.763645172119141 -12.58519172668457 5.122211456298828
    endloop
  endfacet
  facet normal -0.2050036186292161 -0.9787612151842384 0
    outer loop
      vertex -4.763645172119141 -12.58519172668457 3.8777880668640137
      vertex -4.942048072814941 -12.54782485961914 5.178261756896973
      vertex -4.942048072814941 -12.54782485961914 3.821737766265869
    endloop
  endfacet
  facet normal -0.17384117457339193 -0.9847737029505528 0
    outer loop
      vertex -4.225380897521973 -12.6890230178833 3.5899996757507324
      vertex -4.04500675201416 -12.720864295959473 3.5999999046325684
      vertex -4.225380897521973 -12.6890230178833 3.5999999046325684
    endloop
  endfacet
  facet normal -0.17384117457339193 -0.9847737029505528 0
    outer loop
      vertex -4.04500675201416 -12.720864295959473 3.5999999046325684
      vertex -4.225380897521973 -12.6890230178833 3.5899996757507324
      vertex -4.04500675201416 -12.720864295959473 3.5899996757507324
    endloop
  endfacet
  facet normal -0.17384117457339193 -0.9847737029505528 0
    outer loop
      vertex -4.225380897521973 -12.6890230178833 4.966464042663574
      vertex -4.04500675201416 -12.720864295959473 4.081296920776367
      vertex -4.04500675201416 -12.720864295959473 4.918702125549316
    endloop
  endfacet
  facet normal -0.17384117457339193 -0.9847737029505528 0
    outer loop
      vertex -4.04500675201416 -12.720864295959473 4.081296920776367
      vertex -4.225380897521973 -12.6890230178833 4.966464042663574
      vertex -4.225380897521973 -12.6890230178833 4.033535003662109
    endloop
  endfacet
  facet normal -0.18940929086441305 -0.9818982231037188 0
    outer loop
      vertex -4.584719657897949 -12.621183395385742 3.5899996757507324
      vertex -4.405292510986328 -12.655795097351074 3.5999999046325684
      vertex -4.584719657897949 -12.621183395385742 3.5999999046325684
    endloop
  endfacet
  facet normal -0.18940929086441305 -0.9818982231037188 0
    outer loop
      vertex -4.405292510986328 -12.655795097351074 3.5999999046325684
      vertex -4.584719657897949 -12.621183395385742 3.5899996757507324
      vertex -4.405292510986328 -12.655795097351074 3.5899996757507324
    endloop
  endfacet
  facet normal -0.18940929086441302 -0.9818982231037187 0
    outer loop
      vertex -4.584719657897949 -12.621183395385742 5.06822395324707
      vertex -4.405292510986328 -12.655795097351074 3.9836931228637695
      vertex -4.405292510986328 -12.655795097351074 5.016306400299072
    endloop
  endfacet
  facet normal -0.18940929086441302 -0.9818982231037187 0
    outer loop
      vertex -4.405292510986328 -12.655795097351074 3.9836931228637695
      vertex -4.584719657897949 -12.621183395385742 5.06822395324707
      vertex -4.584719657897949 -12.621183395385742 3.9317755699157715
    endloop
  endfacet
  facet normal 0.16606785044307681 -0.9861143285893457 0
    outer loop
      vertex 3.8641891479492188 -12.751315116882324 3.5899996757507324
      vertex 4.04500675201416 -12.720864295959473 3.5999999046325684
      vertex 3.8641891479492188 -12.751315116882324 3.5999999046325684
    endloop
  endfacet
  facet normal 0.16606785044307681 -0.9861143285893457 0
    outer loop
      vertex 4.04500675201416 -12.720864295959473 3.5999999046325684
      vertex 3.8641891479492188 -12.751315116882324 3.5899996757507324
      vertex 4.04500675201416 -12.720864295959473 3.5899996757507324
    endloop
  endfacet
  facet normal 0.16606785044307681 -0.9861143285893456 0
    outer loop
      vertex 3.8641891479492188 -12.751315116882324 4.1269731521606445
      vertex 4.04500675201416 -12.720864295959473 4.918702125549316
      vertex 3.8641891479492188 -12.751315116882324 4.873025894165039
    endloop
  endfacet
  facet normal 0.16606785044307681 -0.9861143285893457 0
    outer loop
      vertex 4.04500675201416 -12.720864295959473 4.918702125549316
      vertex 3.8641891479492188 -12.751315116882324 4.1269731521606445
      vertex 4.04500675201416 -12.720864295959473 4.081296920776367
    endloop
  endfacet
  facet normal -0.15053617376005599 -0.9886045015018302 0
    outer loop
      vertex -3.6829471588134766 -12.78037166595459 3.5899996757507324
      vertex -3.554048538208008 -12.799999237060547 3.5999999046325684
      vertex -3.6829471588134766 -12.78037166595459 3.5999999046325684
    endloop
  endfacet
  facet normal -0.15053617376005599 -0.9886045015018302 0
    outer loop
      vertex -3.554048538208008 -12.799999237060547 3.5999999046325684
      vertex -3.6829471588134766 -12.78037166595459 3.5899996757507324
      vertex -3.554048538208008 -12.799999237060547 3.5899996757507324
    endloop
  endfacet
  facet normal -0.15053617376005599 -0.9886045015018301 0
    outer loop
      vertex -3.6829471588134766 -12.78037166595459 4.829441070556641
      vertex -3.554048538208008 -12.799999237060547 4.1999993324279785
      vertex -3.554048538208008 -12.799999237060547 4.799999713897705
    endloop
  endfacet
  facet normal -0.15053617376005599 -0.9886045015018302 0
    outer loop
      vertex -3.554048538208008 -12.799999237060547 4.1999993324279785
      vertex -3.6829471588134766 -12.78037166595459 4.829441070556641
      vertex -3.6829471588134766 -12.78037166595459 4.170557975769043
    endloop
  endfacet
  facet normal 0.2284583035275619 -0.9735536983388787 0
    outer loop
      vertex 5.297207832336426 -12.468979835510254 3.5899996757507324
      vertex 5.473926544189453 -12.427510261535645 3.5999999046325684
      vertex 5.297207832336426 -12.468979835510254 3.5999999046325684
    endloop
  endfacet
  facet normal 0.2284583035275619 -0.9735536983388787 0
    outer loop
      vertex 5.473926544189453 -12.427510261535645 3.5999999046325684
      vertex 5.297207832336426 -12.468979835510254 3.5899996757507324
      vertex 5.473926544189453 -12.427510261535645 3.5899996757507324
    endloop
  endfacet
  facet normal 0.22845830352756188 -0.9735536983388787 0
    outer loop
      vertex 5.297207832336426 -12.468979835510254 3.703470230102539
      vertex 5.473926544189453 -12.427510261535645 5.358734130859375
      vertex 5.297207832336426 -12.468979835510254 5.296529293060303
    endloop
  endfacet
  facet normal 0.22845830352756186 -0.9735536983388786 0
    outer loop
      vertex 5.473926544189453 -12.427510261535645 5.358734130859375
      vertex 5.297207832336426 -12.468979835510254 3.703470230102539
      vertex 5.473926544189453 -12.427510261535645 3.641265869140625
    endloop
  endfacet
  facet normal -0.21281744387255314 -0.9770919790805535 0
    outer loop
      vertex -5.119908332824707 -12.509085655212402 3.5899996757507324
      vertex -4.942048072814941 -12.54782485961914 3.5999999046325684
      vertex -5.119908332824707 -12.509085655212402 3.5999999046325684
    endloop
  endfacet
  facet normal -0.21281744387255314 -0.9770919790805535 0
    outer loop
      vertex -4.942048072814941 -12.54782485961914 3.5999999046325684
      vertex -5.119908332824707 -12.509085655212402 3.5899996757507324
      vertex -4.942048072814941 -12.54782485961914 3.5899996757507324
    endloop
  endfacet
  facet normal -0.21281744387255314 -0.9770919790805535 0
    outer loop
      vertex -5.119908332824707 -12.509085655212402 5.23637056350708
      vertex -4.942048072814941 -12.54782485961914 3.821737766265869
      vertex -4.942048072814941 -12.54782485961914 5.178261756896973
    endloop
  endfacet
  facet normal -0.21281744387255316 -0.9770919790805535 0
    outer loop
      vertex -4.942048072814941 -12.54782485961914 3.821737766265869
      vertex -5.119908332824707 -12.509085655212402 5.23637056350708
      vertex -5.119908332824707 -12.509085655212402 3.7636289596557617
    endloop
  endfacet
  facet normal 0.2362753985030004 -0.9716861304259974 0
    outer loop
      vertex 5.473926544189453 -12.427510261535645 3.5899996757507324
      vertex 5.5 -12.421170234680176 3.5999999046325684
      vertex 5.473926544189453 -12.427510261535645 3.5999999046325684
    endloop
  endfacet
  facet normal 0.2362753985030004 -0.9716861304259974 0
    outer loop
      vertex 5.5 -12.421170234680176 3.5999999046325684
      vertex 5.473926544189453 -12.427510261535645 3.5899996757507324
      vertex 5.5 -12.421170234680176 3.5899996757507324
    endloop
  endfacet
  facet normal 0.2362753985030004 -0.9716861304259974 0
    outer loop
      vertex 5.473926544189453 -12.427510261535645 3.641265869140625
      vertex 5.5 -12.421170234680176 5.368244647979736
      vertex 5.473926544189453 -12.427510261535645 5.358734130859375
    endloop
  endfacet
  facet normal 0.2362753985030004 -0.9716861304259974 0
    outer loop
      vertex 5.5 -12.421170234680176 5.368244647979736
      vertex 5.473926544189453 -12.427510261535645 3.641265869140625
      vertex 5.5 -12.421170234680176 3.6317553520202637
    endloop
  endfacet
  facet normal 0.17384117457339193 -0.9847737029505528 0
    outer loop
      vertex 4.04500675201416 -12.720864295959473 3.5899996757507324
      vertex 4.225380897521973 -12.6890230178833 3.5999999046325684
      vertex 4.04500675201416 -12.720864295959473 3.5999999046325684
    endloop
  endfacet
  facet normal 0.17384117457339193 -0.9847737029505528 0
    outer loop
      vertex 4.225380897521973 -12.6890230178833 3.5999999046325684
      vertex 4.04500675201416 -12.720864295959473 3.5899996757507324
      vertex 4.225380897521973 -12.6890230178833 3.5899996757507324
    endloop
  endfacet
  facet normal 0.17384117457339193 -0.9847737029505528 0
    outer loop
      vertex 4.04500675201416 -12.720864295959473 4.081296920776367
      vertex 4.225380897521973 -12.6890230178833 4.966464042663574
      vertex 4.04500675201416 -12.720864295959473 4.918702125549316
    endloop
  endfacet
  facet normal 0.17384117457339193 -0.9847737029505528 0
    outer loop
      vertex 4.225380897521973 -12.6890230178833 4.966464042663574
      vertex 4.04500675201416 -12.720864295959473 4.081296920776367
      vertex 4.225380897521973 -12.6890230178833 4.033535003662109
    endloop
  endfacet
  facet normal 0.19720429167993125 -0.9803624163252163 0
    outer loop
      vertex 4.584719657897949 -12.621183395385742 3.5899996757507324
      vertex 4.763645172119141 -12.58519172668457 3.5999999046325684
      vertex 4.584719657897949 -12.621183395385742 3.5999999046325684
    endloop
  endfacet
  facet normal 0.19720429167993125 -0.9803624163252163 0
    outer loop
      vertex 4.763645172119141 -12.58519172668457 3.5999999046325684
      vertex 4.584719657897949 -12.621183395385742 3.5899996757507324
      vertex 4.763645172119141 -12.58519172668457 3.5899996757507324
    endloop
  endfacet
  facet normal 0.19720429167993123 -0.9803624163252161 0
    outer loop
      vertex 4.584719657897949 -12.621183395385742 3.9317755699157715
      vertex 4.763645172119141 -12.58519172668457 5.122211456298828
      vertex 4.584719657897949 -12.621183395385742 5.06822395324707
    endloop
  endfacet
  facet normal 0.19720429167993125 -0.9803624163252163 0
    outer loop
      vertex 4.763645172119141 -12.58519172668457 5.122211456298828
      vertex 4.584719657897949 -12.621183395385742 3.9317755699157715
      vertex 4.763645172119141 -12.58519172668457 3.8777880668640137
    endloop
  endfacet
  facet normal -0.18161867101582438 -0.9833690346652398 0
    outer loop
      vertex -4.405292510986328 -12.655795097351074 3.5899996757507324
      vertex -4.225380897521973 -12.6890230178833 3.5999999046325684
      vertex -4.405292510986328 -12.655795097351074 3.5999999046325684
    endloop
  endfacet
  facet normal -0.18161867101582438 -0.9833690346652398 0
    outer loop
      vertex -4.225380897521973 -12.6890230178833 3.5999999046325684
      vertex -4.405292510986328 -12.655795097351074 3.5899996757507324
      vertex -4.225380897521973 -12.6890230178833 3.5899996757507324
    endloop
  endfacet
  facet normal -0.18161867101582438 -0.9833690346652398 0
    outer loop
      vertex -4.405292510986328 -12.655795097351074 5.016306400299072
      vertex -4.225380897521973 -12.6890230178833 4.033535003662109
      vertex -4.225380897521973 -12.6890230178833 4.966464042663574
    endloop
  endfacet
  facet normal -0.1816186710158244 -0.98336903466524 0
    outer loop
      vertex -4.225380897521973 -12.6890230178833 4.033535003662109
      vertex -4.405292510986328 -12.655795097351074 5.016306400299072
      vertex -4.405292510986328 -12.655795097351074 3.9836931228637695
    endloop
  endfacet
  facet normal 0.20500361862921612 -0.9787612151842384 0
    outer loop
      vertex 4.763645172119141 -12.58519172668457 3.5899996757507324
      vertex 4.942048072814941 -12.54782485961914 3.5999999046325684
      vertex 4.763645172119141 -12.58519172668457 3.5999999046325684
    endloop
  endfacet
  facet normal 0.20500361862921612 -0.9787612151842384 0
    outer loop
      vertex 4.942048072814941 -12.54782485961914 3.5999999046325684
      vertex 4.763645172119141 -12.58519172668457 3.5899996757507324
      vertex 4.942048072814941 -12.54782485961914 3.5899996757507324
    endloop
  endfacet
  facet normal 0.20500361862921612 -0.9787612151842384 0
    outer loop
      vertex 4.763645172119141 -12.58519172668457 3.8777880668640137
      vertex 4.942048072814941 -12.54782485961914 5.178261756896973
      vertex 4.763645172119141 -12.58519172668457 5.122211456298828
    endloop
  endfacet
  facet normal 0.2050036186292161 -0.9787612151842384 0
    outer loop
      vertex 4.942048072814941 -12.54782485961914 5.178261756896973
      vertex 4.763645172119141 -12.58519172668457 3.8777880668640137
      vertex 4.942048072814941 -12.54782485961914 3.821737766265869
    endloop
  endfacet
  facet normal 0 0 1
    outer loop
      vertex 9.137256622314453 12.399999618530273 6.7999982833862305
      vertex 12.399999618530273 -9.137256622314453 6.7999982833862305
      vertex 12.399999618530273 9.137256622314453 6.7999982833862305
    endloop
  endfacet
  facet normal 0 0 1
    outer loop
      vertex 9.137256622314453 12.399999618530273 6.7999982833862305
      vertex 9.137256622314453 -12.399999618530273 6.7999982833862305
      vertex 12.399999618530273 -9.137256622314453 6.7999982833862305
    endloop
  endfacet
  facet normal 0 0 1
    outer loop
      vertex -9.137256622314453 12.399999618530273 6.7999982833862305
      vertex 9.137256622314453 -12.399999618530273 6.7999982833862305
      vertex 9.137256622314453 12.399999618530273 6.7999982833862305
    endloop
  endfacet
  facet normal 0 0 1
    outer loop
      vertex -9.137256622314453 12.399999618530273 6.7999982833862305
      vertex -9.137256622314453 -12.399999618530273 6.7999982833862305
      vertex 9.137256622314453 -12.399999618530273 6.7999982833862305
    endloop
  endfacet
  facet normal 0 0 1
    outer loop
      vertex -12.399999618530273 9.137256622314453 6.7999982833862305
      vertex -9.137256622314453 -12.399999618530273 6.7999982833862305
      vertex -9.137256622314453 12.399999618530273 6.7999982833862305
    endloop
  endfacet
  facet normal 0 0 1
    outer loop
      vertex -9.137256622314453 -12.399999618530273 6.7999982833862305
      vertex -12.399999618530273 9.137256622314453 6.7999982833862305
      vertex -12.399999618530273 -9.137256622314453 6.7999982833862305
    endloop
  endfacet
  facet normal 0 0 -1
    outer loop
      vertex 9.137256622314453 -12.399999618530273 6.390000343322754
      vertex 12.399999618530273 -9.123676300048828 6.390000343322754
      vertex 12.399999618530273 -9.137256622314453 6.390000343322754
    endloop
  endfacet
  facet normal 0 0 -1
    outer loop
      vertex 12.399999618530273 -9.123676300048828 6.390000343322754
      vertex 9.137256622314453 -12.399999618530273 6.390000343322754
      vertex 9.123676300048828 -12.399999618530273 6.390000343322754
    endloop
  endfacet
  facet normal 0 0 -1
    outer loop
      vertex 12.399999618530273 9.123676300048828 6.390000343322754
      vertex 9.137256622314453 12.399999618530273 6.390000343322754
      vertex 12.399999618530273 9.137256622314453 6.390000343322754
    endloop
  endfacet
  facet normal 0 0 -1
    outer loop
      vertex 9.137256622314453 12.399999618530273 6.390000343322754
      vertex 12.399999618530273 9.123676300048828 6.390000343322754
      vertex 9.123676300048828 12.399999618530273 6.390000343322754
    endloop
  endfacet
  facet normal 0 0 -1
    outer loop
      vertex -12.399999618530273 9.123676300048828 6.390000343322754
      vertex -9.137256622314453 12.399999618530273 6.390000343322754
      vertex -9.123676300048828 12.399999618530273 6.390000343322754
    endloop
  endfacet
  facet normal 0 0 -1
    outer loop
      vertex -9.137256622314453 12.399999618530273 6.390000343322754
      vertex -12.399999618530273 9.123676300048828 6.390000343322754
      vertex -12.399999618530273 9.137256622314453 6.390000343322754
    endloop
  endfacet
  facet normal 0 0 -1
    outer loop
      vertex -12.399999618530273 -9.137256622314453 6.390000343322754
      vertex -9.123676300048828 -12.399999618530273 6.390000343322754
      vertex -9.137256622314453 -12.399999618530273 6.390000343322754
    endloop
  endfacet
  facet normal 0 0 -1
    outer loop
      vertex -9.123676300048828 -12.399999618530273 6.390000343322754
      vertex -12.399999618530273 -9.137256622314453 6.390000343322754
      vertex -12.399999618530273 -9.123676300048828 6.390000343322754
    endloop
  endfacet
  facet normal 0 0 -1
    outer loop
      vertex -12.399999618530273 -7.582181930541992 6.390000343322754
      vertex -7.581629753112793 -12.399999618530273 6.390000343322754
      vertex -7.582181930541992 -12.399999618530273 6.390000343322754
    endloop
  endfacet
  facet normal 0 0 -1
    outer loop
      vertex -7.581629753112793 -12.399999618530273 6.390000343322754
      vertex -12.399999618530273 -7.582181930541992 6.390000343322754
      vertex -12.399999618530273 -7.581629753112793 6.390000343322754
    endloop
  endfacet
  facet normal 0 0 -1
    outer loop
      vertex -12.399999618530273 7.581629753112793 6.390000343322754
      vertex -7.582181930541992 12.399999618530273 6.390000343322754
      vertex -7.581629753112793 12.399999618530273 6.390000343322754
    endloop
  endfacet
  facet normal 0 0 -1
    outer loop
      vertex -7.582181930541992 12.399999618530273 6.390000343322754
      vertex -12.399999618530273 7.581629753112793 6.390000343322754
      vertex -12.399999618530273 7.582181930541992 6.390000343322754
    endloop
  endfacet
  facet normal 0 0 -1
    outer loop
      vertex 7.582181930541992 -12.399999618530273 6.390000343322754
      vertex 12.399999618530273 -7.581629753112793 6.390000343322754
      vertex 12.399999618530273 -7.582181930541992 6.390000343322754
    endloop
  endfacet
  facet normal 0 0 -1
    outer loop
      vertex 12.399999618530273 -7.581629753112793 6.390000343322754
      vertex 7.582181930541992 -12.399999618530273 6.390000343322754
      vertex 7.581629753112793 -12.399999618530273 6.390000343322754
    endloop
  endfacet
  facet normal 0 0 -1
    outer loop
      vertex 12.399999618530273 7.581629753112793 6.390000343322754
      vertex 7.582181930541992 12.399999618530273 6.390000343322754
      vertex 12.399999618530273 7.582181930541992 6.390000343322754
    endloop
  endfacet
  facet normal 0 0 -1
    outer loop
      vertex 7.582181930541992 12.399999618530273 6.390000343322754
      vertex 12.399999618530273 7.581629753112793 6.390000343322754
      vertex 7.581629753112793 12.399999618530273 6.390000343322754
    endloop
  endfacet
  facet normal -0.7071067811865476 -0.7071067811865476 0
    outer loop
      vertex -7.581629753112793 -12.399999618530273 0
      vertex -12.399999618530273 -7.581629753112793 6.390000343322754
      vertex -12.399999618530273 -7.581629753112793 0
    endloop
  endfacet
  facet normal -0.7071067811865476 -0.7071067811865476 0
    outer loop
      vertex -12.399999618530273 -7.581629753112793 6.390000343322754
      vertex -7.581629753112793 -12.399999618530273 0
      vertex -7.581629753112793 -12.399999618530273 6.390000343322754
    endloop
  endfacet
  facet normal 0.7071067811865476 0.7071067811865476 0
    outer loop
      vertex 12.399999618530273 7.581629753112793 6.390000343322754
      vertex 7.581629753112793 12.399999618530273 0
      vertex 7.581629753112793 12.399999618530273 6.390000343322754
    endloop
  endfacet
  facet normal 0.7071067811865476 0.7071067811865476 0
    outer loop
      vertex 7.581629753112793 12.399999618530273 0
      vertex 12.399999618530273 7.581629753112793 6.390000343322754
      vertex 12.399999618530273 7.581629753112793 0
    endloop
  endfacet
  facet normal 0.7071067811865476 -0.7071067811865476 0
    outer loop
      vertex 7.581629753112793 -12.399999618530273 6.390000343322754
      vertex 12.399999618530273 -7.581629753112793 0
      vertex 12.399999618530273 -7.581629753112793 6.390000343322754
    endloop
  endfacet
  facet normal 0.7071067811865476 -0.7071067811865476 0
    outer loop
      vertex 12.399999618530273 -7.581629753112793 0
      vertex 7.581629753112793 -12.399999618530273 6.390000343322754
      vertex 7.581629753112793 -12.399999618530273 0
    endloop
  endfacet
  facet normal 0 0 -1
    outer loop
      vertex -11.137107849121094 6.044526100158691 0
      vertex -6.044526100158691 11.137107849121094 0
      vertex -11.128551483154297 6.027732849121094 0
    endloop
  endfacet
  facet normal 0 0 -1
    outer loop
      vertex -6.044526100158691 11.137107849121094 0
      vertex -11.137107849121094 6.044526100158691 0
      vertex -6.060747146606445 11.146700859069824 0
    endloop
  endfacet
  facet normal 0 0 -1
    outer loop
      vertex -11.146700859069824 6.060747146606445 0
      vertex -6.060747146606445 11.146700859069824 0
      vertex -11.137107849121094 6.044526100158691 0
    endloop
  endfacet
  facet normal 0 0 -1
    outer loop
      vertex -6.060747146606445 11.146700859069824 0
      vertex -11.146700859069824 6.060747146606445 0
      vertex -6.0763349533081055 11.157294273376465 0
    endloop
  endfacet
  facet normal 0 0 -1
    outer loop
      vertex -11.157294273376465 6.0763349533081055 0
      vertex -6.0763349533081055 11.157294273376465 0
      vertex -11.146700859069824 6.060747146606445 0
    endloop
  endfacet
  facet normal 0 0 -1
    outer loop
      vertex -6.0763349533081055 11.157294273376465 0
      vertex -11.157294273376465 6.0763349533081055 0
      vertex -6.091226577758789 11.168845176696777 0
    endloop
  endfacet
  facet normal 0 0 -1
    outer loop
      vertex -11.168845176696777 6.091226577758789 0
      vertex -6.091226577758789 11.168845176696777 0
      vertex -11.157294273376465 6.0763349533081055 0
    endloop
  endfacet
  facet normal 0 0 -1
    outer loop
      vertex -6.091226577758789 11.168845176696777 0
      vertex -11.168845176696777 6.091226577758789 0
      vertex -6.105363845825195 11.18130874633789 0
    endloop
  endfacet
  facet normal 0 0 -1
    outer loop
      vertex -11.18130874633789 6.105363845825195 0
      vertex -6.105363845825195 11.18130874633789 0
      vertex -11.168845176696777 6.091226577758789 0
    endloop
  endfacet
  facet normal 0 0 -1
    outer loop
      vertex -6.105363845825195 11.18130874633789 0
      vertex -11.18130874633789 6.105363845825195 0
      vertex -6.118690490722656 11.194635391235352 0
    endloop
  endfacet
  facet normal 0 0 -1
    outer loop
      vertex -11.194635391235352 6.118690490722656 0
      vertex -6.118690490722656 11.194635391235352 0
      vertex -11.18130874633789 6.105363845825195 0
    endloop
  endfacet
  facet normal 0 0 -1
    outer loop
      vertex -6.118690490722656 11.194635391235352 0
      vertex -11.194635391235352 6.118690490722656 0
      vertex -6.131153106689453 11.208772659301758 0
    endloop
  endfacet
  facet normal 0 0 -1
    outer loop
      vertex -11.208772659301758 6.131153106689453 0
      vertex -6.131153106689453 11.208772659301758 0
      vertex -11.194635391235352 6.118690490722656 0
    endloop
  endfacet
  facet normal 0 0 -1
    outer loop
      vertex -6.131153106689453 11.208772659301758 0
      vertex -11.208772659301758 6.131153106689453 0
      vertex -6.142704963684082 11.223664283752441 0
    endloop
  endfacet
  facet normal 0 0 -1
    outer loop
      vertex -11.223664283752441 6.142704963684082 0
      vertex -6.142704963684082 11.223664283752441 0
      vertex -11.208772659301758 6.131153106689453 0
    endloop
  endfacet
  facet normal 0 0 -1
    outer loop
      vertex -6.142704963684082 11.223664283752441 0
      vertex -11.223664283752441 6.142704963684082 0
      vertex -7.581629753112793 12.399999618530273 0
    endloop
  endfacet
  facet normal 0 0 -1
    outer loop
      vertex -12.399999618530273 7.581629753112793 0
      vertex -11.223664283752441 6.142704963684082 0
      vertex -11.239251136779785 6.153298377990723 0
    endloop
  endfacet
  facet normal 0 0 -1
    outer loop
      vertex -12.399999618530273 7.581629753112793 0
      vertex -11.239251136779785 6.153298377990723 0
      vertex -11.255473136901855 6.162891387939453 0
    endloop
  endfacet
  facet normal 0 0 -1
    outer loop
      vertex -12.399999618530273 7.581629753112793 0
      vertex -11.255473136901855 6.162891387939453 0
      vertex -11.272265434265137 6.17144775390625 0
    endloop
  endfacet
  facet normal 0 0 -1
    outer loop
      vertex -12.399999618530273 7.581629753112793 0
      vertex -11.272265434265137 6.17144775390625 0
      vertex -11.289562225341797 6.178932189941406 0
    endloop
  endfacet
  facet normal 0 0 -1
    outer loop
      vertex -12.399999618530273 7.581629753112793 0
      vertex -11.289562225341797 6.178932189941406 0
      vertex -11.307294845581055 6.18531608581543 0
    endloop
  endfacet
  facet normal 0 0 -1
    outer loop
      vertex -12.399999618530273 7.581629753112793 0
      vertex -11.307294845581055 6.18531608581543 0
      vertex -11.325392723083496 6.190574645996094 0
    endloop
  endfacet
  facet normal 0 0 -1
    outer loop
      vertex -12.399999618530273 7.581629753112793 0
      vertex -11.325392723083496 6.190574645996094 0
      vertex -11.343785285949707 6.194685935974121 0
    endloop
  endfacet
  facet normal 0 0 -1
    outer loop
      vertex -12.399999618530273 7.581629753112793 0
      vertex -11.343785285949707 6.194685935974121 0
      vertex -11.362399101257324 6.197633743286133 0
    endloop
  endfacet
  facet normal 0 0 -1
    outer loop
      vertex -12.399999618530273 7.581629753112793 0
      vertex -11.362399101257324 6.197633743286133 0
      vertex -11.381162643432617 6.199407577514648 0
    endloop
  endfacet
  facet normal 0 0 -1
    outer loop
      vertex -12.399999618530273 7.581629753112793 0
      vertex -11.381162643432617 6.199407577514648 0
      vertex -11.399999618530273 6.199999809265137 0
    endloop
  endfacet
  facet normal 0 0 -1
    outer loop
      vertex -12.399999618530273 7.581629753112793 0
      vertex -11.399999618530273 6.199999809265137 0
      vertex -11.41883659362793 6.199407577514648 0
    endloop
  endfacet
  facet normal 0 0 -1
    outer loop
      vertex -12.399999618530273 7.581629753112793 0
      vertex -11.41883659362793 6.199407577514648 0
      vertex -11.437599182128906 6.197633743286133 0
    endloop
  endfacet
  facet normal 0 0 -1
    outer loop
      vertex -12.399999618530273 7.581629753112793 0
      vertex -11.437599182128906 6.197633743286133 0
      vertex -11.45621395111084 6.194685935974121 0
    endloop
  endfacet
  facet normal 0 0 -1
    outer loop
      vertex -12.399999618530273 7.581629753112793 0
      vertex -11.45621395111084 6.194685935974121 0
      vertex -11.47460651397705 6.190574645996094 0
    endloop
  endfacet
  facet normal 0 0 -1
    outer loop
      vertex -12.399999618530273 7.581629753112793 0
      vertex -11.47460651397705 6.190574645996094 0
      vertex -11.492704391479492 6.18531608581543 0
    endloop
  endfacet
  facet normal 0 0 -1
    outer loop
      vertex -12.399999618530273 7.581629753112793 0
      vertex -11.492704391479492 6.18531608581543 0
      vertex -11.51043701171875 6.178932189941406 0
    endloop
  endfacet
  facet normal 0 0 -1
    outer loop
      vertex -12.399999618530273 7.581629753112793 0
      vertex -11.51043701171875 6.178932189941406 0
      vertex -11.527732849121094 6.17144775390625 0
    endloop
  endfacet
  facet normal 0 0 -1
    outer loop
      vertex -12.399999618530273 7.581629753112793 0
      vertex -11.527732849121094 6.17144775390625 0
      vertex -11.544526100158691 6.162891387939453 0
    endloop
  endfacet
  facet normal 0 0 -1
    outer loop
      vertex -12.399999618530273 7.581629753112793 0
      vertex -11.544526100158691 6.162891387939453 0
      vertex -11.560747146606445 6.153298377990723 0
    endloop
  endfacet
  facet normal 0 0 -1
    outer loop
      vertex -12.399999618530273 7.581629753112793 0
      vertex -11.560747146606445 6.153298377990723 0
      vertex -11.576334953308105 6.142704963684082 0
    endloop
  endfacet
  facet normal 0 0 -1
    outer loop
      vertex -12.399999618530273 7.581629753112793 0
      vertex -11.576334953308105 6.142704963684082 0
      vertex -11.591226577758789 6.131153106689453 0
    endloop
  endfacet
  facet normal 0 0 -1
    outer loop
      vertex -12.399999618530273 7.581629753112793 0
      vertex -11.591226577758789 6.131153106689453 0
      vertex -11.605363845825195 6.118690490722656 0
    endloop
  endfacet
  facet normal 0 0 -1
    outer loop
      vertex -12.399999618530273 7.581629753112793 0
      vertex -11.605363845825195 6.118690490722656 0
      vertex -11.618690490722656 6.105363845825195 0
    endloop
  endfacet
  facet normal 0 0 -1
    outer loop
      vertex -12.399999618530273 7.581629753112793 0
      vertex -11.618690490722656 6.105363845825195 0
      vertex -11.631153106689453 6.091226577758789 0
    endloop
  endfacet
  facet normal 0 0 -1
    outer loop
      vertex -12.399999618530273 7.581629753112793 0
      vertex -11.631153106689453 6.091226577758789 0
      vertex -11.642704963684082 6.0763349533081055 0
    endloop
  endfacet
  facet normal 0 0 -1
    outer loop
      vertex -12.399999618530273 7.581629753112793 0
      vertex -11.642704963684082 6.0763349533081055 0
      vertex -11.653298377990723 6.060747146606445 0
    endloop
  endfacet
  facet normal 0 0 -1
    outer loop
      vertex -12.399999618530273 7.581629753112793 0
      vertex -11.699999809265137 5.899999618530273 0
      vertex -12.399999618530273 -7.581629753112793 0
    endloop
  endfacet
  facet normal 0 0 -1
    outer loop
      vertex -11.223664283752441 6.142704963684082 0
      vertex -12.399999618530273 7.581629753112793 0
      vertex -7.581629753112793 12.399999618530273 0
    endloop
  endfacet
  facet normal 0 0 -1
    outer loop
      vertex -11.662891387939453 6.044526100158691 0
      vertex -12.399999618530273 7.581629753112793 0
      vertex -11.653298377990723 6.060747146606445 0
    endloop
  endfacet
  facet normal 0 0 -1
    outer loop
      vertex -11.67144775390625 6.027732849121094 0
      vertex -12.399999618530273 7.581629753112793 0
      vertex -11.662891387939453 6.044526100158691 0
    endloop
  endfacet
  facet normal 0 0 -1
    outer loop
      vertex -11.678932189941406 6.01043701171875 0
      vertex -12.399999618530273 7.581629753112793 0
      vertex -11.67144775390625 6.027732849121094 0
    endloop
  endfacet
  facet normal 0 0 -1
    outer loop
      vertex -11.68531608581543 5.992704391479492 0
      vertex -12.399999618530273 7.581629753112793 0
      vertex -11.678932189941406 6.01043701171875 0
    endloop
  endfacet
  facet normal 0 0 -1
    outer loop
      vertex -11.690574645996094 5.974606513977051 0
      vertex -12.399999618530273 7.581629753112793 0
      vertex -11.68531608581543 5.992704391479492 0
    endloop
  endfacet
  facet normal 0 0 -1
    outer loop
      vertex -11.694685935974121 5.95621395111084 0
      vertex -12.399999618530273 7.581629753112793 0
      vertex -11.690574645996094 5.974606513977051 0
    endloop
  endfacet
  facet normal 0 0 -1
    outer loop
      vertex -11.697633743286133 5.937599182128906 0
      vertex -12.399999618530273 7.581629753112793 0
      vertex -11.694685935974121 5.95621395111084 0
    endloop
  endfacet
  facet normal 0 0 -1
    outer loop
      vertex -11.699407577514648 5.91883659362793 0
      vertex -12.399999618530273 7.581629753112793 0
      vertex -11.697633743286133 5.937599182128906 0
    endloop
  endfacet
  facet normal 0 0 -1
    outer loop
      vertex -11.699999809265137 5.899999618530273 0
      vertex -12.399999618530273 7.581629753112793 0
      vertex -11.699407577514648 5.91883659362793 0
    endloop
  endfacet
  facet normal 0 0 -1
    outer loop
      vertex 6.091226577758789 -11.168845176696777 0
      vertex 11.168845176696777 -6.091226577758789 0
      vertex 6.105363845825195 -11.18130874633789 0
    endloop
  endfacet
  facet normal 0 0 -1
    outer loop
      vertex 11.09999942779541 5.899999618530273 0
      vertex 6.199407577514648 11.381162643432617 0
      vertex 6.199999809265137 11.399999618530273 0
    endloop
  endfacet
  facet normal 0 0 -1
    outer loop
      vertex 11.168845176696777 -6.091226577758789 0
      vertex 6.091226577758789 -11.168845176696777 0
      vertex 11.157294273376465 -6.0763349533081055 0
    endloop
  endfacet
  facet normal 0 0 -1
    outer loop
      vertex 11.09999942779541 5.899999618530273 0
      vertex 6.197633743286133 11.362399101257324 0
      vertex 6.199407577514648 11.381162643432617 0
    endloop
  endfacet
  facet normal 0 0 -1
    outer loop
      vertex 6.0763349533081055 -11.157294273376465 0
      vertex 11.157294273376465 -6.0763349533081055 0
      vertex 6.091226577758789 -11.168845176696777 0
    endloop
  endfacet
  facet normal 0 0 -1
    outer loop
      vertex 11.09999942779541 5.899999618530273 0
      vertex 6.194685935974121 11.343785285949707 0
      vertex 6.197633743286133 11.362399101257324 0
    endloop
  endfacet
  facet normal 0 0 -1
    outer loop
      vertex 11.157294273376465 -6.0763349533081055 0
      vertex 6.0763349533081055 -11.157294273376465 0
      vertex 11.146700859069824 -6.060747146606445 0
    endloop
  endfacet
  facet normal 0 0 -1
    outer loop
      vertex 11.09999942779541 5.899999618530273 0
      vertex 6.190574645996094 11.325392723083496 0
      vertex 6.194685935974121 11.343785285949707 0
    endloop
  endfacet
  facet normal 0 0 -1
    outer loop
      vertex 6.060747146606445 -11.146700859069824 0
      vertex 11.146700859069824 -6.060747146606445 0
      vertex 6.0763349533081055 -11.157294273376465 0
    endloop
  endfacet
  facet normal 0 0 -1
    outer loop
      vertex 11.09999942779541 5.899999618530273 0
      vertex 6.18531608581543 11.307294845581055 0
      vertex 6.190574645996094 11.325392723083496 0
    endloop
  endfacet
  facet normal 0 0 -1
    outer loop
      vertex 11.146700859069824 -6.060747146606445 0
      vertex 6.060747146606445 -11.146700859069824 0
      vertex 11.137107849121094 -6.044526100158691 0
    endloop
  endfacet
  facet normal 0 0 -1
    outer loop
      vertex 11.09999942779541 5.899999618530273 0
      vertex 6.178932189941406 11.289562225341797 0
      vertex 6.18531608581543 11.307294845581055 0
    endloop
  endfacet
  facet normal 0 0 -1
    outer loop
      vertex 6.044526100158691 -11.137107849121094 0
      vertex 11.137107849121094 -6.044526100158691 0
      vertex 6.060747146606445 -11.146700859069824 0
    endloop
  endfacet
  facet normal 0 0 -1
    outer loop
      vertex 11.09999942779541 5.899999618530273 0
      vertex 6.17144775390625 11.272265434265137 0
      vertex 6.178932189941406 11.289562225341797 0
    endloop
  endfacet
  facet normal 0 0 -1
    outer loop
      vertex 11.137107849121094 -6.044526100158691 0
      vertex 6.044526100158691 -11.137107849121094 0
      vertex 11.128551483154297 -6.027732849121094 0
    endloop
  endfacet
  facet normal 0 0 -1
    outer loop
      vertex 11.09999942779541 5.899999618530273 0
      vertex 6.162891387939453 11.255473136901855 0
      vertex 6.17144775390625 11.272265434265137 0
    endloop
  endfacet
  facet normal 0 0 -1
    outer loop
      vertex 6.027732849121094 -11.128551483154297 0
      vertex 11.128551483154297 -6.027732849121094 0
      vertex 6.044526100158691 -11.137107849121094 0
    endloop
  endfacet
  facet normal 0 0 -1
    outer loop
      vertex 11.09999942779541 5.899999618530273 0
      vertex 6.153298377990723 11.239251136779785 0
      vertex 6.162891387939453 11.255473136901855 0
    endloop
  endfacet
  facet normal 0 0 -1
    outer loop
      vertex 11.128551483154297 -6.027732849121094 0
      vertex 6.027732849121094 -11.128551483154297 0
      vertex 11.12106704711914 -6.01043701171875 0
    endloop
  endfacet
  facet normal 0 0 -1
    outer loop
      vertex 11.09999942779541 5.899999618530273 0
      vertex 6.142704963684082 11.223664283752441 0
      vertex 6.153298377990723 11.239251136779785 0
    endloop
  endfacet
  facet normal 0 0 -1
    outer loop
      vertex 6.01043701171875 -11.12106704711914 0
      vertex 11.12106704711914 -6.01043701171875 0
      vertex 6.027732849121094 -11.128551483154297 0
    endloop
  endfacet
  facet normal 0 0 -1
    outer loop
      vertex 11.09999942779541 5.899999618530273 0
      vertex 6.131153106689453 11.208772659301758 0
      vertex 6.142704963684082 11.223664283752441 0
    endloop
  endfacet
  facet normal 0 0 -1
    outer loop
      vertex 11.12106704711914 -6.01043701171875 0
      vertex 6.01043701171875 -11.12106704711914 0
      vertex 11.1146821975708 -5.992704391479492 0
    endloop
  endfacet
  facet normal 0 0 -1
    outer loop
      vertex 11.09999942779541 5.899999618530273 0
      vertex 6.118690490722656 11.194635391235352 0
      vertex 6.131153106689453 11.208772659301758 0
    endloop
  endfacet
  facet normal 0 0 -1
    outer loop
      vertex 5.992704391479492 -11.1146821975708 0
      vertex 11.1146821975708 -5.992704391479492 0
      vertex 6.01043701171875 -11.12106704711914 0
    endloop
  endfacet
  facet normal 0 0 -1
    outer loop
      vertex 11.09999942779541 5.899999618530273 0
      vertex 6.105363845825195 11.18130874633789 0
      vertex 6.118690490722656 11.194635391235352 0
    endloop
  endfacet
  facet normal 0 0 -1
    outer loop
      vertex 11.1146821975708 -5.992704391479492 0
      vertex 5.992704391479492 -11.1146821975708 0
      vertex 11.109424591064453 -5.974606513977051 0
    endloop
  endfacet
  facet normal 0 0 -1
    outer loop
      vertex 11.09999942779541 5.899999618530273 0
      vertex 6.091226577758789 11.168845176696777 0
      vertex 6.105363845825195 11.18130874633789 0
    endloop
  endfacet
  facet normal 0 0 -1
    outer loop
      vertex 5.974606513977051 -11.109424591064453 0
      vertex 11.109424591064453 -5.974606513977051 0
      vertex 5.992704391479492 -11.1146821975708 0
    endloop
  endfacet
  facet normal 0 0 -1
    outer loop
      vertex 11.09999942779541 5.899999618530273 0
      vertex 6.0763349533081055 11.157294273376465 0
      vertex 6.091226577758789 11.168845176696777 0
    endloop
  endfacet
  facet normal 0 0 -1
    outer loop
      vertex 11.109424591064453 -5.974606513977051 0
      vertex 5.974606513977051 -11.109424591064453 0
      vertex 11.105313301086426 -5.95621395111084 0
    endloop
  endfacet
  facet normal 0 0 -1
    outer loop
      vertex 11.09999942779541 5.899999618530273 0
      vertex 6.060747146606445 11.146700859069824 0
      vertex 6.0763349533081055 11.157294273376465 0
    endloop
  endfacet
  facet normal 0 0 -1
    outer loop
      vertex 5.95621395111084 -11.105313301086426 0
      vertex 11.105313301086426 -5.95621395111084 0
      vertex 5.974606513977051 -11.109424591064453 0
    endloop
  endfacet
  facet normal 0 0 -1
    outer loop
      vertex 11.09999942779541 5.899999618530273 0
      vertex 6.044526100158691 11.137107849121094 0
      vertex 6.060747146606445 11.146700859069824 0
    endloop
  endfacet
  facet normal 0 0 -1
    outer loop
      vertex 11.105313301086426 -5.95621395111084 0
      vertex 5.95621395111084 -11.105313301086426 0
      vertex 11.102365493774414 -5.937599182128906 0
    endloop
  endfacet
  facet normal 0 0 -1
    outer loop
      vertex 11.09999942779541 5.899999618530273 0
      vertex 6.027732849121094 11.128551483154297 0
      vertex 6.044526100158691 11.137107849121094 0
    endloop
  endfacet
  facet normal 0 0 -1
    outer loop
      vertex 5.937599182128906 -11.102365493774414 0
      vertex 11.102365493774414 -5.937599182128906 0
      vertex 5.95621395111084 -11.105313301086426 0
    endloop
  endfacet
  facet normal 0 0 -1
    outer loop
      vertex 11.09999942779541 5.899999618530273 0
      vertex 6.01043701171875 11.12106704711914 0
      vertex 6.027732849121094 11.128551483154297 0
    endloop
  endfacet
  facet normal 0 0 -1
    outer loop
      vertex 11.102365493774414 -5.937599182128906 0
      vertex 5.937599182128906 -11.102365493774414 0
      vertex 11.100591659545898 -5.91883659362793 0
    endloop
  endfacet
  facet normal 0 0 -1
    outer loop
      vertex 11.09999942779541 5.899999618530273 0
      vertex 5.992704391479492 11.1146821975708 0
      vertex 6.01043701171875 11.12106704711914 0
    endloop
  endfacet
  facet normal 0 0 -1
    outer loop
      vertex 5.91883659362793 -11.100591659545898 0
      vertex 11.100591659545898 -5.91883659362793 0
      vertex 5.937599182128906 -11.102365493774414 0
    endloop
  endfacet
  facet normal 0 0 -1
    outer loop
      vertex 11.09999942779541 5.899999618530273 0
      vertex 5.974606513977051 11.109424591064453 0
      vertex 5.992704391479492 11.1146821975708 0
    endloop
  endfacet
  facet normal 0 0 -1
    outer loop
      vertex 11.100591659545898 -5.91883659362793 0
      vertex 5.91883659362793 -11.100591659545898 0
      vertex 11.09999942779541 -5.899999618530273 0
    endloop
  endfacet
  facet normal 0 0 -1
    outer loop
      vertex 11.09999942779541 5.899999618530273 0
      vertex 5.95621395111084 11.105313301086426 0
      vertex 5.974606513977051 11.109424591064453 0
    endloop
  endfacet
  facet normal 0 0 -1
    outer loop
      vertex 5.899999618530273 -11.09999942779541 0
      vertex 11.09999942779541 -5.899999618530273 0
      vertex 5.91883659362793 -11.100591659545898 0
    endloop
  endfacet
  facet normal 0 0 -1
    outer loop
      vertex 11.09999942779541 5.899999618530273 0
      vertex 5.937599182128906 11.102365493774414 0
      vertex 5.95621395111084 11.105313301086426 0
    endloop
  endfacet
  facet normal 0 0 -1
    outer loop
      vertex 11.09999942779541 -5.899999618530273 0
      vertex 5.899999618530273 -11.09999942779541 0
      vertex 11.09999942779541 5.899999618530273 0
    endloop
  endfacet
  facet normal 0 0 -1
    outer loop
      vertex 11.09999942779541 5.899999618530273 0
      vertex 5.91883659362793 11.100591659545898 0
      vertex 5.937599182128906 11.102365493774414 0
    endloop
  endfacet
  facet normal 0 0 -1
    outer loop
      vertex 5.899999618530273 11.09999942779541 0
      vertex 11.09999942779541 5.899999618530273 0
      vertex 5.899999618530273 -11.09999942779541 0
    endloop
  endfacet
  facet normal 0 0 -1
    outer loop
      vertex 11.09999942779541 5.899999618530273 0
      vertex 5.899999618530273 11.09999942779541 0
      vertex 5.91883659362793 11.100591659545898 0
    endloop
  endfacet
  facet normal 0 0 -1
    outer loop
      vertex -5.899999618530273 -11.09999942779541 0
      vertex 5.899999618530273 11.09999942779541 0
      vertex 5.899999618530273 -11.09999942779541 0
    endloop
  endfacet
  facet normal 0 0 -1
    outer loop
      vertex -5.899999618530273 -11.09999942779541 0
      vertex -5.899999618530273 11.09999942779541 0
      vertex 5.899999618530273 11.09999942779541 0
    endloop
  endfacet
  facet normal 0 0 -1
    outer loop
      vertex -11.09999942779541 -5.899999618530273 0
      vertex -5.899999618530273 -11.09999942779541 0
      vertex -5.91883659362793 -11.100591659545898 0
    endloop
  endfacet
  facet normal 0 0 -1
    outer loop
      vertex -5.899999618530273 -11.09999942779541 0
      vertex -11.09999942779541 -5.899999618530273 0
      vertex -5.899999618530273 11.09999942779541 0
    endloop
  endfacet
  facet normal 0 0 -1
    outer loop
      vertex -11.100591659545898 -5.91883659362793 0
      vertex -5.91883659362793 -11.100591659545898 0
      vertex -5.937599182128906 -11.102365493774414 0
    endloop
  endfacet
  facet normal 0 0 -1
    outer loop
      vertex -11.09999942779541 5.899999618530273 0
      vertex -5.899999618530273 11.09999942779541 0
      vertex -11.09999942779541 -5.899999618530273 0
    endloop
  endfacet
  facet normal 0 0 -1
    outer loop
      vertex -11.102365493774414 -5.937599182128906 0
      vertex -5.937599182128906 -11.102365493774414 0
      vertex -5.95621395111084 -11.105313301086426 0
    endloop
  endfacet
  facet normal 0 0 -1
    outer loop
      vertex -5.899999618530273 11.09999942779541 0
      vertex -11.09999942779541 5.899999618530273 0
      vertex -5.91883659362793 11.100591659545898 0
    endloop
  endfacet
  facet normal 0 0 -1
    outer loop
      vertex -11.105313301086426 -5.95621395111084 0
      vertex -5.95621395111084 -11.105313301086426 0
      vertex -5.974606513977051 -11.109424591064453 0
    endloop
  endfacet
  facet normal 0 0 -1
    outer loop
      vertex -11.100591659545898 5.91883659362793 0
      vertex -5.91883659362793 11.100591659545898 0
      vertex -11.09999942779541 5.899999618530273 0
    endloop
  endfacet
  facet normal 0 0 -1
    outer loop
      vertex -11.109424591064453 -5.974606513977051 0
      vertex -5.974606513977051 -11.109424591064453 0
      vertex -5.992704391479492 -11.1146821975708 0
    endloop
  endfacet
  facet normal 0 0 -1
    outer loop
      vertex -5.91883659362793 11.100591659545898 0
      vertex -11.100591659545898 5.91883659362793 0
      vertex -5.937599182128906 11.102365493774414 0
    endloop
  endfacet
  facet normal 0 0 -1
    outer loop
      vertex -11.1146821975708 -5.992704391479492 0
      vertex -5.992704391479492 -11.1146821975708 0
      vertex -6.01043701171875 -11.12106704711914 0
    endloop
  endfacet
  facet normal 0 0 -1
    outer loop
      vertex -11.102365493774414 5.937599182128906 0
      vertex -5.937599182128906 11.102365493774414 0
      vertex -11.100591659545898 5.91883659362793 0
    endloop
  endfacet
  facet normal 0 0 -1
    outer loop
      vertex -11.12106704711914 -6.01043701171875 0
      vertex -6.01043701171875 -11.12106704711914 0
      vertex -6.027732849121094 -11.128551483154297 0
    endloop
  endfacet
  facet normal 0 0 -1
    outer loop
      vertex -5.937599182128906 11.102365493774414 0
      vertex -11.102365493774414 5.937599182128906 0
      vertex -5.95621395111084 11.105313301086426 0
    endloop
  endfacet
  facet normal 0 0 -1
    outer loop
      vertex -11.128551483154297 -6.027732849121094 0
      vertex -6.027732849121094 -11.128551483154297 0
      vertex -6.044526100158691 -11.137107849121094 0
    endloop
  endfacet
  facet normal 0 0 -1
    outer loop
      vertex -11.105313301086426 5.95621395111084 0
      vertex -5.95621395111084 11.105313301086426 0
      vertex -11.102365493774414 5.937599182128906 0
    endloop
  endfacet
  facet normal 0 0 -1
    outer loop
      vertex -11.137107849121094 -6.044526100158691 0
      vertex -6.044526100158691 -11.137107849121094 0
      vertex -6.060747146606445 -11.146700859069824 0
    endloop
  endfacet
  facet normal 0 0 -1
    outer loop
      vertex -5.95621395111084 11.105313301086426 0
      vertex -11.105313301086426 5.95621395111084 0
      vertex -5.974606513977051 11.109424591064453 0
    endloop
  endfacet
  facet normal 0 0 -1
    outer loop
      vertex -11.146700859069824 -6.060747146606445 0
      vertex -6.060747146606445 -11.146700859069824 0
      vertex -6.0763349533081055 -11.157294273376465 0
    endloop
  endfacet
  facet normal 0 0 -1
    outer loop
      vertex -11.109424591064453 5.974606513977051 0
      vertex -5.974606513977051 11.109424591064453 0
      vertex -11.105313301086426 5.95621395111084 0
    endloop
  endfacet
  facet normal 0 0 -1
    outer loop
      vertex -11.157294273376465 -6.0763349533081055 0
      vertex -6.0763349533081055 -11.157294273376465 0
      vertex -6.091226577758789 -11.168845176696777 0
    endloop
  endfacet
  facet normal 0 0 -1
    outer loop
      vertex -5.974606513977051 11.109424591064453 0
      vertex -11.109424591064453 5.974606513977051 0
      vertex -5.992704391479492 11.1146821975708 0
    endloop
  endfacet
  facet normal 0 0 -1
    outer loop
      vertex -11.168845176696777 -6.091226577758789 0
      vertex -6.091226577758789 -11.168845176696777 0
      vertex -6.105363845825195 -11.18130874633789 0
    endloop
  endfacet
  facet normal 0 0 -1
    outer loop
      vertex -11.1146821975708 5.992704391479492 0
      vertex -5.992704391479492 11.1146821975708 0
      vertex -11.109424591064453 5.974606513977051 0
    endloop
  endfacet
  facet normal 0 0 -1
    outer loop
      vertex -11.18130874633789 -6.105363845825195 0
      vertex -6.105363845825195 -11.18130874633789 0
      vertex -6.118690490722656 -11.194635391235352 0
    endloop
  endfacet
  facet normal 0 0 -1
    outer loop
      vertex -5.992704391479492 11.1146821975708 0
      vertex -11.1146821975708 5.992704391479492 0
      vertex -6.01043701171875 11.12106704711914 0
    endloop
  endfacet
  facet normal 0 0 -1
    outer loop
      vertex -11.194635391235352 -6.118690490722656 0
      vertex -6.118690490722656 -11.194635391235352 0
      vertex -6.131153106689453 -11.208772659301758 0
    endloop
  endfacet
  facet normal 0 0 -1
    outer loop
      vertex -11.12106704711914 6.01043701171875 0
      vertex -6.01043701171875 11.12106704711914 0
      vertex -11.1146821975708 5.992704391479492 0
    endloop
  endfacet
  facet normal 0 0 -1
    outer loop
      vertex -11.208772659301758 -6.131153106689453 0
      vertex -6.131153106689453 -11.208772659301758 0
      vertex -6.142704963684082 -11.223664283752441 0
    endloop
  endfacet
  facet normal 0 0 -1
    outer loop
      vertex -6.01043701171875 11.12106704711914 0
      vertex -11.12106704711914 6.01043701171875 0
      vertex -6.027732849121094 11.128551483154297 0
    endloop
  endfacet
  facet normal 0 0 -1
    outer loop
      vertex -7.581629753112793 -12.399999618530273 0
      vertex -6.142704963684082 -11.223664283752441 0
      vertex -6.153298377990723 -11.239251136779785 0
    endloop
  endfacet
  facet normal 0 0 -1
    outer loop
      vertex -11.128551483154297 6.027732849121094 0
      vertex -6.027732849121094 11.128551483154297 0
      vertex -11.12106704711914 6.01043701171875 0
    endloop
  endfacet
  facet normal 0 0 -1
    outer loop
      vertex -7.581629753112793 -12.399999618530273 0
      vertex -6.153298377990723 -11.239251136779785 0
      vertex -6.162891387939453 -11.255473136901855 0
    endloop
  endfacet
  facet normal 0 0 -1
    outer loop
      vertex -6.027732849121094 11.128551483154297 0
      vertex -11.128551483154297 6.027732849121094 0
      vertex -6.044526100158691 11.137107849121094 0
    endloop
  endfacet
  facet normal 0 0 -1
    outer loop
      vertex -7.581629753112793 -12.399999618530273 0
      vertex -6.162891387939453 -11.255473136901855 0
      vertex -6.17144775390625 -11.272265434265137 0
    endloop
  endfacet
  facet normal 0 0 -1
    outer loop
      vertex -6.142704963684082 11.223664283752441 0
      vertex -7.581629753112793 12.399999618530273 0
      vertex -6.153298377990723 11.239251136779785 0
    endloop
  endfacet
  facet normal 0 0 -1
    outer loop
      vertex -7.581629753112793 -12.399999618530273 0
      vertex -6.17144775390625 -11.272265434265137 0
      vertex -6.178932189941406 -11.289562225341797 0
    endloop
  endfacet
  facet normal 0 0 -1
    outer loop
      vertex -6.153298377990723 11.239251136779785 0
      vertex -7.581629753112793 12.399999618530273 0
      vertex -6.162891387939453 11.255473136901855 0
    endloop
  endfacet
  facet normal 0 0 -1
    outer loop
      vertex -7.581629753112793 -12.399999618530273 0
      vertex -6.178932189941406 -11.289562225341797 0
      vertex -6.18531608581543 -11.307294845581055 0
    endloop
  endfacet
  facet normal 0 0 -1
    outer loop
      vertex -6.162891387939453 11.255473136901855 0
      vertex -7.581629753112793 12.399999618530273 0
      vertex -6.17144775390625 11.272265434265137 0
    endloop
  endfacet
  facet normal 0 0 -1
    outer loop
      vertex -7.581629753112793 -12.399999618530273 0
      vertex -6.18531608581543 -11.307294845581055 0
      vertex -6.190574645996094 -11.325392723083496 0
    endloop
  endfacet
  facet normal 0 0 -1
    outer loop
      vertex -6.17144775390625 11.272265434265137 0
      vertex -7.581629753112793 12.399999618530273 0
      vertex -6.178932189941406 11.289562225341797 0
    endloop
  endfacet
  facet normal 0 0 -1
    outer loop
      vertex -7.581629753112793 -12.399999618530273 0
      vertex -6.190574645996094 -11.325392723083496 0
      vertex -6.194685935974121 -11.343785285949707 0
    endloop
  endfacet
  facet normal 0 0 -1
    outer loop
      vertex -6.178932189941406 11.289562225341797 0
      vertex -7.581629753112793 12.399999618530273 0
      vertex -6.18531608581543 11.307294845581055 0
    endloop
  endfacet
  facet normal 0 0 -1
    outer loop
      vertex -7.581629753112793 -12.399999618530273 0
      vertex -6.194685935974121 -11.343785285949707 0
      vertex -6.197633743286133 -11.362399101257324 0
    endloop
  endfacet
  facet normal 0 0 -1
    outer loop
      vertex -6.18531608581543 11.307294845581055 0
      vertex -7.581629753112793 12.399999618530273 0
      vertex -6.190574645996094 11.325392723083496 0
    endloop
  endfacet
  facet normal 0 0 -1
    outer loop
      vertex -7.581629753112793 -12.399999618530273 0
      vertex -6.197633743286133 -11.362399101257324 0
      vertex -6.199407577514648 -11.381162643432617 0
    endloop
  endfacet
  facet normal 0 0 -1
    outer loop
      vertex -6.190574645996094 11.325392723083496 0
      vertex -7.581629753112793 12.399999618530273 0
      vertex -6.194685935974121 11.343785285949707 0
    endloop
  endfacet
  facet normal 0 0 -1
    outer loop
      vertex -7.581629753112793 -12.399999618530273 0
      vertex -6.199407577514648 -11.381162643432617 0
      vertex -6.199999809265137 -11.399999618530273 0
    endloop
  endfacet
  facet normal 0 0 -1
    outer loop
      vertex -6.194685935974121 11.343785285949707 0
      vertex -7.581629753112793 12.399999618530273 0
      vertex -6.197633743286133 11.362399101257324 0
    endloop
  endfacet
  facet normal 0 0 -1
    outer loop
      vertex 11.208772659301758 6.131153106689453 0
      vertex 6.199999809265137 11.399999618530273 0
      vertex 7.581629753112793 12.399999618530273 0
    endloop
  endfacet
  facet normal 0 0 -1
    outer loop
      vertex 6.199407577514648 11.41883659362793 0
      vertex 7.581629753112793 12.399999618530273 0
      vertex 6.199999809265137 11.399999618530273 0
    endloop
  endfacet
  facet normal 0 0 -1
    outer loop
      vertex 6.197633743286133 11.437599182128906 0
      vertex 7.581629753112793 12.399999618530273 0
      vertex 6.199407577514648 11.41883659362793 0
    endloop
  endfacet
  facet normal 0 0 -1
    outer loop
      vertex 6.194685935974121 11.45621395111084 0
      vertex 7.581629753112793 12.399999618530273 0
      vertex 6.197633743286133 11.437599182128906 0
    endloop
  endfacet
  facet normal 0 0 -1
    outer loop
      vertex 6.190574645996094 11.47460651397705 0
      vertex 7.581629753112793 12.399999618530273 0
      vertex 6.194685935974121 11.45621395111084 0
    endloop
  endfacet
  facet normal 0 0 -1
    outer loop
      vertex 6.18531608581543 11.492704391479492 0
      vertex 7.581629753112793 12.399999618530273 0
      vertex 6.190574645996094 11.47460651397705 0
    endloop
  endfacet
  facet normal 0 0 -1
    outer loop
      vertex 6.178932189941406 11.51043701171875 0
      vertex 7.581629753112793 12.399999618530273 0
      vertex 6.18531608581543 11.492704391479492 0
    endloop
  endfacet
  facet normal 0 0 -1
    outer loop
      vertex 6.17144775390625 11.527732849121094 0
      vertex 7.581629753112793 12.399999618530273 0
      vertex 6.178932189941406 11.51043701171875 0
    endloop
  endfacet
  facet normal 0 0 -1
    outer loop
      vertex 6.162891387939453 11.544526100158691 0
      vertex 7.581629753112793 12.399999618530273 0
      vertex 6.17144775390625 11.527732849121094 0
    endloop
  endfacet
  facet normal 0 0 -1
    outer loop
      vertex 6.153298377990723 11.560747146606445 0
      vertex 7.581629753112793 12.399999618530273 0
      vertex 6.162891387939453 11.544526100158691 0
    endloop
  endfacet
  facet normal 0 0 -1
    outer loop
      vertex 6.142704963684082 11.576334953308105 0
      vertex 7.581629753112793 12.399999618530273 0
      vertex 6.153298377990723 11.560747146606445 0
    endloop
  endfacet
  facet normal 0 0 -1
    outer loop
      vertex 6.131153106689453 11.591226577758789 0
      vertex 7.581629753112793 12.399999618530273 0
      vertex 6.142704963684082 11.576334953308105 0
    endloop
  endfacet
  facet normal 0 0 -1
    outer loop
      vertex 6.118690490722656 11.605363845825195 0
      vertex 7.581629753112793 12.399999618530273 0
      vertex 6.131153106689453 11.591226577758789 0
    endloop
  endfacet
  facet normal 0 0 -1
    outer loop
      vertex 6.105363845825195 11.618690490722656 0
      vertex 7.581629753112793 12.399999618530273 0
      vertex 6.118690490722656 11.605363845825195 0
    endloop
  endfacet
  facet normal 0 0 -1
    outer loop
      vertex 6.091226577758789 11.631153106689453 0
      vertex 7.581629753112793 12.399999618530273 0
      vertex 6.105363845825195 11.618690490722656 0
    endloop
  endfacet
  facet normal 0 0 -1
    outer loop
      vertex 6.0763349533081055 11.642704963684082 0
      vertex 7.581629753112793 12.399999618530273 0
      vertex 6.091226577758789 11.631153106689453 0
    endloop
  endfacet
  facet normal 0 0 -1
    outer loop
      vertex 6.060747146606445 11.653298377990723 0
      vertex 7.581629753112793 12.399999618530273 0
      vertex 6.0763349533081055 11.642704963684082 0
    endloop
  endfacet
  facet normal 0 0 -1
    outer loop
      vertex 6.044526100158691 11.662891387939453 0
      vertex 7.581629753112793 12.399999618530273 0
      vertex 6.060747146606445 11.653298377990723 0
    endloop
  endfacet
  facet normal 0 0 -1
    outer loop
      vertex 6.027732849121094 11.67144775390625 0
      vertex 7.581629753112793 12.399999618530273 0
      vertex 6.044526100158691 11.662891387939453 0
    endloop
  endfacet
  facet normal 0 0 -1
    outer loop
      vertex 6.01043701171875 11.678932189941406 0
      vertex 7.581629753112793 12.399999618530273 0
      vertex 6.027732849121094 11.67144775390625 0
    endloop
  endfacet
  facet normal 0 0 -1
    outer loop
      vertex 5.992704391479492 11.68531608581543 0
      vertex 7.581629753112793 12.399999618530273 0
      vertex 6.01043701171875 11.678932189941406 0
    endloop
  endfacet
  facet normal 0 0 -1
    outer loop
      vertex 5.974606513977051 11.690574645996094 0
      vertex 7.581629753112793 12.399999618530273 0
      vertex 5.992704391479492 11.68531608581543 0
    endloop
  endfacet
  facet normal 0 0 -1
    outer loop
      vertex 5.95621395111084 11.694685935974121 0
      vertex 7.581629753112793 12.399999618530273 0
      vertex 5.974606513977051 11.690574645996094 0
    endloop
  endfacet
  facet normal 0 0 -1
    outer loop
      vertex 5.937599182128906 11.697633743286133 0
      vertex 7.581629753112793 12.399999618530273 0
      vertex 5.95621395111084 11.694685935974121 0
    endloop
  endfacet
  facet normal 0 0 -1
    outer loop
      vertex 5.91883659362793 11.699407577514648 0
      vertex 7.581629753112793 12.399999618530273 0
      vertex 5.937599182128906 11.697633743286133 0
    endloop
  endfacet
  facet normal 0 0 -1
    outer loop
      vertex 5.899999618530273 11.699999809265137 0
      vertex 7.581629753112793 12.399999618530273 0
      vertex 5.91883659362793 11.699407577514648 0
    endloop
  endfacet
  facet normal 0 0 -1
    outer loop
      vertex -5.899999618530273 11.699999809265137 0
      vertex 7.581629753112793 12.399999618530273 0
      vertex 5.899999618530273 11.699999809265137 0
    endloop
  endfacet
  facet normal 0 0 -1
    outer loop
      vertex -7.581629753112793 12.399999618530273 0
      vertex -5.899999618530273 11.699999809265137 0
      vertex -5.91883659362793 11.699407577514648 0
    endloop
  endfacet
  facet normal 0 0 -1
    outer loop
      vertex -6.197633743286133 11.362399101257324 0
      vertex -7.581629753112793 12.399999618530273 0
      vertex -6.199407577514648 11.381162643432617 0
    endloop
  endfacet
  facet normal 0 0 -1
    outer loop
      vertex -5.899999618530273 11.699999809265137 0
      vertex -7.581629753112793 12.399999618530273 0
      vertex 7.581629753112793 12.399999618530273 0
    endloop
  endfacet
  facet normal 0 0 -1
    outer loop
      vertex -5.937599182128906 11.697633743286133 0
      vertex -7.581629753112793 12.399999618530273 0
      vertex -5.91883659362793 11.699407577514648 0
    endloop
  endfacet
  facet normal 0 0 -1
    outer loop
      vertex -5.95621395111084 11.694685935974121 0
      vertex -7.581629753112793 12.399999618530273 0
      vertex -5.937599182128906 11.697633743286133 0
    endloop
  endfacet
  facet normal 0 0 -1
    outer loop
      vertex -5.974606513977051 11.690574645996094 0
      vertex -7.581629753112793 12.399999618530273 0
      vertex -5.95621395111084 11.694685935974121 0
    endloop
  endfacet
  facet normal 0 0 -1
    outer loop
      vertex -5.992704391479492 11.68531608581543 0
      vertex -7.581629753112793 12.399999618530273 0
      vertex -5.974606513977051 11.690574645996094 0
    endloop
  endfacet
  facet normal 0 0 -1
    outer loop
      vertex -6.01043701171875 11.678932189941406 0
      vertex -7.581629753112793 12.399999618530273 0
      vertex -5.992704391479492 11.68531608581543 0
    endloop
  endfacet
  facet normal 0 0 -1
    outer loop
      vertex -6.027732849121094 11.67144775390625 0
      vertex -7.581629753112793 12.399999618530273 0
      vertex -6.01043701171875 11.678932189941406 0
    endloop
  endfacet
  facet normal 0 0 -1
    outer loop
      vertex -6.044526100158691 11.662891387939453 0
      vertex -7.581629753112793 12.399999618530273 0
      vertex -6.027732849121094 11.67144775390625 0
    endloop
  endfacet
  facet normal 0 0 -1
    outer loop
      vertex -6.060747146606445 11.653298377990723 0
      vertex -7.581629753112793 12.399999618530273 0
      vertex -6.044526100158691 11.662891387939453 0
    endloop
  endfacet
  facet normal 0 0 -1
    outer loop
      vertex -6.0763349533081055 11.642704963684082 0
      vertex -7.581629753112793 12.399999618530273 0
      vertex -6.060747146606445 11.653298377990723 0
    endloop
  endfacet
  facet normal 0 0 -1
    outer loop
      vertex -6.091226577758789 11.631153106689453 0
      vertex -7.581629753112793 12.399999618530273 0
      vertex -6.0763349533081055 11.642704963684082 0
    endloop
  endfacet
  facet normal 0 0 -1
    outer loop
      vertex -6.105363845825195 11.618690490722656 0
      vertex -7.581629753112793 12.399999618530273 0
      vertex -6.091226577758789 11.631153106689453 0
    endloop
  endfacet
  facet normal 0 0 -1
    outer loop
      vertex -6.118690490722656 11.605363845825195 0
      vertex -7.581629753112793 12.399999618530273 0
      vertex -6.105363845825195 11.618690490722656 0
    endloop
  endfacet
  facet normal 0 0 -1
    outer loop
      vertex -6.131153106689453 11.591226577758789 0
      vertex -7.581629753112793 12.399999618530273 0
      vertex -6.118690490722656 11.605363845825195 0
    endloop
  endfacet
  facet normal 0 0 -1
    outer loop
      vertex -6.142704963684082 11.576334953308105 0
      vertex -7.581629753112793 12.399999618530273 0
      vertex -6.131153106689453 11.591226577758789 0
    endloop
  endfacet
  facet normal 0 0 -1
    outer loop
      vertex -6.153298377990723 11.560747146606445 0
      vertex -7.581629753112793 12.399999618530273 0
      vertex -6.142704963684082 11.576334953308105 0
    endloop
  endfacet
  facet normal 0 0 -1
    outer loop
      vertex -6.162891387939453 11.544526100158691 0
      vertex -7.581629753112793 12.399999618530273 0
      vertex -6.153298377990723 11.560747146606445 0
    endloop
  endfacet
  facet normal 0 0 -1
    outer loop
      vertex -6.17144775390625 11.527732849121094 0
      vertex -7.581629753112793 12.399999618530273 0
      vertex -6.162891387939453 11.544526100158691 0
    endloop
  endfacet
  facet normal 0 0 -1
    outer loop
      vertex -6.178932189941406 11.51043701171875 0
      vertex -7.581629753112793 12.399999618530273 0
      vertex -6.17144775390625 11.527732849121094 0
    endloop
  endfacet
  facet normal 0 0 -1
    outer loop
      vertex -6.18531608581543 11.492704391479492 0
      vertex -7.581629753112793 12.399999618530273 0
      vertex -6.178932189941406 11.51043701171875 0
    endloop
  endfacet
  facet normal 0 0 -1
    outer loop
      vertex -6.190574645996094 11.47460651397705 0
      vertex -7.581629753112793 12.399999618530273 0
      vertex -6.18531608581543 11.492704391479492 0
    endloop
  endfacet
  facet normal 0 0 -1
    outer loop
      vertex -6.194685935974121 11.45621395111084 0
      vertex -7.581629753112793 12.399999618530273 0
      vertex -6.190574645996094 11.47460651397705 0
    endloop
  endfacet
  facet normal 0 0 -1
    outer loop
      vertex -6.197633743286133 11.437599182128906 0
      vertex -7.581629753112793 12.399999618530273 0
      vertex -6.194685935974121 11.45621395111084 0
    endloop
  endfacet
  facet normal 0 0 -1
    outer loop
      vertex -6.199407577514648 11.41883659362793 0
      vertex -7.581629753112793 12.399999618530273 0
      vertex -6.197633743286133 11.437599182128906 0
    endloop
  endfacet
  facet normal 0 0 -1
    outer loop
      vertex -6.199407577514648 11.381162643432617 0
      vertex -7.581629753112793 12.399999618530273 0
      vertex -6.199999809265137 11.399999618530273 0
    endloop
  endfacet
  facet normal 0 0 -1
    outer loop
      vertex -6.199999809265137 11.399999618530273 0
      vertex -7.581629753112793 12.399999618530273 0
      vertex -6.199407577514648 11.41883659362793 0
    endloop
  endfacet
  facet normal 0 0 -1
    outer loop
      vertex -5.91883659362793 -11.100591659545898 0
      vertex -11.100591659545898 -5.91883659362793 0
      vertex -11.09999942779541 -5.899999618530273 0
    endloop
  endfacet
  facet normal 0 0 -1
    outer loop
      vertex -5.937599182128906 -11.102365493774414 0
      vertex -11.102365493774414 -5.937599182128906 0
      vertex -11.100591659545898 -5.91883659362793 0
    endloop
  endfacet
  facet normal 0 0 -1
    outer loop
      vertex -5.95621395111084 -11.105313301086426 0
      vertex -11.105313301086426 -5.95621395111084 0
      vertex -11.102365493774414 -5.937599182128906 0
    endloop
  endfacet
  facet normal 0 0 -1
    outer loop
      vertex -5.974606513977051 -11.109424591064453 0
      vertex -11.109424591064453 -5.974606513977051 0
      vertex -11.105313301086426 -5.95621395111084 0
    endloop
  endfacet
  facet normal 0 0 -1
    outer loop
      vertex -5.992704391479492 -11.1146821975708 0
      vertex -11.1146821975708 -5.992704391479492 0
      vertex -11.109424591064453 -5.974606513977051 0
    endloop
  endfacet
  facet normal 0 0 -1
    outer loop
      vertex -6.01043701171875 -11.12106704711914 0
      vertex -11.12106704711914 -6.01043701171875 0
      vertex -11.1146821975708 -5.992704391479492 0
    endloop
  endfacet
  facet normal 0 0 -1
    outer loop
      vertex -6.027732849121094 -11.128551483154297 0
      vertex -11.128551483154297 -6.027732849121094 0
      vertex -11.12106704711914 -6.01043701171875 0
    endloop
  endfacet
  facet normal 0 0 -1
    outer loop
      vertex -6.044526100158691 -11.137107849121094 0
      vertex -11.137107849121094 -6.044526100158691 0
      vertex -11.128551483154297 -6.027732849121094 0
    endloop
  endfacet
  facet normal 0 0 -1
    outer loop
      vertex -6.060747146606445 -11.146700859069824 0
      vertex -11.146700859069824 -6.060747146606445 0
      vertex -11.137107849121094 -6.044526100158691 0
    endloop
  endfacet
  facet normal 0 0 -1
    outer loop
      vertex -6.0763349533081055 -11.157294273376465 0
      vertex -11.157294273376465 -6.0763349533081055 0
      vertex -11.146700859069824 -6.060747146606445 0
    endloop
  endfacet
  facet normal 0 0 -1
    outer loop
      vertex -6.091226577758789 -11.168845176696777 0
      vertex -11.168845176696777 -6.091226577758789 0
      vertex -11.157294273376465 -6.0763349533081055 0
    endloop
  endfacet
  facet normal 0 0 -1
    outer loop
      vertex -6.105363845825195 -11.18130874633789 0
      vertex -11.18130874633789 -6.105363845825195 0
      vertex -11.168845176696777 -6.091226577758789 0
    endloop
  endfacet
  facet normal 0 0 -1
    outer loop
      vertex -6.118690490722656 -11.194635391235352 0
      vertex -11.194635391235352 -6.118690490722656 0
      vertex -11.18130874633789 -6.105363845825195 0
    endloop
  endfacet
  facet normal 0 0 -1
    outer loop
      vertex -6.131153106689453 -11.208772659301758 0
      vertex -11.208772659301758 -6.131153106689453 0
      vertex -11.194635391235352 -6.118690490722656 0
    endloop
  endfacet
  facet normal 0 0 -1
    outer loop
      vertex -6.142704963684082 -11.223664283752441 0
      vertex -11.223664283752441 -6.142704963684082 0
      vertex -11.208772659301758 -6.131153106689453 0
    endloop
  endfacet
  facet normal 0 0 -1
    outer loop
      vertex -12.399999618530273 -7.581629753112793 0
      vertex -11.223664283752441 -6.142704963684082 0
      vertex -7.581629753112793 -12.399999618530273 0
    endloop
  endfacet
  facet normal 0 0 -1
    outer loop
      vertex -11.223664283752441 -6.142704963684082 0
      vertex -12.399999618530273 -7.581629753112793 0
      vertex -11.239251136779785 -6.153298377990723 0
    endloop
  endfacet
  facet normal 0 0 -1
    outer loop
      vertex -11.239251136779785 -6.153298377990723 0
      vertex -12.399999618530273 -7.581629753112793 0
      vertex -11.255473136901855 -6.162891387939453 0
    endloop
  endfacet
  facet normal 0 0 -1
    outer loop
      vertex -11.255473136901855 -6.162891387939453 0
      vertex -12.399999618530273 -7.581629753112793 0
      vertex -11.272265434265137 -6.17144775390625 0
    endloop
  endfacet
  facet normal 0 0 -1
    outer loop
      vertex -11.272265434265137 -6.17144775390625 0
      vertex -12.399999618530273 -7.581629753112793 0
      vertex -11.289562225341797 -6.178932189941406 0
    endloop
  endfacet
  facet normal 0 0 -1
    outer loop
      vertex -11.289562225341797 -6.178932189941406 0
      vertex -12.399999618530273 -7.581629753112793 0
      vertex -11.307294845581055 -6.18531608581543 0
    endloop
  endfacet
  facet normal 0 0 -1
    outer loop
      vertex -11.307294845581055 -6.18531608581543 0
      vertex -12.399999618530273 -7.581629753112793 0
      vertex -11.325392723083496 -6.190574645996094 0
    endloop
  endfacet
  facet normal 0 0 -1
    outer loop
      vertex -11.325392723083496 -6.190574645996094 0
      vertex -12.399999618530273 -7.581629753112793 0
      vertex -11.343785285949707 -6.194685935974121 0
    endloop
  endfacet
  facet normal 0 0 -1
    outer loop
      vertex -11.343785285949707 -6.194685935974121 0
      vertex -12.399999618530273 -7.581629753112793 0
      vertex -11.362399101257324 -6.197633743286133 0
    endloop
  endfacet
  facet normal 0 0 -1
    outer loop
      vertex -11.362399101257324 -6.197633743286133 0
      vertex -12.399999618530273 -7.581629753112793 0
      vertex -11.381162643432617 -6.199407577514648 0
    endloop
  endfacet
  facet normal 0 0 -1
    outer loop
      vertex -11.381162643432617 -6.199407577514648 0
      vertex -12.399999618530273 -7.581629753112793 0
      vertex -11.399999618530273 -6.199999809265137 0
    endloop
  endfacet
  facet normal 0 0 -1
    outer loop
      vertex -11.399999618530273 -6.199999809265137 0
      vertex -12.399999618530273 -7.581629753112793 0
      vertex -11.41883659362793 -6.199407577514648 0
    endloop
  endfacet
  facet normal 0 0 -1
    outer loop
      vertex -11.41883659362793 -6.199407577514648 0
      vertex -12.399999618530273 -7.581629753112793 0
      vertex -11.437599182128906 -6.197633743286133 0
    endloop
  endfacet
  facet normal 0 0 -1
    outer loop
      vertex -11.437599182128906 -6.197633743286133 0
      vertex -12.399999618530273 -7.581629753112793 0
      vertex -11.45621395111084 -6.194685935974121 0
    endloop
  endfacet
  facet normal 0 0 -1
    outer loop
      vertex -11.45621395111084 -6.194685935974121 0
      vertex -12.399999618530273 -7.581629753112793 0
      vertex -11.47460651397705 -6.190574645996094 0
    endloop
  endfacet
  facet normal 0 0 -1
    outer loop
      vertex -11.47460651397705 -6.190574645996094 0
      vertex -12.399999618530273 -7.581629753112793 0
      vertex -11.492704391479492 -6.18531608581543 0
    endloop
  endfacet
  facet normal 0 0 -1
    outer loop
      vertex -11.492704391479492 -6.18531608581543 0
      vertex -12.399999618530273 -7.581629753112793 0
      vertex -11.51043701171875 -6.178932189941406 0
    endloop
  endfacet
  facet normal 0 0 -1
    outer loop
      vertex -11.51043701171875 -6.178932189941406 0
      vertex -12.399999618530273 -7.581629753112793 0
      vertex -11.527732849121094 -6.17144775390625 0
    endloop
  endfacet
  facet normal 0 0 -1
    outer loop
      vertex -11.527732849121094 -6.17144775390625 0
      vertex -12.399999618530273 -7.581629753112793 0
      vertex -11.544526100158691 -6.162891387939453 0
    endloop
  endfacet
  facet normal 0 0 -1
    outer loop
      vertex -11.544526100158691 -6.162891387939453 0
      vertex -12.399999618530273 -7.581629753112793 0
      vertex -11.560747146606445 -6.153298377990723 0
    endloop
  endfacet
  facet normal 0 0 -1
    outer loop
      vertex -11.560747146606445 -6.153298377990723 0
      vertex -12.399999618530273 -7.581629753112793 0
      vertex -11.576334953308105 -6.142704963684082 0
    endloop
  endfacet
  facet normal 0 0 -1
    outer loop
      vertex -11.576334953308105 -6.142704963684082 0
      vertex -12.399999618530273 -7.581629753112793 0
      vertex -11.591226577758789 -6.131153106689453 0
    endloop
  endfacet
  facet normal 0 0 -1
    outer loop
      vertex -11.591226577758789 -6.131153106689453 0
      vertex -12.399999618530273 -7.581629753112793 0
      vertex -11.605363845825195 -6.118690490722656 0
    endloop
  endfacet
  facet normal 0 0 -1
    outer loop
      vertex -11.605363845825195 -6.118690490722656 0
      vertex -12.399999618530273 -7.581629753112793 0
      vertex -11.618690490722656 -6.105363845825195 0
    endloop
  endfacet
  facet normal 0 0 -1
    outer loop
      vertex -11.618690490722656 -6.105363845825195 0
      vertex -12.399999618530273 -7.581629753112793 0
      vertex -11.631153106689453 -6.091226577758789 0
    endloop
  endfacet
  facet normal 0 0 -1
    outer loop
      vertex -11.631153106689453 -6.091226577758789 0
      vertex -12.399999618530273 -7.581629753112793 0
      vertex -11.642704963684082 -6.0763349533081055 0
    endloop
  endfacet
  facet normal 0 0 -1
    outer loop
      vertex -11.699999809265137 -5.899999618530273 0
      vertex -12.399999618530273 -7.581629753112793 0
      vertex -11.699999809265137 5.899999618530273 0
    endloop
  endfacet
  facet normal 0 0 -1
    outer loop
      vertex -11.699407577514648 -5.91883659362793 0
      vertex -12.399999618530273 -7.581629753112793 0
      vertex -11.699999809265137 -5.899999618530273 0
    endloop
  endfacet
  facet normal 0 0 -1
    outer loop
      vertex -11.697633743286133 -5.937599182128906 0
      vertex -12.399999618530273 -7.581629753112793 0
      vertex -11.699407577514648 -5.91883659362793 0
    endloop
  endfacet
  facet normal 0 0 -1
    outer loop
      vertex -11.694685935974121 -5.95621395111084 0
      vertex -12.399999618530273 -7.581629753112793 0
      vertex -11.697633743286133 -5.937599182128906 0
    endloop
  endfacet
  facet normal 0 0 -1
    outer loop
      vertex -11.690574645996094 -5.974606513977051 0
      vertex -12.399999618530273 -7.581629753112793 0
      vertex -11.694685935974121 -5.95621395111084 0
    endloop
  endfacet
  facet normal 0 0 -1
    outer loop
      vertex -11.68531608581543 -5.992704391479492 0
      vertex -12.399999618530273 -7.581629753112793 0
      vertex -11.690574645996094 -5.974606513977051 0
    endloop
  endfacet
  facet normal 0 0 -1
    outer loop
      vertex -11.678932189941406 -6.01043701171875 0
      vertex -12.399999618530273 -7.581629753112793 0
      vertex -11.68531608581543 -5.992704391479492 0
    endloop
  endfacet
  facet normal 0 0 -1
    outer loop
      vertex -11.67144775390625 -6.027732849121094 0
      vertex -12.399999618530273 -7.581629753112793 0
      vertex -11.678932189941406 -6.01043701171875 0
    endloop
  endfacet
  facet normal 0 0 -1
    outer loop
      vertex -11.662891387939453 -6.044526100158691 0
      vertex -12.399999618530273 -7.581629753112793 0
      vertex -11.67144775390625 -6.027732849121094 0
    endloop
  endfacet
  facet normal 0 0 -1
    outer loop
      vertex -11.653298377990723 -6.060747146606445 0
      vertex -12.399999618530273 -7.581629753112793 0
      vertex -11.662891387939453 -6.044526100158691 0
    endloop
  endfacet
  facet normal 0 0 -1
    outer loop
      vertex -11.642704963684082 -6.0763349533081055 0
      vertex -12.399999618530273 -7.581629753112793 0
      vertex -11.653298377990723 -6.060747146606445 0
    endloop
  endfacet
  facet normal 0 0 -1
    outer loop
      vertex 12.399999618530273 -7.581629753112793 0
      vertex 11.699999809265137 -5.899999618530273 0
      vertex 12.399999618530273 7.581629753112793 0
    endloop
  endfacet
  facet normal 0 0 -1
    outer loop
      vertex 12.399999618530273 -7.581629753112793 0
      vertex 11.699407577514648 -5.91883659362793 0
      vertex 11.699999809265137 -5.899999618530273 0
    endloop
  endfacet
  facet normal 0 0 -1
    outer loop
      vertex 12.399999618530273 -7.581629753112793 0
      vertex 11.697633743286133 -5.937599182128906 0
      vertex 11.699407577514648 -5.91883659362793 0
    endloop
  endfacet
  facet normal 0 0 -1
    outer loop
      vertex 12.399999618530273 -7.581629753112793 0
      vertex 11.694685935974121 -5.95621395111084 0
      vertex 11.697633743286133 -5.937599182128906 0
    endloop
  endfacet
  facet normal 0 0 -1
    outer loop
      vertex 12.399999618530273 -7.581629753112793 0
      vertex 11.690574645996094 -5.974606513977051 0
      vertex 11.694685935974121 -5.95621395111084 0
    endloop
  endfacet
  facet normal 0 0 -1
    outer loop
      vertex 12.399999618530273 -7.581629753112793 0
      vertex 11.68531608581543 -5.992704391479492 0
      vertex 11.690574645996094 -5.974606513977051 0
    endloop
  endfacet
  facet normal 0 0 -1
    outer loop
      vertex 12.399999618530273 -7.581629753112793 0
      vertex 11.678932189941406 -6.01043701171875 0
      vertex 11.68531608581543 -5.992704391479492 0
    endloop
  endfacet
  facet normal 0 0 -1
    outer loop
      vertex 12.399999618530273 -7.581629753112793 0
      vertex 11.67144775390625 -6.027732849121094 0
      vertex 11.678932189941406 -6.01043701171875 0
    endloop
  endfacet
  facet normal 0 0 -1
    outer loop
      vertex 12.399999618530273 -7.581629753112793 0
      vertex 11.662891387939453 -6.044526100158691 0
      vertex 11.67144775390625 -6.027732849121094 0
    endloop
  endfacet
  facet normal 0 0 -1
    outer loop
      vertex 12.399999618530273 -7.581629753112793 0
      vertex 11.653298377990723 -6.060747146606445 0
      vertex 11.662891387939453 -6.044526100158691 0
    endloop
  endfacet
  facet normal 0 0 -1
    outer loop
      vertex 12.399999618530273 -7.581629753112793 0
      vertex 11.642704963684082 -6.0763349533081055 0
      vertex 11.653298377990723 -6.060747146606445 0
    endloop
  endfacet
  facet normal 0 0 -1
    outer loop
      vertex 12.399999618530273 -7.581629753112793 0
      vertex 11.631153106689453 -6.091226577758789 0
      vertex 11.642704963684082 -6.0763349533081055 0
    endloop
  endfacet
  facet normal 0 0 -1
    outer loop
      vertex 12.399999618530273 -7.581629753112793 0
      vertex 11.618690490722656 -6.105363845825195 0
      vertex 11.631153106689453 -6.091226577758789 0
    endloop
  endfacet
  facet normal 0 0 -1
    outer loop
      vertex 12.399999618530273 -7.581629753112793 0
      vertex 11.605363845825195 -6.118690490722656 0
      vertex 11.618690490722656 -6.105363845825195 0
    endloop
  endfacet
  facet normal 0 0 -1
    outer loop
      vertex 12.399999618530273 -7.581629753112793 0
      vertex 11.591226577758789 -6.131153106689453 0
      vertex 11.605363845825195 -6.118690490722656 0
    endloop
  endfacet
  facet normal 0 0 -1
    outer loop
      vertex 12.399999618530273 -7.581629753112793 0
      vertex 11.576334953308105 -6.142704963684082 0
      vertex 11.591226577758789 -6.131153106689453 0
    endloop
  endfacet
  facet normal 0 0 -1
    outer loop
      vertex 12.399999618530273 -7.581629753112793 0
      vertex 11.560747146606445 -6.153298377990723 0
      vertex 11.576334953308105 -6.142704963684082 0
    endloop
  endfacet
  facet normal 0 0 -1
    outer loop
      vertex 12.399999618530273 -7.581629753112793 0
      vertex 11.544526100158691 -6.162891387939453 0
      vertex 11.560747146606445 -6.153298377990723 0
    endloop
  endfacet
  facet normal 0 0 -1
    outer loop
      vertex 12.399999618530273 -7.581629753112793 0
      vertex 11.527732849121094 -6.17144775390625 0
      vertex 11.544526100158691 -6.162891387939453 0
    endloop
  endfacet
  facet normal 0 0 -1
    outer loop
      vertex 12.399999618530273 -7.581629753112793 0
      vertex 11.51043701171875 -6.178932189941406 0
      vertex 11.527732849121094 -6.17144775390625 0
    endloop
  endfacet
  facet normal 0 0 -1
    outer loop
      vertex 12.399999618530273 -7.581629753112793 0
      vertex 11.492704391479492 -6.18531608581543 0
      vertex 11.51043701171875 -6.178932189941406 0
    endloop
  endfacet
  facet normal 0 0 -1
    outer loop
      vertex 12.399999618530273 -7.581629753112793 0
      vertex 11.47460651397705 -6.190574645996094 0
      vertex 11.492704391479492 -6.18531608581543 0
    endloop
  endfacet
  facet normal 0 0 -1
    outer loop
      vertex 12.399999618530273 -7.581629753112793 0
      vertex 11.45621395111084 -6.194685935974121 0
      vertex 11.47460651397705 -6.190574645996094 0
    endloop
  endfacet
  facet normal 0 0 -1
    outer loop
      vertex 12.399999618530273 -7.581629753112793 0
      vertex 11.437599182128906 -6.197633743286133 0
      vertex 11.45621395111084 -6.194685935974121 0
    endloop
  endfacet
  facet normal 0 0 -1
    outer loop
      vertex 12.399999618530273 -7.581629753112793 0
      vertex 11.41883659362793 -6.199407577514648 0
      vertex 11.437599182128906 -6.197633743286133 0
    endloop
  endfacet
  facet normal 0 0 -1
    outer loop
      vertex 12.399999618530273 -7.581629753112793 0
      vertex 11.399999618530273 -6.199999809265137 0
      vertex 11.41883659362793 -6.199407577514648 0
    endloop
  endfacet
  facet normal 0 0 -1
    outer loop
      vertex 12.399999618530273 -7.581629753112793 0
      vertex 11.381162643432617 -6.199407577514648 0
      vertex 11.399999618530273 -6.199999809265137 0
    endloop
  endfacet
  facet normal 0 0 -1
    outer loop
      vertex 12.399999618530273 -7.581629753112793 0
      vertex 11.362399101257324 -6.197633743286133 0
      vertex 11.381162643432617 -6.199407577514648 0
    endloop
  endfacet
  facet normal 0 0 -1
    outer loop
      vertex 12.399999618530273 -7.581629753112793 0
      vertex 11.343785285949707 -6.194685935974121 0
      vertex 11.362399101257324 -6.197633743286133 0
    endloop
  endfacet
  facet normal 0 0 -1
    outer loop
      vertex 12.399999618530273 -7.581629753112793 0
      vertex 11.325392723083496 -6.190574645996094 0
      vertex 11.343785285949707 -6.194685935974121 0
    endloop
  endfacet
  facet normal 0 0 -1
    outer loop
      vertex 12.399999618530273 -7.581629753112793 0
      vertex 11.307294845581055 -6.18531608581543 0
      vertex 11.325392723083496 -6.190574645996094 0
    endloop
  endfacet
  facet normal 0 0 -1
    outer loop
      vertex 12.399999618530273 -7.581629753112793 0
      vertex 11.289562225341797 -6.178932189941406 0
      vertex 11.307294845581055 -6.18531608581543 0
    endloop
  endfacet
  facet normal 0 0 -1
    outer loop
      vertex 12.399999618530273 -7.581629753112793 0
      vertex 11.272265434265137 -6.17144775390625 0
      vertex 11.289562225341797 -6.178932189941406 0
    endloop
  endfacet
  facet normal 0 0 -1
    outer loop
      vertex 12.399999618530273 -7.581629753112793 0
      vertex 11.255473136901855 -6.162891387939453 0
      vertex 11.272265434265137 -6.17144775390625 0
    endloop
  endfacet
  facet normal 0 0 -1
    outer loop
      vertex 12.399999618530273 -7.581629753112793 0
      vertex 11.239251136779785 -6.153298377990723 0
      vertex 11.255473136901855 -6.162891387939453 0
    endloop
  endfacet
  facet normal 0 0 -1
    outer loop
      vertex 12.399999618530273 -7.581629753112793 0
      vertex 11.223664283752441 -6.142704963684082 0
      vertex 11.239251136779785 -6.153298377990723 0
    endloop
  endfacet
  facet normal 0 0 -1
    outer loop
      vertex 7.581629753112793 -12.399999618530273 0
      vertex 11.223664283752441 -6.142704963684082 0
      vertex 12.399999618530273 -7.581629753112793 0
    endloop
  endfacet
  facet normal 0 0 -1
    outer loop
      vertex 6.194685935974121 -11.343785285949707 0
      vertex 7.581629753112793 -12.399999618530273 0
      vertex 6.197633743286133 -11.362399101257324 0
    endloop
  endfacet
  facet normal 0 0 -1
    outer loop
      vertex 6.199407577514648 -11.381162643432617 0
      vertex 7.581629753112793 -12.399999618530273 0
      vertex 6.199999809265137 -11.399999618530273 0
    endloop
  endfacet
  facet normal 0 0 -1
    outer loop
      vertex 6.197633743286133 -11.362399101257324 0
      vertex 7.581629753112793 -12.399999618530273 0
      vertex 6.199407577514648 -11.381162643432617 0
    endloop
  endfacet
  facet normal 0 0 -1
    outer loop
      vertex 11.194635391235352 -6.118690490722656 0
      vertex 6.118690490722656 -11.194635391235352 0
      vertex 11.18130874633789 -6.105363845825195 0
    endloop
  endfacet
  facet normal 0 0 -1
    outer loop
      vertex 6.118690490722656 -11.194635391235352 0
      vertex 11.194635391235352 -6.118690490722656 0
      vertex 6.131153106689453 -11.208772659301758 0
    endloop
  endfacet
  facet normal 0 0 -1
    outer loop
      vertex 11.208772659301758 -6.131153106689453 0
      vertex 6.131153106689453 -11.208772659301758 0
      vertex 11.194635391235352 -6.118690490722656 0
    endloop
  endfacet
  facet normal 0 0 -1
    outer loop
      vertex 6.131153106689453 -11.208772659301758 0
      vertex 11.208772659301758 -6.131153106689453 0
      vertex 6.142704963684082 -11.223664283752441 0
    endloop
  endfacet
  facet normal 0 0 -1
    outer loop
      vertex 11.223664283752441 -6.142704963684082 0
      vertex 6.142704963684082 -11.223664283752441 0
      vertex 11.208772659301758 -6.131153106689453 0
    endloop
  endfacet
  facet normal 0 0 -1
    outer loop
      vertex 7.581629753112793 -12.399999618530273 0
      vertex 6.142704963684082 -11.223664283752441 0
      vertex 11.223664283752441 -6.142704963684082 0
    endloop
  endfacet
  facet normal 0 0 -1
    outer loop
      vertex 6.142704963684082 -11.223664283752441 0
      vertex 7.581629753112793 -12.399999618530273 0
      vertex 6.153298377990723 -11.239251136779785 0
    endloop
  endfacet
  facet normal 0 0 -1
    outer loop
      vertex 6.153298377990723 -11.239251136779785 0
      vertex 7.581629753112793 -12.399999618530273 0
      vertex 6.162891387939453 -11.255473136901855 0
    endloop
  endfacet
  facet normal 0 0 -1
    outer loop
      vertex 6.162891387939453 -11.255473136901855 0
      vertex 7.581629753112793 -12.399999618530273 0
      vertex 6.17144775390625 -11.272265434265137 0
    endloop
  endfacet
  facet normal 0 0 -1
    outer loop
      vertex 6.17144775390625 -11.272265434265137 0
      vertex 7.581629753112793 -12.399999618530273 0
      vertex 6.178932189941406 -11.289562225341797 0
    endloop
  endfacet
  facet normal 0 0 -1
    outer loop
      vertex 6.178932189941406 -11.289562225341797 0
      vertex 7.581629753112793 -12.399999618530273 0
      vertex 6.18531608581543 -11.307294845581055 0
    endloop
  endfacet
  facet normal 0 0 -1
    outer loop
      vertex 6.18531608581543 -11.307294845581055 0
      vertex 7.581629753112793 -12.399999618530273 0
      vertex 6.190574645996094 -11.325392723083496 0
    endloop
  endfacet
  facet normal 0 0 -1
    outer loop
      vertex 6.190574645996094 -11.325392723083496 0
      vertex 7.581629753112793 -12.399999618530273 0
      vertex 6.194685935974121 -11.343785285949707 0
    endloop
  endfacet
  facet normal 0 0 -1
    outer loop
      vertex 11.699999809265137 5.899999618530273 0
      vertex 12.399999618530273 7.581629753112793 0
      vertex 11.699999809265137 -5.899999618530273 0
    endloop
  endfacet
  facet normal 0 0 -1
    outer loop
      vertex 11.699407577514648 5.91883659362793 0
      vertex 12.399999618530273 7.581629753112793 0
      vertex 11.699999809265137 5.899999618530273 0
    endloop
  endfacet
  facet normal 0 0 -1
    outer loop
      vertex 11.697633743286133 5.937599182128906 0
      vertex 12.399999618530273 7.581629753112793 0
      vertex 11.699407577514648 5.91883659362793 0
    endloop
  endfacet
  facet normal 0 0 -1
    outer loop
      vertex 11.694685935974121 5.95621395111084 0
      vertex 12.399999618530273 7.581629753112793 0
      vertex 11.697633743286133 5.937599182128906 0
    endloop
  endfacet
  facet normal 0 0 -1
    outer loop
      vertex 11.690574645996094 5.974606513977051 0
      vertex 12.399999618530273 7.581629753112793 0
      vertex 11.694685935974121 5.95621395111084 0
    endloop
  endfacet
  facet normal 0 0 -1
    outer loop
      vertex 11.68531608581543 5.992704391479492 0
      vertex 12.399999618530273 7.581629753112793 0
      vertex 11.690574645996094 5.974606513977051 0
    endloop
  endfacet
  facet normal 0 0 -1
    outer loop
      vertex 11.678932189941406 6.01043701171875 0
      vertex 12.399999618530273 7.581629753112793 0
      vertex 11.68531608581543 5.992704391479492 0
    endloop
  endfacet
  facet normal 0 0 -1
    outer loop
      vertex 11.67144775390625 6.027732849121094 0
      vertex 12.399999618530273 7.581629753112793 0
      vertex 11.678932189941406 6.01043701171875 0
    endloop
  endfacet
  facet normal 0 0 -1
    outer loop
      vertex 11.662891387939453 6.044526100158691 0
      vertex 12.399999618530273 7.581629753112793 0
      vertex 11.67144775390625 6.027732849121094 0
    endloop
  endfacet
  facet normal 0 0 -1
    outer loop
      vertex 11.653298377990723 6.060747146606445 0
      vertex 12.399999618530273 7.581629753112793 0
      vertex 11.662891387939453 6.044526100158691 0
    endloop
  endfacet
  facet normal 0 0 -1
    outer loop
      vertex 11.642704963684082 6.0763349533081055 0
      vertex 12.399999618530273 7.581629753112793 0
      vertex 11.653298377990723 6.060747146606445 0
    endloop
  endfacet
  facet normal 0 0 -1
    outer loop
      vertex 11.631153106689453 6.091226577758789 0
      vertex 12.399999618530273 7.581629753112793 0
      vertex 11.642704963684082 6.0763349533081055 0
    endloop
  endfacet
  facet normal 0 0 -1
    outer loop
      vertex 11.618690490722656 6.105363845825195 0
      vertex 12.399999618530273 7.581629753112793 0
      vertex 11.631153106689453 6.091226577758789 0
    endloop
  endfacet
  facet normal 0 0 -1
    outer loop
      vertex 11.605363845825195 6.118690490722656 0
      vertex 12.399999618530273 7.581629753112793 0
      vertex 11.618690490722656 6.105363845825195 0
    endloop
  endfacet
  facet normal 0 0 -1
    outer loop
      vertex 11.591226577758789 6.131153106689453 0
      vertex 12.399999618530273 7.581629753112793 0
      vertex 11.605363845825195 6.118690490722656 0
    endloop
  endfacet
  facet normal 0 0 -1
    outer loop
      vertex 11.576334953308105 6.142704963684082 0
      vertex 12.399999618530273 7.581629753112793 0
      vertex 11.591226577758789 6.131153106689453 0
    endloop
  endfacet
  facet normal 0 0 -1
    outer loop
      vertex 11.560747146606445 6.153298377990723 0
      vertex 12.399999618530273 7.581629753112793 0
      vertex 11.576334953308105 6.142704963684082 0
    endloop
  endfacet
  facet normal 0 0 -1
    outer loop
      vertex 11.544526100158691 6.162891387939453 0
      vertex 12.399999618530273 7.581629753112793 0
      vertex 11.560747146606445 6.153298377990723 0
    endloop
  endfacet
  facet normal 0 0 -1
    outer loop
      vertex 11.527732849121094 6.17144775390625 0
      vertex 12.399999618530273 7.581629753112793 0
      vertex 11.544526100158691 6.162891387939453 0
    endloop
  endfacet
  facet normal 0 0 -1
    outer loop
      vertex 11.51043701171875 6.178932189941406 0
      vertex 12.399999618530273 7.581629753112793 0
      vertex 11.527732849121094 6.17144775390625 0
    endloop
  endfacet
  facet normal 0 0 -1
    outer loop
      vertex 11.492704391479492 6.18531608581543 0
      vertex 12.399999618530273 7.581629753112793 0
      vertex 11.51043701171875 6.178932189941406 0
    endloop
  endfacet
  facet normal 0 0 -1
    outer loop
      vertex 11.47460651397705 6.190574645996094 0
      vertex 12.399999618530273 7.581629753112793 0
      vertex 11.492704391479492 6.18531608581543 0
    endloop
  endfacet
  facet normal 0 0 -1
    outer loop
      vertex 11.45621395111084 6.194685935974121 0
      vertex 12.399999618530273 7.581629753112793 0
      vertex 11.47460651397705 6.190574645996094 0
    endloop
  endfacet
  facet normal 0 0 -1
    outer loop
      vertex 11.437599182128906 6.197633743286133 0
      vertex 12.399999618530273 7.581629753112793 0
      vertex 11.45621395111084 6.194685935974121 0
    endloop
  endfacet
  facet normal 0 0 -1
    outer loop
      vertex 11.41883659362793 6.199407577514648 0
      vertex 12.399999618530273 7.581629753112793 0
      vertex 11.437599182128906 6.197633743286133 0
    endloop
  endfacet
  facet normal 0 0 -1
    outer loop
      vertex 11.399999618530273 6.199999809265137 0
      vertex 12.399999618530273 7.581629753112793 0
      vertex 11.41883659362793 6.199407577514648 0
    endloop
  endfacet
  facet normal 0 0 -1
    outer loop
      vertex 11.381162643432617 6.199407577514648 0
      vertex 12.399999618530273 7.581629753112793 0
      vertex 11.399999618530273 6.199999809265137 0
    endloop
  endfacet
  facet normal 0 0 -1
    outer loop
      vertex 11.362399101257324 6.197633743286133 0
      vertex 12.399999618530273 7.581629753112793 0
      vertex 11.381162643432617 6.199407577514648 0
    endloop
  endfacet
  facet normal 0 0 -1
    outer loop
      vertex 11.343785285949707 6.194685935974121 0
      vertex 12.399999618530273 7.581629753112793 0
      vertex 11.362399101257324 6.197633743286133 0
    endloop
  endfacet
  facet normal 0 0 -1
    outer loop
      vertex 11.325392723083496 6.190574645996094 0
      vertex 12.399999618530273 7.581629753112793 0
      vertex 11.343785285949707 6.194685935974121 0
    endloop
  endfacet
  facet normal 0 0 -1
    outer loop
      vertex 11.307294845581055 6.18531608581543 0
      vertex 12.399999618530273 7.581629753112793 0
      vertex 11.325392723083496 6.190574645996094 0
    endloop
  endfacet
  facet normal 0 0 -1
    outer loop
      vertex 11.289562225341797 6.178932189941406 0
      vertex 12.399999618530273 7.581629753112793 0
      vertex 11.307294845581055 6.18531608581543 0
    endloop
  endfacet
  facet normal 0 0 -1
    outer loop
      vertex 11.272265434265137 6.17144775390625 0
      vertex 12.399999618530273 7.581629753112793 0
      vertex 11.289562225341797 6.178932189941406 0
    endloop
  endfacet
  facet normal 0 0 -1
    outer loop
      vertex 11.255473136901855 6.162891387939453 0
      vertex 12.399999618530273 7.581629753112793 0
      vertex 11.272265434265137 6.17144775390625 0
    endloop
  endfacet
  facet normal 0 0 -1
    outer loop
      vertex 11.239251136779785 6.153298377990723 0
      vertex 12.399999618530273 7.581629753112793 0
      vertex 11.255473136901855 6.162891387939453 0
    endloop
  endfacet
  facet normal 0 0 -1
    outer loop
      vertex 11.223664283752441 6.142704963684082 0
      vertex 12.399999618530273 7.581629753112793 0
      vertex 11.239251136779785 6.153298377990723 0
    endloop
  endfacet
  facet normal 0 0 -1
    outer loop
      vertex 7.581629753112793 12.399999618530273 0
      vertex 11.223664283752441 6.142704963684082 0
      vertex 11.208772659301758 6.131153106689453 0
    endloop
  endfacet
  facet normal 0 0 -1
    outer loop
      vertex 6.199999809265137 11.399999618530273 0
      vertex 11.208772659301758 6.131153106689453 0
      vertex 11.194635391235352 6.118690490722656 0
    endloop
  endfacet
  facet normal 0 0 -1
    outer loop
      vertex 6.199999809265137 11.399999618530273 0
      vertex 11.194635391235352 6.118690490722656 0
      vertex 11.18130874633789 6.105363845825195 0
    endloop
  endfacet
  facet normal 0 0 -1
    outer loop
      vertex 6.199999809265137 11.399999618530273 0
      vertex 11.18130874633789 6.105363845825195 0
      vertex 11.168845176696777 6.091226577758789 0
    endloop
  endfacet
  facet normal 0 0 -1
    outer loop
      vertex 6.105363845825195 -11.18130874633789 0
      vertex 11.18130874633789 -6.105363845825195 0
      vertex 6.118690490722656 -11.194635391235352 0
    endloop
  endfacet
  facet normal 0 0 -1
    outer loop
      vertex 11.18130874633789 -6.105363845825195 0
      vertex 6.105363845825195 -11.18130874633789 0
      vertex 11.168845176696777 -6.091226577758789 0
    endloop
  endfacet
  facet normal 0 0 -1
    outer loop
      vertex 6.199999809265137 11.399999618530273 0
      vertex 11.100591659545898 5.91883659362793 0
      vertex 11.09999942779541 5.899999618530273 0
    endloop
  endfacet
  facet normal 0 0 -1
    outer loop
      vertex 11.223664283752441 6.142704963684082 0
      vertex 7.581629753112793 12.399999618530273 0
      vertex 12.399999618530273 7.581629753112793 0
    endloop
  endfacet
  facet normal 0 0 -1
    outer loop
      vertex 6.199999809265137 11.399999618530273 0
      vertex 11.168845176696777 6.091226577758789 0
      vertex 11.157294273376465 6.0763349533081055 0
    endloop
  endfacet
  facet normal 0 0 -1
    outer loop
      vertex 6.199999809265137 11.399999618530273 0
      vertex 11.157294273376465 6.0763349533081055 0
      vertex 11.146700859069824 6.060747146606445 0
    endloop
  endfacet
  facet normal 0 0 -1
    outer loop
      vertex 6.199999809265137 11.399999618530273 0
      vertex 11.146700859069824 6.060747146606445 0
      vertex 11.137107849121094 6.044526100158691 0
    endloop
  endfacet
  facet normal 0 0 -1
    outer loop
      vertex 6.199999809265137 11.399999618530273 0
      vertex 11.137107849121094 6.044526100158691 0
      vertex 11.128551483154297 6.027732849121094 0
    endloop
  endfacet
  facet normal 0 0 -1
    outer loop
      vertex 6.199999809265137 11.399999618530273 0
      vertex 11.128551483154297 6.027732849121094 0
      vertex 11.12106704711914 6.01043701171875 0
    endloop
  endfacet
  facet normal 0 0 -1
    outer loop
      vertex 6.199999809265137 11.399999618530273 0
      vertex 11.12106704711914 6.01043701171875 0
      vertex 11.1146821975708 5.992704391479492 0
    endloop
  endfacet
  facet normal 0 0 -1
    outer loop
      vertex 6.199999809265137 11.399999618530273 0
      vertex 11.1146821975708 5.992704391479492 0
      vertex 11.109424591064453 5.974606513977051 0
    endloop
  endfacet
  facet normal 0 0 -1
    outer loop
      vertex 6.199999809265137 11.399999618530273 0
      vertex 11.109424591064453 5.974606513977051 0
      vertex 11.105313301086426 5.95621395111084 0
    endloop
  endfacet
  facet normal 0 0 -1
    outer loop
      vertex 6.199999809265137 11.399999618530273 0
      vertex 11.102365493774414 5.937599182128906 0
      vertex 11.100591659545898 5.91883659362793 0
    endloop
  endfacet
  facet normal 0 0 -1
    outer loop
      vertex 6.199999809265137 11.399999618530273 0
      vertex 11.105313301086426 5.95621395111084 0
      vertex 11.102365493774414 5.937599182128906 0
    endloop
  endfacet
  facet normal 0 0 -1
    outer loop
      vertex 7.581629753112793 -12.399999618530273 0
      vertex 6.199407577514648 -11.41883659362793 0
      vertex 6.199999809265137 -11.399999618530273 0
    endloop
  endfacet
  facet normal 0 0 -1
    outer loop
      vertex 7.581629753112793 -12.399999618530273 0
      vertex 6.197633743286133 -11.437599182128906 0
      vertex 6.199407577514648 -11.41883659362793 0
    endloop
  endfacet
  facet normal 0 0 -1
    outer loop
      vertex 7.581629753112793 -12.399999618530273 0
      vertex 6.194685935974121 -11.45621395111084 0
      vertex 6.197633743286133 -11.437599182128906 0
    endloop
  endfacet
  facet normal 0 0 -1
    outer loop
      vertex 7.581629753112793 -12.399999618530273 0
      vertex 6.190574645996094 -11.47460651397705 0
      vertex 6.194685935974121 -11.45621395111084 0
    endloop
  endfacet
  facet normal 0 0 -1
    outer loop
      vertex 7.581629753112793 -12.399999618530273 0
      vertex 6.18531608581543 -11.492704391479492 0
      vertex 6.190574645996094 -11.47460651397705 0
    endloop
  endfacet
  facet normal 0 0 -1
    outer loop
      vertex 7.581629753112793 -12.399999618530273 0
      vertex 6.178932189941406 -11.51043701171875 0
      vertex 6.18531608581543 -11.492704391479492 0
    endloop
  endfacet
  facet normal 0 0 -1
    outer loop
      vertex 7.581629753112793 -12.399999618530273 0
      vertex 6.17144775390625 -11.527732849121094 0
      vertex 6.178932189941406 -11.51043701171875 0
    endloop
  endfacet
  facet normal 0 0 -1
    outer loop
      vertex 7.581629753112793 -12.399999618530273 0
      vertex 6.162891387939453 -11.544526100158691 0
      vertex 6.17144775390625 -11.527732849121094 0
    endloop
  endfacet
  facet normal 0 0 -1
    outer loop
      vertex 7.581629753112793 -12.399999618530273 0
      vertex 6.153298377990723 -11.560747146606445 0
      vertex 6.162891387939453 -11.544526100158691 0
    endloop
  endfacet
  facet normal 0 0 -1
    outer loop
      vertex 7.581629753112793 -12.399999618530273 0
      vertex 6.142704963684082 -11.576334953308105 0
      vertex 6.153298377990723 -11.560747146606445 0
    endloop
  endfacet
  facet normal 0 0 -1
    outer loop
      vertex 7.581629753112793 -12.399999618530273 0
      vertex 6.131153106689453 -11.591226577758789 0
      vertex 6.142704963684082 -11.576334953308105 0
    endloop
  endfacet
  facet normal 0 0 -1
    outer loop
      vertex 7.581629753112793 -12.399999618530273 0
      vertex 6.118690490722656 -11.605363845825195 0
      vertex 6.131153106689453 -11.591226577758789 0
    endloop
  endfacet
  facet normal 0 0 -1
    outer loop
      vertex 7.581629753112793 -12.399999618530273 0
      vertex 6.105363845825195 -11.618690490722656 0
      vertex 6.118690490722656 -11.605363845825195 0
    endloop
  endfacet
  facet normal 0 0 -1
    outer loop
      vertex 7.581629753112793 -12.399999618530273 0
      vertex 6.091226577758789 -11.631153106689453 0
      vertex 6.105363845825195 -11.618690490722656 0
    endloop
  endfacet
  facet normal 0 0 -1
    outer loop
      vertex 7.581629753112793 -12.399999618530273 0
      vertex 6.0763349533081055 -11.642704963684082 0
      vertex 6.091226577758789 -11.631153106689453 0
    endloop
  endfacet
  facet normal 0 0 -1
    outer loop
      vertex 7.581629753112793 -12.399999618530273 0
      vertex 6.060747146606445 -11.653298377990723 0
      vertex 6.0763349533081055 -11.642704963684082 0
    endloop
  endfacet
  facet normal 0 0 -1
    outer loop
      vertex 7.581629753112793 -12.399999618530273 0
      vertex 6.044526100158691 -11.662891387939453 0
      vertex 6.060747146606445 -11.653298377990723 0
    endloop
  endfacet
  facet normal 0 0 -1
    outer loop
      vertex 7.581629753112793 -12.399999618530273 0
      vertex 6.027732849121094 -11.67144775390625 0
      vertex 6.044526100158691 -11.662891387939453 0
    endloop
  endfacet
  facet normal 0 0 -1
    outer loop
      vertex 7.581629753112793 -12.399999618530273 0
      vertex 6.01043701171875 -11.678932189941406 0
      vertex 6.027732849121094 -11.67144775390625 0
    endloop
  endfacet
  facet normal 0 0 -1
    outer loop
      vertex 7.581629753112793 -12.399999618530273 0
      vertex 5.992704391479492 -11.68531608581543 0
      vertex 6.01043701171875 -11.678932189941406 0
    endloop
  endfacet
  facet normal 0 0 -1
    outer loop
      vertex 7.581629753112793 -12.399999618530273 0
      vertex 5.974606513977051 -11.690574645996094 0
      vertex 5.992704391479492 -11.68531608581543 0
    endloop
  endfacet
  facet normal 0 0 -1
    outer loop
      vertex 7.581629753112793 -12.399999618530273 0
      vertex 5.95621395111084 -11.694685935974121 0
      vertex 5.974606513977051 -11.690574645996094 0
    endloop
  endfacet
  facet normal 0 0 -1
    outer loop
      vertex 7.581629753112793 -12.399999618530273 0
      vertex 5.937599182128906 -11.697633743286133 0
      vertex 5.95621395111084 -11.694685935974121 0
    endloop
  endfacet
  facet normal 0 0 -1
    outer loop
      vertex 7.581629753112793 -12.399999618530273 0
      vertex 5.91883659362793 -11.699407577514648 0
      vertex 5.937599182128906 -11.697633743286133 0
    endloop
  endfacet
  facet normal 0 0 -1
    outer loop
      vertex 7.581629753112793 -12.399999618530273 0
      vertex 5.899999618530273 -11.699999809265137 0
      vertex 5.91883659362793 -11.699407577514648 0
    endloop
  endfacet
  facet normal 0 0 -1
    outer loop
      vertex 7.581629753112793 -12.399999618530273 0
      vertex -5.899999618530273 -11.699999809265137 0
      vertex 5.899999618530273 -11.699999809265137 0
    endloop
  endfacet
  facet normal 0 0 -1
    outer loop
      vertex -7.581629753112793 -12.399999618530273 0
      vertex -5.899999618530273 -11.699999809265137 0
      vertex 7.581629753112793 -12.399999618530273 0
    endloop
  endfacet
  facet normal 0 0 -1
    outer loop
      vertex -6.142704963684082 -11.223664283752441 0
      vertex -7.581629753112793 -12.399999618530273 0
      vertex -11.223664283752441 -6.142704963684082 0
    endloop
  endfacet
  facet normal 0 0 -1
    outer loop
      vertex -6.199407577514648 -11.41883659362793 0
      vertex -7.581629753112793 -12.399999618530273 0
      vertex -6.199999809265137 -11.399999618530273 0
    endloop
  endfacet
  facet normal 0 0 -1
    outer loop
      vertex -6.197633743286133 -11.437599182128906 0
      vertex -7.581629753112793 -12.399999618530273 0
      vertex -6.199407577514648 -11.41883659362793 0
    endloop
  endfacet
  facet normal 0 0 -1
    outer loop
      vertex -6.194685935974121 -11.45621395111084 0
      vertex -7.581629753112793 -12.399999618530273 0
      vertex -6.197633743286133 -11.437599182128906 0
    endloop
  endfacet
  facet normal 0 0 -1
    outer loop
      vertex -6.190574645996094 -11.47460651397705 0
      vertex -7.581629753112793 -12.399999618530273 0
      vertex -6.194685935974121 -11.45621395111084 0
    endloop
  endfacet
  facet normal 0 0 -1
    outer loop
      vertex -6.18531608581543 -11.492704391479492 0
      vertex -7.581629753112793 -12.399999618530273 0
      vertex -6.190574645996094 -11.47460651397705 0
    endloop
  endfacet
  facet normal 0 0 -1
    outer loop
      vertex -6.178932189941406 -11.51043701171875 0
      vertex -7.581629753112793 -12.399999618530273 0
      vertex -6.18531608581543 -11.492704391479492 0
    endloop
  endfacet
  facet normal 0 0 -1
    outer loop
      vertex -6.17144775390625 -11.527732849121094 0
      vertex -7.581629753112793 -12.399999618530273 0
      vertex -6.178932189941406 -11.51043701171875 0
    endloop
  endfacet
  facet normal 0 0 -1
    outer loop
      vertex -6.162891387939453 -11.544526100158691 0
      vertex -7.581629753112793 -12.399999618530273 0
      vertex -6.17144775390625 -11.527732849121094 0
    endloop
  endfacet
  facet normal 0 0 -1
    outer loop
      vertex -6.153298377990723 -11.560747146606445 0
      vertex -7.581629753112793 -12.399999618530273 0
      vertex -6.162891387939453 -11.544526100158691 0
    endloop
  endfacet
  facet normal 0 0 -1
    outer loop
      vertex -6.142704963684082 -11.576334953308105 0
      vertex -7.581629753112793 -12.399999618530273 0
      vertex -6.153298377990723 -11.560747146606445 0
    endloop
  endfacet
  facet normal 0 0 -1
    outer loop
      vertex -6.131153106689453 -11.591226577758789 0
      vertex -7.581629753112793 -12.399999618530273 0
      vertex -6.142704963684082 -11.576334953308105 0
    endloop
  endfacet
  facet normal 0 0 -1
    outer loop
      vertex -6.118690490722656 -11.605363845825195 0
      vertex -7.581629753112793 -12.399999618530273 0
      vertex -6.131153106689453 -11.591226577758789 0
    endloop
  endfacet
  facet normal 0 0 -1
    outer loop
      vertex -6.105363845825195 -11.618690490722656 0
      vertex -7.581629753112793 -12.399999618530273 0
      vertex -6.118690490722656 -11.605363845825195 0
    endloop
  endfacet
  facet normal 0 0 -1
    outer loop
      vertex -6.091226577758789 -11.631153106689453 0
      vertex -7.581629753112793 -12.399999618530273 0
      vertex -6.105363845825195 -11.618690490722656 0
    endloop
  endfacet
  facet normal 0 0 -1
    outer loop
      vertex -6.0763349533081055 -11.642704963684082 0
      vertex -7.581629753112793 -12.399999618530273 0
      vertex -6.091226577758789 -11.631153106689453 0
    endloop
  endfacet
  facet normal 0 0 -1
    outer loop
      vertex -6.060747146606445 -11.653298377990723 0
      vertex -7.581629753112793 -12.399999618530273 0
      vertex -6.0763349533081055 -11.642704963684082 0
    endloop
  endfacet
  facet normal 0 0 -1
    outer loop
      vertex -6.044526100158691 -11.662891387939453 0
      vertex -7.581629753112793 -12.399999618530273 0
      vertex -6.060747146606445 -11.653298377990723 0
    endloop
  endfacet
  facet normal 0 0 -1
    outer loop
      vertex -6.027732849121094 -11.67144775390625 0
      vertex -7.581629753112793 -12.399999618530273 0
      vertex -6.044526100158691 -11.662891387939453 0
    endloop
  endfacet
  facet normal 0 0 -1
    outer loop
      vertex -6.01043701171875 -11.678932189941406 0
      vertex -7.581629753112793 -12.399999618530273 0
      vertex -6.027732849121094 -11.67144775390625 0
    endloop
  endfacet
  facet normal 0 0 -1
    outer loop
      vertex -5.992704391479492 -11.68531608581543 0
      vertex -7.581629753112793 -12.399999618530273 0
      vertex -6.01043701171875 -11.678932189941406 0
    endloop
  endfacet
  facet normal 0 0 -1
    outer loop
      vertex -5.974606513977051 -11.690574645996094 0
      vertex -7.581629753112793 -12.399999618530273 0
      vertex -5.992704391479492 -11.68531608581543 0
    endloop
  endfacet
  facet normal 0 0 -1
    outer loop
      vertex -5.95621395111084 -11.694685935974121 0
      vertex -7.581629753112793 -12.399999618530273 0
      vertex -5.974606513977051 -11.690574645996094 0
    endloop
  endfacet
  facet normal 0 0 -1
    outer loop
      vertex -5.937599182128906 -11.697633743286133 0
      vertex -7.581629753112793 -12.399999618530273 0
      vertex -5.95621395111084 -11.694685935974121 0
    endloop
  endfacet
  facet normal 0 0 -1
    outer loop
      vertex -5.91883659362793 -11.699407577514648 0
      vertex -7.581629753112793 -12.399999618530273 0
      vertex -5.937599182128906 -11.697633743286133 0
    endloop
  endfacet
  facet normal 0 0 -1
    outer loop
      vertex -5.899999618530273 -11.699999809265137 0
      vertex -7.581629753112793 -12.399999618530273 0
      vertex -5.91883659362793 -11.699407577514648 0
    endloop
  endfacet
  facet normal -0.7071067811865476 0.7071067811865476 0
    outer loop
      vertex -12.399999618530273 7.581629753112793 0
      vertex -7.581629753112793 12.399999618530273 6.390000343322754
      vertex -7.581629753112793 12.399999618530273 0
    endloop
  endfacet
  facet normal -0.7071067811865476 0.7071067811865476 0
    outer loop
      vertex -7.581629753112793 12.399999618530273 6.390000343322754
      vertex -12.399999618530273 7.581629753112793 0
      vertex -12.399999618530273 7.581629753112793 6.390000343322754
    endloop
  endfacet
  facet normal -0.7901362790005535 -0.6129312038125971 0
    outer loop
      vertex 11.642704963684082 6.0763349533081055 0
      vertex 11.631153106689453 6.091226577758789 6.199999809265137
      vertex 11.631153106689453 6.091226577758789 0
    endloop
  endfacet
  facet normal -0.7901362790005535 -0.6129312038125971 0
    outer loop
      vertex 11.631153106689453 6.091226577758789 6.199999809265137
      vertex 11.642704963684082 6.0763349533081055 0
      vertex 11.642704963684082 6.0763349533081055 6.199999809265137
    endloop
  endfacet
  facet normal 1 0 0
    outer loop
      vertex 11.09999942779541 -5.899999618530273 6.199999809265137
      vertex 11.09999942779541 5.899999618530273 0
      vertex 11.09999942779541 5.899999618530273 6.199999809265137
    endloop
  endfacet
  facet normal 1 0 0
    outer loop
      vertex 11.09999942779541 5.899999618530273 0
      vertex 11.09999942779541 -5.899999618530273 6.199999809265137
      vertex 11.09999942779541 -5.899999618530273 0
    endloop
  endfacet
  facet normal 0.1564173101128164 -0.9876910575159983 0
    outer loop
      vertex 11.343785285949707 6.194685935974121 0
      vertex 11.362399101257324 6.197633743286133 6.199999809265137
      vertex 11.343785285949707 6.194685935974121 6.199999809265137
    endloop
  endfacet
  facet normal 0.1564173101128164 -0.9876910575159983 0
    outer loop
      vertex 11.362399101257324 6.197633743286133 6.199999809265137
      vertex 11.343785285949707 6.194685935974121 0
      vertex 11.362399101257324 6.197633743286133 0
    endloop
  endfacet
  facet normal -0.09412132591765665 0.9955607344645038 0
    outer loop
      vertex 11.437599182128906 -6.197633743286133 0
      vertex 11.41883659362793 -6.199407577514648 6.199999809265137
      vertex 11.437599182128906 -6.197633743286133 6.199999809265137
    endloop
  endfacet
  facet normal -0.09412132591765665 0.9955607344645038 0
    outer loop
      vertex 11.41883659362793 -6.199407577514648 6.199999809265137
      vertex 11.437599182128906 -6.197633743286133 0
      vertex 11.41883659362793 -6.199407577514648 0
    endloop
  endfacet
  facet normal -0.2790224565203385 0.9602845769652638 0
    outer loop
      vertex 11.492704391479492 -6.18531608581543 0
      vertex 11.47460651397705 -6.190574645996094 6.199999809265137
      vertex 11.492704391479492 -6.18531608581543 6.199999809265137
    endloop
  endfacet
  facet normal -0.2790224565203385 0.9602845769652638 0
    outer loop
      vertex 11.47460651397705 -6.190574645996094 6.199999809265137
      vertex 11.492704391479492 -6.18531608581543 0
      vertex 11.47460651397705 -6.190574645996094 0
    endloop
  endfacet
  facet normal 0.9995061338808694 0.03142432711320473 0
    outer loop
      vertex 11.100591659545898 -5.91883659362793 6.199999809265137
      vertex 11.09999942779541 -5.899999618530273 0
      vertex 11.09999942779541 -5.899999618530273 6.199999809265137
    endloop
  endfacet
  facet normal 0.9995061338808694 0.03142432711320473 0
    outer loop
      vertex 11.09999942779541 -5.899999618530273 0
      vertex 11.100591659545898 -5.91883659362793 6.199999809265137
      vertex 11.100591659545898 -5.91883659362793 0
    endloop
  endfacet
  facet normal 0.5090156985725441 0.860757235581964 0
    outer loop
      vertex 11.255473136901855 -6.162891387939453 0
      vertex 11.239251136779785 -6.153298377990723 6.199999809265137
      vertex 11.255473136901855 -6.162891387939453 6.199999809265137
    endloop
  endfacet
  facet normal 0.5090156985725441 0.860757235581964 0
    outer loop
      vertex 11.239251136779785 -6.153298377990723 6.199999809265137
      vertex 11.255473136901855 -6.162891387939453 0
      vertex 11.239251136779785 -6.153298377990723 0
    endloop
  endfacet
  facet normal 0.8607441236376202 0.5090378705197731 0
    outer loop
      vertex 11.146700859069824 -6.060747146606445 6.199999809265137
      vertex 11.137107849121094 -6.044526100158691 0
      vertex 11.137107849121094 -6.044526100158691 6.199999809265137
    endloop
  endfacet
  facet normal 0.8607441236376202 0.5090378705197731 0
    outer loop
      vertex 11.137107849121094 -6.044526100158691 0
      vertex 11.146700859069824 -6.060747146606445 6.199999809265137
      vertex 11.146700859069824 -6.060747146606445 0
    endloop
  endfacet
  facet normal -0.45398111420685777 0.8910113062938652 0
    outer loop
      vertex 11.544526100158691 -6.162891387939453 0
      vertex 11.527732849121094 -6.17144775390625 6.199999809265137
      vertex 11.544526100158691 -6.162891387939453 6.199999809265137
    endloop
  endfacet
  facet normal -0.45398111420685777 0.8910113062938652 0
    outer loop
      vertex 11.527732849121094 -6.17144775390625 6.199999809265137
      vertex 11.544526100158691 -6.162891387939453 0
      vertex 11.527732849121094 -6.17144775390625 0
    endloop
  endfacet
  facet normal -0.9177573557291627 0.3971415818131048 0
    outer loop
      vertex 11.67144775390625 -6.027732849121094 0
      vertex 11.678932189941406 -6.01043701171875 6.199999809265137
      vertex 11.678932189941406 -6.01043701171875 0
    endloop
  endfacet
  facet normal -0.9177573557291627 0.3971415818131048 0
    outer loop
      vertex 11.678932189941406 -6.01043701171875 6.199999809265137
      vertex 11.67144775390625 -6.027732849121094 0
      vertex 11.67144775390625 -6.027732849121094 6.199999809265137
    endloop
  endfacet
  facet normal -1 0 0
    outer loop
      vertex 11.699999809265137 -5.899999618530273 0
      vertex 11.699999809265137 5.899999618530273 5.59999942779541
      vertex 11.699999809265137 5.899999618530273 0
    endloop
  endfacet
  facet normal -1 0 0
    outer loop
      vertex 11.699999809265137 5.899999618530273 5.59999942779541
      vertex 11.699999809265137 -5.899999618530273 0
      vertex 11.699999809265137 -5.899999618530273 5.59999942779541
    endloop
  endfacet
  facet normal -1 0 0
    outer loop
      vertex 11.699999809265137 -5.899999618530273 6
      vertex 11.699999809265137 5.899999618530273 6.199999809265137
      vertex 11.699999809265137 5.899999618530273 6
    endloop
  endfacet
  facet normal -1 0 0
    outer loop
      vertex 11.699999809265137 5.899999618530273 6.199999809265137
      vertex 11.699999809265137 -5.899999618530273 6
      vertex 11.699999809265137 -5.899999618530273 6.199999809265137
    endloop
  endfacet
  facet normal 1 0 0
    outer loop
      vertex 11.699999809265137 5.899999618530273 6
      vertex 11.699999809265137 6 5.59999942779541
      vertex 11.699999809265137 6 6
    endloop
  endfacet
  facet normal 1 0 0
    outer loop
      vertex 11.699999809265137 6 5.59999942779541
      vertex 11.699999809265137 5.899999618530273 6
      vertex 11.699999809265137 5.899999618530273 5.59999942779541
    endloop
  endfacet
  facet normal 1 0 0
    outer loop
      vertex 11.699999809265137 -6 6
      vertex 11.699999809265137 -5.899999618530273 5.59999942779541
      vertex 11.699999809265137 -5.899999618530273 6
    endloop
  endfacet
  facet normal 1 0 0
    outer loop
      vertex 11.699999809265137 -5.899999618530273 5.59999942779541
      vertex 11.699999809265137 -6 6
      vertex 11.699999809265137 -6 5.59999942779541
    endloop
  endfacet
  facet normal -0.9876922955223569 0.15640949256927125 0
    outer loop
      vertex 11.694685935974121 -5.95621395111084 0
      vertex 11.697633743286133 -5.937599182128906 6.199999809265137
      vertex 11.697633743286133 -5.937599182128906 0
    endloop
  endfacet
  facet normal -0.9876922955223569 0.15640949256927125 0
    outer loop
      vertex 11.697633743286133 -5.937599182128906 6.199999809265137
      vertex 11.694685935974121 -5.95621395111084 0
      vertex 11.694685935974121 -5.95621395111084 6.199999809265137
    endloop
  endfacet
  facet normal -0.03142432711320473 -0.9995061338808694 0
    outer loop
      vertex 11.399999618530273 6.199999809265137 0
      vertex 11.41883659362793 6.199407577514648 6.199999809265137
      vertex 11.399999618530273 6.199999809265137 6.199999809265137
    endloop
  endfacet
  facet normal -0.03142432711320473 -0.9995061338808694 0
    outer loop
      vertex 11.41883659362793 6.199407577514648 6.199999809265137
      vertex 11.399999618530273 6.199999809265137 0
      vertex 11.41883659362793 6.199407577514648 0
    endloop
  endfacet
  facet normal -0.8270817629306938 0.5620816287937686 0
    outer loop
      vertex 11.642704963684082 -6.0763349533081055 0
      vertex 11.653298377990723 -6.060747146606445 6.199999809265137
      vertex 11.653298377990723 -6.060747146606445 0
    endloop
  endfacet
  facet normal -0.8270817629306938 0.5620816287937686 0
    outer loop
      vertex 11.653298377990723 -6.060747146606445 6.199999809265137
      vertex 11.642704963684082 -6.0763349533081055 0
      vertex 11.642704963684082 -6.0763349533081055 6.199999809265137
    endloop
  endfacet
  facet normal -0.03142432711320473 0.9995061338808694 0
    outer loop
      vertex 11.41883659362793 -6.199407577514648 0
      vertex 11.399999618530273 -6.199999809265137 6.199999809265137
      vertex 11.41883659362793 -6.199407577514648 6.199999809265137
    endloop
  endfacet
  facet normal -0.03142432711320473 0.9995061338808694 0
    outer loop
      vertex 11.399999618530273 -6.199999809265137 6.199999809265137
      vertex 11.41883659362793 -6.199407577514648 0
      vertex 11.399999618530273 -6.199999809265137 0
    endloop
  endfacet
  facet normal -0.8270817629306938 -0.5620816287937686 0
    outer loop
      vertex 11.653298377990723 6.060747146606445 0
      vertex 11.642704963684082 6.0763349533081055 6.199999809265137
      vertex 11.642704963684082 6.0763349533081055 0
    endloop
  endfacet
  facet normal -0.8270817629306938 -0.5620816287937686 0
    outer loop
      vertex 11.642704963684082 6.0763349533081055 6.199999809265137
      vertex 11.653298377990723 6.060747146606445 0
      vertex 11.653298377990723 6.060747146606445 6.199999809265137
    endloop
  endfacet
  facet normal 0.9759160266868775 0.21814653069828524 0
    outer loop
      vertex 11.109424591064453 -5.974606513977051 6.199999809265137
      vertex 11.105313301086426 -5.95621395111084 0
      vertex 11.105313301086426 -5.95621395111084 6.199999809265137
    endloop
  endfacet
  facet normal 0.9759160266868775 0.21814653069828524 0
    outer loop
      vertex 11.105313301086426 -5.95621395111084 0
      vertex 11.109424591064453 -5.974606513977051 6.199999809265137
      vertex 11.109424591064453 -5.974606513977051 0
    endloop
  endfacet
  facet normal 0.9876922955223569 0.15640949256927125 0
    outer loop
      vertex 11.105313301086426 -5.95621395111084 6.199999809265137
      vertex 11.102365493774414 -5.937599182128906 0
      vertex 11.102365493774414 -5.937599182128906 6.199999809265137
    endloop
  endfacet
  facet normal 0.9876922955223569 0.15640949256927125 0
    outer loop
      vertex 11.102365493774414 -5.937599182128906 0
      vertex 11.105313301086426 -5.95621395111084 6.199999809265137
      vertex 11.105313301086426 -5.95621395111084 0
    endloop
  endfacet
  facet normal 0.21814653069828524 0.9759160266868775 0
    outer loop
      vertex 11.343785285949707 -6.194685935974121 0
      vertex 11.325392723083496 -6.190574645996094 6.199999809265137
      vertex 11.343785285949707 -6.194685935974121 6.199999809265137
    endloop
  endfacet
  facet normal 0.21814653069828524 0.9759160266868775 0
    outer loop
      vertex 11.325392723083496 -6.190574645996094 6.199999809265137
      vertex 11.343785285949707 -6.194685935974121 0
      vertex 11.325392723083496 -6.190574645996094 0
    endloop
  endfacet
  facet normal 0.7071067811865476 0.7071067811865476 0
    outer loop
      vertex 11.194635391235352 -6.118690490722656 6.199999809265137
      vertex 11.18130874633789 -6.105363845825195 0
      vertex 11.18130874633789 -6.105363845825195 6.199999809265137
    endloop
  endfacet
  facet normal 0.7071067811865476 0.7071067811865476 0
    outer loop
      vertex 11.18130874633789 -6.105363845825195 0
      vertex 11.194635391235352 -6.118690490722656 6.199999809265137
      vertex 11.194635391235352 -6.118690490722656 0
    endloop
  endfacet
  facet normal 0.6129312038125971 0.7901362790005535 0
    outer loop
      vertex 11.223664283752441 -6.142704963684082 0
      vertex 11.208772659301758 -6.131153106689453 6.199999809265137
      vertex 11.223664283752441 -6.142704963684082 6.199999809265137
    endloop
  endfacet
  facet normal 0.6129312038125971 0.7901362790005535 0
    outer loop
      vertex 11.208772659301758 -6.131153106689453 6.199999809265137
      vertex 11.223664283752441 -6.142704963684082 0
      vertex 11.208772659301758 -6.131153106689453 0
    endloop
  endfacet
  facet normal -0.9876922955223569 -0.15640949256927125 0
    outer loop
      vertex 11.697633743286133 5.937599182128906 0
      vertex 11.694685935974121 5.95621395111084 6.199999809265137
      vertex 11.694685935974121 5.95621395111084 0
    endloop
  endfacet
  facet normal -0.9876922955223569 -0.15640949256927125 0
    outer loop
      vertex 11.694685935974121 5.95621395111084 6.199999809265137
      vertex 11.697633743286133 5.937599182128906 0
      vertex 11.697633743286133 5.937599182128906 6.199999809265137
    endloop
  endfacet
  facet normal 0.3387266356183068 0.9408848315934861 0
    outer loop
      vertex 11.307294845581055 -6.18531608581543 0
      vertex 11.289562225341797 -6.178932189941406 6.199999809265137
      vertex 11.307294845581055 -6.18531608581543 6.199999809265137
    endloop
  endfacet
  facet normal 0.3387266356183068 0.9408848315934861 0
    outer loop
      vertex 11.289562225341797 -6.178932189941406 6.199999809265137
      vertex 11.307294845581055 -6.18531608581543 0
      vertex 11.289562225341797 -6.178932189941406 0
    endloop
  endfacet
  facet normal -0.3971415818131048 0.9177573557291627 0
    outer loop
      vertex 11.527732849121094 -6.17144775390625 0
      vertex 11.51043701171875 -6.178932189941406 6.199999809265137
      vertex 11.527732849121094 -6.17144775390625 6.199999809265137
    endloop
  endfacet
  facet normal -0.3971415818131048 0.9177573557291627 0
    outer loop
      vertex 11.51043701171875 -6.178932189941406 6.199999809265137
      vertex 11.527732849121094 -6.17144775390625 0
      vertex 11.51043701171875 -6.178932189941406 0
    endloop
  endfacet
  facet normal 0.9955607344645038 -0.09412132591765665 0
    outer loop
      vertex 11.100591659545898 5.91883659362793 6.199999809265137
      vertex 11.102365493774414 5.937599182128906 0
      vertex 11.102365493774414 5.937599182128906 6.199999809265137
    endloop
  endfacet
  facet normal 0.9955607344645038 -0.09412132591765665 0
    outer loop
      vertex 11.102365493774414 5.937599182128906 0
      vertex 11.100591659545898 5.91883659362793 6.199999809265137
      vertex 11.100591659545898 5.91883659362793 0
    endloop
  endfacet
  facet normal -0.5090378705197731 -0.8607441236376202 0
    outer loop
      vertex 11.544526100158691 6.162891387939453 0
      vertex 11.560747146606445 6.153298377990723 6.199999809265137
      vertex 11.544526100158691 6.162891387939453 6.199999809265137
    endloop
  endfacet
  facet normal -0.5090378705197731 -0.8607441236376202 0
    outer loop
      vertex 11.560747146606445 6.153298377990723 6.199999809265137
      vertex 11.544526100158691 6.162891387939453 0
      vertex 11.560747146606445 6.153298377990723 0
    endloop
  endfacet
  facet normal 0.21814653069828524 -0.9759160266868775 0
    outer loop
      vertex 11.325392723083496 6.190574645996094 0
      vertex 11.343785285949707 6.194685935974121 6.199999809265137
      vertex 11.325392723083496 6.190574645996094 6.199999809265137
    endloop
  endfacet
  facet normal 0.21814653069828524 -0.9759160266868775 0
    outer loop
      vertex 11.343785285949707 6.194685935974121 6.199999809265137
      vertex 11.325392723083496 6.190574645996094 0
      vertex 11.343785285949707 6.194685935974121 0
    endloop
  endfacet
  facet normal 0.6129312038125971 -0.7901362790005535 0
    outer loop
      vertex 11.208772659301758 6.131153106689453 0
      vertex 11.223664283752441 6.142704963684082 6.199999809265137
      vertex 11.208772659301758 6.131153106689453 6.199999809265137
    endloop
  endfacet
  facet normal 0.6129312038125971 -0.7901362790005535 0
    outer loop
      vertex 11.223664283752441 6.142704963684082 6.199999809265137
      vertex 11.208772659301758 6.131153106689453 0
      vertex 11.223664283752441 6.142704963684082 0
    endloop
  endfacet
  facet normal -0.8607441236376202 -0.5090378705197731 0
    outer loop
      vertex 11.662891387939453 6.044526100158691 0
      vertex 11.653298377990723 6.060747146606445 6.199999809265137
      vertex 11.653298377990723 6.060747146606445 0
    endloop
  endfacet
  facet normal -0.8607441236376202 -0.5090378705197731 0
    outer loop
      vertex 11.653298377990723 6.060747146606445 6.199999809265137
      vertex 11.662891387939453 6.044526100158691 0
      vertex 11.662891387939453 6.044526100158691 6.199999809265137
    endloop
  endfacet
  facet normal 0.5621051535609614 0.8270657750990595 0
    outer loop
      vertex 11.239251136779785 -6.153298377990723 0
      vertex 11.223664283752441 -6.142704963684082 6.199999809265137
      vertex 11.239251136779785 -6.153298377990723 6.199999809265137
    endloop
  endfacet
  facet normal 0.5621051535609614 0.8270657750990595 0
    outer loop
      vertex 11.223664283752441 -6.142704963684082 6.199999809265137
      vertex 11.239251136779785 -6.153298377990723 0
      vertex 11.223664283752441 -6.142704963684082 0
    endloop
  endfacet
  facet normal 0.9177573557291627 -0.3971415818131048 0
    outer loop
      vertex 11.12106704711914 6.01043701171875 6.199999809265137
      vertex 11.128551483154297 6.027732849121094 0
      vertex 11.128551483154297 6.027732849121094 6.199999809265137
    endloop
  endfacet
  facet normal 0.9177573557291627 -0.3971415818131048 0
    outer loop
      vertex 11.128551483154297 6.027732849121094 0
      vertex 11.12106704711914 6.01043701171875 6.199999809265137
      vertex 11.12106704711914 6.01043701171875 0
    endloop
  endfacet
  facet normal -0.2790224565203385 -0.9602845769652638 0
    outer loop
      vertex 11.47460651397705 6.190574645996094 0
      vertex 11.492704391479492 6.18531608581543 6.199999809265137
      vertex 11.47460651397705 6.190574645996094 6.199999809265137
    endloop
  endfacet
  facet normal -0.2790224565203385 -0.9602845769652638 0
    outer loop
      vertex 11.492704391479492 6.18531608581543 6.199999809265137
      vertex 11.47460651397705 6.190574645996094 0
      vertex 11.492704391479492 6.18531608581543 0
    endloop
  endfacet
  facet normal 0.39712313839883895 -0.9177653365366644 0
    outer loop
      vertex 11.272265434265137 6.17144775390625 0
      vertex 11.289562225341797 6.178932189941406 6.199999809265137
      vertex 11.272265434265137 6.17144775390625 6.199999809265137
    endloop
  endfacet
  facet normal 0.39712313839883895 -0.9177653365366644 0
    outer loop
      vertex 11.289562225341797 6.178932189941406 6.199999809265137
      vertex 11.272265434265137 6.17144775390625 0
      vertex 11.289562225341797 6.178932189941406 0
    endloop
  endfacet
  facet normal 0.39712313839883895 0.9177653365366644 0
    outer loop
      vertex 11.289562225341797 -6.178932189941406 0
      vertex 11.272265434265137 -6.17144775390625 6.199999809265137
      vertex 11.289562225341797 -6.178932189941406 6.199999809265137
    endloop
  endfacet
  facet normal 0.39712313839883895 0.9177653365366644 0
    outer loop
      vertex 11.272265434265137 -6.17144775390625 6.199999809265137
      vertex 11.289562225341797 -6.178932189941406 0
      vertex 11.272265434265137 -6.17144775390625 0
    endloop
  endfacet
  facet normal 0.45400158273251634 0.8910008770345683 0
    outer loop
      vertex 11.272265434265137 -6.17144775390625 0
      vertex 11.255473136901855 -6.162891387939453 6.199999809265137
      vertex 11.272265434265137 -6.17144775390625 6.199999809265137
    endloop
  endfacet
  facet normal 0.45400158273251634 0.8910008770345683 0
    outer loop
      vertex 11.255473136901855 -6.162891387939453 6.199999809265137
      vertex 11.272265434265137 -6.17144775390625 0
      vertex 11.255473136901855 -6.162891387939453 0
    endloop
  endfacet
  facet normal -0.09412132591765665 -0.9955607344645038 0
    outer loop
      vertex 11.41883659362793 6.199407577514648 0
      vertex 11.437599182128906 6.197633743286133 6.199999809265137
      vertex 11.41883659362793 6.199407577514648 6.199999809265137
    endloop
  endfacet
  facet normal -0.09412132591765665 -0.9955607344645038 0
    outer loop
      vertex 11.437599182128906 6.197633743286133 6.199999809265137
      vertex 11.41883659362793 6.199407577514648 0
      vertex 11.437599182128906 6.197633743286133 0
    endloop
  endfacet
  facet normal -0.9408848315934861 -0.3387266356183068 0
    outer loop
      vertex 11.68531608581543 5.992704391479492 0
      vertex 11.678932189941406 6.01043701171875 6.199999809265137
      vertex 11.678932189941406 6.01043701171875 0
    endloop
  endfacet
  facet normal -0.9408848315934861 -0.3387266356183068 0
    outer loop
      vertex 11.678932189941406 6.01043701171875 6.199999809265137
      vertex 11.68531608581543 5.992704391479492 0
      vertex 11.68531608581543 5.992704391479492 6.199999809265137
    endloop
  endfacet
  facet normal -0.8607441236376202 0.5090378705197731 0
    outer loop
      vertex 11.653298377990723 -6.060747146606445 0
      vertex 11.662891387939453 -6.044526100158691 6.199999809265137
      vertex 11.662891387939453 -6.044526100158691 0
    endloop
  endfacet
  facet normal -0.8607441236376202 0.5090378705197731 0
    outer loop
      vertex 11.662891387939453 -6.044526100158691 6.199999809265137
      vertex 11.653298377990723 -6.060747146606445 0
      vertex 11.653298377990723 -6.060747146606445 6.199999809265137
    endloop
  endfacet
  facet normal 0.3387266356183068 -0.9408848315934861 0
    outer loop
      vertex 11.289562225341797 6.178932189941406 0
      vertex 11.307294845581055 6.18531608581543 6.199999809265137
      vertex 11.289562225341797 6.178932189941406 6.199999809265137
    endloop
  endfacet
  facet normal 0.3387266356183068 -0.9408848315934861 0
    outer loop
      vertex 11.307294845581055 6.18531608581543 6.199999809265137
      vertex 11.289562225341797 6.178932189941406 0
      vertex 11.307294845581055 6.18531608581543 0
    endloop
  endfacet
  facet normal -0.21814653069828524 -0.9759160266868775 0
    outer loop
      vertex 11.45621395111084 6.194685935974121 0
      vertex 11.47460651397705 6.190574645996094 6.199999809265137
      vertex 11.45621395111084 6.194685935974121 6.199999809265137
    endloop
  endfacet
  facet normal -0.21814653069828524 -0.9759160266868775 0
    outer loop
      vertex 11.47460651397705 6.190574645996094 6.199999809265137
      vertex 11.45621395111084 6.194685935974121 0
      vertex 11.47460651397705 6.190574645996094 0
    endloop
  endfacet
  facet normal -0.9759160266868775 -0.21814653069828524 0
    outer loop
      vertex 11.694685935974121 5.95621395111084 0
      vertex 11.690574645996094 5.974606513977051 6.199999809265137
      vertex 11.690574645996094 5.974606513977051 0
    endloop
  endfacet
  facet normal -0.9759160266868775 -0.21814653069828524 0
    outer loop
      vertex 11.690574645996094 5.974606513977051 6.199999809265137
      vertex 11.694685935974121 5.95621395111084 0
      vertex 11.694685935974121 5.95621395111084 6.199999809265137
    endloop
  endfacet
  facet normal -0.15640949256927125 0.9876922955223569 0
    outer loop
      vertex 11.45621395111084 -6.194685935974121 0
      vertex 11.437599182128906 -6.197633743286133 6.199999809265137
      vertex 11.45621395111084 -6.194685935974121 6.199999809265137
    endloop
  endfacet
  facet normal -0.15640949256927125 0.9876922955223569 0
    outer loop
      vertex 11.437599182128906 -6.197633743286133 6.199999809265137
      vertex 11.45621395111084 -6.194685935974121 0
      vertex 11.437599182128906 -6.197633743286133 0
    endloop
  endfacet
  facet normal 0.03142432711320473 0.9995061338808694 0
    outer loop
      vertex 11.399999618530273 -6.199999809265137 0
      vertex 11.381162643432617 -6.199407577514648 6.199999809265137
      vertex 11.399999618530273 -6.199999809265137 6.199999809265137
    endloop
  endfacet
  facet normal 0.03142432711320473 0.9995061338808694 0
    outer loop
      vertex 11.381162643432617 -6.199407577514648 6.199999809265137
      vertex 11.399999618530273 -6.199999809265137 0
      vertex 11.381162643432617 -6.199407577514648 0
    endloop
  endfacet
  facet normal -0.6129312038125971 0.7901362790005535 0
    outer loop
      vertex 11.591226577758789 -6.131153106689453 0
      vertex 11.576334953308105 -6.142704963684082 6.199999809265137
      vertex 11.591226577758789 -6.131153106689453 6.199999809265137
    endloop
  endfacet
  facet normal -0.6129312038125971 0.7901362790005535 0
    outer loop
      vertex 11.576334953308105 -6.142704963684082 6.199999809265137
      vertex 11.591226577758789 -6.131153106689453 0
      vertex 11.576334953308105 -6.142704963684082 0
    endloop
  endfacet
  facet normal 0.9408687039569372 -0.33877143019208855 0
    outer loop
      vertex 11.1146821975708 5.992704391479492 6.199999809265137
      vertex 11.12106704711914 6.01043701171875 0
      vertex 11.12106704711914 6.01043701171875 6.199999809265137
    endloop
  endfacet
  facet normal 0.9408687039569372 -0.33877143019208855 0
    outer loop
      vertex 11.12106704711914 6.01043701171875 0
      vertex 11.1146821975708 5.992704391479492 6.199999809265137
      vertex 11.1146821975708 5.992704391479492 0
    endloop
  endfacet
  facet normal -0.5090378705197731 0.8607441236376202 0
    outer loop
      vertex 11.560747146606445 -6.153298377990723 0
      vertex 11.544526100158691 -6.162891387939453 6.199999809265137
      vertex 11.560747146606445 -6.153298377990723 6.199999809265137
    endloop
  endfacet
  facet normal -0.5090378705197731 0.8607441236376202 0
    outer loop
      vertex 11.544526100158691 -6.162891387939453 6.199999809265137
      vertex 11.560747146606445 -6.153298377990723 0
      vertex 11.544526100158691 -6.162891387939453 0
    endloop
  endfacet
  facet normal -0.9602845769652638 0.2790224565203385 0
    outer loop
      vertex 11.68531608581543 -5.992704391479492 0
      vertex 11.690574645996094 -5.974606513977051 6.199999809265137
      vertex 11.690574645996094 -5.974606513977051 0
    endloop
  endfacet
  facet normal -0.9602845769652638 0.2790224565203385 0
    outer loop
      vertex 11.690574645996094 -5.974606513977051 6.199999809265137
      vertex 11.68531608581543 -5.992704391479492 0
      vertex 11.68531608581543 -5.992704391479492 6.199999809265137
    endloop
  endfacet
  facet normal 0.03142432711320473 -0.9995061338808694 0
    outer loop
      vertex 11.381162643432617 6.199407577514648 0
      vertex 11.399999618530273 6.199999809265137 6.199999809265137
      vertex 11.381162643432617 6.199407577514648 6.199999809265137
    endloop
  endfacet
  facet normal 0.03142432711320473 -0.9995061338808694 0
    outer loop
      vertex 11.399999618530273 6.199999809265137 6.199999809265137
      vertex 11.381162643432617 6.199407577514648 0
      vertex 11.399999618530273 6.199999809265137 0
    endloop
  endfacet
  facet normal -0.8910113062938652 -0.45398111420685777 0
    outer loop
      vertex 11.67144775390625 6.027732849121094 0
      vertex 11.662891387939453 6.044526100158691 6.199999809265137
      vertex 11.662891387939453 6.044526100158691 0
    endloop
  endfacet
  facet normal -0.8910113062938652 -0.45398111420685777 0
    outer loop
      vertex 11.662891387939453 6.044526100158691 6.199999809265137
      vertex 11.67144775390625 6.027732849121094 0
      vertex 11.67144775390625 6.027732849121094 6.199999809265137
    endloop
  endfacet
  facet normal -0.15640949256927125 -0.9876922955223569 0
    outer loop
      vertex 11.437599182128906 6.197633743286133 0
      vertex 11.45621395111084 6.194685935974121 6.199999809265137
      vertex 11.437599182128906 6.197633743286133 6.199999809265137
    endloop
  endfacet
  facet normal -0.15640949256927125 -0.9876922955223569 0
    outer loop
      vertex 11.45621395111084 6.194685935974121 6.199999809265137
      vertex 11.437599182128906 6.197633743286133 0
      vertex 11.45621395111084 6.194685935974121 0
    endloop
  endfacet
  facet normal -0.5620816287937686 0.8270817629306938 0
    outer loop
      vertex 11.576334953308105 -6.142704963684082 0
      vertex 11.560747146606445 -6.153298377990723 6.199999809265137
      vertex 11.576334953308105 -6.142704963684082 6.199999809265137
    endloop
  endfacet
  facet normal -0.5620816287937686 0.8270817629306938 0
    outer loop
      vertex 11.560747146606445 -6.153298377990723 6.199999809265137
      vertex 11.576334953308105 -6.142704963684082 0
      vertex 11.560747146606445 -6.153298377990723 0
    endloop
  endfacet
  facet normal -0.9995061338808694 -0.03142432711320473 0
    outer loop
      vertex 11.699999809265137 5.899999618530273 5.59999942779541
      vertex 11.699407577514648 5.91883659362793 0
      vertex 11.699999809265137 5.899999618530273 0
    endloop
  endfacet
  facet normal -0.9995061338808694 -0.03142432711320473 0
    outer loop
      vertex 11.699407577514648 5.91883659362793 0
      vertex 11.699999809265137 5.899999618530273 5.59999942779541
      vertex 11.699407577514648 5.91883659362793 6.199999809265137
    endloop
  endfacet
  facet normal -0.9995061338808693 -0.03142432711320473 0
    outer loop
      vertex 11.699999809265137 5.899999618530273 6
      vertex 11.699407577514648 5.91883659362793 6.199999809265137
      vertex 11.699999809265137 5.899999618530273 5.59999942779541
    endloop
  endfacet
  facet normal -0.9995061338808694 -0.03142432711320473 0
    outer loop
      vertex 11.699407577514648 5.91883659362793 6.199999809265137
      vertex 11.699999809265137 5.899999618530273 6
      vertex 11.699999809265137 5.899999618530273 6.199999809265137
    endloop
  endfacet
  facet normal 0.7501139314862981 -0.6613086191712378 0
    outer loop
      vertex 11.168845176696777 6.091226577758789 6.199999809265137
      vertex 11.18130874633789 6.105363845825195 0
      vertex 11.18130874633789 6.105363845825195 6.199999809265137
    endloop
  endfacet
  facet normal 0.7501139314862981 -0.6613086191712378 0
    outer loop
      vertex 11.18130874633789 6.105363845825195 0
      vertex 11.168845176696777 6.091226577758789 6.199999809265137
      vertex 11.168845176696777 6.091226577758789 0
    endloop
  endfacet
  facet normal -0.9177573557291627 -0.3971415818131048 0
    outer loop
      vertex 11.678932189941406 6.01043701171875 0
      vertex 11.67144775390625 6.027732849121094 6.199999809265137
      vertex 11.67144775390625 6.027732849121094 0
    endloop
  endfacet
  facet normal -0.9177573557291627 -0.3971415818131048 0
    outer loop
      vertex 11.67144775390625 6.027732849121094 6.199999809265137
      vertex 11.678932189941406 6.01043701171875 0
      vertex 11.678932189941406 6.01043701171875 6.199999809265137
    endloop
  endfacet
  facet normal 0.9955607344645038 0.09412132591765665 0
    outer loop
      vertex 11.102365493774414 -5.937599182128906 6.199999809265137
      vertex 11.100591659545898 -5.91883659362793 0
      vertex 11.100591659545898 -5.91883659362793 6.199999809265137
    endloop
  endfacet
  facet normal 0.9955607344645038 0.09412132591765665 0
    outer loop
      vertex 11.100591659545898 -5.91883659362793 0
      vertex 11.102365493774414 -5.937599182128906 6.199999809265137
      vertex 11.102365493774414 -5.937599182128906 0
    endloop
  endfacet
  facet normal 0.9408687039569372 0.33877143019208855 0
    outer loop
      vertex 11.12106704711914 -6.01043701171875 6.199999809265137
      vertex 11.1146821975708 -5.992704391479492 0
      vertex 11.1146821975708 -5.992704391479492 6.199999809265137
    endloop
  endfacet
  facet normal 0.9408687039569372 0.33877143019208855 0
    outer loop
      vertex 11.1146821975708 -5.992704391479492 0
      vertex 11.12106704711914 -6.01043701171875 6.199999809265137
      vertex 11.12106704711914 -6.01043701171875 0
    endloop
  endfacet
  facet normal -0.5620816287937686 -0.8270817629306938 0
    outer loop
      vertex 11.560747146606445 6.153298377990723 0
      vertex 11.576334953308105 6.142704963684082 6.199999809265137
      vertex 11.560747146606445 6.153298377990723 6.199999809265137
    endloop
  endfacet
  facet normal -0.5620816287937686 -0.8270817629306938 0
    outer loop
      vertex 11.576334953308105 6.142704963684082 6.199999809265137
      vertex 11.560747146606445 6.153298377990723 0
      vertex 11.576334953308105 6.142704963684082 0
    endloop
  endfacet
  facet normal 0.7501139314862981 0.6613086191712378 0
    outer loop
      vertex 11.18130874633789 -6.105363845825195 6.199999809265137
      vertex 11.168845176696777 -6.091226577758789 0
      vertex 11.168845176696777 -6.091226577758789 6.199999809265137
    endloop
  endfacet
  facet normal 0.7501139314862981 0.6613086191712378 0
    outer loop
      vertex 11.168845176696777 -6.091226577758789 0
      vertex 11.18130874633789 -6.105363845825195 6.199999809265137
      vertex 11.18130874633789 -6.105363845825195 0
    endloop
  endfacet
  facet normal 0.5090156985725441 -0.860757235581964 0
    outer loop
      vertex 11.239251136779785 6.153298377990723 0
      vertex 11.255473136901855 6.162891387939453 6.199999809265137
      vertex 11.239251136779785 6.153298377990723 6.199999809265137
    endloop
  endfacet
  facet normal 0.5090156985725441 -0.860757235581964 0
    outer loop
      vertex 11.255473136901855 6.162891387939453 6.199999809265137
      vertex 11.239251136779785 6.153298377990723 0
      vertex 11.255473136901855 6.162891387939453 0
    endloop
  endfacet
  facet normal 0.6612801458526502 0.7501390329139643 0
    outer loop
      vertex 11.208772659301758 -6.131153106689453 0
      vertex 11.194635391235352 -6.118690490722656 6.199999809265137
      vertex 11.208772659301758 -6.131153106689453 6.199999809265137
    endloop
  endfacet
  facet normal 0.6612801458526502 0.7501390329139643 0
    outer loop
      vertex 11.194635391235352 -6.118690490722656 6.199999809265137
      vertex 11.208772659301758 -6.131153106689453 0
      vertex 11.194635391235352 -6.118690490722656 0
    endloop
  endfacet
  facet normal -0.7071067811865476 0.7071067811865476 0
    outer loop
      vertex 11.605363845825195 -6.118690490722656 0
      vertex 11.618690490722656 -6.105363845825195 6.199999809265137
      vertex 11.618690490722656 -6.105363845825195 0
    endloop
  endfacet
  facet normal -0.7071067811865476 0.7071067811865476 0
    outer loop
      vertex 11.618690490722656 -6.105363845825195 6.199999809265137
      vertex 11.605363845825195 -6.118690490722656 0
      vertex 11.605363845825195 -6.118690490722656 6.199999809265137
    endloop
  endfacet
  facet normal -0.7501390329139643 -0.6612801458526502 0
    outer loop
      vertex 11.631153106689453 6.091226577758789 0
      vertex 11.618690490722656 6.105363845825195 6.199999809265137
      vertex 11.618690490722656 6.105363845825195 0
    endloop
  endfacet
  facet normal -0.7501390329139643 -0.6612801458526502 0
    outer loop
      vertex 11.618690490722656 6.105363845825195 6.199999809265137
      vertex 11.631153106689453 6.091226577758789 0
      vertex 11.631153106689453 6.091226577758789 6.199999809265137
    endloop
  endfacet
  facet normal -0.21814653069828524 0.9759160266868775 0
    outer loop
      vertex 11.47460651397705 -6.190574645996094 0
      vertex 11.45621395111084 -6.194685935974121 6.199999809265137
      vertex 11.47460651397705 -6.190574645996094 6.199999809265137
    endloop
  endfacet
  facet normal -0.21814653069828524 0.9759160266868775 0
    outer loop
      vertex 11.45621395111084 -6.194685935974121 6.199999809265137
      vertex 11.47460651397705 -6.190574645996094 0
      vertex 11.45621395111084 -6.194685935974121 0
    endloop
  endfacet
  facet normal -0.6129312038125971 -0.7901362790005535 0
    outer loop
      vertex 11.576334953308105 6.142704963684082 0
      vertex 11.591226577758789 6.131153106689453 6.199999809265137
      vertex 11.576334953308105 6.142704963684082 6.199999809265137
    endloop
  endfacet
  facet normal -0.6129312038125971 -0.7901362790005535 0
    outer loop
      vertex 11.591226577758789 6.131153106689453 6.199999809265137
      vertex 11.576334953308105 6.142704963684082 0
      vertex 11.591226577758789 6.131153106689453 0
    endloop
  endfacet
  facet normal -0.6612801458526502 -0.7501390329139643 0
    outer loop
      vertex 11.591226577758789 6.131153106689453 0
      vertex 11.605363845825195 6.118690490722656 6.199999809265137
      vertex 11.591226577758789 6.131153106689453 6.199999809265137
    endloop
  endfacet
  facet normal -0.6612801458526502 -0.7501390329139643 0
    outer loop
      vertex 11.605363845825195 6.118690490722656 6.199999809265137
      vertex 11.591226577758789 6.131153106689453 0
      vertex 11.605363845825195 6.118690490722656 0
    endloop
  endfacet
  facet normal 0.5621051535609614 -0.8270657750990595 0
    outer loop
      vertex 11.223664283752441 6.142704963684082 0
      vertex 11.239251136779785 6.153298377990723 6.199999809265137
      vertex 11.223664283752441 6.142704963684082 6.199999809265137
    endloop
  endfacet
  facet normal 0.5621051535609614 -0.8270657750990595 0
    outer loop
      vertex 11.239251136779785 6.153298377990723 6.199999809265137
      vertex 11.223664283752441 6.142704963684082 0
      vertex 11.239251136779785 6.153298377990723 0
    endloop
  endfacet
  facet normal 0 0 -1
    outer loop
      vertex 11.09999942779541 -5.899999618530273 6.199999809265137
      vertex 11.699999809265137 -5.899999618530273 6.199999809265137
      vertex 11.699407577514648 -5.91883659362793 6.199999809265137
    endloop
  endfacet
  facet normal 0 0 -1
    outer loop
      vertex 11.699999809265137 -5.899999618530273 6.199999809265137
      vertex 11.09999942779541 -5.899999618530273 6.199999809265137
      vertex 11.699999809265137 5.899999618530273 6.199999809265137
    endloop
  endfacet
  facet normal 0 0 -1
    outer loop
      vertex 11.09999942779541 -5.899999618530273 6.199999809265137
      vertex 11.699407577514648 -5.91883659362793 6.199999809265137
      vertex 11.697633743286133 -5.937599182128906 6.199999809265137
    endloop
  endfacet
  facet normal 0 0 -1
    outer loop
      vertex 11.09999942779541 5.899999618530273 6.199999809265137
      vertex 11.699999809265137 5.899999618530273 6.199999809265137
      vertex 11.09999942779541 -5.899999618530273 6.199999809265137
    endloop
  endfacet
  facet normal 0 0 -1
    outer loop
      vertex 11.09999942779541 -5.899999618530273 6.199999809265137
      vertex 11.697633743286133 -5.937599182128906 6.199999809265137
      vertex 11.694685935974121 -5.95621395111084 6.199999809265137
    endloop
  endfacet
  facet normal 0 0 -1
    outer loop
      vertex 11.699999809265137 5.899999618530273 6.199999809265137
      vertex 11.09999942779541 5.899999618530273 6.199999809265137
      vertex 11.699407577514648 5.91883659362793 6.199999809265137
    endloop
  endfacet
  facet normal 0 0 -1
    outer loop
      vertex 11.09999942779541 -5.899999618530273 6.199999809265137
      vertex 11.694685935974121 -5.95621395111084 6.199999809265137
      vertex 11.690574645996094 -5.974606513977051 6.199999809265137
    endloop
  endfacet
  facet normal 0 0 -1
    outer loop
      vertex 11.699407577514648 5.91883659362793 6.199999809265137
      vertex 11.09999942779541 5.899999618530273 6.199999809265137
      vertex 11.697633743286133 5.937599182128906 6.199999809265137
    endloop
  endfacet
  facet normal 0 0 -1
    outer loop
      vertex 11.09999942779541 -5.899999618530273 6.199999809265137
      vertex 11.690574645996094 -5.974606513977051 6.199999809265137
      vertex 11.68531608581543 -5.992704391479492 6.199999809265137
    endloop
  endfacet
  facet normal 0 0 -1
    outer loop
      vertex 11.697633743286133 5.937599182128906 6.199999809265137
      vertex 11.09999942779541 5.899999618530273 6.199999809265137
      vertex 11.694685935974121 5.95621395111084 6.199999809265137
    endloop
  endfacet
  facet normal 0 0 -1
    outer loop
      vertex 11.09999942779541 -5.899999618530273 6.199999809265137
      vertex 11.68531608581543 -5.992704391479492 6.199999809265137
      vertex 11.678932189941406 -6.01043701171875 6.199999809265137
    endloop
  endfacet
  facet normal 0 0 -1
    outer loop
      vertex 11.694685935974121 5.95621395111084 6.199999809265137
      vertex 11.09999942779541 5.899999618530273 6.199999809265137
      vertex 11.690574645996094 5.974606513977051 6.199999809265137
    endloop
  endfacet
  facet normal 0 0 -1
    outer loop
      vertex 11.09999942779541 -5.899999618530273 6.199999809265137
      vertex 11.678932189941406 -6.01043701171875 6.199999809265137
      vertex 11.67144775390625 -6.027732849121094 6.199999809265137
    endloop
  endfacet
  facet normal 0 0 -1
    outer loop
      vertex 11.690574645996094 5.974606513977051 6.199999809265137
      vertex 11.09999942779541 5.899999618530273 6.199999809265137
      vertex 11.68531608581543 5.992704391479492 6.199999809265137
    endloop
  endfacet
  facet normal 0 0 -1
    outer loop
      vertex 11.09999942779541 -5.899999618530273 6.199999809265137
      vertex 11.67144775390625 -6.027732849121094 6.199999809265137
      vertex 11.662891387939453 -6.044526100158691 6.199999809265137
    endloop
  endfacet
  facet normal 0 0 -1
    outer loop
      vertex 11.68531608581543 5.992704391479492 6.199999809265137
      vertex 11.09999942779541 5.899999618530273 6.199999809265137
      vertex 11.678932189941406 6.01043701171875 6.199999809265137
    endloop
  endfacet
  facet normal 0 0 -1
    outer loop
      vertex 11.09999942779541 -5.899999618530273 6.199999809265137
      vertex 11.662891387939453 -6.044526100158691 6.199999809265137
      vertex 11.653298377990723 -6.060747146606445 6.199999809265137
    endloop
  endfacet
  facet normal 0 0 -1
    outer loop
      vertex 11.678932189941406 6.01043701171875 6.199999809265137
      vertex 11.09999942779541 5.899999618530273 6.199999809265137
      vertex 11.67144775390625 6.027732849121094 6.199999809265137
    endloop
  endfacet
  facet normal 0 0 -1
    outer loop
      vertex 11.09999942779541 -5.899999618530273 6.199999809265137
      vertex 11.653298377990723 -6.060747146606445 6.199999809265137
      vertex 11.642704963684082 -6.0763349533081055 6.199999809265137
    endloop
  endfacet
  facet normal 0 0 -1
    outer loop
      vertex 11.67144775390625 6.027732849121094 6.199999809265137
      vertex 11.09999942779541 5.899999618530273 6.199999809265137
      vertex 11.662891387939453 6.044526100158691 6.199999809265137
    endloop
  endfacet
  facet normal 0 0 -1
    outer loop
      vertex 11.09999942779541 -5.899999618530273 6.199999809265137
      vertex 11.642704963684082 -6.0763349533081055 6.199999809265137
      vertex 11.631153106689453 -6.091226577758789 6.199999809265137
    endloop
  endfacet
  facet normal 0 0 -1
    outer loop
      vertex 11.662891387939453 6.044526100158691 6.199999809265137
      vertex 11.09999942779541 5.899999618530273 6.199999809265137
      vertex 11.653298377990723 6.060747146606445 6.199999809265137
    endloop
  endfacet
  facet normal 0 0 -1
    outer loop
      vertex 11.09999942779541 -5.899999618530273 6.199999809265137
      vertex 11.631153106689453 -6.091226577758789 6.199999809265137
      vertex 11.618690490722656 -6.105363845825195 6.199999809265137
    endloop
  endfacet
  facet normal 0 0 -1
    outer loop
      vertex 11.653298377990723 6.060747146606445 6.199999809265137
      vertex 11.09999942779541 5.899999618530273 6.199999809265137
      vertex 11.642704963684082 6.0763349533081055 6.199999809265137
    endloop
  endfacet
  facet normal 0 0 -1
    outer loop
      vertex 11.09999942779541 -5.899999618530273 6.199999809265137
      vertex 11.618690490722656 -6.105363845825195 6.199999809265137
      vertex 11.605363845825195 -6.118690490722656 6.199999809265137
    endloop
  endfacet
  facet normal 0 0 -1
    outer loop
      vertex 11.642704963684082 6.0763349533081055 6.199999809265137
      vertex 11.09999942779541 5.899999618530273 6.199999809265137
      vertex 11.631153106689453 6.091226577758789 6.199999809265137
    endloop
  endfacet
  facet normal 0 0 -1
    outer loop
      vertex 11.09999942779541 -5.899999618530273 6.199999809265137
      vertex 11.605363845825195 -6.118690490722656 6.199999809265137
      vertex 11.591226577758789 -6.131153106689453 6.199999809265137
    endloop
  endfacet
  facet normal 0 0 -1
    outer loop
      vertex 11.631153106689453 6.091226577758789 6.199999809265137
      vertex 11.09999942779541 5.899999618530273 6.199999809265137
      vertex 11.618690490722656 6.105363845825195 6.199999809265137
    endloop
  endfacet
  facet normal 0 0 -1
    outer loop
      vertex 11.09999942779541 -5.899999618530273 6.199999809265137
      vertex 11.591226577758789 -6.131153106689453 6.199999809265137
      vertex 11.576334953308105 -6.142704963684082 6.199999809265137
    endloop
  endfacet
  facet normal 0 0 -1
    outer loop
      vertex 11.618690490722656 6.105363845825195 6.199999809265137
      vertex 11.09999942779541 5.899999618530273 6.199999809265137
      vertex 11.605363845825195 6.118690490722656 6.199999809265137
    endloop
  endfacet
  facet normal 0 0 -1
    outer loop
      vertex 11.09999942779541 -5.899999618530273 6.199999809265137
      vertex 11.576334953308105 -6.142704963684082 6.199999809265137
      vertex 11.560747146606445 -6.153298377990723 6.199999809265137
    endloop
  endfacet
  facet normal 0 0 -1
    outer loop
      vertex 11.605363845825195 6.118690490722656 6.199999809265137
      vertex 11.09999942779541 5.899999618530273 6.199999809265137
      vertex 11.591226577758789 6.131153106689453 6.199999809265137
    endloop
  endfacet
  facet normal 0 0 -1
    outer loop
      vertex 11.09999942779541 -5.899999618530273 6.199999809265137
      vertex 11.560747146606445 -6.153298377990723 6.199999809265137
      vertex 11.544526100158691 -6.162891387939453 6.199999809265137
    endloop
  endfacet
  facet normal 0 0 -1
    outer loop
      vertex 11.591226577758789 6.131153106689453 6.199999809265137
      vertex 11.09999942779541 5.899999618530273 6.199999809265137
      vertex 11.576334953308105 6.142704963684082 6.199999809265137
    endloop
  endfacet
  facet normal 0 0 -1
    outer loop
      vertex 11.09999942779541 -5.899999618530273 6.199999809265137
      vertex 11.544526100158691 -6.162891387939453 6.199999809265137
      vertex 11.527732849121094 -6.17144775390625 6.199999809265137
    endloop
  endfacet
  facet normal 0 0 -1
    outer loop
      vertex 11.576334953308105 6.142704963684082 6.199999809265137
      vertex 11.09999942779541 5.899999618530273 6.199999809265137
      vertex 11.560747146606445 6.153298377990723 6.199999809265137
    endloop
  endfacet
  facet normal 0 0 -1
    outer loop
      vertex 11.09999942779541 -5.899999618530273 6.199999809265137
      vertex 11.527732849121094 -6.17144775390625 6.199999809265137
      vertex 11.51043701171875 -6.178932189941406 6.199999809265137
    endloop
  endfacet
  facet normal 0 0 -1
    outer loop
      vertex 11.560747146606445 6.153298377990723 6.199999809265137
      vertex 11.09999942779541 5.899999618530273 6.199999809265137
      vertex 11.544526100158691 6.162891387939453 6.199999809265137
    endloop
  endfacet
  facet normal 0 0 -1
    outer loop
      vertex 11.09999942779541 -5.899999618530273 6.199999809265137
      vertex 11.51043701171875 -6.178932189941406 6.199999809265137
      vertex 11.492704391479492 -6.18531608581543 6.199999809265137
    endloop
  endfacet
  facet normal 0 0 -1
    outer loop
      vertex 11.544526100158691 6.162891387939453 6.199999809265137
      vertex 11.09999942779541 5.899999618530273 6.199999809265137
      vertex 11.527732849121094 6.17144775390625 6.199999809265137
    endloop
  endfacet
  facet normal 0 0 -1
    outer loop
      vertex 11.09999942779541 -5.899999618530273 6.199999809265137
      vertex 11.492704391479492 -6.18531608581543 6.199999809265137
      vertex 11.47460651397705 -6.190574645996094 6.199999809265137
    endloop
  endfacet
  facet normal 0 0 -1
    outer loop
      vertex 11.527732849121094 6.17144775390625 6.199999809265137
      vertex 11.09999942779541 5.899999618530273 6.199999809265137
      vertex 11.51043701171875 6.178932189941406 6.199999809265137
    endloop
  endfacet
  facet normal 0 0 -1
    outer loop
      vertex 11.09999942779541 -5.899999618530273 6.199999809265137
      vertex 11.47460651397705 -6.190574645996094 6.199999809265137
      vertex 11.45621395111084 -6.194685935974121 6.199999809265137
    endloop
  endfacet
  facet normal 0 0 -1
    outer loop
      vertex 11.51043701171875 6.178932189941406 6.199999809265137
      vertex 11.09999942779541 5.899999618530273 6.199999809265137
      vertex 11.492704391479492 6.18531608581543 6.199999809265137
    endloop
  endfacet
  facet normal 0 0 -1
    outer loop
      vertex 11.09999942779541 -5.899999618530273 6.199999809265137
      vertex 11.45621395111084 -6.194685935974121 6.199999809265137
      vertex 11.437599182128906 -6.197633743286133 6.199999809265137
    endloop
  endfacet
  facet normal 0 0 -1
    outer loop
      vertex 11.492704391479492 6.18531608581543 6.199999809265137
      vertex 11.09999942779541 5.899999618530273 6.199999809265137
      vertex 11.47460651397705 6.190574645996094 6.199999809265137
    endloop
  endfacet
  facet normal 0 0 -1
    outer loop
      vertex 11.09999942779541 -5.899999618530273 6.199999809265137
      vertex 11.437599182128906 -6.197633743286133 6.199999809265137
      vertex 11.41883659362793 -6.199407577514648 6.199999809265137
    endloop
  endfacet
  facet normal 0 0 -1
    outer loop
      vertex 11.47460651397705 6.190574645996094 6.199999809265137
      vertex 11.09999942779541 5.899999618530273 6.199999809265137
      vertex 11.45621395111084 6.194685935974121 6.199999809265137
    endloop
  endfacet
  facet normal 0 0 -1
    outer loop
      vertex 11.09999942779541 -5.899999618530273 6.199999809265137
      vertex 11.41883659362793 -6.199407577514648 6.199999809265137
      vertex 11.399999618530273 -6.199999809265137 6.199999809265137
    endloop
  endfacet
  facet normal 0 0 -1
    outer loop
      vertex 11.45621395111084 6.194685935974121 6.199999809265137
      vertex 11.09999942779541 5.899999618530273 6.199999809265137
      vertex 11.437599182128906 6.197633743286133 6.199999809265137
    endloop
  endfacet
  facet normal 0 0 -1
    outer loop
      vertex 11.09999942779541 -5.899999618530273 6.199999809265137
      vertex 11.399999618530273 -6.199999809265137 6.199999809265137
      vertex 11.381162643432617 -6.199407577514648 6.199999809265137
    endloop
  endfacet
  facet normal 0 0 -1
    outer loop
      vertex 11.437599182128906 6.197633743286133 6.199999809265137
      vertex 11.09999942779541 5.899999618530273 6.199999809265137
      vertex 11.41883659362793 6.199407577514648 6.199999809265137
    endloop
  endfacet
  facet normal 0 0 -1
    outer loop
      vertex 11.09999942779541 -5.899999618530273 6.199999809265137
      vertex 11.381162643432617 -6.199407577514648 6.199999809265137
      vertex 11.362399101257324 -6.197633743286133 6.199999809265137
    endloop
  endfacet
  facet normal 0 0 -1
    outer loop
      vertex 11.41883659362793 6.199407577514648 6.199999809265137
      vertex 11.09999942779541 5.899999618530273 6.199999809265137
      vertex 11.399999618530273 6.199999809265137 6.199999809265137
    endloop
  endfacet
  facet normal 0 0 -1
    outer loop
      vertex 11.09999942779541 -5.899999618530273 6.199999809265137
      vertex 11.362399101257324 -6.197633743286133 6.199999809265137
      vertex 11.343785285949707 -6.194685935974121 6.199999809265137
    endloop
  endfacet
  facet normal 0 0 -1
    outer loop
      vertex 11.399999618530273 6.199999809265137 6.199999809265137
      vertex 11.09999942779541 5.899999618530273 6.199999809265137
      vertex 11.381162643432617 6.199407577514648 6.199999809265137
    endloop
  endfacet
  facet normal 0 0 -1
    outer loop
      vertex 11.09999942779541 -5.899999618530273 6.199999809265137
      vertex 11.343785285949707 -6.194685935974121 6.199999809265137
      vertex 11.325392723083496 -6.190574645996094 6.199999809265137
    endloop
  endfacet
  facet normal 0 0 -1
    outer loop
      vertex 11.381162643432617 6.199407577514648 6.199999809265137
      vertex 11.09999942779541 5.899999618530273 6.199999809265137
      vertex 11.362399101257324 6.197633743286133 6.199999809265137
    endloop
  endfacet
  facet normal 0 0 -1
    outer loop
      vertex 11.09999942779541 -5.899999618530273 6.199999809265137
      vertex 11.325392723083496 -6.190574645996094 6.199999809265137
      vertex 11.307294845581055 -6.18531608581543 6.199999809265137
    endloop
  endfacet
  facet normal 0 0 -1
    outer loop
      vertex 11.362399101257324 6.197633743286133 6.199999809265137
      vertex 11.09999942779541 5.899999618530273 6.199999809265137
      vertex 11.343785285949707 6.194685935974121 6.199999809265137
    endloop
  endfacet
  facet normal 0 0 -1
    outer loop
      vertex 11.09999942779541 -5.899999618530273 6.199999809265137
      vertex 11.307294845581055 -6.18531608581543 6.199999809265137
      vertex 11.289562225341797 -6.178932189941406 6.199999809265137
    endloop
  endfacet
  facet normal 0 0 -1
    outer loop
      vertex 11.343785285949707 6.194685935974121 6.199999809265137
      vertex 11.09999942779541 5.899999618530273 6.199999809265137
      vertex 11.325392723083496 6.190574645996094 6.199999809265137
    endloop
  endfacet
  facet normal 0 0 -1
    outer loop
      vertex 11.09999942779541 -5.899999618530273 6.199999809265137
      vertex 11.289562225341797 -6.178932189941406 6.199999809265137
      vertex 11.272265434265137 -6.17144775390625 6.199999809265137
    endloop
  endfacet
  facet normal 0 0 -1
    outer loop
      vertex 11.325392723083496 6.190574645996094 6.199999809265137
      vertex 11.09999942779541 5.899999618530273 6.199999809265137
      vertex 11.307294845581055 6.18531608581543 6.199999809265137
    endloop
  endfacet
  facet normal 0 0 -1
    outer loop
      vertex 11.09999942779541 -5.899999618530273 6.199999809265137
      vertex 11.272265434265137 -6.17144775390625 6.199999809265137
      vertex 11.255473136901855 -6.162891387939453 6.199999809265137
    endloop
  endfacet
  facet normal 0 0 -1
    outer loop
      vertex 11.307294845581055 6.18531608581543 6.199999809265137
      vertex 11.09999942779541 5.899999618530273 6.199999809265137
      vertex 11.289562225341797 6.178932189941406 6.199999809265137
    endloop
  endfacet
  facet normal 0 0 -1
    outer loop
      vertex 11.09999942779541 -5.899999618530273 6.199999809265137
      vertex 11.255473136901855 -6.162891387939453 6.199999809265137
      vertex 11.239251136779785 -6.153298377990723 6.199999809265137
    endloop
  endfacet
  facet normal 0 0 -1
    outer loop
      vertex 11.289562225341797 6.178932189941406 6.199999809265137
      vertex 11.09999942779541 5.899999618530273 6.199999809265137
      vertex 11.272265434265137 6.17144775390625 6.199999809265137
    endloop
  endfacet
  facet normal 0 0 -1
    outer loop
      vertex 11.09999942779541 -5.899999618530273 6.199999809265137
      vertex 11.239251136779785 -6.153298377990723 6.199999809265137
      vertex 11.223664283752441 -6.142704963684082 6.199999809265137
    endloop
  endfacet
  facet normal 0 0 -1
    outer loop
      vertex 11.272265434265137 6.17144775390625 6.199999809265137
      vertex 11.09999942779541 5.899999618530273 6.199999809265137
      vertex 11.255473136901855 6.162891387939453 6.199999809265137
    endloop
  endfacet
  facet normal 0 0 -1
    outer loop
      vertex 11.09999942779541 -5.899999618530273 6.199999809265137
      vertex 11.223664283752441 -6.142704963684082 6.199999809265137
      vertex 11.208772659301758 -6.131153106689453 6.199999809265137
    endloop
  endfacet
  facet normal 0 0 -1
    outer loop
      vertex 11.255473136901855 6.162891387939453 6.199999809265137
      vertex 11.09999942779541 5.899999618530273 6.199999809265137
      vertex 11.239251136779785 6.153298377990723 6.199999809265137
    endloop
  endfacet
  facet normal 0 0 -1
    outer loop
      vertex 11.09999942779541 -5.899999618530273 6.199999809265137
      vertex 11.208772659301758 -6.131153106689453 6.199999809265137
      vertex 11.194635391235352 -6.118690490722656 6.199999809265137
    endloop
  endfacet
  facet normal 0 0 -1
    outer loop
      vertex 11.239251136779785 6.153298377990723 6.199999809265137
      vertex 11.09999942779541 5.899999618530273 6.199999809265137
      vertex 11.223664283752441 6.142704963684082 6.199999809265137
    endloop
  endfacet
  facet normal 0 0 -1
    outer loop
      vertex 11.09999942779541 -5.899999618530273 6.199999809265137
      vertex 11.194635391235352 -6.118690490722656 6.199999809265137
      vertex 11.18130874633789 -6.105363845825195 6.199999809265137
    endloop
  endfacet
  facet normal 0 0 -1
    outer loop
      vertex 11.223664283752441 6.142704963684082 6.199999809265137
      vertex 11.09999942779541 5.899999618530273 6.199999809265137
      vertex 11.208772659301758 6.131153106689453 6.199999809265137
    endloop
  endfacet
  facet normal 0 0 -1
    outer loop
      vertex 11.09999942779541 -5.899999618530273 6.199999809265137
      vertex 11.18130874633789 -6.105363845825195 6.199999809265137
      vertex 11.168845176696777 -6.091226577758789 6.199999809265137
    endloop
  endfacet
  facet normal 0 0 -1
    outer loop
      vertex 11.208772659301758 6.131153106689453 6.199999809265137
      vertex 11.09999942779541 5.899999618530273 6.199999809265137
      vertex 11.194635391235352 6.118690490722656 6.199999809265137
    endloop
  endfacet
  facet normal 0 0 -1
    outer loop
      vertex 11.09999942779541 -5.899999618530273 6.199999809265137
      vertex 11.168845176696777 -6.091226577758789 6.199999809265137
      vertex 11.157294273376465 -6.0763349533081055 6.199999809265137
    endloop
  endfacet
  facet normal 0 0 -1
    outer loop
      vertex 11.194635391235352 6.118690490722656 6.199999809265137
      vertex 11.09999942779541 5.899999618530273 6.199999809265137
      vertex 11.18130874633789 6.105363845825195 6.199999809265137
    endloop
  endfacet
  facet normal 0 0 -1
    outer loop
      vertex 11.09999942779541 -5.899999618530273 6.199999809265137
      vertex 11.157294273376465 -6.0763349533081055 6.199999809265137
      vertex 11.146700859069824 -6.060747146606445 6.199999809265137
    endloop
  endfacet
  facet normal 0 0 -1
    outer loop
      vertex 11.18130874633789 6.105363845825195 6.199999809265137
      vertex 11.09999942779541 5.899999618530273 6.199999809265137
      vertex 11.168845176696777 6.091226577758789 6.199999809265137
    endloop
  endfacet
  facet normal 0 0 -1
    outer loop
      vertex 11.09999942779541 -5.899999618530273 6.199999809265137
      vertex 11.146700859069824 -6.060747146606445 6.199999809265137
      vertex 11.137107849121094 -6.044526100158691 6.199999809265137
    endloop
  endfacet
  facet normal 0 0 -1
    outer loop
      vertex 11.168845176696777 6.091226577758789 6.199999809265137
      vertex 11.09999942779541 5.899999618530273 6.199999809265137
      vertex 11.157294273376465 6.0763349533081055 6.199999809265137
    endloop
  endfacet
  facet normal 0 0 -1
    outer loop
      vertex 11.09999942779541 -5.899999618530273 6.199999809265137
      vertex 11.137107849121094 -6.044526100158691 6.199999809265137
      vertex 11.128551483154297 -6.027732849121094 6.199999809265137
    endloop
  endfacet
  facet normal 0 0 -1
    outer loop
      vertex 11.157294273376465 6.0763349533081055 6.199999809265137
      vertex 11.09999942779541 5.899999618530273 6.199999809265137
      vertex 11.146700859069824 6.060747146606445 6.199999809265137
    endloop
  endfacet
  facet normal 0 0 -1
    outer loop
      vertex 11.09999942779541 -5.899999618530273 6.199999809265137
      vertex 11.128551483154297 -6.027732849121094 6.199999809265137
      vertex 11.12106704711914 -6.01043701171875 6.199999809265137
    endloop
  endfacet
  facet normal 0 0 -1
    outer loop
      vertex 11.146700859069824 6.060747146606445 6.199999809265137
      vertex 11.09999942779541 5.899999618530273 6.199999809265137
      vertex 11.137107849121094 6.044526100158691 6.199999809265137
    endloop
  endfacet
  facet normal 0 0 -1
    outer loop
      vertex 11.09999942779541 -5.899999618530273 6.199999809265137
      vertex 11.12106704711914 -6.01043701171875 6.199999809265137
      vertex 11.1146821975708 -5.992704391479492 6.199999809265137
    endloop
  endfacet
  facet normal 0 0 -1
    outer loop
      vertex 11.137107849121094 6.044526100158691 6.199999809265137
      vertex 11.09999942779541 5.899999618530273 6.199999809265137
      vertex 11.128551483154297 6.027732849121094 6.199999809265137
    endloop
  endfacet
  facet normal 0 0 -1
    outer loop
      vertex 11.09999942779541 -5.899999618530273 6.199999809265137
      vertex 11.1146821975708 -5.992704391479492 6.199999809265137
      vertex 11.109424591064453 -5.974606513977051 6.199999809265137
    endloop
  endfacet
  facet normal 0 0 -1
    outer loop
      vertex 11.128551483154297 6.027732849121094 6.199999809265137
      vertex 11.09999942779541 5.899999618530273 6.199999809265137
      vertex 11.12106704711914 6.01043701171875 6.199999809265137
    endloop
  endfacet
  facet normal 0 0 -1
    outer loop
      vertex 11.09999942779541 -5.899999618530273 6.199999809265137
      vertex 11.109424591064453 -5.974606513977051 6.199999809265137
      vertex 11.105313301086426 -5.95621395111084 6.199999809265137
    endloop
  endfacet
  facet normal 0 0 -1
    outer loop
      vertex 11.12106704711914 6.01043701171875 6.199999809265137
      vertex 11.09999942779541 5.899999618530273 6.199999809265137
      vertex 11.1146821975708 5.992704391479492 6.199999809265137
    endloop
  endfacet
  facet normal 0 0 -1
    outer loop
      vertex 11.09999942779541 -5.899999618530273 6.199999809265137
      vertex 11.105313301086426 -5.95621395111084 6.199999809265137
      vertex 11.102365493774414 -5.937599182128906 6.199999809265137
    endloop
  endfacet
  facet normal 0 0 -1
    outer loop
      vertex 11.1146821975708 5.992704391479492 6.199999809265137
      vertex 11.09999942779541 5.899999618530273 6.199999809265137
      vertex 11.109424591064453 5.974606513977051 6.199999809265137
    endloop
  endfacet
  facet normal 0 0 -1
    outer loop
      vertex 11.09999942779541 -5.899999618530273 6.199999809265137
      vertex 11.102365493774414 -5.937599182128906 6.199999809265137
      vertex 11.100591659545898 -5.91883659362793 6.199999809265137
    endloop
  endfacet
  facet normal 0 0 -1
    outer loop
      vertex 11.109424591064453 5.974606513977051 6.199999809265137
      vertex 11.09999942779541 5.899999618530273 6.199999809265137
      vertex 11.105313301086426 5.95621395111084 6.199999809265137
    endloop
  endfacet
  facet normal 0 0 -1
    outer loop
      vertex 11.105313301086426 5.95621395111084 6.199999809265137
      vertex 11.09999942779541 5.899999618530273 6.199999809265137
      vertex 11.102365493774414 5.937599182128906 6.199999809265137
    endloop
  endfacet
  facet normal 0 0 -1
    outer loop
      vertex 11.102365493774414 5.937599182128906 6.199999809265137
      vertex 11.09999942779541 5.899999618530273 6.199999809265137
      vertex 11.100591659545898 5.91883659362793 6.199999809265137
    endloop
  endfacet
  facet normal 0.7071067811865476 -0.7071067811865476 0
    outer loop
      vertex 11.18130874633789 6.105363845825195 6.199999809265137
      vertex 11.194635391235352 6.118690490722656 0
      vertex 11.194635391235352 6.118690490722656 6.199999809265137
    endloop
  endfacet
  facet normal 0.7071067811865476 -0.7071067811865476 0
    outer loop
      vertex 11.194635391235352 6.118690490722656 0
      vertex 11.18130874633789 6.105363845825195 6.199999809265137
      vertex 11.18130874633789 6.105363845825195 0
    endloop
  endfacet
  facet normal -0.9955607344645038 0.09412132591765665 0
    outer loop
      vertex 11.697633743286133 -5.937599182128906 0
      vertex 11.699407577514648 -5.91883659362793 6.199999809265137
      vertex 11.699407577514648 -5.91883659362793 0
    endloop
  endfacet
  facet normal -0.9955607344645038 0.09412132591765665 0
    outer loop
      vertex 11.699407577514648 -5.91883659362793 6.199999809265137
      vertex 11.697633743286133 -5.937599182128906 0
      vertex 11.697633743286133 -5.937599182128906 6.199999809265137
    endloop
  endfacet
  facet normal 0.8910113062938652 0.45398111420685777 0
    outer loop
      vertex 11.137107849121094 -6.044526100158691 6.199999809265137
      vertex 11.128551483154297 -6.027732849121094 0
      vertex 11.128551483154297 -6.027732849121094 6.199999809265137
    endloop
  endfacet
  facet normal 0.8910113062938652 0.45398111420685777 0
    outer loop
      vertex 11.128551483154297 -6.027732849121094 0
      vertex 11.137107849121094 -6.044526100158691 6.199999809265137
      vertex 11.137107849121094 -6.044526100158691 0
    endloop
  endfacet
  facet normal -0.3971415818131048 -0.9177573557291627 0
    outer loop
      vertex 11.51043701171875 6.178932189941406 0
      vertex 11.527732849121094 6.17144775390625 6.199999809265137
      vertex 11.51043701171875 6.178932189941406 6.199999809265137
    endloop
  endfacet
  facet normal -0.3971415818131048 -0.9177573557291627 0
    outer loop
      vertex 11.527732849121094 6.17144775390625 6.199999809265137
      vertex 11.51043701171875 6.178932189941406 0
      vertex 11.527732849121094 6.17144775390625 0
    endloop
  endfacet
  facet normal 0.1564173101128164 0.9876910575159983 0
    outer loop
      vertex 11.362399101257324 -6.197633743286133 0
      vertex 11.343785285949707 -6.194685935974121 6.199999809265137
      vertex 11.362399101257324 -6.197633743286133 6.199999809265137
    endloop
  endfacet
  facet normal 0.1564173101128164 0.9876910575159983 0
    outer loop
      vertex 11.343785285949707 -6.194685935974121 6.199999809265137
      vertex 11.362399101257324 -6.197633743286133 0
      vertex 11.343785285949707 -6.194685935974121 0
    endloop
  endfacet
  facet normal 0.2790224565203385 0.9602845769652638 0
    outer loop
      vertex 11.325392723083496 -6.190574645996094 0
      vertex 11.307294845581055 -6.18531608581543 6.199999809265137
      vertex 11.325392723083496 -6.190574645996094 6.199999809265137
    endloop
  endfacet
  facet normal 0.2790224565203385 0.9602845769652638 0
    outer loop
      vertex 11.307294845581055 -6.18531608581543 6.199999809265137
      vertex 11.325392723083496 -6.190574645996094 0
      vertex 11.307294845581055 -6.18531608581543 0
    endloop
  endfacet
  facet normal -0.8910113062938652 0.45398111420685777 0
    outer loop
      vertex 11.662891387939453 -6.044526100158691 0
      vertex 11.67144775390625 -6.027732849121094 6.199999809265137
      vertex 11.67144775390625 -6.027732849121094 0
    endloop
  endfacet
  facet normal -0.8910113062938652 0.45398111420685777 0
    outer loop
      vertex 11.67144775390625 -6.027732849121094 6.199999809265137
      vertex 11.662891387939453 -6.044526100158691 0
      vertex 11.662891387939453 -6.044526100158691 6.199999809265137
    endloop
  endfacet
  facet normal -0.9759160266868775 0.21814653069828524 0
    outer loop
      vertex 11.690574645996094 -5.974606513977051 0
      vertex 11.694685935974121 -5.95621395111084 6.199999809265137
      vertex 11.694685935974121 -5.95621395111084 0
    endloop
  endfacet
  facet normal -0.9759160266868775 0.21814653069828524 0
    outer loop
      vertex 11.694685935974121 -5.95621395111084 6.199999809265137
      vertex 11.690574645996094 -5.974606513977051 0
      vertex 11.690574645996094 -5.974606513977051 6.199999809265137
    endloop
  endfacet
  facet normal -0.7071067811865476 -0.7071067811865476 0
    outer loop
      vertex 11.618690490722656 6.105363845825195 0
      vertex 11.605363845825195 6.118690490722656 6.199999809265137
      vertex 11.605363845825195 6.118690490722656 0
    endloop
  endfacet
  facet normal -0.7071067811865476 -0.7071067811865476 0
    outer loop
      vertex 11.605363845825195 6.118690490722656 6.199999809265137
      vertex 11.618690490722656 6.105363845825195 0
      vertex 11.618690490722656 6.105363845825195 6.199999809265137
    endloop
  endfacet
  facet normal 0.09411658449022786 0.9955611827124909 0
    outer loop
      vertex 11.381162643432617 -6.199407577514648 0
      vertex 11.362399101257324 -6.197633743286133 6.199999809265137
      vertex 11.381162643432617 -6.199407577514648 6.199999809265137
    endloop
  endfacet
  facet normal 0.09411658449022786 0.9955611827124909 0
    outer loop
      vertex 11.362399101257324 -6.197633743286133 6.199999809265137
      vertex 11.381162643432617 -6.199407577514648 0
      vertex 11.362399101257324 -6.197633743286133 0
    endloop
  endfacet
  facet normal -0.7901362790005535 0.6129312038125971 0
    outer loop
      vertex 11.631153106689453 -6.091226577758789 0
      vertex 11.642704963684082 -6.0763349533081055 6.199999809265137
      vertex 11.642704963684082 -6.0763349533081055 0
    endloop
  endfacet
  facet normal -0.7901362790005535 0.6129312038125971 0
    outer loop
      vertex 11.642704963684082 -6.0763349533081055 6.199999809265137
      vertex 11.631153106689453 -6.091226577758789 0
      vertex 11.631153106689453 -6.091226577758789 6.199999809265137
    endloop
  endfacet
  facet normal -0.7501390329139643 0.6612801458526502 0
    outer loop
      vertex 11.618690490722656 -6.105363845825195 0
      vertex 11.631153106689453 -6.091226577758789 6.199999809265137
      vertex 11.631153106689453 -6.091226577758789 0
    endloop
  endfacet
  facet normal -0.7501390329139643 0.6612801458526502 0
    outer loop
      vertex 11.631153106689453 -6.091226577758789 6.199999809265137
      vertex 11.618690490722656 -6.105363845825195 0
      vertex 11.618690490722656 -6.105363845825195 6.199999809265137
    endloop
  endfacet
  facet normal -0.9995061338808694 0.03142432711320473 0
    outer loop
      vertex 11.699407577514648 -5.91883659362793 0
      vertex 11.699999809265137 -5.899999618530273 5.59999942779541
      vertex 11.699999809265137 -5.899999618530273 0
    endloop
  endfacet
  facet normal -0.9995061338808694 0.03142432711320473 0
    outer loop
      vertex 11.699407577514648 -5.91883659362793 6.199999809265137
      vertex 11.699999809265137 -5.899999618530273 5.59999942779541
      vertex 11.699407577514648 -5.91883659362793 0
    endloop
  endfacet
  facet normal -0.9995061338808693 0.03142432711320473 0
    outer loop
      vertex 11.699999809265137 -5.899999618530273 5.59999942779541
      vertex 11.699407577514648 -5.91883659362793 6.199999809265137
      vertex 11.699999809265137 -5.899999618530273 6
    endloop
  endfacet
  facet normal -0.9995061338808694 0.03142432711320473 0
    outer loop
      vertex 11.699999809265137 -5.899999618530273 6
      vertex 11.699407577514648 -5.91883659362793 6.199999809265137
      vertex 11.699999809265137 -5.899999618530273 6.199999809265137
    endloop
  endfacet
  facet normal -0.3387266356183068 -0.9408848315934861 0
    outer loop
      vertex 11.492704391479492 6.18531608581543 0
      vertex 11.51043701171875 6.178932189941406 6.199999809265137
      vertex 11.492704391479492 6.18531608581543 6.199999809265137
    endloop
  endfacet
  facet normal -0.3387266356183068 -0.9408848315934861 0
    outer loop
      vertex 11.51043701171875 6.178932189941406 6.199999809265137
      vertex 11.492704391479492 6.18531608581543 0
      vertex 11.51043701171875 6.178932189941406 0
    endloop
  endfacet
  facet normal 0.8910113062938652 -0.45398111420685777 0
    outer loop
      vertex 11.128551483154297 6.027732849121094 6.199999809265137
      vertex 11.137107849121094 6.044526100158691 0
      vertex 11.137107849121094 6.044526100158691 6.199999809265137
    endloop
  endfacet
  facet normal 0.8910113062938652 -0.45398111420685777 0
    outer loop
      vertex 11.137107849121094 6.044526100158691 0
      vertex 11.128551483154297 6.027732849121094 6.199999809265137
      vertex 11.128551483154297 6.027732849121094 0
    endloop
  endfacet
  facet normal -0.6612801458526502 0.7501390329139643 0
    outer loop
      vertex 11.605363845825195 -6.118690490722656 0
      vertex 11.591226577758789 -6.131153106689453 6.199999809265137
      vertex 11.605363845825195 -6.118690490722656 6.199999809265137
    endloop
  endfacet
  facet normal -0.6612801458526502 0.7501390329139643 0
    outer loop
      vertex 11.591226577758789 -6.131153106689453 6.199999809265137
      vertex 11.605363845825195 -6.118690490722656 0
      vertex 11.591226577758789 -6.131153106689453 0
    endloop
  endfacet
  facet normal 0.9759160266868775 -0.21814653069828524 0
    outer loop
      vertex 11.105313301086426 5.95621395111084 6.199999809265137
      vertex 11.109424591064453 5.974606513977051 0
      vertex 11.109424591064453 5.974606513977051 6.199999809265137
    endloop
  endfacet
  facet normal 0.9759160266868775 -0.21814653069828524 0
    outer loop
      vertex 11.109424591064453 5.974606513977051 0
      vertex 11.105313301086426 5.95621395111084 6.199999809265137
      vertex 11.105313301086426 5.95621395111084 0
    endloop
  endfacet
  facet normal -0.3387266356183068 0.9408848315934861 0
    outer loop
      vertex 11.51043701171875 -6.178932189941406 0
      vertex 11.492704391479492 -6.18531608581543 6.199999809265137
      vertex 11.51043701171875 -6.178932189941406 6.199999809265137
    endloop
  endfacet
  facet normal -0.3387266356183068 0.9408848315934861 0
    outer loop
      vertex 11.492704391479492 -6.18531608581543 6.199999809265137
      vertex 11.51043701171875 -6.178932189941406 0
      vertex 11.492704391479492 -6.18531608581543 0
    endloop
  endfacet
  facet normal 0.9177573557291627 0.3971415818131048 0
    outer loop
      vertex 11.128551483154297 -6.027732849121094 6.199999809265137
      vertex 11.12106704711914 -6.01043701171875 0
      vertex 11.12106704711914 -6.01043701171875 6.199999809265137
    endloop
  endfacet
  facet normal 0.9177573557291627 0.3971415818131048 0
    outer loop
      vertex 11.12106704711914 -6.01043701171875 0
      vertex 11.128551483154297 -6.027732849121094 6.199999809265137
      vertex 11.128551483154297 -6.027732849121094 0
    endloop
  endfacet
  facet normal 0.9876922955223569 -0.15640949256927125 0
    outer loop
      vertex 11.102365493774414 5.937599182128906 6.199999809265137
      vertex 11.105313301086426 5.95621395111084 0
      vertex 11.105313301086426 5.95621395111084 6.199999809265137
    endloop
  endfacet
  facet normal 0.9876922955223569 -0.15640949256927125 0
    outer loop
      vertex 11.105313301086426 5.95621395111084 0
      vertex 11.102365493774414 5.937599182128906 6.199999809265137
      vertex 11.102365493774414 5.937599182128906 0
    endloop
  endfacet
  facet normal 0.09411658449022786 -0.9955611827124909 0
    outer loop
      vertex 11.362399101257324 6.197633743286133 0
      vertex 11.381162643432617 6.199407577514648 6.199999809265137
      vertex 11.362399101257324 6.197633743286133 6.199999809265137
    endloop
  endfacet
  facet normal 0.09411658449022786 -0.9955611827124909 0
    outer loop
      vertex 11.381162643432617 6.199407577514648 6.199999809265137
      vertex 11.362399101257324 6.197633743286133 0
      vertex 11.381162643432617 6.199407577514648 0
    endloop
  endfacet
  facet normal 0.8270817629306938 -0.5620816287937686 0
    outer loop
      vertex 11.146700859069824 6.060747146606445 6.199999809265137
      vertex 11.157294273376465 6.0763349533081055 0
      vertex 11.157294273376465 6.0763349533081055 6.199999809265137
    endloop
  endfacet
  facet normal 0.8270817629306938 -0.5620816287937686 0
    outer loop
      vertex 11.157294273376465 6.0763349533081055 0
      vertex 11.146700859069824 6.060747146606445 6.199999809265137
      vertex 11.146700859069824 6.060747146606445 0
    endloop
  endfacet
  facet normal 0.7901607852034909 0.6128996112958489 0
    outer loop
      vertex 11.168845176696777 -6.091226577758789 6.199999809265137
      vertex 11.157294273376465 -6.0763349533081055 0
      vertex 11.157294273376465 -6.0763349533081055 6.199999809265137
    endloop
  endfacet
  facet normal 0.7901607852034909 0.6128996112958489 0
    outer loop
      vertex 11.157294273376465 -6.0763349533081055 0
      vertex 11.168845176696777 -6.091226577758789 6.199999809265137
      vertex 11.168845176696777 -6.091226577758789 0
    endloop
  endfacet
  facet normal -0.9602845769652638 -0.2790224565203385 0
    outer loop
      vertex 11.690574645996094 5.974606513977051 0
      vertex 11.68531608581543 5.992704391479492 6.199999809265137
      vertex 11.68531608581543 5.992704391479492 0
    endloop
  endfacet
  facet normal -0.9602845769652638 -0.2790224565203385 0
    outer loop
      vertex 11.68531608581543 5.992704391479492 6.199999809265137
      vertex 11.690574645996094 5.974606513977051 0
      vertex 11.690574645996094 5.974606513977051 6.199999809265137
    endloop
  endfacet
  facet normal 0.2790224565203385 -0.9602845769652638 0
    outer loop
      vertex 11.307294845581055 6.18531608581543 0
      vertex 11.325392723083496 6.190574645996094 6.199999809265137
      vertex 11.307294845581055 6.18531608581543 6.199999809265137
    endloop
  endfacet
  facet normal 0.2790224565203385 -0.9602845769652638 0
    outer loop
      vertex 11.325392723083496 6.190574645996094 6.199999809265137
      vertex 11.307294845581055 6.18531608581543 0
      vertex 11.325392723083496 6.190574645996094 0
    endloop
  endfacet
  facet normal -0.9408848315934861 0.3387266356183068 0
    outer loop
      vertex 11.678932189941406 -6.01043701171875 0
      vertex 11.68531608581543 -5.992704391479492 6.199999809265137
      vertex 11.68531608581543 -5.992704391479492 0
    endloop
  endfacet
  facet normal -0.9408848315934861 0.3387266356183068 0
    outer loop
      vertex 11.68531608581543 -5.992704391479492 6.199999809265137
      vertex 11.678932189941406 -6.01043701171875 0
      vertex 11.678932189941406 -6.01043701171875 6.199999809265137
    endloop
  endfacet
  facet normal 0.6612801458526502 -0.7501390329139643 0
    outer loop
      vertex 11.194635391235352 6.118690490722656 0
      vertex 11.208772659301758 6.131153106689453 6.199999809265137
      vertex 11.194635391235352 6.118690490722656 6.199999809265137
    endloop
  endfacet
  facet normal 0.6612801458526502 -0.7501390329139643 0
    outer loop
      vertex 11.208772659301758 6.131153106689453 6.199999809265137
      vertex 11.194635391235352 6.118690490722656 0
      vertex 11.208772659301758 6.131153106689453 0
    endloop
  endfacet
  facet normal 0.9602981345186156 0.27897579257001254 0
    outer loop
      vertex 11.1146821975708 -5.992704391479492 6.199999809265137
      vertex 11.109424591064453 -5.974606513977051 0
      vertex 11.109424591064453 -5.974606513977051 6.199999809265137
    endloop
  endfacet
  facet normal 0.9602981345186156 0.27897579257001254 0
    outer loop
      vertex 11.109424591064453 -5.974606513977051 0
      vertex 11.1146821975708 -5.992704391479492 6.199999809265137
      vertex 11.1146821975708 -5.992704391479492 0
    endloop
  endfacet
  facet normal 0.8270817629306938 0.5620816287937686 0
    outer loop
      vertex 11.157294273376465 -6.0763349533081055 6.199999809265137
      vertex 11.146700859069824 -6.060747146606445 0
      vertex 11.146700859069824 -6.060747146606445 6.199999809265137
    endloop
  endfacet
  facet normal 0.8270817629306938 0.5620816287937686 0
    outer loop
      vertex 11.146700859069824 -6.060747146606445 0
      vertex 11.157294273376465 -6.0763349533081055 6.199999809265137
      vertex 11.157294273376465 -6.0763349533081055 0
    endloop
  endfacet
  facet normal 0.7901607852034909 -0.6128996112958489 0
    outer loop
      vertex 11.157294273376465 6.0763349533081055 6.199999809265137
      vertex 11.168845176696777 6.091226577758789 0
      vertex 11.168845176696777 6.091226577758789 6.199999809265137
    endloop
  endfacet
  facet normal 0.7901607852034909 -0.6128996112958489 0
    outer loop
      vertex 11.168845176696777 6.091226577758789 0
      vertex 11.157294273376465 6.0763349533081055 6.199999809265137
      vertex 11.157294273376465 6.0763349533081055 0
    endloop
  endfacet
  facet normal -0.45398111420685777 -0.8910113062938652 0
    outer loop
      vertex 11.527732849121094 6.17144775390625 0
      vertex 11.544526100158691 6.162891387939453 6.199999809265137
      vertex 11.527732849121094 6.17144775390625 6.199999809265137
    endloop
  endfacet
  facet normal -0.45398111420685777 -0.8910113062938652 0
    outer loop
      vertex 11.544526100158691 6.162891387939453 6.199999809265137
      vertex 11.527732849121094 6.17144775390625 0
      vertex 11.544526100158691 6.162891387939453 0
    endloop
  endfacet
  facet normal 0.9602981345186156 -0.27897579257001254 0
    outer loop
      vertex 11.109424591064453 5.974606513977051 6.199999809265137
      vertex 11.1146821975708 5.992704391479492 0
      vertex 11.1146821975708 5.992704391479492 6.199999809265137
    endloop
  endfacet
  facet normal 0.9602981345186156 -0.27897579257001254 0
    outer loop
      vertex 11.1146821975708 5.992704391479492 0
      vertex 11.109424591064453 5.974606513977051 6.199999809265137
      vertex 11.109424591064453 5.974606513977051 0
    endloop
  endfacet
  facet normal 0.8607441236376202 -0.5090378705197731 0
    outer loop
      vertex 11.137107849121094 6.044526100158691 6.199999809265137
      vertex 11.146700859069824 6.060747146606445 0
      vertex 11.146700859069824 6.060747146606445 6.199999809265137
    endloop
  endfacet
  facet normal 0.8607441236376202 -0.5090378705197731 0
    outer loop
      vertex 11.146700859069824 6.060747146606445 0
      vertex 11.137107849121094 6.044526100158691 6.199999809265137
      vertex 11.137107849121094 6.044526100158691 0
    endloop
  endfacet
  facet normal 0.45400158273251634 -0.8910008770345683 0
    outer loop
      vertex 11.255473136901855 6.162891387939453 0
      vertex 11.272265434265137 6.17144775390625 6.199999809265137
      vertex 11.255473136901855 6.162891387939453 6.199999809265137
    endloop
  endfacet
  facet normal 0.45400158273251634 -0.8910008770345683 0
    outer loop
      vertex 11.272265434265137 6.17144775390625 6.199999809265137
      vertex 11.255473136901855 6.162891387939453 0
      vertex 11.272265434265137 6.17144775390625 0
    endloop
  endfacet
  facet normal -0.9955607344645038 -0.09412132591765665 0
    outer loop
      vertex 11.699407577514648 5.91883659362793 0
      vertex 11.697633743286133 5.937599182128906 6.199999809265137
      vertex 11.697633743286133 5.937599182128906 0
    endloop
  endfacet
  facet normal -0.9955607344645038 -0.09412132591765665 0
    outer loop
      vertex 11.697633743286133 5.937599182128906 6.199999809265137
      vertex 11.699407577514648 5.91883659362793 0
      vertex 11.699407577514648 5.91883659362793 6.199999809265137
    endloop
  endfacet
  facet normal 0.9995061338808694 -0.03142432711320473 0
    outer loop
      vertex 11.09999942779541 5.899999618530273 6.199999809265137
      vertex 11.100591659545898 5.91883659362793 0
      vertex 11.100591659545898 5.91883659362793 6.199999809265137
    endloop
  endfacet
  facet normal 0.9995061338808694 -0.03142432711320473 0
    outer loop
      vertex 11.100591659545898 5.91883659362793 0
      vertex 11.09999942779541 5.899999618530273 6.199999809265137
      vertex 11.09999942779541 5.899999618530273 0
    endloop
  endfacet
  facet normal 0.6129312038125971 -0.7901362790005535 0
    outer loop
      vertex -6.091226577758789 11.631153106689453 0
      vertex -6.0763349533081055 11.642704963684082 6.199999809265137
      vertex -6.091226577758789 11.631153106689453 6.199999809265137
    endloop
  endfacet
  facet normal 0.6129312038125971 -0.7901362790005535 0
    outer loop
      vertex -6.0763349533081055 11.642704963684082 6.199999809265137
      vertex -6.091226577758789 11.631153106689453 0
      vertex -6.0763349533081055 11.642704963684082 0
    endloop
  endfacet
  facet normal 0 1 0
    outer loop
      vertex 5.899999618530273 11.09999942779541 0
      vertex -5.899999618530273 11.09999942779541 6.199999809265137
      vertex 5.899999618530273 11.09999942779541 6.199999809265137
    endloop
  endfacet
  facet normal 0 1 0
    outer loop
      vertex -5.899999618530273 11.09999942779541 6.199999809265137
      vertex 5.899999618530273 11.09999942779541 0
      vertex -5.899999618530273 11.09999942779541 0
    endloop
  endfacet
  facet normal 0 -1 0
    outer loop
      vertex -5.899999618530273 11.699999809265137 0
      vertex 5.899999618530273 11.699999809265137 5.59999942779541
      vertex -5.899999618530273 11.699999809265137 5.59999942779541
    endloop
  endfacet
  facet normal 0 -1 0
    outer loop
      vertex 5.899999618530273 11.699999809265137 5.59999942779541
      vertex -5.899999618530273 11.699999809265137 0
      vertex 5.899999618530273 11.699999809265137 0
    endloop
  endfacet
  facet normal 0 -1 0
    outer loop
      vertex -5.899999618530273 11.699999809265137 6
      vertex 5.899999618530273 11.699999809265137 6.199999809265137
      vertex -5.899999618530273 11.699999809265137 6.199999809265137
    endloop
  endfacet
  facet normal 0 -1 0
    outer loop
      vertex 5.899999618530273 11.699999809265137 6.199999809265137
      vertex -5.899999618530273 11.699999809265137 6
      vertex 5.899999618530273 11.699999809265137 6
    endloop
  endfacet
  facet normal 0 1 0
    outer loop
      vertex -5.899999618530273 11.699999809265137 5.59999942779541
      vertex -6 11.699999809265137 6
      vertex -5.899999618530273 11.699999809265137 6
    endloop
  endfacet
  facet normal 0 1 0
    outer loop
      vertex -6 11.699999809265137 6
      vertex -5.899999618530273 11.699999809265137 5.59999942779541
      vertex -6 11.699999809265137 5.59999942779541
    endloop
  endfacet
  facet normal 0 1 0
    outer loop
      vertex 6 11.699999809265137 5.59999942779541
      vertex 5.899999618530273 11.699999809265137 6
      vertex 6 11.699999809265137 6
    endloop
  endfacet
  facet normal 0 1 0
    outer loop
      vertex 5.899999618530273 11.699999809265137 6
      vertex 6 11.699999809265137 5.59999942779541
      vertex 5.899999618530273 11.699999809265137 5.59999942779541
    endloop
  endfacet
  facet normal 0.9876910575159983 0.1564173101128164 0
    outer loop
      vertex -6.194685935974121 11.343785285949707 6.199999809265137
      vertex -6.197633743286133 11.362399101257324 0
      vertex -6.197633743286133 11.362399101257324 6.199999809265137
    endloop
  endfacet
  facet normal 0.9876910575159983 0.1564173101128164 0
    outer loop
      vertex -6.197633743286133 11.362399101257324 0
      vertex -6.194685935974121 11.343785285949707 6.199999809265137
      vertex -6.194685935974121 11.343785285949707 0
    endloop
  endfacet
  facet normal -0.03142432711320473 0.9995061338808694 0
    outer loop
      vertex 5.91883659362793 11.100591659545898 0
      vertex 5.899999618530273 11.09999942779541 6.199999809265137
      vertex 5.91883659362793 11.100591659545898 6.199999809265137
    endloop
  endfacet
  facet normal -0.03142432711320473 0.9995061338808694 0
    outer loop
      vertex 5.899999618530273 11.09999942779541 6.199999809265137
      vertex 5.91883659362793 11.100591659545898 0
      vertex 5.899999618530273 11.09999942779541 0
    endloop
  endfacet
  facet normal -0.860757235581964 0.5090156985725441 0
    outer loop
      vertex 6.153298377990723 11.239251136779785 0
      vertex 6.162891387939453 11.255473136901855 6.199999809265137
      vertex 6.162891387939453 11.255473136901855 0
    endloop
  endfacet
  facet normal -0.860757235581964 0.5090156985725441 0
    outer loop
      vertex 6.162891387939453 11.255473136901855 6.199999809265137
      vertex 6.153298377990723 11.239251136779785 0
      vertex 6.153298377990723 11.239251136779785 6.199999809265137
    endloop
  endfacet
  facet normal -0.5090378705197731 0.8607441236376202 0
    outer loop
      vertex 6.060747146606445 11.146700859069824 0
      vertex 6.044526100158691 11.137107849121094 6.199999809265137
      vertex 6.060747146606445 11.146700859069824 6.199999809265137
    endloop
  endfacet
  facet normal -0.5090378705197731 0.8607441236376202 0
    outer loop
      vertex 6.044526100158691 11.137107849121094 6.199999809265137
      vertex 6.060747146606445 11.146700859069824 0
      vertex 6.044526100158691 11.137107849121094 0
    endloop
  endfacet
  facet normal -0.3971415818131048 -0.9177573557291627 0
    outer loop
      vertex 6.01043701171875 11.678932189941406 0
      vertex 6.027732849121094 11.67144775390625 6.199999809265137
      vertex 6.01043701171875 11.678932189941406 6.199999809265137
    endloop
  endfacet
  facet normal -0.3971415818131048 -0.9177573557291627 0
    outer loop
      vertex 6.027732849121094 11.67144775390625 6.199999809265137
      vertex 6.01043701171875 11.678932189941406 0
      vertex 6.027732849121094 11.67144775390625 0
    endloop
  endfacet
  facet normal 0.9177653365366644 0.39712313839883895 0
    outer loop
      vertex -6.17144775390625 11.272265434265137 6.199999809265137
      vertex -6.178932189941406 11.289562225341797 0
      vertex -6.178932189941406 11.289562225341797 6.199999809265137
    endloop
  endfacet
  facet normal 0.9177653365366644 0.39712313839883895 0
    outer loop
      vertex -6.178932189941406 11.289562225341797 0
      vertex -6.17144775390625 11.272265434265137 6.199999809265137
      vertex -6.17144775390625 11.272265434265137 0
    endloop
  endfacet
  facet normal 0.9995061338808694 -0.03142432711320473 0
    outer loop
      vertex -6.199999809265137 11.399999618530273 6.199999809265137
      vertex -6.199407577514648 11.41883659362793 0
      vertex -6.199407577514648 11.41883659362793 6.199999809265137
    endloop
  endfacet
  facet normal 0.9995061338808694 -0.03142432711320473 0
    outer loop
      vertex -6.199407577514648 11.41883659362793 0
      vertex -6.199999809265137 11.399999618530273 6.199999809265137
      vertex -6.199999809265137 11.399999618530273 0
    endloop
  endfacet
  facet normal -0.5620816287937686 -0.8270817629306938 0
    outer loop
      vertex 6.060747146606445 11.653298377990723 0
      vertex 6.0763349533081055 11.642704963684082 6.199999809265137
      vertex 6.060747146606445 11.653298377990723 6.199999809265137
    endloop
  endfacet
  facet normal -0.5620816287937686 -0.8270817629306938 0
    outer loop
      vertex 6.0763349533081055 11.642704963684082 6.199999809265137
      vertex 6.060747146606445 11.653298377990723 0
      vertex 6.0763349533081055 11.642704963684082 0
    endloop
  endfacet
  facet normal 0.03142432711320473 0.9995061338808694 0
    outer loop
      vertex -5.899999618530273 11.09999942779541 0
      vertex -5.91883659362793 11.100591659545898 6.199999809265137
      vertex -5.899999618530273 11.09999942779541 6.199999809265137
    endloop
  endfacet
  facet normal 0.03142432711320473 0.9995061338808694 0
    outer loop
      vertex -5.91883659362793 11.100591659545898 6.199999809265137
      vertex -5.899999618530273 11.09999942779541 0
      vertex -5.91883659362793 11.100591659545898 0
    endloop
  endfacet
  facet normal -0.9995061338808694 -0.03142432711320473 0
    outer loop
      vertex 6.199999809265137 11.399999618530273 0
      vertex 6.199407577514648 11.41883659362793 6.199999809265137
      vertex 6.199407577514648 11.41883659362793 0
    endloop
  endfacet
  facet normal -0.9995061338808694 -0.03142432711320473 0
    outer loop
      vertex 6.199407577514648 11.41883659362793 6.199999809265137
      vertex 6.199999809265137 11.399999618530273 0
      vertex 6.199999809265137 11.399999618530273 6.199999809265137
    endloop
  endfacet
  facet normal 0.5620816287937686 -0.8270817629306938 0
    outer loop
      vertex -6.0763349533081055 11.642704963684082 0
      vertex -6.060747146606445 11.653298377990723 6.199999809265137
      vertex -6.0763349533081055 11.642704963684082 6.199999809265137
    endloop
  endfacet
  facet normal 0.5620816287937686 -0.8270817629306938 0
    outer loop
      vertex -6.060747146606445 11.653298377990723 6.199999809265137
      vertex -6.0763349533081055 11.642704963684082 0
      vertex -6.060747146606445 11.653298377990723 0
    endloop
  endfacet
  facet normal -0.21814653069828524 0.9759160266868775 0
    outer loop
      vertex 5.974606513977051 11.109424591064453 0
      vertex 5.95621395111084 11.105313301086426 6.199999809265137
      vertex 5.974606513977051 11.109424591064453 6.199999809265137
    endloop
  endfacet
  facet normal -0.21814653069828524 0.9759160266868775 0
    outer loop
      vertex 5.95621395111084 11.105313301086426 6.199999809265137
      vertex 5.974606513977051 11.109424591064453 0
      vertex 5.95621395111084 11.105313301086426 0
    endloop
  endfacet
  facet normal -0.15640949256927125 0.9876922955223569 0
    outer loop
      vertex 5.95621395111084 11.105313301086426 0
      vertex 5.937599182128906 11.102365493774414 6.199999809265137
      vertex 5.95621395111084 11.105313301086426 6.199999809265137
    endloop
  endfacet
  facet normal -0.15640949256927125 0.9876922955223569 0
    outer loop
      vertex 5.937599182128906 11.102365493774414 6.199999809265137
      vertex 5.95621395111084 11.105313301086426 0
      vertex 5.937599182128906 11.102365493774414 0
    endloop
  endfacet
  facet normal -0.9955607344645038 -0.09412132591765665 0
    outer loop
      vertex 6.199407577514648 11.41883659362793 0
      vertex 6.197633743286133 11.437599182128906 6.199999809265137
      vertex 6.197633743286133 11.437599182128906 0
    endloop
  endfacet
  facet normal -0.9955607344645038 -0.09412132591765665 0
    outer loop
      vertex 6.197633743286133 11.437599182128906 6.199999809265137
      vertex 6.199407577514648 11.41883659362793 0
      vertex 6.199407577514648 11.41883659362793 6.199999809265137
    endloop
  endfacet
  facet normal -0.9759160266868775 0.21814653069828524 0
    outer loop
      vertex 6.190574645996094 11.325392723083496 0
      vertex 6.194685935974121 11.343785285949707 6.199999809265137
      vertex 6.194685935974121 11.343785285949707 0
    endloop
  endfacet
  facet normal -0.9759160266868775 0.21814653069828524 0
    outer loop
      vertex 6.194685935974121 11.343785285949707 6.199999809265137
      vertex 6.190574645996094 11.325392723083496 0
      vertex 6.190574645996094 11.325392723083496 6.199999809265137
    endloop
  endfacet
  facet normal -0.15640949256927125 -0.9876922955223569 0
    outer loop
      vertex 5.937599182128906 11.697633743286133 0
      vertex 5.95621395111084 11.694685935974121 6.199999809265137
      vertex 5.937599182128906 11.697633743286133 6.199999809265137
    endloop
  endfacet
  facet normal -0.15640949256927125 -0.9876922955223569 0
    outer loop
      vertex 5.95621395111084 11.694685935974121 6.199999809265137
      vertex 5.937599182128906 11.697633743286133 0
      vertex 5.95621395111084 11.694685935974121 0
    endloop
  endfacet
  facet normal 0.7071067811865476 -0.7071067811865476 0
    outer loop
      vertex -6.118690490722656 11.605363845825195 6.199999809265137
      vertex -6.105363845825195 11.618690490722656 0
      vertex -6.105363845825195 11.618690490722656 6.199999809265137
    endloop
  endfacet
  facet normal 0.7071067811865476 -0.7071067811865476 0
    outer loop
      vertex -6.105363845825195 11.618690490722656 0
      vertex -6.118690490722656 11.605363845825195 6.199999809265137
      vertex -6.118690490722656 11.605363845825195 0
    endloop
  endfacet
  facet normal -0.8910113062938652 -0.45398111420685777 0
    outer loop
      vertex 6.17144775390625 11.527732849121094 0
      vertex 6.162891387939453 11.544526100158691 6.199999809265137
      vertex 6.162891387939453 11.544526100158691 0
    endloop
  endfacet
  facet normal -0.8910113062938652 -0.45398111420685777 0
    outer loop
      vertex 6.162891387939453 11.544526100158691 6.199999809265137
      vertex 6.17144775390625 11.527732849121094 0
      vertex 6.17144775390625 11.527732849121094 6.199999809265137
    endloop
  endfacet
  facet normal -0.7071067811865476 0.7071067811865476 0
    outer loop
      vertex 6.105363845825195 11.18130874633789 0
      vertex 6.118690490722656 11.194635391235352 6.199999809265137
      vertex 6.118690490722656 11.194635391235352 0
    endloop
  endfacet
  facet normal -0.7071067811865476 0.7071067811865476 0
    outer loop
      vertex 6.118690490722656 11.194635391235352 6.199999809265137
      vertex 6.105363845825195 11.18130874633789 0
      vertex 6.105363845825195 11.18130874633789 6.199999809265137
    endloop
  endfacet
  facet normal -0.7901362790005535 0.6129312038125971 0
    outer loop
      vertex 6.131153106689453 11.208772659301758 0
      vertex 6.142704963684082 11.223664283752441 6.199999809265137
      vertex 6.142704963684082 11.223664283752441 0
    endloop
  endfacet
  facet normal -0.7901362790005535 0.6129312038125971 0
    outer loop
      vertex 6.142704963684082 11.223664283752441 6.199999809265137
      vertex 6.131153106689453 11.208772659301758 0
      vertex 6.131153106689453 11.208772659301758 6.199999809265137
    endloop
  endfacet
  facet normal 0.15640949256927125 -0.9876922955223569 0
    outer loop
      vertex -5.95621395111084 11.694685935974121 0
      vertex -5.937599182128906 11.697633743286133 6.199999809265137
      vertex -5.95621395111084 11.694685935974121 6.199999809265137
    endloop
  endfacet
  facet normal 0.15640949256927125 -0.9876922955223569 0
    outer loop
      vertex -5.937599182128906 11.697633743286133 6.199999809265137
      vertex -5.95621395111084 11.694685935974121 0
      vertex -5.937599182128906 11.697633743286133 0
    endloop
  endfacet
  facet normal -0.9408848315934861 0.3387266356183068 0
    outer loop
      vertex 6.178932189941406 11.289562225341797 0
      vertex 6.18531608581543 11.307294845581055 6.199999809265137
      vertex 6.18531608581543 11.307294845581055 0
    endloop
  endfacet
  facet normal -0.9408848315934861 0.3387266356183068 0
    outer loop
      vertex 6.18531608581543 11.307294845581055 6.199999809265137
      vertex 6.178932189941406 11.289562225341797 0
      vertex 6.178932189941406 11.289562225341797 6.199999809265137
    endloop
  endfacet
  facet normal 0.8910113062938652 -0.45398111420685777 0
    outer loop
      vertex -6.17144775390625 11.527732849121094 6.199999809265137
      vertex -6.162891387939453 11.544526100158691 0
      vertex -6.162891387939453 11.544526100158691 6.199999809265137
    endloop
  endfacet
  facet normal 0.8910113062938652 -0.45398111420685777 0
    outer loop
      vertex -6.162891387939453 11.544526100158691 0
      vertex -6.17144775390625 11.527732849121094 6.199999809265137
      vertex -6.17144775390625 11.527732849121094 0
    endloop
  endfacet
  facet normal -0.9177573557291627 -0.3971415818131048 0
    outer loop
      vertex 6.178932189941406 11.51043701171875 0
      vertex 6.17144775390625 11.527732849121094 6.199999809265137
      vertex 6.17144775390625 11.527732849121094 0
    endloop
  endfacet
  facet normal -0.9177573557291627 -0.3971415818131048 0
    outer loop
      vertex 6.17144775390625 11.527732849121094 6.199999809265137
      vertex 6.178932189941406 11.51043701171875 0
      vertex 6.178932189941406 11.51043701171875 6.199999809265137
    endloop
  endfacet
  facet normal 0.5090378705197731 0.8607441236376202 0
    outer loop
      vertex -6.044526100158691 11.137107849121094 0
      vertex -6.060747146606445 11.146700859069824 6.199999809265137
      vertex -6.044526100158691 11.137107849121094 6.199999809265137
    endloop
  endfacet
  facet normal 0.5090378705197731 0.8607441236376202 0
    outer loop
      vertex -6.060747146606445 11.146700859069824 6.199999809265137
      vertex -6.044526100158691 11.137107849121094 0
      vertex -6.060747146606445 11.146700859069824 0
    endloop
  endfacet
  facet normal 0.8607441236376202 -0.5090378705197731 0
    outer loop
      vertex -6.162891387939453 11.544526100158691 6.199999809265137
      vertex -6.153298377990723 11.560747146606445 0
      vertex -6.153298377990723 11.560747146606445 6.199999809265137
    endloop
  endfacet
  facet normal 0.8607441236376202 -0.5090378705197731 0
    outer loop
      vertex -6.153298377990723 11.560747146606445 0
      vertex -6.162891387939453 11.544526100158691 6.199999809265137
      vertex -6.162891387939453 11.544526100158691 0
    endloop
  endfacet
  facet normal 0.5090378705197731 -0.8607441236376202 0
    outer loop
      vertex -6.060747146606445 11.653298377990723 0
      vertex -6.044526100158691 11.662891387939453 6.199999809265137
      vertex -6.060747146606445 11.653298377990723 6.199999809265137
    endloop
  endfacet
  facet normal 0.5090378705197731 -0.8607441236376202 0
    outer loop
      vertex -6.044526100158691 11.662891387939453 6.199999809265137
      vertex -6.060747146606445 11.653298377990723 0
      vertex -6.044526100158691 11.662891387939453 0
    endloop
  endfacet
  facet normal -0.8270657750990595 0.5621051535609614 0
    outer loop
      vertex 6.142704963684082 11.223664283752441 0
      vertex 6.153298377990723 11.239251136779785 6.199999809265137
      vertex 6.153298377990723 11.239251136779785 0
    endloop
  endfacet
  facet normal -0.8270657750990595 0.5621051535609614 0
    outer loop
      vertex 6.153298377990723 11.239251136779785 6.199999809265137
      vertex 6.142704963684082 11.223664283752441 0
      vertex 6.142704963684082 11.223664283752441 6.199999809265137
    endloop
  endfacet
  facet normal 0.7071067811865476 0.7071067811865476 0
    outer loop
      vertex -6.105363845825195 11.18130874633789 6.199999809265137
      vertex -6.118690490722656 11.194635391235352 0
      vertex -6.118690490722656 11.194635391235352 6.199999809265137
    endloop
  endfacet
  facet normal 0.7071067811865476 0.7071067811865476 0
    outer loop
      vertex -6.118690490722656 11.194635391235352 0
      vertex -6.105363845825195 11.18130874633789 6.199999809265137
      vertex -6.105363845825195 11.18130874633789 0
    endloop
  endfacet
  facet normal -0.8607441236376202 -0.5090378705197731 0
    outer loop
      vertex 6.162891387939453 11.544526100158691 0
      vertex 6.153298377990723 11.560747146606445 6.199999809265137
      vertex 6.153298377990723 11.560747146606445 0
    endloop
  endfacet
  facet normal -0.8607441236376202 -0.5090378705197731 0
    outer loop
      vertex 6.153298377990723 11.560747146606445 6.199999809265137
      vertex 6.162891387939453 11.544526100158691 0
      vertex 6.162891387939453 11.544526100158691 6.199999809265137
    endloop
  endfacet
  facet normal 0.9602845769652638 -0.2790224565203385 0
    outer loop
      vertex -6.190574645996094 11.47460651397705 6.199999809265137
      vertex -6.18531608581543 11.492704391479492 0
      vertex -6.18531608581543 11.492704391479492 6.199999809265137
    endloop
  endfacet
  facet normal 0.9602845769652638 -0.2790224565203385 0
    outer loop
      vertex -6.18531608581543 11.492704391479492 0
      vertex -6.190574645996094 11.47460651397705 6.199999809265137
      vertex -6.190574645996094 11.47460651397705 0
    endloop
  endfacet
  facet normal -0.9177653365366644 0.39712313839883895 0
    outer loop
      vertex 6.17144775390625 11.272265434265137 0
      vertex 6.178932189941406 11.289562225341797 6.199999809265137
      vertex 6.178932189941406 11.289562225341797 0
    endloop
  endfacet
  facet normal -0.9177653365366644 0.39712313839883895 0
    outer loop
      vertex 6.178932189941406 11.289562225341797 6.199999809265137
      vertex 6.17144775390625 11.272265434265137 0
      vertex 6.17144775390625 11.272265434265137 6.199999809265137
    endloop
  endfacet
  facet normal -0.8910008770345683 0.45400158273251634 0
    outer loop
      vertex 6.162891387939453 11.255473136901855 0
      vertex 6.17144775390625 11.272265434265137 6.199999809265137
      vertex 6.17144775390625 11.272265434265137 0
    endloop
  endfacet
  facet normal -0.8910008770345683 0.45400158273251634 0
    outer loop
      vertex 6.17144775390625 11.272265434265137 6.199999809265137
      vertex 6.162891387939453 11.255473136901855 0
      vertex 6.162891387939453 11.255473136901855 6.199999809265137
    endloop
  endfacet
  facet normal 0.9955607344645038 -0.09412132591765665 0
    outer loop
      vertex -6.199407577514648 11.41883659362793 6.199999809265137
      vertex -6.197633743286133 11.437599182128906 0
      vertex -6.197633743286133 11.437599182128906 6.199999809265137
    endloop
  endfacet
  facet normal 0.9955607344645038 -0.09412132591765665 0
    outer loop
      vertex -6.197633743286133 11.437599182128906 0
      vertex -6.199407577514648 11.41883659362793 6.199999809265137
      vertex -6.199407577514648 11.41883659362793 0
    endloop
  endfacet
  facet normal 0.3387266356183068 -0.9408848315934861 0
    outer loop
      vertex -6.01043701171875 11.678932189941406 0
      vertex -5.992704391479492 11.68531608581543 6.199999809265137
      vertex -6.01043701171875 11.678932189941406 6.199999809265137
    endloop
  endfacet
  facet normal 0.3387266356183068 -0.9408848315934861 0
    outer loop
      vertex -5.992704391479492 11.68531608581543 6.199999809265137
      vertex -6.01043701171875 11.678932189941406 0
      vertex -5.992704391479492 11.68531608581543 0
    endloop
  endfacet
  facet normal 0.9759160266868775 -0.21814653069828524 0
    outer loop
      vertex -6.194685935974121 11.45621395111084 6.199999809265137
      vertex -6.190574645996094 11.47460651397705 0
      vertex -6.190574645996094 11.47460651397705 6.199999809265137
    endloop
  endfacet
  facet normal 0.9759160266868775 -0.21814653069828524 0
    outer loop
      vertex -6.190574645996094 11.47460651397705 0
      vertex -6.194685935974121 11.45621395111084 6.199999809265137
      vertex -6.194685935974121 11.45621395111084 0
    endloop
  endfacet
  facet normal 0.21814653069828524 -0.9759160266868775 0
    outer loop
      vertex -5.974606513977051 11.690574645996094 0
      vertex -5.95621395111084 11.694685935974121 6.199999809265137
      vertex -5.974606513977051 11.690574645996094 6.199999809265137
    endloop
  endfacet
  facet normal 0.21814653069828524 -0.9759160266868775 0
    outer loop
      vertex -5.95621395111084 11.694685935974121 6.199999809265137
      vertex -5.974606513977051 11.690574645996094 0
      vertex -5.95621395111084 11.694685935974121 0
    endloop
  endfacet
  facet normal -0.9876922955223569 -0.15640949256927125 0
    outer loop
      vertex 6.197633743286133 11.437599182128906 0
      vertex 6.194685935974121 11.45621395111084 6.199999809265137
      vertex 6.194685935974121 11.45621395111084 0
    endloop
  endfacet
  facet normal -0.9876922955223569 -0.15640949256927125 0
    outer loop
      vertex 6.194685935974121 11.45621395111084 6.199999809265137
      vertex 6.197633743286133 11.437599182128906 0
      vertex 6.197633743286133 11.437599182128906 6.199999809265137
    endloop
  endfacet
  facet normal -0.9995061338808694 0.03142432711320473 0
    outer loop
      vertex 6.199407577514648 11.381162643432617 0
      vertex 6.199999809265137 11.399999618530273 6.199999809265137
      vertex 6.199999809265137 11.399999618530273 0
    endloop
  endfacet
  facet normal -0.9995061338808694 0.03142432711320473 0
    outer loop
      vertex 6.199999809265137 11.399999618530273 6.199999809265137
      vertex 6.199407577514648 11.381162643432617 0
      vertex 6.199407577514648 11.381162643432617 6.199999809265137
    endloop
  endfacet
  facet normal -0.7901362790005535 -0.6129312038125971 0
    outer loop
      vertex 6.142704963684082 11.576334953308105 0
      vertex 6.131153106689453 11.591226577758789 6.199999809265137
      vertex 6.131153106689453 11.591226577758789 0
    endloop
  endfacet
  facet normal -0.7901362790005535 -0.6129312038125971 0
    outer loop
      vertex 6.131153106689453 11.591226577758789 6.199999809265137
      vertex 6.142704963684082 11.576334953308105 0
      vertex 6.142704963684082 11.576334953308105 6.199999809265137
    endloop
  endfacet
  facet normal 0.860757235581964 0.5090156985725441 0
    outer loop
      vertex -6.153298377990723 11.239251136779785 6.199999809265137
      vertex -6.162891387939453 11.255473136901855 0
      vertex -6.162891387939453 11.255473136901855 6.199999809265137
    endloop
  endfacet
  facet normal 0.860757235581964 0.5090156985725441 0
    outer loop
      vertex -6.162891387939453 11.255473136901855 0
      vertex -6.153298377990723 11.239251136779785 6.199999809265137
      vertex -6.153298377990723 11.239251136779785 0
    endloop
  endfacet
  facet normal 0.33877143019208855 0.9408687039569372 0
    outer loop
      vertex -5.992704391479492 11.1146821975708 0
      vertex -6.01043701171875 11.12106704711914 6.199999809265137
      vertex -5.992704391479492 11.1146821975708 6.199999809265137
    endloop
  endfacet
  facet normal 0.33877143019208855 0.9408687039569372 0
    outer loop
      vertex -6.01043701171875 11.12106704711914 6.199999809265137
      vertex -5.992704391479492 11.1146821975708 0
      vertex -6.01043701171875 11.12106704711914 0
    endloop
  endfacet
  facet normal 0.7901362790005535 0.6129312038125971 0
    outer loop
      vertex -6.131153106689453 11.208772659301758 6.199999809265137
      vertex -6.142704963684082 11.223664283752441 0
      vertex -6.142704963684082 11.223664283752441 6.199999809265137
    endloop
  endfacet
  facet normal 0.7901362790005535 0.6129312038125971 0
    outer loop
      vertex -6.142704963684082 11.223664283752441 0
      vertex -6.131153106689453 11.208772659301758 6.199999809265137
      vertex -6.131153106689453 11.208772659301758 0
    endloop
  endfacet
  facet normal -0.2790224565203385 -0.9602845769652638 0
    outer loop
      vertex 5.974606513977051 11.690574645996094 0
      vertex 5.992704391479492 11.68531608581543 6.199999809265137
      vertex 5.974606513977051 11.690574645996094 6.199999809265137
    endloop
  endfacet
  facet normal -0.2790224565203385 -0.9602845769652638 0
    outer loop
      vertex 5.992704391479492 11.68531608581543 6.199999809265137
      vertex 5.974606513977051 11.690574645996094 0
      vertex 5.992704391479492 11.68531608581543 0
    endloop
  endfacet
  facet normal 0.5620816287937686 0.8270817629306938 0
    outer loop
      vertex -6.060747146606445 11.146700859069824 0
      vertex -6.0763349533081055 11.157294273376465 6.199999809265137
      vertex -6.060747146606445 11.146700859069824 6.199999809265137
    endloop
  endfacet
  facet normal 0.5620816287937686 0.8270817629306938 0
    outer loop
      vertex -6.0763349533081055 11.157294273376465 6.199999809265137
      vertex -6.060747146606445 11.146700859069824 0
      vertex -6.0763349533081055 11.157294273376465 0
    endloop
  endfacet
  facet normal -0.6612801458526502 -0.7501390329139643 0
    outer loop
      vertex 6.091226577758789 11.631153106689453 0
      vertex 6.105363845825195 11.618690490722656 6.199999809265137
      vertex 6.091226577758789 11.631153106689453 6.199999809265137
    endloop
  endfacet
  facet normal -0.6612801458526502 -0.7501390329139643 0
    outer loop
      vertex 6.105363845825195 11.618690490722656 6.199999809265137
      vertex 6.091226577758789 11.631153106689453 0
      vertex 6.105363845825195 11.618690490722656 0
    endloop
  endfacet
  facet normal 0.9995061338808694 0.03142432711320473 0
    outer loop
      vertex -6.199407577514648 11.381162643432617 6.199999809265137
      vertex -6.199999809265137 11.399999618530273 0
      vertex -6.199999809265137 11.399999618530273 6.199999809265137
    endloop
  endfacet
  facet normal 0.9995061338808694 0.03142432711320473 0
    outer loop
      vertex -6.199999809265137 11.399999618530273 0
      vertex -6.199407577514648 11.381162643432617 6.199999809265137
      vertex -6.199407577514648 11.381162643432617 0
    endloop
  endfacet
  facet normal 0.45398111420685777 -0.8910113062938652 0
    outer loop
      vertex -6.044526100158691 11.662891387939453 0
      vertex -6.027732849121094 11.67144775390625 6.199999809265137
      vertex -6.044526100158691 11.662891387939453 6.199999809265137
    endloop
  endfacet
  facet normal 0.45398111420685777 -0.8910113062938652 0
    outer loop
      vertex -6.027732849121094 11.67144775390625 6.199999809265137
      vertex -6.044526100158691 11.662891387939453 0
      vertex -6.027732849121094 11.67144775390625 0
    endloop
  endfacet
  facet normal 0.9876922955223569 -0.15640949256927125 0
    outer loop
      vertex -6.197633743286133 11.437599182128906 6.199999809265137
      vertex -6.194685935974121 11.45621395111084 0
      vertex -6.194685935974121 11.45621395111084 6.199999809265137
    endloop
  endfacet
  facet normal 0.9876922955223569 -0.15640949256927125 0
    outer loop
      vertex -6.194685935974121 11.45621395111084 0
      vertex -6.197633743286133 11.437599182128906 6.199999809265137
      vertex -6.197633743286133 11.437599182128906 0
    endloop
  endfacet
  facet normal -0.8270817629306938 -0.5620816287937686 0
    outer loop
      vertex 6.153298377990723 11.560747146606445 0
      vertex 6.142704963684082 11.576334953308105 6.199999809265137
      vertex 6.142704963684082 11.576334953308105 0
    endloop
  endfacet
  facet normal -0.8270817629306938 -0.5620816287937686 0
    outer loop
      vertex 6.142704963684082 11.576334953308105 6.199999809265137
      vertex 6.153298377990723 11.560747146606445 0
      vertex 6.153298377990723 11.560747146606445 6.199999809265137
    endloop
  endfacet
  facet normal 0.09412132591765665 0.9955607344645038 0
    outer loop
      vertex -5.91883659362793 11.100591659545898 0
      vertex -5.937599182128906 11.102365493774414 6.199999809265137
      vertex -5.91883659362793 11.100591659545898 6.199999809265137
    endloop
  endfacet
  facet normal 0.09412132591765665 0.9955607344645038 0
    outer loop
      vertex -5.937599182128906 11.102365493774414 6.199999809265137
      vertex -5.91883659362793 11.100591659545898 0
      vertex -5.937599182128906 11.102365493774414 0
    endloop
  endfacet
  facet normal 0.03142432711320473 -0.9995061338808694 0
    outer loop
      vertex -5.91883659362793 11.699407577514648 6.199999809265137
      vertex -5.899999618530273 11.699999809265137 6
      vertex -5.899999618530273 11.699999809265137 6.199999809265137
    endloop
  endfacet
  facet normal 0.03142432711320473 -0.9995061338808693 0
    outer loop
      vertex -5.91883659362793 11.699407577514648 6.199999809265137
      vertex -5.899999618530273 11.699999809265137 5.59999942779541
      vertex -5.899999618530273 11.699999809265137 6
    endloop
  endfacet
  facet normal 0.03142432711320473 -0.9995061338808694 0
    outer loop
      vertex -5.91883659362793 11.699407577514648 0
      vertex -5.899999618530273 11.699999809265137 5.59999942779541
      vertex -5.91883659362793 11.699407577514648 6.199999809265137
    endloop
  endfacet
  facet normal 0.03142432711320473 -0.9995061338808694 0
    outer loop
      vertex -5.899999618530273 11.699999809265137 5.59999942779541
      vertex -5.91883659362793 11.699407577514648 0
      vertex -5.899999618530273 11.699999809265137 0
    endloop
  endfacet
  facet normal 0.6613086191712378 0.7501139314862981 0
    outer loop
      vertex -6.091226577758789 11.168845176696777 0
      vertex -6.105363845825195 11.18130874633789 6.199999809265137
      vertex -6.091226577758789 11.168845176696777 6.199999809265137
    endloop
  endfacet
  facet normal 0.6613086191712378 0.7501139314862981 0
    outer loop
      vertex -6.105363845825195 11.18130874633789 6.199999809265137
      vertex -6.091226577758789 11.168845176696777 0
      vertex -6.105363845825195 11.18130874633789 0
    endloop
  endfacet
  facet normal 0.8270657750990595 0.5621051535609614 0
    outer loop
      vertex -6.142704963684082 11.223664283752441 6.199999809265137
      vertex -6.153298377990723 11.239251136779785 0
      vertex -6.153298377990723 11.239251136779785 6.199999809265137
    endloop
  endfacet
  facet normal 0.8270657750990595 0.5621051535609614 0
    outer loop
      vertex -6.153298377990723 11.239251136779785 0
      vertex -6.142704963684082 11.223664283752441 6.199999809265137
      vertex -6.142704963684082 11.223664283752441 0
    endloop
  endfacet
  facet normal 0.3971415818131048 -0.9177573557291627 0
    outer loop
      vertex -6.027732849121094 11.67144775390625 0
      vertex -6.01043701171875 11.678932189941406 6.199999809265137
      vertex -6.027732849121094 11.67144775390625 6.199999809265137
    endloop
  endfacet
  facet normal 0.3971415818131048 -0.9177573557291627 0
    outer loop
      vertex -6.01043701171875 11.678932189941406 6.199999809265137
      vertex -6.027732849121094 11.67144775390625 0
      vertex -6.01043701171875 11.678932189941406 0
    endloop
  endfacet
  facet normal -0.09412132591765665 0.9955607344645038 0
    outer loop
      vertex 5.937599182128906 11.102365493774414 0
      vertex 5.91883659362793 11.100591659545898 6.199999809265137
      vertex 5.937599182128906 11.102365493774414 6.199999809265137
    endloop
  endfacet
  facet normal -0.09412132591765665 0.9955607344645038 0
    outer loop
      vertex 5.91883659362793 11.100591659545898 6.199999809265137
      vertex 5.937599182128906 11.102365493774414 0
      vertex 5.91883659362793 11.100591659545898 0
    endloop
  endfacet
  facet normal -0.33877143019208855 0.9408687039569372 0
    outer loop
      vertex 6.01043701171875 11.12106704711914 0
      vertex 5.992704391479492 11.1146821975708 6.199999809265137
      vertex 6.01043701171875 11.12106704711914 6.199999809265137
    endloop
  endfacet
  facet normal -0.33877143019208855 0.9408687039569372 0
    outer loop
      vertex 5.992704391479492 11.1146821975708 6.199999809265137
      vertex 6.01043701171875 11.12106704711914 0
      vertex 5.992704391479492 11.1146821975708 0
    endloop
  endfacet
  facet normal 0.8270817629306938 -0.5620816287937686 0
    outer loop
      vertex -6.153298377990723 11.560747146606445 6.199999809265137
      vertex -6.142704963684082 11.576334953308105 0
      vertex -6.142704963684082 11.576334953308105 6.199999809265137
    endloop
  endfacet
  facet normal 0.8270817629306938 -0.5620816287937686 0
    outer loop
      vertex -6.142704963684082 11.576334953308105 0
      vertex -6.153298377990723 11.560747146606445 6.199999809265137
      vertex -6.153298377990723 11.560747146606445 0
    endloop
  endfacet
  facet normal -0.6613086191712378 0.7501139314862981 0
    outer loop
      vertex 6.105363845825195 11.18130874633789 0
      vertex 6.091226577758789 11.168845176696777 6.199999809265137
      vertex 6.105363845825195 11.18130874633789 6.199999809265137
    endloop
  endfacet
  facet normal -0.6613086191712378 0.7501139314862981 0
    outer loop
      vertex 6.091226577758789 11.168845176696777 6.199999809265137
      vertex 6.105363845825195 11.18130874633789 0
      vertex 6.091226577758789 11.168845176696777 0
    endloop
  endfacet
  facet normal -0.7501390329139643 0.6612801458526502 0
    outer loop
      vertex 6.118690490722656 11.194635391235352 0
      vertex 6.131153106689453 11.208772659301758 6.199999809265137
      vertex 6.131153106689453 11.208772659301758 0
    endloop
  endfacet
  facet normal -0.7501390329139643 0.6612801458526502 0
    outer loop
      vertex 6.131153106689453 11.208772659301758 6.199999809265137
      vertex 6.118690490722656 11.194635391235352 0
      vertex 6.118690490722656 11.194635391235352 6.199999809265137
    endloop
  endfacet
  facet normal -0.7071067811865476 -0.7071067811865476 0
    outer loop
      vertex 6.118690490722656 11.605363845825195 0
      vertex 6.105363845825195 11.618690490722656 6.199999809265137
      vertex 6.105363845825195 11.618690490722656 0
    endloop
  endfacet
  facet normal -0.7071067811865476 -0.7071067811865476 0
    outer loop
      vertex 6.105363845825195 11.618690490722656 6.199999809265137
      vertex 6.118690490722656 11.605363845825195 0
      vertex 6.118690490722656 11.605363845825195 6.199999809265137
    endloop
  endfacet
  facet normal 0.6612801458526502 -0.7501390329139643 0
    outer loop
      vertex -6.105363845825195 11.618690490722656 0
      vertex -6.091226577758789 11.631153106689453 6.199999809265137
      vertex -6.105363845825195 11.618690490722656 6.199999809265137
    endloop
  endfacet
  facet normal 0.6612801458526502 -0.7501390329139643 0
    outer loop
      vertex -6.091226577758789 11.631153106689453 6.199999809265137
      vertex -6.105363845825195 11.618690490722656 0
      vertex -6.091226577758789 11.631153106689453 0
    endloop
  endfacet
  facet normal -0.9759160266868775 -0.21814653069828524 0
    outer loop
      vertex 6.194685935974121 11.45621395111084 0
      vertex 6.190574645996094 11.47460651397705 6.199999809265137
      vertex 6.190574645996094 11.47460651397705 0
    endloop
  endfacet
  facet normal -0.9759160266868775 -0.21814653069828524 0
    outer loop
      vertex 6.190574645996094 11.47460651397705 6.199999809265137
      vertex 6.194685935974121 11.45621395111084 0
      vertex 6.194685935974121 11.45621395111084 6.199999809265137
    endloop
  endfacet
  facet normal 0.7901362790005535 -0.6129312038125971 0
    outer loop
      vertex -6.142704963684082 11.576334953308105 6.199999809265137
      vertex -6.131153106689453 11.591226577758789 0
      vertex -6.131153106689453 11.591226577758789 6.199999809265137
    endloop
  endfacet
  facet normal 0.7901362790005535 -0.6129312038125971 0
    outer loop
      vertex -6.131153106689453 11.591226577758789 0
      vertex -6.142704963684082 11.576334953308105 6.199999809265137
      vertex -6.142704963684082 11.576334953308105 0
    endloop
  endfacet
  facet normal 0.7501390329139643 -0.6612801458526502 0
    outer loop
      vertex -6.131153106689453 11.591226577758789 6.199999809265137
      vertex -6.118690490722656 11.605363845825195 0
      vertex -6.118690490722656 11.605363845825195 6.199999809265137
    endloop
  endfacet
  facet normal 0.7501390329139643 -0.6612801458526502 0
    outer loop
      vertex -6.118690490722656 11.605363845825195 0
      vertex -6.131153106689453 11.591226577758789 6.199999809265137
      vertex -6.131153106689453 11.591226577758789 0
    endloop
  endfacet
  facet normal -0.9602845769652638 -0.2790224565203385 0
    outer loop
      vertex 6.190574645996094 11.47460651397705 0
      vertex 6.18531608581543 11.492704391479492 6.199999809265137
      vertex 6.18531608581543 11.492704391479492 0
    endloop
  endfacet
  facet normal -0.9602845769652638 -0.2790224565203385 0
    outer loop
      vertex 6.18531608581543 11.492704391479492 6.199999809265137
      vertex 6.190574645996094 11.47460651397705 0
      vertex 6.190574645996094 11.47460651397705 6.199999809265137
    endloop
  endfacet
  facet normal -0.09412132591765665 -0.9955607344645038 0
    outer loop
      vertex 5.91883659362793 11.699407577514648 0
      vertex 5.937599182128906 11.697633743286133 6.199999809265137
      vertex 5.91883659362793 11.699407577514648 6.199999809265137
    endloop
  endfacet
  facet normal -0.09412132591765665 -0.9955607344645038 0
    outer loop
      vertex 5.937599182128906 11.697633743286133 6.199999809265137
      vertex 5.91883659362793 11.699407577514648 0
      vertex 5.937599182128906 11.697633743286133 0
    endloop
  endfacet
  facet normal -0.7501390329139643 -0.6612801458526502 0
    outer loop
      vertex 6.131153106689453 11.591226577758789 0
      vertex 6.118690490722656 11.605363845825195 6.199999809265137
      vertex 6.118690490722656 11.605363845825195 0
    endloop
  endfacet
  facet normal -0.7501390329139643 -0.6612801458526502 0
    outer loop
      vertex 6.118690490722656 11.605363845825195 6.199999809265137
      vertex 6.131153106689453 11.591226577758789 0
      vertex 6.131153106689453 11.591226577758789 6.199999809265137
    endloop
  endfacet
  facet normal -0.45398111420685777 0.8910113062938652 0
    outer loop
      vertex 6.044526100158691 11.137107849121094 0
      vertex 6.027732849121094 11.128551483154297 6.199999809265137
      vertex 6.044526100158691 11.137107849121094 6.199999809265137
    endloop
  endfacet
  facet normal -0.45398111420685777 0.8910113062938652 0
    outer loop
      vertex 6.027732849121094 11.128551483154297 6.199999809265137
      vertex 6.044526100158691 11.137107849121094 0
      vertex 6.027732849121094 11.128551483154297 0
    endloop
  endfacet
  facet normal 0.9177573557291627 -0.3971415818131048 0
    outer loop
      vertex -6.178932189941406 11.51043701171875 6.199999809265137
      vertex -6.17144775390625 11.527732849121094 0
      vertex -6.17144775390625 11.527732849121094 6.199999809265137
    endloop
  endfacet
  facet normal 0.9177573557291627 -0.3971415818131048 0
    outer loop
      vertex -6.17144775390625 11.527732849121094 0
      vertex -6.178932189941406 11.51043701171875 6.199999809265137
      vertex -6.178932189941406 11.51043701171875 0
    endloop
  endfacet
  facet normal -0.9876910575159983 0.1564173101128164 0
    outer loop
      vertex 6.194685935974121 11.343785285949707 0
      vertex 6.197633743286133 11.362399101257324 6.199999809265137
      vertex 6.197633743286133 11.362399101257324 0
    endloop
  endfacet
  facet normal -0.9876910575159983 0.1564173101128164 0
    outer loop
      vertex 6.197633743286133 11.362399101257324 6.199999809265137
      vertex 6.194685935974121 11.343785285949707 0
      vertex 6.194685935974121 11.343785285949707 6.199999809265137
    endloop
  endfacet
  facet normal -0.9602845769652638 0.2790224565203385 0
    outer loop
      vertex 6.18531608581543 11.307294845581055 0
      vertex 6.190574645996094 11.325392723083496 6.199999809265137
      vertex 6.190574645996094 11.325392723083496 0
    endloop
  endfacet
  facet normal -0.9602845769652638 0.2790224565203385 0
    outer loop
      vertex 6.190574645996094 11.325392723083496 6.199999809265137
      vertex 6.18531608581543 11.307294845581055 0
      vertex 6.18531608581543 11.307294845581055 6.199999809265137
    endloop
  endfacet
  facet normal -0.21814653069828524 -0.9759160266868775 0
    outer loop
      vertex 5.95621395111084 11.694685935974121 0
      vertex 5.974606513977051 11.690574645996094 6.199999809265137
      vertex 5.95621395111084 11.694685935974121 6.199999809265137
    endloop
  endfacet
  facet normal -0.21814653069828524 -0.9759160266868775 0
    outer loop
      vertex 5.974606513977051 11.690574645996094 6.199999809265137
      vertex 5.95621395111084 11.694685935974121 0
      vertex 5.974606513977051 11.690574645996094 0
    endloop
  endfacet
  facet normal -0.9955611827124909 0.09411658449022786 0
    outer loop
      vertex 6.197633743286133 11.362399101257324 0
      vertex 6.199407577514648 11.381162643432617 6.199999809265137
      vertex 6.199407577514648 11.381162643432617 0
    endloop
  endfacet
  facet normal -0.9955611827124909 0.09411658449022786 0
    outer loop
      vertex 6.199407577514648 11.381162643432617 6.199999809265137
      vertex 6.197633743286133 11.362399101257324 0
      vertex 6.197633743286133 11.362399101257324 6.199999809265137
    endloop
  endfacet
  facet normal -0.6129312038125971 -0.7901362790005535 0
    outer loop
      vertex 6.0763349533081055 11.642704963684082 0
      vertex 6.091226577758789 11.631153106689453 6.199999809265137
      vertex 6.0763349533081055 11.642704963684082 6.199999809265137
    endloop
  endfacet
  facet normal -0.6129312038125971 -0.7901362790005535 0
    outer loop
      vertex 6.091226577758789 11.631153106689453 6.199999809265137
      vertex 6.0763349533081055 11.642704963684082 0
      vertex 6.091226577758789 11.631153106689453 0
    endloop
  endfacet
  facet normal -0.03142432711320473 -0.9995061338808694 0
    outer loop
      vertex 5.899999618530273 11.699999809265137 6
      vertex 5.91883659362793 11.699407577514648 6.199999809265137
      vertex 5.899999618530273 11.699999809265137 6.199999809265137
    endloop
  endfacet
  facet normal -0.03142432711320473 -0.9995061338808693 0
    outer loop
      vertex 5.899999618530273 11.699999809265137 5.59999942779541
      vertex 5.91883659362793 11.699407577514648 6.199999809265137
      vertex 5.899999618530273 11.699999809265137 6
    endloop
  endfacet
  facet normal -0.03142432711320473 -0.9995061338808694 0
    outer loop
      vertex 5.91883659362793 11.699407577514648 0
      vertex 5.899999618530273 11.699999809265137 5.59999942779541
      vertex 5.899999618530273 11.699999809265137 0
    endloop
  endfacet
  facet normal -0.03142432711320473 -0.9995061338808694 0
    outer loop
      vertex 5.899999618530273 11.699999809265137 5.59999942779541
      vertex 5.91883659362793 11.699407577514648 0
      vertex 5.91883659362793 11.699407577514648 6.199999809265137
    endloop
  endfacet
  facet normal 0.9408848315934861 -0.3387266356183068 0
    outer loop
      vertex -6.18531608581543 11.492704391479492 6.199999809265137
      vertex -6.178932189941406 11.51043701171875 0
      vertex -6.178932189941406 11.51043701171875 6.199999809265137
    endloop
  endfacet
  facet normal 0.9408848315934861 -0.3387266356183068 0
    outer loop
      vertex -6.178932189941406 11.51043701171875 0
      vertex -6.18531608581543 11.492704391479492 6.199999809265137
      vertex -6.18531608581543 11.492704391479492 0
    endloop
  endfacet
  facet normal 0.45398111420685777 0.8910113062938652 0
    outer loop
      vertex -6.027732849121094 11.128551483154297 0
      vertex -6.044526100158691 11.137107849121094 6.199999809265137
      vertex -6.027732849121094 11.128551483154297 6.199999809265137
    endloop
  endfacet
  facet normal 0.45398111420685777 0.8910113062938652 0
    outer loop
      vertex -6.044526100158691 11.137107849121094 6.199999809265137
      vertex -6.027732849121094 11.128551483154297 0
      vertex -6.044526100158691 11.137107849121094 0
    endloop
  endfacet
  facet normal 0.9759160266868775 0.21814653069828524 0
    outer loop
      vertex -6.190574645996094 11.325392723083496 6.199999809265137
      vertex -6.194685935974121 11.343785285949707 0
      vertex -6.194685935974121 11.343785285949707 6.199999809265137
    endloop
  endfacet
  facet normal 0.9759160266868775 0.21814653069828524 0
    outer loop
      vertex -6.194685935974121 11.343785285949707 0
      vertex -6.190574645996094 11.325392723083496 6.199999809265137
      vertex -6.190574645996094 11.325392723083496 0
    endloop
  endfacet
  facet normal 0.21814653069828524 0.9759160266868775 0
    outer loop
      vertex -5.95621395111084 11.105313301086426 0
      vertex -5.974606513977051 11.109424591064453 6.199999809265137
      vertex -5.95621395111084 11.105313301086426 6.199999809265137
    endloop
  endfacet
  facet normal 0.21814653069828524 0.9759160266868775 0
    outer loop
      vertex -5.974606513977051 11.109424591064453 6.199999809265137
      vertex -5.95621395111084 11.105313301086426 0
      vertex -5.974606513977051 11.109424591064453 0
    endloop
  endfacet
  facet normal 0.3971415818131048 0.9177573557291627 0
    outer loop
      vertex -6.01043701171875 11.12106704711914 0
      vertex -6.027732849121094 11.128551483154297 6.199999809265137
      vertex -6.01043701171875 11.12106704711914 6.199999809265137
    endloop
  endfacet
  facet normal 0.3971415818131048 0.9177573557291627 0
    outer loop
      vertex -6.027732849121094 11.128551483154297 6.199999809265137
      vertex -6.01043701171875 11.12106704711914 0
      vertex -6.027732849121094 11.128551483154297 0
    endloop
  endfacet
  facet normal -0.9408848315934861 -0.3387266356183068 0
    outer loop
      vertex 6.18531608581543 11.492704391479492 0
      vertex 6.178932189941406 11.51043701171875 6.199999809265137
      vertex 6.178932189941406 11.51043701171875 0
    endloop
  endfacet
  facet normal -0.9408848315934861 -0.3387266356183068 0
    outer loop
      vertex 6.178932189941406 11.51043701171875 6.199999809265137
      vertex 6.18531608581543 11.492704391479492 0
      vertex 6.18531608581543 11.492704391479492 6.199999809265137
    endloop
  endfacet
  facet normal -0.3971415818131048 0.9177573557291627 0
    outer loop
      vertex 6.027732849121094 11.128551483154297 0
      vertex 6.01043701171875 11.12106704711914 6.199999809265137
      vertex 6.027732849121094 11.128551483154297 6.199999809265137
    endloop
  endfacet
  facet normal -0.3971415818131048 0.9177573557291627 0
    outer loop
      vertex 6.01043701171875 11.12106704711914 6.199999809265137
      vertex 6.027732849121094 11.128551483154297 0
      vertex 6.01043701171875 11.12106704711914 0
    endloop
  endfacet
  facet normal 0.15640949256927125 0.9876922955223569 0
    outer loop
      vertex -5.937599182128906 11.102365493774414 0
      vertex -5.95621395111084 11.105313301086426 6.199999809265137
      vertex -5.937599182128906 11.102365493774414 6.199999809265137
    endloop
  endfacet
  facet normal 0.15640949256927125 0.9876922955223569 0
    outer loop
      vertex -5.95621395111084 11.105313301086426 6.199999809265137
      vertex -5.937599182128906 11.102365493774414 0
      vertex -5.95621395111084 11.105313301086426 0
    endloop
  endfacet
  facet normal 0.9955611827124909 0.09411658449022786 0
    outer loop
      vertex -6.197633743286133 11.362399101257324 6.199999809265137
      vertex -6.199407577514648 11.381162643432617 0
      vertex -6.199407577514648 11.381162643432617 6.199999809265137
    endloop
  endfacet
  facet normal 0.9955611827124909 0.09411658449022786 0
    outer loop
      vertex -6.199407577514648 11.381162643432617 0
      vertex -6.197633743286133 11.362399101257324 6.199999809265137
      vertex -6.197633743286133 11.362399101257324 0
    endloop
  endfacet
  facet normal 0.9408848315934861 0.3387266356183068 0
    outer loop
      vertex -6.178932189941406 11.289562225341797 6.199999809265137
      vertex -6.18531608581543 11.307294845581055 0
      vertex -6.18531608581543 11.307294845581055 6.199999809265137
    endloop
  endfacet
  facet normal 0.9408848315934861 0.3387266356183068 0
    outer loop
      vertex -6.18531608581543 11.307294845581055 0
      vertex -6.178932189941406 11.289562225341797 6.199999809265137
      vertex -6.178932189941406 11.289562225341797 0
    endloop
  endfacet
  facet normal -0.45398111420685777 -0.8910113062938652 0
    outer loop
      vertex 6.027732849121094 11.67144775390625 0
      vertex 6.044526100158691 11.662891387939453 6.199999809265137
      vertex 6.027732849121094 11.67144775390625 6.199999809265137
    endloop
  endfacet
  facet normal -0.45398111420685777 -0.8910113062938652 0
    outer loop
      vertex 6.044526100158691 11.662891387939453 6.199999809265137
      vertex 6.027732849121094 11.67144775390625 0
      vertex 6.044526100158691 11.662891387939453 0
    endloop
  endfacet
  facet normal -0.6128996112958489 0.7901607852034909 0
    outer loop
      vertex 6.091226577758789 11.168845176696777 0
      vertex 6.0763349533081055 11.157294273376465 6.199999809265137
      vertex 6.091226577758789 11.168845176696777 6.199999809265137
    endloop
  endfacet
  facet normal -0.6128996112958489 0.7901607852034909 0
    outer loop
      vertex 6.0763349533081055 11.157294273376465 6.199999809265137
      vertex 6.091226577758789 11.168845176696777 0
      vertex 6.0763349533081055 11.157294273376465 0
    endloop
  endfacet
  facet normal 0.2790224565203385 -0.9602845769652638 0
    outer loop
      vertex -5.992704391479492 11.68531608581543 0
      vertex -5.974606513977051 11.690574645996094 6.199999809265137
      vertex -5.992704391479492 11.68531608581543 6.199999809265137
    endloop
  endfacet
  facet normal 0.2790224565203385 -0.9602845769652638 0
    outer loop
      vertex -5.974606513977051 11.690574645996094 6.199999809265137
      vertex -5.992704391479492 11.68531608581543 0
      vertex -5.974606513977051 11.690574645996094 0
    endloop
  endfacet
  facet normal 0.9602845769652638 0.2790224565203385 0
    outer loop
      vertex -6.18531608581543 11.307294845581055 6.199999809265137
      vertex -6.190574645996094 11.325392723083496 0
      vertex -6.190574645996094 11.325392723083496 6.199999809265137
    endloop
  endfacet
  facet normal 0.9602845769652638 0.2790224565203385 0
    outer loop
      vertex -6.190574645996094 11.325392723083496 0
      vertex -6.18531608581543 11.307294845581055 6.199999809265137
      vertex -6.18531608581543 11.307294845581055 0
    endloop
  endfacet
  facet normal -0.3387266356183068 -0.9408848315934861 0
    outer loop
      vertex 5.992704391479492 11.68531608581543 0
      vertex 6.01043701171875 11.678932189941406 6.199999809265137
      vertex 5.992704391479492 11.68531608581543 6.199999809265137
    endloop
  endfacet
  facet normal -0.3387266356183068 -0.9408848315934861 0
    outer loop
      vertex 6.01043701171875 11.678932189941406 6.199999809265137
      vertex 5.992704391479492 11.68531608581543 0
      vertex 6.01043701171875 11.678932189941406 0
    endloop
  endfacet
  facet normal -0.5090378705197731 -0.8607441236376202 0
    outer loop
      vertex 6.044526100158691 11.662891387939453 0
      vertex 6.060747146606445 11.653298377990723 6.199999809265137
      vertex 6.044526100158691 11.662891387939453 6.199999809265137
    endloop
  endfacet
  facet normal -0.5090378705197731 -0.8607441236376202 0
    outer loop
      vertex 6.060747146606445 11.653298377990723 6.199999809265137
      vertex 6.044526100158691 11.662891387939453 0
      vertex 6.060747146606445 11.653298377990723 0
    endloop
  endfacet
  facet normal 0.7501390329139643 0.6612801458526502 0
    outer loop
      vertex -6.118690490722656 11.194635391235352 6.199999809265137
      vertex -6.131153106689453 11.208772659301758 0
      vertex -6.131153106689453 11.208772659301758 6.199999809265137
    endloop
  endfacet
  facet normal 0.7501390329139643 0.6612801458526502 0
    outer loop
      vertex -6.131153106689453 11.208772659301758 0
      vertex -6.118690490722656 11.194635391235352 6.199999809265137
      vertex -6.118690490722656 11.194635391235352 0
    endloop
  endfacet
  facet normal -0.27897579257001254 0.9602981345186156 0
    outer loop
      vertex 5.992704391479492 11.1146821975708 0
      vertex 5.974606513977051 11.109424591064453 6.199999809265137
      vertex 5.992704391479492 11.1146821975708 6.199999809265137
    endloop
  endfacet
  facet normal -0.27897579257001254 0.9602981345186156 0
    outer loop
      vertex 5.974606513977051 11.109424591064453 6.199999809265137
      vertex 5.992704391479492 11.1146821975708 0
      vertex 5.974606513977051 11.109424591064453 0
    endloop
  endfacet
  facet normal -0.5620816287937686 0.8270817629306938 0
    outer loop
      vertex 6.0763349533081055 11.157294273376465 0
      vertex 6.060747146606445 11.146700859069824 6.199999809265137
      vertex 6.0763349533081055 11.157294273376465 6.199999809265137
    endloop
  endfacet
  facet normal -0.5620816287937686 0.8270817629306938 0
    outer loop
      vertex 6.060747146606445 11.146700859069824 6.199999809265137
      vertex 6.0763349533081055 11.157294273376465 0
      vertex 6.060747146606445 11.146700859069824 0
    endloop
  endfacet
  facet normal 0.6128996112958489 0.7901607852034909 0
    outer loop
      vertex -6.0763349533081055 11.157294273376465 0
      vertex -6.091226577758789 11.168845176696777 6.199999809265137
      vertex -6.0763349533081055 11.157294273376465 6.199999809265137
    endloop
  endfacet
  facet normal 0.6128996112958489 0.7901607852034909 0
    outer loop
      vertex -6.091226577758789 11.168845176696777 6.199999809265137
      vertex -6.0763349533081055 11.157294273376465 0
      vertex -6.091226577758789 11.168845176696777 0
    endloop
  endfacet
  facet normal 0.27897579257001254 0.9602981345186156 0
    outer loop
      vertex -5.974606513977051 11.109424591064453 0
      vertex -5.992704391479492 11.1146821975708 6.199999809265137
      vertex -5.974606513977051 11.109424591064453 6.199999809265137
    endloop
  endfacet
  facet normal 0.27897579257001254 0.9602981345186156 0
    outer loop
      vertex -5.992704391479492 11.1146821975708 6.199999809265137
      vertex -5.974606513977051 11.109424591064453 0
      vertex -5.992704391479492 11.1146821975708 0
    endloop
  endfacet
  facet normal 0.8910008770345683 0.45400158273251634 0
    outer loop
      vertex -6.162891387939453 11.255473136901855 6.199999809265137
      vertex -6.17144775390625 11.272265434265137 0
      vertex -6.17144775390625 11.272265434265137 6.199999809265137
    endloop
  endfacet
  facet normal 0.8910008770345683 0.45400158273251634 0
    outer loop
      vertex -6.17144775390625 11.272265434265137 0
      vertex -6.162891387939453 11.255473136901855 6.199999809265137
      vertex -6.162891387939453 11.255473136901855 0
    endloop
  endfacet
  facet normal 0.09412132591765665 -0.9955607344645038 0
    outer loop
      vertex -5.937599182128906 11.697633743286133 0
      vertex -5.91883659362793 11.699407577514648 6.199999809265137
      vertex -5.937599182128906 11.697633743286133 6.199999809265137
    endloop
  endfacet
  facet normal 0.09412132591765665 -0.9955607344645038 0
    outer loop
      vertex -5.91883659362793 11.699407577514648 6.199999809265137
      vertex -5.937599182128906 11.697633743286133 0
      vertex -5.91883659362793 11.699407577514648 0
    endloop
  endfacet
  facet normal 0 0 -1
    outer loop
      vertex 6.199407577514648 11.381162643432617 6.199999809265137
      vertex 6.199407577514648 11.41883659362793 6.199999809265137
      vertex 6.199999809265137 11.399999618530273 6.199999809265137
    endloop
  endfacet
  facet normal 0 0 -1
    outer loop
      vertex 6.197633743286133 11.362399101257324 6.199999809265137
      vertex 6.199407577514648 11.41883659362793 6.199999809265137
      vertex 6.199407577514648 11.381162643432617 6.199999809265137
    endloop
  endfacet
  facet normal 0 0 -1
    outer loop
      vertex 6.197633743286133 11.362399101257324 6.199999809265137
      vertex 6.197633743286133 11.437599182128906 6.199999809265137
      vertex 6.199407577514648 11.41883659362793 6.199999809265137
    endloop
  endfacet
  facet normal 0 0 -1
    outer loop
      vertex 6.194685935974121 11.343785285949707 6.199999809265137
      vertex 6.197633743286133 11.437599182128906 6.199999809265137
      vertex 6.197633743286133 11.362399101257324 6.199999809265137
    endloop
  endfacet
  facet normal 0 0 -1
    outer loop
      vertex 6.194685935974121 11.343785285949707 6.199999809265137
      vertex 6.194685935974121 11.45621395111084 6.199999809265137
      vertex 6.197633743286133 11.437599182128906 6.199999809265137
    endloop
  endfacet
  facet normal 0 0 -1
    outer loop
      vertex 6.190574645996094 11.325392723083496 6.199999809265137
      vertex 6.194685935974121 11.45621395111084 6.199999809265137
      vertex 6.194685935974121 11.343785285949707 6.199999809265137
    endloop
  endfacet
  facet normal 0 0 -1
    outer loop
      vertex 6.190574645996094 11.325392723083496 6.199999809265137
      vertex 6.190574645996094 11.47460651397705 6.199999809265137
      vertex 6.194685935974121 11.45621395111084 6.199999809265137
    endloop
  endfacet
  facet normal 0 0 -1
    outer loop
      vertex 6.18531608581543 11.307294845581055 6.199999809265137
      vertex 6.190574645996094 11.47460651397705 6.199999809265137
      vertex 6.190574645996094 11.325392723083496 6.199999809265137
    endloop
  endfacet
  facet normal 0 0 -1
    outer loop
      vertex 6.18531608581543 11.307294845581055 6.199999809265137
      vertex 6.18531608581543 11.492704391479492 6.199999809265137
      vertex 6.190574645996094 11.47460651397705 6.199999809265137
    endloop
  endfacet
  facet normal 0 0 -1
    outer loop
      vertex 6.178932189941406 11.289562225341797 6.199999809265137
      vertex 6.18531608581543 11.492704391479492 6.199999809265137
      vertex 6.18531608581543 11.307294845581055 6.199999809265137
    endloop
  endfacet
  facet normal 0 0 -1
    outer loop
      vertex 6.178932189941406 11.289562225341797 6.199999809265137
      vertex 6.178932189941406 11.51043701171875 6.199999809265137
      vertex 6.18531608581543 11.492704391479492 6.199999809265137
    endloop
  endfacet
  facet normal 0 0 -1
    outer loop
      vertex 6.17144775390625 11.272265434265137 6.199999809265137
      vertex 6.178932189941406 11.51043701171875 6.199999809265137
      vertex 6.178932189941406 11.289562225341797 6.199999809265137
    endloop
  endfacet
  facet normal 0 0 -1
    outer loop
      vertex 6.17144775390625 11.272265434265137 6.199999809265137
      vertex 6.17144775390625 11.527732849121094 6.199999809265137
      vertex 6.178932189941406 11.51043701171875 6.199999809265137
    endloop
  endfacet
  facet normal 0 0 -1
    outer loop
      vertex 6.162891387939453 11.255473136901855 6.199999809265137
      vertex 6.17144775390625 11.527732849121094 6.199999809265137
      vertex 6.17144775390625 11.272265434265137 6.199999809265137
    endloop
  endfacet
  facet normal 0 0 -1
    outer loop
      vertex 6.162891387939453 11.255473136901855 6.199999809265137
      vertex 6.162891387939453 11.544526100158691 6.199999809265137
      vertex 6.17144775390625 11.527732849121094 6.199999809265137
    endloop
  endfacet
  facet normal 0 0 -1
    outer loop
      vertex 6.153298377990723 11.239251136779785 6.199999809265137
      vertex 6.162891387939453 11.544526100158691 6.199999809265137
      vertex 6.162891387939453 11.255473136901855 6.199999809265137
    endloop
  endfacet
  facet normal 0 0 -1
    outer loop
      vertex 6.153298377990723 11.239251136779785 6.199999809265137
      vertex 6.153298377990723 11.560747146606445 6.199999809265137
      vertex 6.162891387939453 11.544526100158691 6.199999809265137
    endloop
  endfacet
  facet normal 0 0 -1
    outer loop
      vertex 6.142704963684082 11.223664283752441 6.199999809265137
      vertex 6.153298377990723 11.560747146606445 6.199999809265137
      vertex 6.153298377990723 11.239251136779785 6.199999809265137
    endloop
  endfacet
  facet normal 0 0 -1
    outer loop
      vertex 6.142704963684082 11.223664283752441 6.199999809265137
      vertex 6.142704963684082 11.576334953308105 6.199999809265137
      vertex 6.153298377990723 11.560747146606445 6.199999809265137
    endloop
  endfacet
  facet normal 0 0 -1
    outer loop
      vertex 6.131153106689453 11.208772659301758 6.199999809265137
      vertex 6.142704963684082 11.576334953308105 6.199999809265137
      vertex 6.142704963684082 11.223664283752441 6.199999809265137
    endloop
  endfacet
  facet normal 0 0 -1
    outer loop
      vertex 6.131153106689453 11.208772659301758 6.199999809265137
      vertex 6.131153106689453 11.591226577758789 6.199999809265137
      vertex 6.142704963684082 11.576334953308105 6.199999809265137
    endloop
  endfacet
  facet normal 0 0 -1
    outer loop
      vertex 6.118690490722656 11.194635391235352 6.199999809265137
      vertex 6.131153106689453 11.591226577758789 6.199999809265137
      vertex 6.131153106689453 11.208772659301758 6.199999809265137
    endloop
  endfacet
  facet normal 0 0 -1
    outer loop
      vertex 6.118690490722656 11.194635391235352 6.199999809265137
      vertex 6.118690490722656 11.605363845825195 6.199999809265137
      vertex 6.131153106689453 11.591226577758789 6.199999809265137
    endloop
  endfacet
  facet normal 0 0 -1
    outer loop
      vertex 6.105363845825195 11.18130874633789 6.199999809265137
      vertex 6.118690490722656 11.605363845825195 6.199999809265137
      vertex 6.118690490722656 11.194635391235352 6.199999809265137
    endloop
  endfacet
  facet normal 0 0 -1
    outer loop
      vertex 6.105363845825195 11.18130874633789 6.199999809265137
      vertex 6.105363845825195 11.618690490722656 6.199999809265137
      vertex 6.118690490722656 11.605363845825195 6.199999809265137
    endloop
  endfacet
  facet normal 0 0 -1
    outer loop
      vertex 6.091226577758789 11.168845176696777 6.199999809265137
      vertex 6.105363845825195 11.618690490722656 6.199999809265137
      vertex 6.105363845825195 11.18130874633789 6.199999809265137
    endloop
  endfacet
  facet normal 0 0 -1
    outer loop
      vertex 6.091226577758789 11.168845176696777 6.199999809265137
      vertex 6.091226577758789 11.631153106689453 6.199999809265137
      vertex 6.105363845825195 11.618690490722656 6.199999809265137
    endloop
  endfacet
  facet normal 0 0 -1
    outer loop
      vertex 6.0763349533081055 11.157294273376465 6.199999809265137
      vertex 6.091226577758789 11.631153106689453 6.199999809265137
      vertex 6.091226577758789 11.168845176696777 6.199999809265137
    endloop
  endfacet
  facet normal 0 0 -1
    outer loop
      vertex 6.0763349533081055 11.157294273376465 6.199999809265137
      vertex 6.0763349533081055 11.642704963684082 6.199999809265137
      vertex 6.091226577758789 11.631153106689453 6.199999809265137
    endloop
  endfacet
  facet normal 0 0 -1
    outer loop
      vertex 6.060747146606445 11.146700859069824 6.199999809265137
      vertex 6.0763349533081055 11.642704963684082 6.199999809265137
      vertex 6.0763349533081055 11.157294273376465 6.199999809265137
    endloop
  endfacet
  facet normal 0 0 -1
    outer loop
      vertex 6.060747146606445 11.146700859069824 6.199999809265137
      vertex 6.060747146606445 11.653298377990723 6.199999809265137
      vertex 6.0763349533081055 11.642704963684082 6.199999809265137
    endloop
  endfacet
  facet normal 0 0 -1
    outer loop
      vertex 6.044526100158691 11.137107849121094 6.199999809265137
      vertex 6.060747146606445 11.653298377990723 6.199999809265137
      vertex 6.060747146606445 11.146700859069824 6.199999809265137
    endloop
  endfacet
  facet normal 0 0 -1
    outer loop
      vertex 6.044526100158691 11.137107849121094 6.199999809265137
      vertex 6.044526100158691 11.662891387939453 6.199999809265137
      vertex 6.060747146606445 11.653298377990723 6.199999809265137
    endloop
  endfacet
  facet normal 0 0 -1
    outer loop
      vertex 6.027732849121094 11.128551483154297 6.199999809265137
      vertex 6.044526100158691 11.662891387939453 6.199999809265137
      vertex 6.044526100158691 11.137107849121094 6.199999809265137
    endloop
  endfacet
  facet normal 0 0 -1
    outer loop
      vertex 6.027732849121094 11.128551483154297 6.199999809265137
      vertex 6.027732849121094 11.67144775390625 6.199999809265137
      vertex 6.044526100158691 11.662891387939453 6.199999809265137
    endloop
  endfacet
  facet normal 0 0 -1
    outer loop
      vertex 6.01043701171875 11.12106704711914 6.199999809265137
      vertex 6.027732849121094 11.67144775390625 6.199999809265137
      vertex 6.027732849121094 11.128551483154297 6.199999809265137
    endloop
  endfacet
  facet normal 0 0 -1
    outer loop
      vertex 6.01043701171875 11.12106704711914 6.199999809265137
      vertex 6.01043701171875 11.678932189941406 6.199999809265137
      vertex 6.027732849121094 11.67144775390625 6.199999809265137
    endloop
  endfacet
  facet normal 0 0 -1
    outer loop
      vertex 5.992704391479492 11.1146821975708 6.199999809265137
      vertex 6.01043701171875 11.678932189941406 6.199999809265137
      vertex 6.01043701171875 11.12106704711914 6.199999809265137
    endloop
  endfacet
  facet normal 0 0 -1
    outer loop
      vertex 5.992704391479492 11.1146821975708 6.199999809265137
      vertex 5.992704391479492 11.68531608581543 6.199999809265137
      vertex 6.01043701171875 11.678932189941406 6.199999809265137
    endloop
  endfacet
  facet normal 0 0 -1
    outer loop
      vertex 5.974606513977051 11.109424591064453 6.199999809265137
      vertex 5.992704391479492 11.68531608581543 6.199999809265137
      vertex 5.992704391479492 11.1146821975708 6.199999809265137
    endloop
  endfacet
  facet normal 0 0 -1
    outer loop
      vertex 5.974606513977051 11.109424591064453 6.199999809265137
      vertex 5.974606513977051 11.690574645996094 6.199999809265137
      vertex 5.992704391479492 11.68531608581543 6.199999809265137
    endloop
  endfacet
  facet normal 0 0 -1
    outer loop
      vertex 5.95621395111084 11.105313301086426 6.199999809265137
      vertex 5.974606513977051 11.690574645996094 6.199999809265137
      vertex 5.974606513977051 11.109424591064453 6.199999809265137
    endloop
  endfacet
  facet normal 0 0 -1
    outer loop
      vertex 5.95621395111084 11.105313301086426 6.199999809265137
      vertex 5.95621395111084 11.694685935974121 6.199999809265137
      vertex 5.974606513977051 11.690574645996094 6.199999809265137
    endloop
  endfacet
  facet normal 0 0 -1
    outer loop
      vertex 5.937599182128906 11.102365493774414 6.199999809265137
      vertex 5.95621395111084 11.694685935974121 6.199999809265137
      vertex 5.95621395111084 11.105313301086426 6.199999809265137
    endloop
  endfacet
  facet normal 0 0 -1
    outer loop
      vertex 5.937599182128906 11.102365493774414 6.199999809265137
      vertex 5.937599182128906 11.697633743286133 6.199999809265137
      vertex 5.95621395111084 11.694685935974121 6.199999809265137
    endloop
  endfacet
  facet normal 0 0 -1
    outer loop
      vertex 5.91883659362793 11.100591659545898 6.199999809265137
      vertex 5.937599182128906 11.697633743286133 6.199999809265137
      vertex 5.937599182128906 11.102365493774414 6.199999809265137
    endloop
  endfacet
  facet normal 0 0 -1
    outer loop
      vertex 5.91883659362793 11.100591659545898 6.199999809265137
      vertex 5.91883659362793 11.699407577514648 6.199999809265137
      vertex 5.937599182128906 11.697633743286133 6.199999809265137
    endloop
  endfacet
  facet normal 0 0 -1
    outer loop
      vertex 5.899999618530273 11.09999942779541 6.199999809265137
      vertex 5.91883659362793 11.699407577514648 6.199999809265137
      vertex 5.91883659362793 11.100591659545898 6.199999809265137
    endloop
  endfacet
  facet normal 0 0 -1
    outer loop
      vertex 5.899999618530273 11.09999942779541 6.199999809265137
      vertex 5.899999618530273 11.699999809265137 6.199999809265137
      vertex 5.91883659362793 11.699407577514648 6.199999809265137
    endloop
  endfacet
  facet normal 0 0 -1
    outer loop
      vertex -5.899999618530273 11.09999942779541 6.199999809265137
      vertex 5.899999618530273 11.699999809265137 6.199999809265137
      vertex 5.899999618530273 11.09999942779541 6.199999809265137
    endloop
  endfacet
  facet normal 0 0 -1
    outer loop
      vertex -5.899999618530273 11.09999942779541 6.199999809265137
      vertex -5.899999618530273 11.699999809265137 6.199999809265137
      vertex 5.899999618530273 11.699999809265137 6.199999809265137
    endloop
  endfacet
  facet normal 0 0 -1
    outer loop
      vertex -5.91883659362793 11.100591659545898 6.199999809265137
      vertex -5.899999618530273 11.699999809265137 6.199999809265137
      vertex -5.899999618530273 11.09999942779541 6.199999809265137
    endloop
  endfacet
  facet normal 0 0 -1
    outer loop
      vertex -5.91883659362793 11.100591659545898 6.199999809265137
      vertex -5.91883659362793 11.699407577514648 6.199999809265137
      vertex -5.899999618530273 11.699999809265137 6.199999809265137
    endloop
  endfacet
  facet normal 0 0 -1
    outer loop
      vertex -5.937599182128906 11.102365493774414 6.199999809265137
      vertex -5.91883659362793 11.699407577514648 6.199999809265137
      vertex -5.91883659362793 11.100591659545898 6.199999809265137
    endloop
  endfacet
  facet normal 0 0 -1
    outer loop
      vertex -5.937599182128906 11.102365493774414 6.199999809265137
      vertex -5.937599182128906 11.697633743286133 6.199999809265137
      vertex -5.91883659362793 11.699407577514648 6.199999809265137
    endloop
  endfacet
  facet normal 0 0 -1
    outer loop
      vertex -5.95621395111084 11.105313301086426 6.199999809265137
      vertex -5.937599182128906 11.697633743286133 6.199999809265137
      vertex -5.937599182128906 11.102365493774414 6.199999809265137
    endloop
  endfacet
  facet normal 0 0 -1
    outer loop
      vertex -5.95621395111084 11.105313301086426 6.199999809265137
      vertex -5.95621395111084 11.694685935974121 6.199999809265137
      vertex -5.937599182128906 11.697633743286133 6.199999809265137
    endloop
  endfacet
  facet normal 0 0 -1
    outer loop
      vertex -5.974606513977051 11.109424591064453 6.199999809265137
      vertex -5.95621395111084 11.694685935974121 6.199999809265137
      vertex -5.95621395111084 11.105313301086426 6.199999809265137
    endloop
  endfacet
  facet normal 0 0 -1
    outer loop
      vertex -5.974606513977051 11.109424591064453 6.199999809265137
      vertex -5.974606513977051 11.690574645996094 6.199999809265137
      vertex -5.95621395111084 11.694685935974121 6.199999809265137
    endloop
  endfacet
  facet normal 0 0 -1
    outer loop
      vertex -5.992704391479492 11.1146821975708 6.199999809265137
      vertex -5.974606513977051 11.690574645996094 6.199999809265137
      vertex -5.974606513977051 11.109424591064453 6.199999809265137
    endloop
  endfacet
  facet normal 0 0 -1
    outer loop
      vertex -5.992704391479492 11.1146821975708 6.199999809265137
      vertex -5.992704391479492 11.68531608581543 6.199999809265137
      vertex -5.974606513977051 11.690574645996094 6.199999809265137
    endloop
  endfacet
  facet normal 0 0 -1
    outer loop
      vertex -6.01043701171875 11.12106704711914 6.199999809265137
      vertex -5.992704391479492 11.68531608581543 6.199999809265137
      vertex -5.992704391479492 11.1146821975708 6.199999809265137
    endloop
  endfacet
  facet normal 0 0 -1
    outer loop
      vertex -6.01043701171875 11.12106704711914 6.199999809265137
      vertex -6.01043701171875 11.678932189941406 6.199999809265137
      vertex -5.992704391479492 11.68531608581543 6.199999809265137
    endloop
  endfacet
  facet normal 0 0 -1
    outer loop
      vertex -6.027732849121094 11.128551483154297 6.199999809265137
      vertex -6.01043701171875 11.678932189941406 6.199999809265137
      vertex -6.01043701171875 11.12106704711914 6.199999809265137
    endloop
  endfacet
  facet normal 0 0 -1
    outer loop
      vertex -6.027732849121094 11.128551483154297 6.199999809265137
      vertex -6.027732849121094 11.67144775390625 6.199999809265137
      vertex -6.01043701171875 11.678932189941406 6.199999809265137
    endloop
  endfacet
  facet normal 0 0 -1
    outer loop
      vertex -6.044526100158691 11.137107849121094 6.199999809265137
      vertex -6.027732849121094 11.67144775390625 6.199999809265137
      vertex -6.027732849121094 11.128551483154297 6.199999809265137
    endloop
  endfacet
  facet normal 0 0 -1
    outer loop
      vertex -6.044526100158691 11.137107849121094 6.199999809265137
      vertex -6.044526100158691 11.662891387939453 6.199999809265137
      vertex -6.027732849121094 11.67144775390625 6.199999809265137
    endloop
  endfacet
  facet normal 0 0 -1
    outer loop
      vertex -6.060747146606445 11.146700859069824 6.199999809265137
      vertex -6.044526100158691 11.662891387939453 6.199999809265137
      vertex -6.044526100158691 11.137107849121094 6.199999809265137
    endloop
  endfacet
  facet normal 0 0 -1
    outer loop
      vertex -6.060747146606445 11.146700859069824 6.199999809265137
      vertex -6.060747146606445 11.653298377990723 6.199999809265137
      vertex -6.044526100158691 11.662891387939453 6.199999809265137
    endloop
  endfacet
  facet normal 0 0 -1
    outer loop
      vertex -6.0763349533081055 11.157294273376465 6.199999809265137
      vertex -6.060747146606445 11.653298377990723 6.199999809265137
      vertex -6.060747146606445 11.146700859069824 6.199999809265137
    endloop
  endfacet
  facet normal 0 0 -1
    outer loop
      vertex -6.0763349533081055 11.157294273376465 6.199999809265137
      vertex -6.0763349533081055 11.642704963684082 6.199999809265137
      vertex -6.060747146606445 11.653298377990723 6.199999809265137
    endloop
  endfacet
  facet normal 0 0 -1
    outer loop
      vertex -6.091226577758789 11.168845176696777 6.199999809265137
      vertex -6.0763349533081055 11.642704963684082 6.199999809265137
      vertex -6.0763349533081055 11.157294273376465 6.199999809265137
    endloop
  endfacet
  facet normal 0 0 -1
    outer loop
      vertex -6.091226577758789 11.168845176696777 6.199999809265137
      vertex -6.091226577758789 11.631153106689453 6.199999809265137
      vertex -6.0763349533081055 11.642704963684082 6.199999809265137
    endloop
  endfacet
  facet normal 0 0 -1
    outer loop
      vertex -6.105363845825195 11.18130874633789 6.199999809265137
      vertex -6.091226577758789 11.631153106689453 6.199999809265137
      vertex -6.091226577758789 11.168845176696777 6.199999809265137
    endloop
  endfacet
  facet normal 0 0 -1
    outer loop
      vertex -6.105363845825195 11.18130874633789 6.199999809265137
      vertex -6.105363845825195 11.618690490722656 6.199999809265137
      vertex -6.091226577758789 11.631153106689453 6.199999809265137
    endloop
  endfacet
  facet normal 0 0 -1
    outer loop
      vertex -6.118690490722656 11.194635391235352 6.199999809265137
      vertex -6.105363845825195 11.618690490722656 6.199999809265137
      vertex -6.105363845825195 11.18130874633789 6.199999809265137
    endloop
  endfacet
  facet normal 0 0 -1
    outer loop
      vertex -6.118690490722656 11.194635391235352 6.199999809265137
      vertex -6.118690490722656 11.605363845825195 6.199999809265137
      vertex -6.105363845825195 11.618690490722656 6.199999809265137
    endloop
  endfacet
  facet normal 0 0 -1
    outer loop
      vertex -6.131153106689453 11.208772659301758 6.199999809265137
      vertex -6.118690490722656 11.605363845825195 6.199999809265137
      vertex -6.118690490722656 11.194635391235352 6.199999809265137
    endloop
  endfacet
  facet normal 0 0 -1
    outer loop
      vertex -6.131153106689453 11.208772659301758 6.199999809265137
      vertex -6.131153106689453 11.591226577758789 6.199999809265137
      vertex -6.118690490722656 11.605363845825195 6.199999809265137
    endloop
  endfacet
  facet normal 0 0 -1
    outer loop
      vertex -6.142704963684082 11.223664283752441 6.199999809265137
      vertex -6.131153106689453 11.591226577758789 6.199999809265137
      vertex -6.131153106689453 11.208772659301758 6.199999809265137
    endloop
  endfacet
  facet normal 0 0 -1
    outer loop
      vertex -6.142704963684082 11.223664283752441 6.199999809265137
      vertex -6.142704963684082 11.576334953308105 6.199999809265137
      vertex -6.131153106689453 11.591226577758789 6.199999809265137
    endloop
  endfacet
  facet normal 0 0 -1
    outer loop
      vertex -6.153298377990723 11.239251136779785 6.199999809265137
      vertex -6.142704963684082 11.576334953308105 6.199999809265137
      vertex -6.142704963684082 11.223664283752441 6.199999809265137
    endloop
  endfacet
  facet normal 0 0 -1
    outer loop
      vertex -6.153298377990723 11.239251136779785 6.199999809265137
      vertex -6.153298377990723 11.560747146606445 6.199999809265137
      vertex -6.142704963684082 11.576334953308105 6.199999809265137
    endloop
  endfacet
  facet normal 0 0 -1
    outer loop
      vertex -6.162891387939453 11.255473136901855 6.199999809265137
      vertex -6.153298377990723 11.560747146606445 6.199999809265137
      vertex -6.153298377990723 11.239251136779785 6.199999809265137
    endloop
  endfacet
  facet normal 0 0 -1
    outer loop
      vertex -6.162891387939453 11.255473136901855 6.199999809265137
      vertex -6.162891387939453 11.544526100158691 6.199999809265137
      vertex -6.153298377990723 11.560747146606445 6.199999809265137
    endloop
  endfacet
  facet normal 0 0 -1
    outer loop
      vertex -6.17144775390625 11.272265434265137 6.199999809265137
      vertex -6.162891387939453 11.544526100158691 6.199999809265137
      vertex -6.162891387939453 11.255473136901855 6.199999809265137
    endloop
  endfacet
  facet normal 0 0 -1
    outer loop
      vertex -6.17144775390625 11.272265434265137 6.199999809265137
      vertex -6.17144775390625 11.527732849121094 6.199999809265137
      vertex -6.162891387939453 11.544526100158691 6.199999809265137
    endloop
  endfacet
  facet normal 0 0 -1
    outer loop
      vertex -6.178932189941406 11.289562225341797 6.199999809265137
      vertex -6.17144775390625 11.527732849121094 6.199999809265137
      vertex -6.17144775390625 11.272265434265137 6.199999809265137
    endloop
  endfacet
  facet normal 0 0 -1
    outer loop
      vertex -6.178932189941406 11.289562225341797 6.199999809265137
      vertex -6.178932189941406 11.51043701171875 6.199999809265137
      vertex -6.17144775390625 11.527732849121094 6.199999809265137
    endloop
  endfacet
  facet normal 0 0 -1
    outer loop
      vertex -6.18531608581543 11.307294845581055 6.199999809265137
      vertex -6.178932189941406 11.51043701171875 6.199999809265137
      vertex -6.178932189941406 11.289562225341797 6.199999809265137
    endloop
  endfacet
  facet normal 0 0 -1
    outer loop
      vertex -6.18531608581543 11.307294845581055 6.199999809265137
      vertex -6.18531608581543 11.492704391479492 6.199999809265137
      vertex -6.178932189941406 11.51043701171875 6.199999809265137
    endloop
  endfacet
  facet normal 0 0 -1
    outer loop
      vertex -6.190574645996094 11.325392723083496 6.199999809265137
      vertex -6.18531608581543 11.492704391479492 6.199999809265137
      vertex -6.18531608581543 11.307294845581055 6.199999809265137
    endloop
  endfacet
  facet normal 0 0 -1
    outer loop
      vertex -6.190574645996094 11.325392723083496 6.199999809265137
      vertex -6.190574645996094 11.47460651397705 6.199999809265137
      vertex -6.18531608581543 11.492704391479492 6.199999809265137
    endloop
  endfacet
  facet normal 0 0 -1
    outer loop
      vertex -6.194685935974121 11.343785285949707 6.199999809265137
      vertex -6.190574645996094 11.47460651397705 6.199999809265137
      vertex -6.190574645996094 11.325392723083496 6.199999809265137
    endloop
  endfacet
  facet normal 0 0 -1
    outer loop
      vertex -6.194685935974121 11.343785285949707 6.199999809265137
      vertex -6.194685935974121 11.45621395111084 6.199999809265137
      vertex -6.190574645996094 11.47460651397705 6.199999809265137
    endloop
  endfacet
  facet normal 0 0 -1
    outer loop
      vertex -6.197633743286133 11.362399101257324 6.199999809265137
      vertex -6.194685935974121 11.45621395111084 6.199999809265137
      vertex -6.194685935974121 11.343785285949707 6.199999809265137
    endloop
  endfacet
  facet normal 0 0 -1
    outer loop
      vertex -6.197633743286133 11.362399101257324 6.199999809265137
      vertex -6.197633743286133 11.437599182128906 6.199999809265137
      vertex -6.194685935974121 11.45621395111084 6.199999809265137
    endloop
  endfacet
  facet normal 0 0 -1
    outer loop
      vertex -6.199407577514648 11.381162643432617 6.199999809265137
      vertex -6.197633743286133 11.437599182128906 6.199999809265137
      vertex -6.197633743286133 11.362399101257324 6.199999809265137
    endloop
  endfacet
  facet normal 0 0 -1
    outer loop
      vertex -6.199407577514648 11.381162643432617 6.199999809265137
      vertex -6.199407577514648 11.41883659362793 6.199999809265137
      vertex -6.197633743286133 11.437599182128906 6.199999809265137
    endloop
  endfacet
  facet normal 0 0 -1
    outer loop
      vertex -6.199407577514648 11.41883659362793 6.199999809265137
      vertex -6.199407577514648 11.381162643432617 6.199999809265137
      vertex -6.199999809265137 11.399999618530273 6.199999809265137
    endloop
  endfacet
  facet normal -1 0 0
    outer loop
      vertex -11.09999942779541 -5.899999618530273 0
      vertex -11.09999942779541 5.899999618530273 6.199999809265137
      vertex -11.09999942779541 5.899999618530273 0
    endloop
  endfacet
  facet normal -1 0 0
    outer loop
      vertex -11.09999942779541 5.899999618530273 6.199999809265137
      vertex -11.09999942779541 -5.899999618530273 0
      vertex -11.09999942779541 -5.899999618530273 6.199999809265137
    endloop
  endfacet
  facet normal 1 0 0
    outer loop
      vertex -11.699999809265137 -5.899999618530273 5.59999942779541
      vertex -11.699999809265137 5.899999618530273 0
      vertex -11.699999809265137 5.899999618530273 5.59999942779541
    endloop
  endfacet
  facet normal 1 0 0
    outer loop
      vertex -11.699999809265137 5.899999618530273 0
      vertex -11.699999809265137 -5.899999618530273 5.59999942779541
      vertex -11.699999809265137 -5.899999618530273 0
    endloop
  endfacet
  facet normal 1 0 0
    outer loop
      vertex -11.699999809265137 -5.899999618530273 6.199999809265137
      vertex -11.699999809265137 5.899999618530273 6
      vertex -11.699999809265137 5.899999618530273 6.199999809265137
    endloop
  endfacet
  facet normal 1 0 0
    outer loop
      vertex -11.699999809265137 5.899999618530273 6
      vertex -11.699999809265137 -5.899999618530273 6.199999809265137
      vertex -11.699999809265137 -5.899999618530273 6
    endloop
  endfacet
  facet normal -1 0 0
    outer loop
      vertex -11.699999809265137 -6 5.59999942779541
      vertex -11.699999809265137 -5.899999618530273 6
      vertex -11.699999809265137 -5.899999618530273 5.59999942779541
    endloop
  endfacet
  facet normal -1 0 0
    outer loop
      vertex -11.699999809265137 -5.899999618530273 6
      vertex -11.699999809265137 -6 5.59999942779541
      vertex -11.699999809265137 -6 6
    endloop
  endfacet
  facet normal -1 0 0
    outer loop
      vertex -11.699999809265137 5.899999618530273 5.59999942779541
      vertex -11.699999809265137 6 6
      vertex -11.699999809265137 6 5.59999942779541
    endloop
  endfacet
  facet normal -1 0 0
    outer loop
      vertex -11.699999809265137 6 6
      vertex -11.699999809265137 5.899999618530273 5.59999942779541
      vertex -11.699999809265137 5.899999618530273 6
    endloop
  endfacet
  facet normal -0.1564173101128164 0.9876910575159983 0
    outer loop
      vertex -11.343785285949707 -6.194685935974121 0
      vertex -11.362399101257324 -6.197633743286133 6.199999809265137
      vertex -11.343785285949707 -6.194685935974121 6.199999809265137
    endloop
  endfacet
  facet normal -0.1564173101128164 0.9876910575159983 0
    outer loop
      vertex -11.362399101257324 -6.197633743286133 6.199999809265137
      vertex -11.343785285949707 -6.194685935974121 0
      vertex -11.362399101257324 -6.197633743286133 0
    endloop
  endfacet
  facet normal -0.5090156985725441 -0.860757235581964 0
    outer loop
      vertex -11.255473136901855 6.162891387939453 0
      vertex -11.239251136779785 6.153298377990723 6.199999809265137
      vertex -11.255473136901855 6.162891387939453 6.199999809265137
    endloop
  endfacet
  facet normal -0.5090156985725441 -0.860757235581964 0
    outer loop
      vertex -11.239251136779785 6.153298377990723 6.199999809265137
      vertex -11.255473136901855 6.162891387939453 0
      vertex -11.239251136779785 6.153298377990723 0
    endloop
  endfacet
  facet normal -0.8607441236376202 -0.5090378705197731 0
    outer loop
      vertex -11.137107849121094 6.044526100158691 0
      vertex -11.146700859069824 6.060747146606445 6.199999809265137
      vertex -11.146700859069824 6.060747146606445 0
    endloop
  endfacet
  facet normal -0.8607441236376202 -0.5090378705197731 0
    outer loop
      vertex -11.146700859069824 6.060747146606445 6.199999809265137
      vertex -11.137107849121094 6.044526100158691 0
      vertex -11.137107849121094 6.044526100158691 6.199999809265137
    endloop
  endfacet
  facet normal 0.9177573557291627 -0.3971415818131048 0
    outer loop
      vertex -11.678932189941406 6.01043701171875 6.199999809265137
      vertex -11.67144775390625 6.027732849121094 0
      vertex -11.67144775390625 6.027732849121094 6.199999809265137
    endloop
  endfacet
  facet normal 0.9177573557291627 -0.3971415818131048 0
    outer loop
      vertex -11.67144775390625 6.027732849121094 0
      vertex -11.678932189941406 6.01043701171875 6.199999809265137
      vertex -11.678932189941406 6.01043701171875 0
    endloop
  endfacet
  facet normal -0.3387266356183068 -0.9408848315934861 0
    outer loop
      vertex -11.307294845581055 6.18531608581543 0
      vertex -11.289562225341797 6.178932189941406 6.199999809265137
      vertex -11.307294845581055 6.18531608581543 6.199999809265137
    endloop
  endfacet
  facet normal -0.3387266356183068 -0.9408848315934861 0
    outer loop
      vertex -11.289562225341797 6.178932189941406 6.199999809265137
      vertex -11.307294845581055 6.18531608581543 0
      vertex -11.289562225341797 6.178932189941406 0
    endloop
  endfacet
  facet normal -0.39712313839883895 0.9177653365366644 0
    outer loop
      vertex -11.272265434265137 -6.17144775390625 0
      vertex -11.289562225341797 -6.178932189941406 6.199999809265137
      vertex -11.272265434265137 -6.17144775390625 6.199999809265137
    endloop
  endfacet
  facet normal -0.39712313839883895 0.9177653365366644 0
    outer loop
      vertex -11.289562225341797 -6.178932189941406 6.199999809265137
      vertex -11.272265434265137 -6.17144775390625 0
      vertex -11.289562225341797 -6.178932189941406 0
    endloop
  endfacet
  facet normal 0.03142432711320473 0.9995061338808694 0
    outer loop
      vertex -11.399999618530273 -6.199999809265137 0
      vertex -11.41883659362793 -6.199407577514648 6.199999809265137
      vertex -11.399999618530273 -6.199999809265137 6.199999809265137
    endloop
  endfacet
  facet normal 0.03142432711320473 0.9995061338808694 0
    outer loop
      vertex -11.41883659362793 -6.199407577514648 6.199999809265137
      vertex -11.399999618530273 -6.199999809265137 0
      vertex -11.41883659362793 -6.199407577514648 0
    endloop
  endfacet
  facet normal 0.8270817629306938 -0.5620816287937686 0
    outer loop
      vertex -11.653298377990723 6.060747146606445 6.199999809265137
      vertex -11.642704963684082 6.0763349533081055 0
      vertex -11.642704963684082 6.0763349533081055 6.199999809265137
    endloop
  endfacet
  facet normal 0.8270817629306938 -0.5620816287937686 0
    outer loop
      vertex -11.642704963684082 6.0763349533081055 0
      vertex -11.653298377990723 6.060747146606445 6.199999809265137
      vertex -11.653298377990723 6.060747146606445 0
    endloop
  endfacet
  facet normal -0.9995061338808694 0.03142432711320473 0
    outer loop
      vertex -11.100591659545898 -5.91883659362793 0
      vertex -11.09999942779541 -5.899999618530273 6.199999809265137
      vertex -11.09999942779541 -5.899999618530273 0
    endloop
  endfacet
  facet normal -0.9995061338808694 0.03142432711320473 0
    outer loop
      vertex -11.09999942779541 -5.899999618530273 6.199999809265137
      vertex -11.100591659545898 -5.91883659362793 0
      vertex -11.100591659545898 -5.91883659362793 6.199999809265137
    endloop
  endfacet
  facet normal 0.03142432711320473 -0.9995061338808694 0
    outer loop
      vertex -11.41883659362793 6.199407577514648 0
      vertex -11.399999618530273 6.199999809265137 6.199999809265137
      vertex -11.41883659362793 6.199407577514648 6.199999809265137
    endloop
  endfacet
  facet normal 0.03142432711320473 -0.9995061338808694 0
    outer loop
      vertex -11.399999618530273 6.199999809265137 6.199999809265137
      vertex -11.41883659362793 6.199407577514648 0
      vertex -11.399999618530273 6.199999809265137 0
    endloop
  endfacet
  facet normal 0.8270817629306938 0.5620816287937686 0
    outer loop
      vertex -11.642704963684082 -6.0763349533081055 6.199999809265137
      vertex -11.653298377990723 -6.060747146606445 0
      vertex -11.653298377990723 -6.060747146606445 6.199999809265137
    endloop
  endfacet
  facet normal 0.8270817629306938 0.5620816287937686 0
    outer loop
      vertex -11.653298377990723 -6.060747146606445 0
      vertex -11.642704963684082 -6.0763349533081055 6.199999809265137
      vertex -11.642704963684082 -6.0763349533081055 0
    endloop
  endfacet
  facet normal -0.9759160266868775 -0.21814653069828524 0
    outer loop
      vertex -11.105313301086426 5.95621395111084 0
      vertex -11.109424591064453 5.974606513977051 6.199999809265137
      vertex -11.109424591064453 5.974606513977051 0
    endloop
  endfacet
  facet normal -0.9759160266868775 -0.21814653069828524 0
    outer loop
      vertex -11.109424591064453 5.974606513977051 6.199999809265137
      vertex -11.105313301086426 5.95621395111084 0
      vertex -11.105313301086426 5.95621395111084 6.199999809265137
    endloop
  endfacet
  facet normal 0.21814653069828524 0.9759160266868775 0
    outer loop
      vertex -11.45621395111084 -6.194685935974121 0
      vertex -11.47460651397705 -6.190574645996094 6.199999809265137
      vertex -11.45621395111084 -6.194685935974121 6.199999809265137
    endloop
  endfacet
  facet normal 0.21814653069828524 0.9759160266868775 0
    outer loop
      vertex -11.47460651397705 -6.190574645996094 6.199999809265137
      vertex -11.45621395111084 -6.194685935974121 0
      vertex -11.47460651397705 -6.190574645996094 0
    endloop
  endfacet
  facet normal -0.9602981345186156 -0.27897579257001254 0
    outer loop
      vertex -11.109424591064453 5.974606513977051 0
      vertex -11.1146821975708 5.992704391479492 6.199999809265137
      vertex -11.1146821975708 5.992704391479492 0
    endloop
  endfacet
  facet normal -0.9602981345186156 -0.27897579257001254 0
    outer loop
      vertex -11.1146821975708 5.992704391479492 6.199999809265137
      vertex -11.109424591064453 5.974606513977051 0
      vertex -11.109424591064453 5.974606513977051 6.199999809265137
    endloop
  endfacet
  facet normal -0.8270817629306938 -0.5620816287937686 0
    outer loop
      vertex -11.146700859069824 6.060747146606445 0
      vertex -11.157294273376465 6.0763349533081055 6.199999809265137
      vertex -11.157294273376465 6.0763349533081055 0
    endloop
  endfacet
  facet normal -0.8270817629306938 -0.5620816287937686 0
    outer loop
      vertex -11.157294273376465 6.0763349533081055 6.199999809265137
      vertex -11.146700859069824 6.060747146606445 0
      vertex -11.146700859069824 6.060747146606445 6.199999809265137
    endloop
  endfacet
  facet normal -0.9995061338808694 -0.03142432711320473 0
    outer loop
      vertex -11.09999942779541 5.899999618530273 0
      vertex -11.100591659545898 5.91883659362793 6.199999809265137
      vertex -11.100591659545898 5.91883659362793 0
    endloop
  endfacet
  facet normal -0.9995061338808694 -0.03142432711320473 0
    outer loop
      vertex -11.100591659545898 5.91883659362793 6.199999809265137
      vertex -11.09999942779541 5.899999618530273 0
      vertex -11.09999942779541 5.899999618530273 6.199999809265137
    endloop
  endfacet
  facet normal 0.09412132591765665 -0.9955607344645038 0
    outer loop
      vertex -11.437599182128906 6.197633743286133 0
      vertex -11.41883659362793 6.199407577514648 6.199999809265137
      vertex -11.437599182128906 6.197633743286133 6.199999809265137
    endloop
  endfacet
  facet normal 0.09412132591765665 -0.9955607344645038 0
    outer loop
      vertex -11.41883659362793 6.199407577514648 6.199999809265137
      vertex -11.437599182128906 6.197633743286133 0
      vertex -11.41883659362793 6.199407577514648 0
    endloop
  endfacet
  facet normal -0.21814653069828524 -0.9759160266868775 0
    outer loop
      vertex -11.343785285949707 6.194685935974121 0
      vertex -11.325392723083496 6.190574645996094 6.199999809265137
      vertex -11.343785285949707 6.194685935974121 6.199999809265137
    endloop
  endfacet
  facet normal -0.21814653069828524 -0.9759160266868775 0
    outer loop
      vertex -11.325392723083496 6.190574645996094 6.199999809265137
      vertex -11.343785285949707 6.194685935974121 0
      vertex -11.325392723083496 6.190574645996094 0
    endloop
  endfacet
  facet normal 0.9876922955223569 -0.15640949256927125 0
    outer loop
      vertex -11.697633743286133 5.937599182128906 6.199999809265137
      vertex -11.694685935974121 5.95621395111084 0
      vertex -11.694685935974121 5.95621395111084 6.199999809265137
    endloop
  endfacet
  facet normal 0.9876922955223569 -0.15640949256927125 0
    outer loop
      vertex -11.694685935974121 5.95621395111084 0
      vertex -11.697633743286133 5.937599182128906 6.199999809265137
      vertex -11.697633743286133 5.937599182128906 0
    endloop
  endfacet
  facet normal 0.7071067811865476 0.7071067811865476 0
    outer loop
      vertex -11.605363845825195 -6.118690490722656 6.199999809265137
      vertex -11.618690490722656 -6.105363845825195 0
      vertex -11.618690490722656 -6.105363845825195 6.199999809265137
    endloop
  endfacet
  facet normal 0.7071067811865476 0.7071067811865476 0
    outer loop
      vertex -11.618690490722656 -6.105363845825195 0
      vertex -11.605363845825195 -6.118690490722656 6.199999809265137
      vertex -11.605363845825195 -6.118690490722656 0
    endloop
  endfacet
  facet normal 0.45398111420685777 -0.8910113062938652 0
    outer loop
      vertex -11.544526100158691 6.162891387939453 0
      vertex -11.527732849121094 6.17144775390625 6.199999809265137
      vertex -11.544526100158691 6.162891387939453 6.199999809265137
    endloop
  endfacet
  facet normal 0.45398111420685777 -0.8910113062938652 0
    outer loop
      vertex -11.527732849121094 6.17144775390625 6.199999809265137
      vertex -11.544526100158691 6.162891387939453 0
      vertex -11.527732849121094 6.17144775390625 0
    endloop
  endfacet
  facet normal 0.5620816287937686 0.8270817629306938 0
    outer loop
      vertex -11.560747146606445 -6.153298377990723 0
      vertex -11.576334953308105 -6.142704963684082 6.199999809265137
      vertex -11.560747146606445 -6.153298377990723 6.199999809265137
    endloop
  endfacet
  facet normal 0.5620816287937686 0.8270817629306938 0
    outer loop
      vertex -11.576334953308105 -6.142704963684082 6.199999809265137
      vertex -11.560747146606445 -6.153298377990723 0
      vertex -11.576334953308105 -6.142704963684082 0
    endloop
  endfacet
  facet normal -0.7071067811865476 -0.7071067811865476 0
    outer loop
      vertex -11.18130874633789 6.105363845825195 0
      vertex -11.194635391235352 6.118690490722656 6.199999809265137
      vertex -11.194635391235352 6.118690490722656 0
    endloop
  endfacet
  facet normal -0.7071067811865476 -0.7071067811865476 0
    outer loop
      vertex -11.194635391235352 6.118690490722656 6.199999809265137
      vertex -11.18130874633789 6.105363845825195 0
      vertex -11.18130874633789 6.105363845825195 6.199999809265137
    endloop
  endfacet
  facet normal -0.6129312038125971 -0.7901362790005535 0
    outer loop
      vertex -11.223664283752441 6.142704963684082 0
      vertex -11.208772659301758 6.131153106689453 6.199999809265137
      vertex -11.223664283752441 6.142704963684082 6.199999809265137
    endloop
  endfacet
  facet normal -0.6129312038125971 -0.7901362790005535 0
    outer loop
      vertex -11.208772659301758 6.131153106689453 6.199999809265137
      vertex -11.223664283752441 6.142704963684082 0
      vertex -11.208772659301758 6.131153106689453 0
    endloop
  endfacet
  facet normal 0.3971415818131048 -0.9177573557291627 0
    outer loop
      vertex -11.527732849121094 6.17144775390625 0
      vertex -11.51043701171875 6.178932189941406 6.199999809265137
      vertex -11.527732849121094 6.17144775390625 6.199999809265137
    endloop
  endfacet
  facet normal 0.3971415818131048 -0.9177573557291627 0
    outer loop
      vertex -11.51043701171875 6.178932189941406 6.199999809265137
      vertex -11.527732849121094 6.17144775390625 0
      vertex -11.51043701171875 6.178932189941406 0
    endloop
  endfacet
  facet normal -0.8607441236376202 0.5090378705197731 0
    outer loop
      vertex -11.146700859069824 -6.060747146606445 0
      vertex -11.137107849121094 -6.044526100158691 6.199999809265137
      vertex -11.137107849121094 -6.044526100158691 0
    endloop
  endfacet
  facet normal -0.8607441236376202 0.5090378705197731 0
    outer loop
      vertex -11.137107849121094 -6.044526100158691 6.199999809265137
      vertex -11.146700859069824 -6.060747146606445 0
      vertex -11.146700859069824 -6.060747146606445 6.199999809265137
    endloop
  endfacet
  facet normal 0.9759160266868775 0.21814653069828524 0
    outer loop
      vertex -11.690574645996094 -5.974606513977051 6.199999809265137
      vertex -11.694685935974121 -5.95621395111084 0
      vertex -11.694685935974121 -5.95621395111084 6.199999809265137
    endloop
  endfacet
  facet normal 0.9759160266868775 0.21814653069828524 0
    outer loop
      vertex -11.694685935974121 -5.95621395111084 0
      vertex -11.690574645996094 -5.974606513977051 6.199999809265137
      vertex -11.690574645996094 -5.974606513977051 0
    endloop
  endfacet
  facet normal 0.5090378705197731 0.8607441236376202 0
    outer loop
      vertex -11.544526100158691 -6.162891387939453 0
      vertex -11.560747146606445 -6.153298377990723 6.199999809265137
      vertex -11.544526100158691 -6.162891387939453 6.199999809265137
    endloop
  endfacet
  facet normal 0.5090378705197731 0.8607441236376202 0
    outer loop
      vertex -11.560747146606445 -6.153298377990723 6.199999809265137
      vertex -11.544526100158691 -6.162891387939453 0
      vertex -11.560747146606445 -6.153298377990723 0
    endloop
  endfacet
  facet normal -0.5621051535609614 -0.8270657750990595 0
    outer loop
      vertex -11.239251136779785 6.153298377990723 0
      vertex -11.223664283752441 6.142704963684082 6.199999809265137
      vertex -11.239251136779785 6.153298377990723 6.199999809265137
    endloop
  endfacet
  facet normal -0.5621051535609614 -0.8270657750990595 0
    outer loop
      vertex -11.223664283752441 6.142704963684082 6.199999809265137
      vertex -11.239251136779785 6.153298377990723 0
      vertex -11.223664283752441 6.142704963684082 0
    endloop
  endfacet
  facet normal -0.7071067811865476 0.7071067811865476 0
    outer loop
      vertex -11.194635391235352 -6.118690490722656 0
      vertex -11.18130874633789 -6.105363845825195 6.199999809265137
      vertex -11.18130874633789 -6.105363845825195 0
    endloop
  endfacet
  facet normal -0.7071067811865476 0.7071067811865476 0
    outer loop
      vertex -11.18130874633789 -6.105363845825195 6.199999809265137
      vertex -11.194635391235352 -6.118690490722656 0
      vertex -11.194635391235352 -6.118690490722656 6.199999809265137
    endloop
  endfacet
  facet normal 0.5090378705197731 -0.8607441236376202 0
    outer loop
      vertex -11.560747146606445 6.153298377990723 0
      vertex -11.544526100158691 6.162891387939453 6.199999809265137
      vertex -11.560747146606445 6.153298377990723 6.199999809265137
    endloop
  endfacet
  facet normal 0.5090378705197731 -0.8607441236376202 0
    outer loop
      vertex -11.544526100158691 6.162891387939453 6.199999809265137
      vertex -11.560747146606445 6.153298377990723 0
      vertex -11.544526100158691 6.162891387939453 0
    endloop
  endfacet
  facet normal 0.2790224565203385 0.9602845769652638 0
    outer loop
      vertex -11.47460651397705 -6.190574645996094 0
      vertex -11.492704391479492 -6.18531608581543 6.199999809265137
      vertex -11.47460651397705 -6.190574645996094 6.199999809265137
    endloop
  endfacet
  facet normal 0.2790224565203385 0.9602845769652638 0
    outer loop
      vertex -11.492704391479492 -6.18531608581543 6.199999809265137
      vertex -11.47460651397705 -6.190574645996094 0
      vertex -11.492704391479492 -6.18531608581543 0
    endloop
  endfacet
  facet normal 0.09412132591765665 0.9955607344645038 0
    outer loop
      vertex -11.41883659362793 -6.199407577514648 0
      vertex -11.437599182128906 -6.197633743286133 6.199999809265137
      vertex -11.41883659362793 -6.199407577514648 6.199999809265137
    endloop
  endfacet
  facet normal 0.09412132591765665 0.9955607344645038 0
    outer loop
      vertex -11.437599182128906 -6.197633743286133 6.199999809265137
      vertex -11.41883659362793 -6.199407577514648 0
      vertex -11.437599182128906 -6.197633743286133 0
    endloop
  endfacet
  facet normal 0.9408848315934861 0.3387266356183068 0
    outer loop
      vertex -11.678932189941406 -6.01043701171875 6.199999809265137
      vertex -11.68531608581543 -5.992704391479492 0
      vertex -11.68531608581543 -5.992704391479492 6.199999809265137
    endloop
  endfacet
  facet normal 0.9408848315934861 0.3387266356183068 0
    outer loop
      vertex -11.68531608581543 -5.992704391479492 0
      vertex -11.678932189941406 -6.01043701171875 6.199999809265137
      vertex -11.678932189941406 -6.01043701171875 0
    endloop
  endfacet
  facet normal -0.45400158273251634 -0.8910008770345683 0
    outer loop
      vertex -11.272265434265137 6.17144775390625 0
      vertex -11.255473136901855 6.162891387939453 6.199999809265137
      vertex -11.272265434265137 6.17144775390625 6.199999809265137
    endloop
  endfacet
  facet normal -0.45400158273251634 -0.8910008770345683 0
    outer loop
      vertex -11.255473136901855 6.162891387939453 6.199999809265137
      vertex -11.272265434265137 6.17144775390625 0
      vertex -11.255473136901855 6.162891387939453 0
    endloop
  endfacet
  facet normal 0.7901362790005535 0.6129312038125971 0
    outer loop
      vertex -11.631153106689453 -6.091226577758789 6.199999809265137
      vertex -11.642704963684082 -6.0763349533081055 0
      vertex -11.642704963684082 -6.0763349533081055 6.199999809265137
    endloop
  endfacet
  facet normal 0.7901362790005535 0.6129312038125971 0
    outer loop
      vertex -11.642704963684082 -6.0763349533081055 0
      vertex -11.631153106689453 -6.091226577758789 6.199999809265137
      vertex -11.631153106689453 -6.091226577758789 0
    endloop
  endfacet
  facet normal -0.6612801458526502 -0.7501390329139643 0
    outer loop
      vertex -11.208772659301758 6.131153106689453 0
      vertex -11.194635391235352 6.118690490722656 6.199999809265137
      vertex -11.208772659301758 6.131153106689453 6.199999809265137
    endloop
  endfacet
  facet normal -0.6612801458526502 -0.7501390329139643 0
    outer loop
      vertex -11.194635391235352 6.118690490722656 6.199999809265137
      vertex -11.208772659301758 6.131153106689453 0
      vertex -11.194635391235352 6.118690490722656 0
    endloop
  endfacet
  facet normal 0.15640949256927125 -0.9876922955223569 0
    outer loop
      vertex -11.45621395111084 6.194685935974121 0
      vertex -11.437599182128906 6.197633743286133 6.199999809265137
      vertex -11.45621395111084 6.194685935974121 6.199999809265137
    endloop
  endfacet
  facet normal 0.15640949256927125 -0.9876922955223569 0
    outer loop
      vertex -11.437599182128906 6.197633743286133 6.199999809265137
      vertex -11.45621395111084 6.194685935974121 0
      vertex -11.437599182128906 6.197633743286133 0
    endloop
  endfacet
  facet normal 0.8910113062938652 0.45398111420685777 0
    outer loop
      vertex -11.662891387939453 -6.044526100158691 6.199999809265137
      vertex -11.67144775390625 -6.027732849121094 0
      vertex -11.67144775390625 -6.027732849121094 6.199999809265137
    endloop
  endfacet
  facet normal 0.8910113062938652 0.45398111420685777 0
    outer loop
      vertex -11.67144775390625 -6.027732849121094 0
      vertex -11.662891387939453 -6.044526100158691 6.199999809265137
      vertex -11.662891387939453 -6.044526100158691 0
    endloop
  endfacet
  facet normal 0.6129312038125971 -0.7901362790005535 0
    outer loop
      vertex -11.591226577758789 6.131153106689453 0
      vertex -11.576334953308105 6.142704963684082 6.199999809265137
      vertex -11.591226577758789 6.131153106689453 6.199999809265137
    endloop
  endfacet
  facet normal 0.6129312038125971 -0.7901362790005535 0
    outer loop
      vertex -11.576334953308105 6.142704963684082 6.199999809265137
      vertex -11.591226577758789 6.131153106689453 0
      vertex -11.576334953308105 6.142704963684082 0
    endloop
  endfacet
  facet normal -0.5090156985725441 0.860757235581964 0
    outer loop
      vertex -11.239251136779785 -6.153298377990723 0
      vertex -11.255473136901855 -6.162891387939453 6.199999809265137
      vertex -11.239251136779785 -6.153298377990723 6.199999809265137
    endloop
  endfacet
  facet normal -0.5090156985725441 0.860757235581964 0
    outer loop
      vertex -11.255473136901855 -6.162891387939453 6.199999809265137
      vertex -11.239251136779785 -6.153298377990723 0
      vertex -11.255473136901855 -6.162891387939453 0
    endloop
  endfacet
  facet normal -0.9408687039569372 0.33877143019208855 0
    outer loop
      vertex -11.12106704711914 -6.01043701171875 0
      vertex -11.1146821975708 -5.992704391479492 6.199999809265137
      vertex -11.1146821975708 -5.992704391479492 0
    endloop
  endfacet
  facet normal -0.9408687039569372 0.33877143019208855 0
    outer loop
      vertex -11.1146821975708 -5.992704391479492 6.199999809265137
      vertex -11.12106704711914 -6.01043701171875 0
      vertex -11.12106704711914 -6.01043701171875 6.199999809265137
    endloop
  endfacet
  facet normal -0.6129312038125971 0.7901362790005535 0
    outer loop
      vertex -11.208772659301758 -6.131153106689453 0
      vertex -11.223664283752441 -6.142704963684082 6.199999809265137
      vertex -11.208772659301758 -6.131153106689453 6.199999809265137
    endloop
  endfacet
  facet normal -0.6129312038125971 0.7901362790005535 0
    outer loop
      vertex -11.223664283752441 -6.142704963684082 6.199999809265137
      vertex -11.208772659301758 -6.131153106689453 0
      vertex -11.223664283752441 -6.142704963684082 0
    endloop
  endfacet
  facet normal -0.03142432711320473 -0.9995061338808694 0
    outer loop
      vertex -11.399999618530273 6.199999809265137 0
      vertex -11.381162643432617 6.199407577514648 6.199999809265137
      vertex -11.399999618530273 6.199999809265137 6.199999809265137
    endloop
  endfacet
  facet normal -0.03142432711320473 -0.9995061338808694 0
    outer loop
      vertex -11.381162643432617 6.199407577514648 6.199999809265137
      vertex -11.399999618530273 6.199999809265137 0
      vertex -11.381162643432617 6.199407577514648 0
    endloop
  endfacet
  facet normal 0.9602845769652638 -0.2790224565203385 0
    outer loop
      vertex -11.690574645996094 5.974606513977051 6.199999809265137
      vertex -11.68531608581543 5.992704391479492 0
      vertex -11.68531608581543 5.992704391479492 6.199999809265137
    endloop
  endfacet
  facet normal 0.9602845769652638 -0.2790224565203385 0
    outer loop
      vertex -11.68531608581543 5.992704391479492 0
      vertex -11.690574645996094 5.974606513977051 6.199999809265137
      vertex -11.690574645996094 5.974606513977051 0
    endloop
  endfacet
  facet normal 0 0 -1
    outer loop
      vertex -11.699999809265137 -5.899999618530273 6.199999809265137
      vertex -11.09999942779541 -5.899999618530273 6.199999809265137
      vertex -11.100591659545898 -5.91883659362793 6.199999809265137
    endloop
  endfacet
  facet normal 0 0 -1
    outer loop
      vertex -11.09999942779541 -5.899999618530273 6.199999809265137
      vertex -11.699999809265137 -5.899999618530273 6.199999809265137
      vertex -11.09999942779541 5.899999618530273 6.199999809265137
    endloop
  endfacet
  facet normal 0 0 -1
    outer loop
      vertex -11.699999809265137 -5.899999618530273 6.199999809265137
      vertex -11.100591659545898 -5.91883659362793 6.199999809265137
      vertex -11.102365493774414 -5.937599182128906 6.199999809265137
    endloop
  endfacet
  facet normal 0 0 -1
    outer loop
      vertex -11.699999809265137 5.899999618530273 6.199999809265137
      vertex -11.09999942779541 5.899999618530273 6.199999809265137
      vertex -11.699999809265137 -5.899999618530273 6.199999809265137
    endloop
  endfacet
  facet normal 0 0 -1
    outer loop
      vertex -11.699999809265137 -5.899999618530273 6.199999809265137
      vertex -11.102365493774414 -5.937599182128906 6.199999809265137
      vertex -11.105313301086426 -5.95621395111084 6.199999809265137
    endloop
  endfacet
  facet normal 0 0 -1
    outer loop
      vertex -11.09999942779541 5.899999618530273 6.199999809265137
      vertex -11.699999809265137 5.899999618530273 6.199999809265137
      vertex -11.100591659545898 5.91883659362793 6.199999809265137
    endloop
  endfacet
  facet normal 0 0 -1
    outer loop
      vertex -11.699999809265137 -5.899999618530273 6.199999809265137
      vertex -11.105313301086426 -5.95621395111084 6.199999809265137
      vertex -11.109424591064453 -5.974606513977051 6.199999809265137
    endloop
  endfacet
  facet normal 0 0 -1
    outer loop
      vertex -11.100591659545898 5.91883659362793 6.199999809265137
      vertex -11.699999809265137 5.899999618530273 6.199999809265137
      vertex -11.102365493774414 5.937599182128906 6.199999809265137
    endloop
  endfacet
  facet normal 0 0 -1
    outer loop
      vertex -11.699999809265137 -5.899999618530273 6.199999809265137
      vertex -11.109424591064453 -5.974606513977051 6.199999809265137
      vertex -11.1146821975708 -5.992704391479492 6.199999809265137
    endloop
  endfacet
  facet normal 0 0 -1
    outer loop
      vertex -11.102365493774414 5.937599182128906 6.199999809265137
      vertex -11.699999809265137 5.899999618530273 6.199999809265137
      vertex -11.105313301086426 5.95621395111084 6.199999809265137
    endloop
  endfacet
  facet normal 0 0 -1
    outer loop
      vertex -11.699999809265137 -5.899999618530273 6.199999809265137
      vertex -11.1146821975708 -5.992704391479492 6.199999809265137
      vertex -11.12106704711914 -6.01043701171875 6.199999809265137
    endloop
  endfacet
  facet normal 0 0 -1
    outer loop
      vertex -11.105313301086426 5.95621395111084 6.199999809265137
      vertex -11.699999809265137 5.899999618530273 6.199999809265137
      vertex -11.109424591064453 5.974606513977051 6.199999809265137
    endloop
  endfacet
  facet normal 0 0 -1
    outer loop
      vertex -11.699999809265137 -5.899999618530273 6.199999809265137
      vertex -11.12106704711914 -6.01043701171875 6.199999809265137
      vertex -11.128551483154297 -6.027732849121094 6.199999809265137
    endloop
  endfacet
  facet normal 0 0 -1
    outer loop
      vertex -11.109424591064453 5.974606513977051 6.199999809265137
      vertex -11.699999809265137 5.899999618530273 6.199999809265137
      vertex -11.1146821975708 5.992704391479492 6.199999809265137
    endloop
  endfacet
  facet normal 0 0 -1
    outer loop
      vertex -11.699999809265137 -5.899999618530273 6.199999809265137
      vertex -11.128551483154297 -6.027732849121094 6.199999809265137
      vertex -11.137107849121094 -6.044526100158691 6.199999809265137
    endloop
  endfacet
  facet normal 0 0 -1
    outer loop
      vertex -11.1146821975708 5.992704391479492 6.199999809265137
      vertex -11.699999809265137 5.899999618530273 6.199999809265137
      vertex -11.12106704711914 6.01043701171875 6.199999809265137
    endloop
  endfacet
  facet normal 0 0 -1
    outer loop
      vertex -11.699999809265137 -5.899999618530273 6.199999809265137
      vertex -11.137107849121094 -6.044526100158691 6.199999809265137
      vertex -11.146700859069824 -6.060747146606445 6.199999809265137
    endloop
  endfacet
  facet normal 0 0 -1
    outer loop
      vertex -11.12106704711914 6.01043701171875 6.199999809265137
      vertex -11.699999809265137 5.899999618530273 6.199999809265137
      vertex -11.128551483154297 6.027732849121094 6.199999809265137
    endloop
  endfacet
  facet normal 0 0 -1
    outer loop
      vertex -11.699999809265137 -5.899999618530273 6.199999809265137
      vertex -11.146700859069824 -6.060747146606445 6.199999809265137
      vertex -11.157294273376465 -6.0763349533081055 6.199999809265137
    endloop
  endfacet
  facet normal 0 0 -1
    outer loop
      vertex -11.128551483154297 6.027732849121094 6.199999809265137
      vertex -11.699999809265137 5.899999618530273 6.199999809265137
      vertex -11.137107849121094 6.044526100158691 6.199999809265137
    endloop
  endfacet
  facet normal 0 0 -1
    outer loop
      vertex -11.699999809265137 -5.899999618530273 6.199999809265137
      vertex -11.157294273376465 -6.0763349533081055 6.199999809265137
      vertex -11.168845176696777 -6.091226577758789 6.199999809265137
    endloop
  endfacet
  facet normal 0 0 -1
    outer loop
      vertex -11.137107849121094 6.044526100158691 6.199999809265137
      vertex -11.699999809265137 5.899999618530273 6.199999809265137
      vertex -11.146700859069824 6.060747146606445 6.199999809265137
    endloop
  endfacet
  facet normal 0 0 -1
    outer loop
      vertex -11.699999809265137 -5.899999618530273 6.199999809265137
      vertex -11.168845176696777 -6.091226577758789 6.199999809265137
      vertex -11.18130874633789 -6.105363845825195 6.199999809265137
    endloop
  endfacet
  facet normal 0 0 -1
    outer loop
      vertex -11.146700859069824 6.060747146606445 6.199999809265137
      vertex -11.699999809265137 5.899999618530273 6.199999809265137
      vertex -11.157294273376465 6.0763349533081055 6.199999809265137
    endloop
  endfacet
  facet normal 0 0 -1
    outer loop
      vertex -11.699999809265137 -5.899999618530273 6.199999809265137
      vertex -11.18130874633789 -6.105363845825195 6.199999809265137
      vertex -11.194635391235352 -6.118690490722656 6.199999809265137
    endloop
  endfacet
  facet normal 0 0 -1
    outer loop
      vertex -11.157294273376465 6.0763349533081055 6.199999809265137
      vertex -11.699999809265137 5.899999618530273 6.199999809265137
      vertex -11.168845176696777 6.091226577758789 6.199999809265137
    endloop
  endfacet
  facet normal 0 0 -1
    outer loop
      vertex -11.699999809265137 -5.899999618530273 6.199999809265137
      vertex -11.194635391235352 -6.118690490722656 6.199999809265137
      vertex -11.208772659301758 -6.131153106689453 6.199999809265137
    endloop
  endfacet
  facet normal 0 0 -1
    outer loop
      vertex -11.168845176696777 6.091226577758789 6.199999809265137
      vertex -11.699999809265137 5.899999618530273 6.199999809265137
      vertex -11.18130874633789 6.105363845825195 6.199999809265137
    endloop
  endfacet
  facet normal 0 0 -1
    outer loop
      vertex -11.699999809265137 -5.899999618530273 6.199999809265137
      vertex -11.208772659301758 -6.131153106689453 6.199999809265137
      vertex -11.223664283752441 -6.142704963684082 6.199999809265137
    endloop
  endfacet
  facet normal 0 0 -1
    outer loop
      vertex -11.18130874633789 6.105363845825195 6.199999809265137
      vertex -11.699999809265137 5.899999618530273 6.199999809265137
      vertex -11.194635391235352 6.118690490722656 6.199999809265137
    endloop
  endfacet
  facet normal 0 0 -1
    outer loop
      vertex -11.699999809265137 -5.899999618530273 6.199999809265137
      vertex -11.223664283752441 -6.142704963684082 6.199999809265137
      vertex -11.239251136779785 -6.153298377990723 6.199999809265137
    endloop
  endfacet
  facet normal 0 0 -1
    outer loop
      vertex -11.194635391235352 6.118690490722656 6.199999809265137
      vertex -11.699999809265137 5.899999618530273 6.199999809265137
      vertex -11.208772659301758 6.131153106689453 6.199999809265137
    endloop
  endfacet
  facet normal 0 0 -1
    outer loop
      vertex -11.699999809265137 -5.899999618530273 6.199999809265137
      vertex -11.239251136779785 -6.153298377990723 6.199999809265137
      vertex -11.255473136901855 -6.162891387939453 6.199999809265137
    endloop
  endfacet
  facet normal 0 0 -1
    outer loop
      vertex -11.208772659301758 6.131153106689453 6.199999809265137
      vertex -11.699999809265137 5.899999618530273 6.199999809265137
      vertex -11.223664283752441 6.142704963684082 6.199999809265137
    endloop
  endfacet
  facet normal 0 0 -1
    outer loop
      vertex -11.699999809265137 -5.899999618530273 6.199999809265137
      vertex -11.255473136901855 -6.162891387939453 6.199999809265137
      vertex -11.272265434265137 -6.17144775390625 6.199999809265137
    endloop
  endfacet
  facet normal 0 0 -1
    outer loop
      vertex -11.223664283752441 6.142704963684082 6.199999809265137
      vertex -11.699999809265137 5.899999618530273 6.199999809265137
      vertex -11.239251136779785 6.153298377990723 6.199999809265137
    endloop
  endfacet
  facet normal 0 0 -1
    outer loop
      vertex -11.699999809265137 -5.899999618530273 6.199999809265137
      vertex -11.272265434265137 -6.17144775390625 6.199999809265137
      vertex -11.289562225341797 -6.178932189941406 6.199999809265137
    endloop
  endfacet
  facet normal 0 0 -1
    outer loop
      vertex -11.239251136779785 6.153298377990723 6.199999809265137
      vertex -11.699999809265137 5.899999618530273 6.199999809265137
      vertex -11.255473136901855 6.162891387939453 6.199999809265137
    endloop
  endfacet
  facet normal 0 0 -1
    outer loop
      vertex -11.699999809265137 -5.899999618530273 6.199999809265137
      vertex -11.289562225341797 -6.178932189941406 6.199999809265137
      vertex -11.307294845581055 -6.18531608581543 6.199999809265137
    endloop
  endfacet
  facet normal 0 0 -1
    outer loop
      vertex -11.255473136901855 6.162891387939453 6.199999809265137
      vertex -11.699999809265137 5.899999618530273 6.199999809265137
      vertex -11.272265434265137 6.17144775390625 6.199999809265137
    endloop
  endfacet
  facet normal 0 0 -1
    outer loop
      vertex -11.699999809265137 -5.899999618530273 6.199999809265137
      vertex -11.307294845581055 -6.18531608581543 6.199999809265137
      vertex -11.325392723083496 -6.190574645996094 6.199999809265137
    endloop
  endfacet
  facet normal 0 0 -1
    outer loop
      vertex -11.272265434265137 6.17144775390625 6.199999809265137
      vertex -11.699999809265137 5.899999618530273 6.199999809265137
      vertex -11.289562225341797 6.178932189941406 6.199999809265137
    endloop
  endfacet
  facet normal 0 0 -1
    outer loop
      vertex -11.699999809265137 -5.899999618530273 6.199999809265137
      vertex -11.325392723083496 -6.190574645996094 6.199999809265137
      vertex -11.343785285949707 -6.194685935974121 6.199999809265137
    endloop
  endfacet
  facet normal 0 0 -1
    outer loop
      vertex -11.289562225341797 6.178932189941406 6.199999809265137
      vertex -11.699999809265137 5.899999618530273 6.199999809265137
      vertex -11.307294845581055 6.18531608581543 6.199999809265137
    endloop
  endfacet
  facet normal 0 0 -1
    outer loop
      vertex -11.699999809265137 -5.899999618530273 6.199999809265137
      vertex -11.343785285949707 -6.194685935974121 6.199999809265137
      vertex -11.362399101257324 -6.197633743286133 6.199999809265137
    endloop
  endfacet
  facet normal 0 0 -1
    outer loop
      vertex -11.307294845581055 6.18531608581543 6.199999809265137
      vertex -11.699999809265137 5.899999618530273 6.199999809265137
      vertex -11.325392723083496 6.190574645996094 6.199999809265137
    endloop
  endfacet
  facet normal 0 0 -1
    outer loop
      vertex -11.699999809265137 -5.899999618530273 6.199999809265137
      vertex -11.362399101257324 -6.197633743286133 6.199999809265137
      vertex -11.381162643432617 -6.199407577514648 6.199999809265137
    endloop
  endfacet
  facet normal 0 0 -1
    outer loop
      vertex -11.325392723083496 6.190574645996094 6.199999809265137
      vertex -11.699999809265137 5.899999618530273 6.199999809265137
      vertex -11.343785285949707 6.194685935974121 6.199999809265137
    endloop
  endfacet
  facet normal 0 0 -1
    outer loop
      vertex -11.699999809265137 -5.899999618530273 6.199999809265137
      vertex -11.381162643432617 -6.199407577514648 6.199999809265137
      vertex -11.399999618530273 -6.199999809265137 6.199999809265137
    endloop
  endfacet
  facet normal 0 0 -1
    outer loop
      vertex -11.343785285949707 6.194685935974121 6.199999809265137
      vertex -11.699999809265137 5.899999618530273 6.199999809265137
      vertex -11.362399101257324 6.197633743286133 6.199999809265137
    endloop
  endfacet
  facet normal 0 0 -1
    outer loop
      vertex -11.699999809265137 -5.899999618530273 6.199999809265137
      vertex -11.399999618530273 -6.199999809265137 6.199999809265137
      vertex -11.41883659362793 -6.199407577514648 6.199999809265137
    endloop
  endfacet
  facet normal 0 0 -1
    outer loop
      vertex -11.362399101257324 6.197633743286133 6.199999809265137
      vertex -11.699999809265137 5.899999618530273 6.199999809265137
      vertex -11.381162643432617 6.199407577514648 6.199999809265137
    endloop
  endfacet
  facet normal 0 0 -1
    outer loop
      vertex -11.699999809265137 -5.899999618530273 6.199999809265137
      vertex -11.41883659362793 -6.199407577514648 6.199999809265137
      vertex -11.437599182128906 -6.197633743286133 6.199999809265137
    endloop
  endfacet
  facet normal 0 0 -1
    outer loop
      vertex -11.381162643432617 6.199407577514648 6.199999809265137
      vertex -11.699999809265137 5.899999618530273 6.199999809265137
      vertex -11.399999618530273 6.199999809265137 6.199999809265137
    endloop
  endfacet
  facet normal 0 0 -1
    outer loop
      vertex -11.699999809265137 -5.899999618530273 6.199999809265137
      vertex -11.437599182128906 -6.197633743286133 6.199999809265137
      vertex -11.45621395111084 -6.194685935974121 6.199999809265137
    endloop
  endfacet
  facet normal 0 0 -1
    outer loop
      vertex -11.399999618530273 6.199999809265137 6.199999809265137
      vertex -11.699999809265137 5.899999618530273 6.199999809265137
      vertex -11.41883659362793 6.199407577514648 6.199999809265137
    endloop
  endfacet
  facet normal 0 0 -1
    outer loop
      vertex -11.699999809265137 -5.899999618530273 6.199999809265137
      vertex -11.45621395111084 -6.194685935974121 6.199999809265137
      vertex -11.47460651397705 -6.190574645996094 6.199999809265137
    endloop
  endfacet
  facet normal 0 0 -1
    outer loop
      vertex -11.41883659362793 6.199407577514648 6.199999809265137
      vertex -11.699999809265137 5.899999618530273 6.199999809265137
      vertex -11.437599182128906 6.197633743286133 6.199999809265137
    endloop
  endfacet
  facet normal 0 0 -1
    outer loop
      vertex -11.699999809265137 -5.899999618530273 6.199999809265137
      vertex -11.47460651397705 -6.190574645996094 6.199999809265137
      vertex -11.492704391479492 -6.18531608581543 6.199999809265137
    endloop
  endfacet
  facet normal 0 0 -1
    outer loop
      vertex -11.437599182128906 6.197633743286133 6.199999809265137
      vertex -11.699999809265137 5.899999618530273 6.199999809265137
      vertex -11.45621395111084 6.194685935974121 6.199999809265137
    endloop
  endfacet
  facet normal 0 0 -1
    outer loop
      vertex -11.699999809265137 -5.899999618530273 6.199999809265137
      vertex -11.492704391479492 -6.18531608581543 6.199999809265137
      vertex -11.51043701171875 -6.178932189941406 6.199999809265137
    endloop
  endfacet
  facet normal 0 0 -1
    outer loop
      vertex -11.45621395111084 6.194685935974121 6.199999809265137
      vertex -11.699999809265137 5.899999618530273 6.199999809265137
      vertex -11.47460651397705 6.190574645996094 6.199999809265137
    endloop
  endfacet
  facet normal 0 0 -1
    outer loop
      vertex -11.699999809265137 -5.899999618530273 6.199999809265137
      vertex -11.51043701171875 -6.178932189941406 6.199999809265137
      vertex -11.527732849121094 -6.17144775390625 6.199999809265137
    endloop
  endfacet
  facet normal 0 0 -1
    outer loop
      vertex -11.47460651397705 6.190574645996094 6.199999809265137
      vertex -11.699999809265137 5.899999618530273 6.199999809265137
      vertex -11.492704391479492 6.18531608581543 6.199999809265137
    endloop
  endfacet
  facet normal 0 0 -1
    outer loop
      vertex -11.699999809265137 -5.899999618530273 6.199999809265137
      vertex -11.527732849121094 -6.17144775390625 6.199999809265137
      vertex -11.544526100158691 -6.162891387939453 6.199999809265137
    endloop
  endfacet
  facet normal 0 0 -1
    outer loop
      vertex -11.492704391479492 6.18531608581543 6.199999809265137
      vertex -11.699999809265137 5.899999618530273 6.199999809265137
      vertex -11.51043701171875 6.178932189941406 6.199999809265137
    endloop
  endfacet
  facet normal 0 0 -1
    outer loop
      vertex -11.699999809265137 -5.899999618530273 6.199999809265137
      vertex -11.544526100158691 -6.162891387939453 6.199999809265137
      vertex -11.560747146606445 -6.153298377990723 6.199999809265137
    endloop
  endfacet
  facet normal 0 0 -1
    outer loop
      vertex -11.51043701171875 6.178932189941406 6.199999809265137
      vertex -11.699999809265137 5.899999618530273 6.199999809265137
      vertex -11.527732849121094 6.17144775390625 6.199999809265137
    endloop
  endfacet
  facet normal 0 0 -1
    outer loop
      vertex -11.699999809265137 -5.899999618530273 6.199999809265137
      vertex -11.560747146606445 -6.153298377990723 6.199999809265137
      vertex -11.576334953308105 -6.142704963684082 6.199999809265137
    endloop
  endfacet
  facet normal 0 0 -1
    outer loop
      vertex -11.527732849121094 6.17144775390625 6.199999809265137
      vertex -11.699999809265137 5.899999618530273 6.199999809265137
      vertex -11.544526100158691 6.162891387939453 6.199999809265137
    endloop
  endfacet
  facet normal 0 0 -1
    outer loop
      vertex -11.699999809265137 -5.899999618530273 6.199999809265137
      vertex -11.576334953308105 -6.142704963684082 6.199999809265137
      vertex -11.591226577758789 -6.131153106689453 6.199999809265137
    endloop
  endfacet
  facet normal 0 0 -1
    outer loop
      vertex -11.544526100158691 6.162891387939453 6.199999809265137
      vertex -11.699999809265137 5.899999618530273 6.199999809265137
      vertex -11.560747146606445 6.153298377990723 6.199999809265137
    endloop
  endfacet
  facet normal 0 0 -1
    outer loop
      vertex -11.699999809265137 -5.899999618530273 6.199999809265137
      vertex -11.591226577758789 -6.131153106689453 6.199999809265137
      vertex -11.605363845825195 -6.118690490722656 6.199999809265137
    endloop
  endfacet
  facet normal 0 0 -1
    outer loop
      vertex -11.560747146606445 6.153298377990723 6.199999809265137
      vertex -11.699999809265137 5.899999618530273 6.199999809265137
      vertex -11.576334953308105 6.142704963684082 6.199999809265137
    endloop
  endfacet
  facet normal 0 0 -1
    outer loop
      vertex -11.699999809265137 -5.899999618530273 6.199999809265137
      vertex -11.605363845825195 -6.118690490722656 6.199999809265137
      vertex -11.618690490722656 -6.105363845825195 6.199999809265137
    endloop
  endfacet
  facet normal 0 0 -1
    outer loop
      vertex -11.576334953308105 6.142704963684082 6.199999809265137
      vertex -11.699999809265137 5.899999618530273 6.199999809265137
      vertex -11.591226577758789 6.131153106689453 6.199999809265137
    endloop
  endfacet
  facet normal 0 0 -1
    outer loop
      vertex -11.699999809265137 -5.899999618530273 6.199999809265137
      vertex -11.618690490722656 -6.105363845825195 6.199999809265137
      vertex -11.631153106689453 -6.091226577758789 6.199999809265137
    endloop
  endfacet
  facet normal 0 0 -1
    outer loop
      vertex -11.591226577758789 6.131153106689453 6.199999809265137
      vertex -11.699999809265137 5.899999618530273 6.199999809265137
      vertex -11.605363845825195 6.118690490722656 6.199999809265137
    endloop
  endfacet
  facet normal 0 0 -1
    outer loop
      vertex -11.699999809265137 -5.899999618530273 6.199999809265137
      vertex -11.631153106689453 -6.091226577758789 6.199999809265137
      vertex -11.642704963684082 -6.0763349533081055 6.199999809265137
    endloop
  endfacet
  facet normal 0 0 -1
    outer loop
      vertex -11.605363845825195 6.118690490722656 6.199999809265137
      vertex -11.699999809265137 5.899999618530273 6.199999809265137
      vertex -11.618690490722656 6.105363845825195 6.199999809265137
    endloop
  endfacet
  facet normal 0 0 -1
    outer loop
      vertex -11.699999809265137 -5.899999618530273 6.199999809265137
      vertex -11.642704963684082 -6.0763349533081055 6.199999809265137
      vertex -11.653298377990723 -6.060747146606445 6.199999809265137
    endloop
  endfacet
  facet normal 0 0 -1
    outer loop
      vertex -11.618690490722656 6.105363845825195 6.199999809265137
      vertex -11.699999809265137 5.899999618530273 6.199999809265137
      vertex -11.631153106689453 6.091226577758789 6.199999809265137
    endloop
  endfacet
  facet normal 0 0 -1
    outer loop
      vertex -11.699999809265137 -5.899999618530273 6.199999809265137
      vertex -11.653298377990723 -6.060747146606445 6.199999809265137
      vertex -11.662891387939453 -6.044526100158691 6.199999809265137
    endloop
  endfacet
  facet normal 0 0 -1
    outer loop
      vertex -11.631153106689453 6.091226577758789 6.199999809265137
      vertex -11.699999809265137 5.899999618530273 6.199999809265137
      vertex -11.642704963684082 6.0763349533081055 6.199999809265137
    endloop
  endfacet
  facet normal 0 0 -1
    outer loop
      vertex -11.699999809265137 -5.899999618530273 6.199999809265137
      vertex -11.662891387939453 -6.044526100158691 6.199999809265137
      vertex -11.67144775390625 -6.027732849121094 6.199999809265137
    endloop
  endfacet
  facet normal 0 0 -1
    outer loop
      vertex -11.642704963684082 6.0763349533081055 6.199999809265137
      vertex -11.699999809265137 5.899999618530273 6.199999809265137
      vertex -11.653298377990723 6.060747146606445 6.199999809265137
    endloop
  endfacet
  facet normal 0 0 -1
    outer loop
      vertex -11.699999809265137 -5.899999618530273 6.199999809265137
      vertex -11.67144775390625 -6.027732849121094 6.199999809265137
      vertex -11.678932189941406 -6.01043701171875 6.199999809265137
    endloop
  endfacet
  facet normal 0 0 -1
    outer loop
      vertex -11.653298377990723 6.060747146606445 6.199999809265137
      vertex -11.699999809265137 5.899999618530273 6.199999809265137
      vertex -11.662891387939453 6.044526100158691 6.199999809265137
    endloop
  endfacet
  facet normal 0 0 -1
    outer loop
      vertex -11.699999809265137 -5.899999618530273 6.199999809265137
      vertex -11.678932189941406 -6.01043701171875 6.199999809265137
      vertex -11.68531608581543 -5.992704391479492 6.199999809265137
    endloop
  endfacet
  facet normal 0 0 -1
    outer loop
      vertex -11.662891387939453 6.044526100158691 6.199999809265137
      vertex -11.699999809265137 5.899999618530273 6.199999809265137
      vertex -11.67144775390625 6.027732849121094 6.199999809265137
    endloop
  endfacet
  facet normal 0 0 -1
    outer loop
      vertex -11.699999809265137 -5.899999618530273 6.199999809265137
      vertex -11.68531608581543 -5.992704391479492 6.199999809265137
      vertex -11.690574645996094 -5.974606513977051 6.199999809265137
    endloop
  endfacet
  facet normal 0 0 -1
    outer loop
      vertex -11.67144775390625 6.027732849121094 6.199999809265137
      vertex -11.699999809265137 5.899999618530273 6.199999809265137
      vertex -11.678932189941406 6.01043701171875 6.199999809265137
    endloop
  endfacet
  facet normal 0 0 -1
    outer loop
      vertex -11.699999809265137 -5.899999618530273 6.199999809265137
      vertex -11.690574645996094 -5.974606513977051 6.199999809265137
      vertex -11.694685935974121 -5.95621395111084 6.199999809265137
    endloop
  endfacet
  facet normal 0 0 -1
    outer loop
      vertex -11.678932189941406 6.01043701171875 6.199999809265137
      vertex -11.699999809265137 5.899999618530273 6.199999809265137
      vertex -11.68531608581543 5.992704391479492 6.199999809265137
    endloop
  endfacet
  facet normal 0 0 -1
    outer loop
      vertex -11.699999809265137 -5.899999618530273 6.199999809265137
      vertex -11.694685935974121 -5.95621395111084 6.199999809265137
      vertex -11.697633743286133 -5.937599182128906 6.199999809265137
    endloop
  endfacet
  facet normal 0 0 -1
    outer loop
      vertex -11.68531608581543 5.992704391479492 6.199999809265137
      vertex -11.699999809265137 5.899999618530273 6.199999809265137
      vertex -11.690574645996094 5.974606513977051 6.199999809265137
    endloop
  endfacet
  facet normal 0 0 -1
    outer loop
      vertex -11.699999809265137 -5.899999618530273 6.199999809265137
      vertex -11.697633743286133 -5.937599182128906 6.199999809265137
      vertex -11.699407577514648 -5.91883659362793 6.199999809265137
    endloop
  endfacet
  facet normal 0 0 -1
    outer loop
      vertex -11.690574645996094 5.974606513977051 6.199999809265137
      vertex -11.699999809265137 5.899999618530273 6.199999809265137
      vertex -11.694685935974121 5.95621395111084 6.199999809265137
    endloop
  endfacet
  facet normal 0 0 -1
    outer loop
      vertex -11.694685935974121 5.95621395111084 6.199999809265137
      vertex -11.699999809265137 5.899999618530273 6.199999809265137
      vertex -11.697633743286133 5.937599182128906 6.199999809265137
    endloop
  endfacet
  facet normal 0 0 -1
    outer loop
      vertex -11.697633743286133 5.937599182128906 6.199999809265137
      vertex -11.699999809265137 5.899999618530273 6.199999809265137
      vertex -11.699407577514648 5.91883659362793 6.199999809265137
    endloop
  endfacet
  facet normal -0.8270817629306938 0.5620816287937686 0
    outer loop
      vertex -11.157294273376465 -6.0763349533081055 0
      vertex -11.146700859069824 -6.060747146606445 6.199999809265137
      vertex -11.146700859069824 -6.060747146606445 0
    endloop
  endfacet
  facet normal -0.8270817629306938 0.5620816287937686 0
    outer loop
      vertex -11.146700859069824 -6.060747146606445 6.199999809265137
      vertex -11.157294273376465 -6.0763349533081055 0
      vertex -11.157294273376465 -6.0763349533081055 6.199999809265137
    endloop
  endfacet
  facet normal 0.7501390329139643 -0.6612801458526502 0
    outer loop
      vertex -11.631153106689453 6.091226577758789 6.199999809265137
      vertex -11.618690490722656 6.105363845825195 0
      vertex -11.618690490722656 6.105363845825195 6.199999809265137
    endloop
  endfacet
  facet normal 0.7501390329139643 -0.6612801458526502 0
    outer loop
      vertex -11.618690490722656 6.105363845825195 0
      vertex -11.631153106689453 6.091226577758789 6.199999809265137
      vertex -11.631153106689453 6.091226577758789 0
    endloop
  endfacet
  facet normal -0.03142432711320473 0.9995061338808694 0
    outer loop
      vertex -11.381162643432617 -6.199407577514648 0
      vertex -11.399999618530273 -6.199999809265137 6.199999809265137
      vertex -11.381162643432617 -6.199407577514648 6.199999809265137
    endloop
  endfacet
  facet normal -0.03142432711320473 0.9995061338808694 0
    outer loop
      vertex -11.399999618530273 -6.199999809265137 6.199999809265137
      vertex -11.381162643432617 -6.199407577514648 0
      vertex -11.399999618530273 -6.199999809265137 0
    endloop
  endfacet
  facet normal 0.8607441236376202 0.5090378705197731 0
    outer loop
      vertex -11.653298377990723 -6.060747146606445 6.199999809265137
      vertex -11.662891387939453 -6.044526100158691 0
      vertex -11.662891387939453 -6.044526100158691 6.199999809265137
    endloop
  endfacet
  facet normal 0.8607441236376202 0.5090378705197731 0
    outer loop
      vertex -11.662891387939453 -6.044526100158691 0
      vertex -11.653298377990723 -6.060747146606445 6.199999809265137
      vertex -11.653298377990723 -6.060747146606445 0
    endloop
  endfacet
  facet normal 0.15640949256927125 0.9876922955223569 0
    outer loop
      vertex -11.437599182128906 -6.197633743286133 0
      vertex -11.45621395111084 -6.194685935974121 6.199999809265137
      vertex -11.437599182128906 -6.197633743286133 6.199999809265137
    endloop
  endfacet
  facet normal 0.15640949256927125 0.9876922955223569 0
    outer loop
      vertex -11.45621395111084 -6.194685935974121 6.199999809265137
      vertex -11.437599182128906 -6.197633743286133 0
      vertex -11.45621395111084 -6.194685935974121 0
    endloop
  endfacet
  facet normal 0.5620816287937686 -0.8270817629306938 0
    outer loop
      vertex -11.576334953308105 6.142704963684082 0
      vertex -11.560747146606445 6.153298377990723 6.199999809265137
      vertex -11.576334953308105 6.142704963684082 6.199999809265137
    endloop
  endfacet
  facet normal 0.5620816287937686 -0.8270817629306938 0
    outer loop
      vertex -11.560747146606445 6.153298377990723 6.199999809265137
      vertex -11.576334953308105 6.142704963684082 0
      vertex -11.560747146606445 6.153298377990723 0
    endloop
  endfacet
  facet normal -0.9955607344645038 0.09412132591765665 0
    outer loop
      vertex -11.102365493774414 -5.937599182128906 0
      vertex -11.100591659545898 -5.91883659362793 6.199999809265137
      vertex -11.100591659545898 -5.91883659362793 0
    endloop
  endfacet
  facet normal -0.9955607344645038 0.09412132591765665 0
    outer loop
      vertex -11.100591659545898 -5.91883659362793 6.199999809265137
      vertex -11.102365493774414 -5.937599182128906 0
      vertex -11.102365493774414 -5.937599182128906 6.199999809265137
    endloop
  endfacet
  facet normal 0.9995061338808694 0.03142432711320473 0
    outer loop
      vertex -11.699407577514648 -5.91883659362793 6.199999809265137
      vertex -11.699999809265137 -5.899999618530273 6
      vertex -11.699999809265137 -5.899999618530273 6.199999809265137
    endloop
  endfacet
  facet normal 0.9995061338808693 0.03142432711320473 0
    outer loop
      vertex -11.699999809265137 -5.899999618530273 6
      vertex -11.699407577514648 -5.91883659362793 6.199999809265137
      vertex -11.699999809265137 -5.899999618530273 5.59999942779541
    endloop
  endfacet
  facet normal 0.9995061338808694 0.03142432711320473 0
    outer loop
      vertex -11.699407577514648 -5.91883659362793 0
      vertex -11.699999809265137 -5.899999618530273 5.59999942779541
      vertex -11.699407577514648 -5.91883659362793 6.199999809265137
    endloop
  endfacet
  facet normal 0.9995061338808694 0.03142432711320473 0
    outer loop
      vertex -11.699999809265137 -5.899999618530273 5.59999942779541
      vertex -11.699407577514648 -5.91883659362793 0
      vertex -11.699999809265137 -5.899999618530273 0
    endloop
  endfacet
  facet normal -0.7501139314862981 0.6613086191712378 0
    outer loop
      vertex -11.18130874633789 -6.105363845825195 0
      vertex -11.168845176696777 -6.091226577758789 6.199999809265137
      vertex -11.168845176696777 -6.091226577758789 0
    endloop
  endfacet
  facet normal -0.7501139314862981 0.6613086191712378 0
    outer loop
      vertex -11.168845176696777 -6.091226577758789 6.199999809265137
      vertex -11.18130874633789 -6.105363845825195 0
      vertex -11.18130874633789 -6.105363845825195 6.199999809265137
    endloop
  endfacet
  facet normal -0.5621051535609614 0.8270657750990595 0
    outer loop
      vertex -11.223664283752441 -6.142704963684082 0
      vertex -11.239251136779785 -6.153298377990723 6.199999809265137
      vertex -11.223664283752441 -6.142704963684082 6.199999809265137
    endloop
  endfacet
  facet normal -0.5621051535609614 0.8270657750990595 0
    outer loop
      vertex -11.239251136779785 -6.153298377990723 6.199999809265137
      vertex -11.223664283752441 -6.142704963684082 0
      vertex -11.239251136779785 -6.153298377990723 0
    endloop
  endfacet
  facet normal -0.39712313839883895 -0.9177653365366644 0
    outer loop
      vertex -11.289562225341797 6.178932189941406 0
      vertex -11.272265434265137 6.17144775390625 6.199999809265137
      vertex -11.289562225341797 6.178932189941406 6.199999809265137
    endloop
  endfacet
  facet normal -0.39712313839883895 -0.9177653365366644 0
    outer loop
      vertex -11.272265434265137 6.17144775390625 6.199999809265137
      vertex -11.289562225341797 6.178932189941406 0
      vertex -11.272265434265137 6.17144775390625 0
    endloop
  endfacet
  facet normal 0.9177573557291627 0.3971415818131048 0
    outer loop
      vertex -11.67144775390625 -6.027732849121094 6.199999809265137
      vertex -11.678932189941406 -6.01043701171875 0
      vertex -11.678932189941406 -6.01043701171875 6.199999809265137
    endloop
  endfacet
  facet normal 0.9177573557291627 0.3971415818131048 0
    outer loop
      vertex -11.678932189941406 -6.01043701171875 0
      vertex -11.67144775390625 -6.027732849121094 6.199999809265137
      vertex -11.67144775390625 -6.027732849121094 0
    endloop
  endfacet
  facet normal -0.9955607344645038 -0.09412132591765665 0
    outer loop
      vertex -11.100591659545898 5.91883659362793 0
      vertex -11.102365493774414 5.937599182128906 6.199999809265137
      vertex -11.102365493774414 5.937599182128906 0
    endloop
  endfacet
  facet normal -0.9955607344645038 -0.09412132591765665 0
    outer loop
      vertex -11.102365493774414 5.937599182128906 6.199999809265137
      vertex -11.100591659545898 5.91883659362793 0
      vertex -11.100591659545898 5.91883659362793 6.199999809265137
    endloop
  endfacet
  facet normal 0.7071067811865476 -0.7071067811865476 0
    outer loop
      vertex -11.618690490722656 6.105363845825195 6.199999809265137
      vertex -11.605363845825195 6.118690490722656 0
      vertex -11.605363845825195 6.118690490722656 6.199999809265137
    endloop
  endfacet
  facet normal 0.7071067811865476 -0.7071067811865476 0
    outer loop
      vertex -11.605363845825195 6.118690490722656 0
      vertex -11.618690490722656 6.105363845825195 6.199999809265137
      vertex -11.618690490722656 6.105363845825195 0
    endloop
  endfacet
  facet normal 0.7501390329139643 0.6612801458526502 0
    outer loop
      vertex -11.618690490722656 -6.105363845825195 6.199999809265137
      vertex -11.631153106689453 -6.091226577758789 0
      vertex -11.631153106689453 -6.091226577758789 6.199999809265137
    endloop
  endfacet
  facet normal 0.7501390329139643 0.6612801458526502 0
    outer loop
      vertex -11.631153106689453 -6.091226577758789 0
      vertex -11.618690490722656 -6.105363845825195 6.199999809265137
      vertex -11.618690490722656 -6.105363845825195 0
    endloop
  endfacet
  facet normal 0.21814653069828524 -0.9759160266868775 0
    outer loop
      vertex -11.47460651397705 6.190574645996094 0
      vertex -11.45621395111084 6.194685935974121 6.199999809265137
      vertex -11.47460651397705 6.190574645996094 6.199999809265137
    endloop
  endfacet
  facet normal 0.21814653069828524 -0.9759160266868775 0
    outer loop
      vertex -11.45621395111084 6.194685935974121 6.199999809265137
      vertex -11.47460651397705 6.190574645996094 0
      vertex -11.45621395111084 6.194685935974121 0
    endloop
  endfacet
  facet normal 0.6129312038125971 0.7901362790005535 0
    outer loop
      vertex -11.576334953308105 -6.142704963684082 0
      vertex -11.591226577758789 -6.131153106689453 6.199999809265137
      vertex -11.576334953308105 -6.142704963684082 6.199999809265137
    endloop
  endfacet
  facet normal 0.6129312038125971 0.7901362790005535 0
    outer loop
      vertex -11.591226577758789 -6.131153106689453 6.199999809265137
      vertex -11.576334953308105 -6.142704963684082 0
      vertex -11.591226577758789 -6.131153106689453 0
    endloop
  endfacet
  facet normal 0.2790224565203385 -0.9602845769652638 0
    outer loop
      vertex -11.492704391479492 6.18531608581543 0
      vertex -11.47460651397705 6.190574645996094 6.199999809265137
      vertex -11.492704391479492 6.18531608581543 6.199999809265137
    endloop
  endfacet
  facet normal 0.2790224565203385 -0.9602845769652638 0
    outer loop
      vertex -11.47460651397705 6.190574645996094 6.199999809265137
      vertex -11.492704391479492 6.18531608581543 0
      vertex -11.47460651397705 6.190574645996094 0
    endloop
  endfacet
  facet normal 0.6612801458526502 0.7501390329139643 0
    outer loop
      vertex -11.591226577758789 -6.131153106689453 0
      vertex -11.605363845825195 -6.118690490722656 6.199999809265137
      vertex -11.591226577758789 -6.131153106689453 6.199999809265137
    endloop
  endfacet
  facet normal 0.6612801458526502 0.7501390329139643 0
    outer loop
      vertex -11.605363845825195 -6.118690490722656 6.199999809265137
      vertex -11.591226577758789 -6.131153106689453 0
      vertex -11.605363845825195 -6.118690490722656 0
    endloop
  endfacet
  facet normal 0.9955607344645038 -0.09412132591765665 0
    outer loop
      vertex -11.699407577514648 5.91883659362793 6.199999809265137
      vertex -11.697633743286133 5.937599182128906 0
      vertex -11.697633743286133 5.937599182128906 6.199999809265137
    endloop
  endfacet
  facet normal 0.9955607344645038 -0.09412132591765665 0
    outer loop
      vertex -11.697633743286133 5.937599182128906 0
      vertex -11.699407577514648 5.91883659362793 6.199999809265137
      vertex -11.699407577514648 5.91883659362793 0
    endloop
  endfacet
  facet normal 0.6612801458526502 -0.7501390329139643 0
    outer loop
      vertex -11.605363845825195 6.118690490722656 0
      vertex -11.591226577758789 6.131153106689453 6.199999809265137
      vertex -11.605363845825195 6.118690490722656 6.199999809265137
    endloop
  endfacet
  facet normal 0.6612801458526502 -0.7501390329139643 0
    outer loop
      vertex -11.591226577758789 6.131153106689453 6.199999809265137
      vertex -11.605363845825195 6.118690490722656 0
      vertex -11.591226577758789 6.131153106689453 0
    endloop
  endfacet
  facet normal -0.8910113062938652 -0.45398111420685777 0
    outer loop
      vertex -11.128551483154297 6.027732849121094 0
      vertex -11.137107849121094 6.044526100158691 6.199999809265137
      vertex -11.137107849121094 6.044526100158691 0
    endloop
  endfacet
  facet normal -0.8910113062938652 -0.45398111420685777 0
    outer loop
      vertex -11.137107849121094 6.044526100158691 6.199999809265137
      vertex -11.128551483154297 6.027732849121094 0
      vertex -11.128551483154297 6.027732849121094 6.199999809265137
    endloop
  endfacet
  facet normal -0.9876922955223569 -0.15640949256927125 0
    outer loop
      vertex -11.102365493774414 5.937599182128906 0
      vertex -11.105313301086426 5.95621395111084 6.199999809265137
      vertex -11.105313301086426 5.95621395111084 0
    endloop
  endfacet
  facet normal -0.9876922955223569 -0.15640949256927125 0
    outer loop
      vertex -11.105313301086426 5.95621395111084 6.199999809265137
      vertex -11.102365493774414 5.937599182128906 0
      vertex -11.102365493774414 5.937599182128906 6.199999809265137
    endloop
  endfacet
  facet normal -0.2790224565203385 -0.9602845769652638 0
    outer loop
      vertex -11.325392723083496 6.190574645996094 0
      vertex -11.307294845581055 6.18531608581543 6.199999809265137
      vertex -11.325392723083496 6.190574645996094 6.199999809265137
    endloop
  endfacet
  facet normal -0.2790224565203385 -0.9602845769652638 0
    outer loop
      vertex -11.307294845581055 6.18531608581543 6.199999809265137
      vertex -11.325392723083496 6.190574645996094 0
      vertex -11.307294845581055 6.18531608581543 0
    endloop
  endfacet
  facet normal -0.7501139314862981 -0.6613086191712378 0
    outer loop
      vertex -11.168845176696777 6.091226577758789 0
      vertex -11.18130874633789 6.105363845825195 6.199999809265137
      vertex -11.18130874633789 6.105363845825195 0
    endloop
  endfacet
  facet normal -0.7501139314862981 -0.6613086191712378 0
    outer loop
      vertex -11.18130874633789 6.105363845825195 6.199999809265137
      vertex -11.168845176696777 6.091226577758789 0
      vertex -11.168845176696777 6.091226577758789 6.199999809265137
    endloop
  endfacet
  facet normal 0.9759160266868775 -0.21814653069828524 0
    outer loop
      vertex -11.694685935974121 5.95621395111084 6.199999809265137
      vertex -11.690574645996094 5.974606513977051 0
      vertex -11.690574645996094 5.974606513977051 6.199999809265137
    endloop
  endfacet
  facet normal 0.9759160266868775 -0.21814653069828524 0
    outer loop
      vertex -11.690574645996094 5.974606513977051 0
      vertex -11.694685935974121 5.95621395111084 6.199999809265137
      vertex -11.694685935974121 5.95621395111084 0
    endloop
  endfacet
  facet normal -0.1564173101128164 -0.9876910575159983 0
    outer loop
      vertex -11.362399101257324 6.197633743286133 0
      vertex -11.343785285949707 6.194685935974121 6.199999809265137
      vertex -11.362399101257324 6.197633743286133 6.199999809265137
    endloop
  endfacet
  facet normal -0.1564173101128164 -0.9876910575159983 0
    outer loop
      vertex -11.343785285949707 6.194685935974121 6.199999809265137
      vertex -11.362399101257324 6.197633743286133 0
      vertex -11.343785285949707 6.194685935974121 0
    endloop
  endfacet
  facet normal -0.09411658449022786 -0.9955611827124909 0
    outer loop
      vertex -11.381162643432617 6.199407577514648 0
      vertex -11.362399101257324 6.197633743286133 6.199999809265137
      vertex -11.381162643432617 6.199407577514648 6.199999809265137
    endloop
  endfacet
  facet normal -0.09411658449022786 -0.9955611827124909 0
    outer loop
      vertex -11.362399101257324 6.197633743286133 6.199999809265137
      vertex -11.381162643432617 6.199407577514648 0
      vertex -11.362399101257324 6.197633743286133 0
    endloop
  endfacet
  facet normal 0.7901362790005535 -0.6129312038125971 0
    outer loop
      vertex -11.642704963684082 6.0763349533081055 6.199999809265137
      vertex -11.631153106689453 6.091226577758789 0
      vertex -11.631153106689453 6.091226577758789 6.199999809265137
    endloop
  endfacet
  facet normal 0.7901362790005535 -0.6129312038125971 0
    outer loop
      vertex -11.631153106689453 6.091226577758789 0
      vertex -11.642704963684082 6.0763349533081055 6.199999809265137
      vertex -11.642704963684082 6.0763349533081055 0
    endloop
  endfacet
  facet normal 0.9995061338808694 -0.03142432711320473 0
    outer loop
      vertex -11.699999809265137 5.899999618530273 6
      vertex -11.699407577514648 5.91883659362793 6.199999809265137
      vertex -11.699999809265137 5.899999618530273 6.199999809265137
    endloop
  endfacet
  facet normal 0.9995061338808693 -0.03142432711320473 0
    outer loop
      vertex -11.699999809265137 5.899999618530273 5.59999942779541
      vertex -11.699407577514648 5.91883659362793 6.199999809265137
      vertex -11.699999809265137 5.899999618530273 6
    endloop
  endfacet
  facet normal 0.9995061338808694 -0.03142432711320473 0
    outer loop
      vertex -11.699407577514648 5.91883659362793 6.199999809265137
      vertex -11.699999809265137 5.899999618530273 5.59999942779541
      vertex -11.699407577514648 5.91883659362793 0
    endloop
  endfacet
  facet normal 0.9995061338808694 -0.03142432711320473 0
    outer loop
      vertex -11.699407577514648 5.91883659362793 0
      vertex -11.699999809265137 5.899999618530273 5.59999942779541
      vertex -11.699999809265137 5.899999618530273 0
    endloop
  endfacet
  facet normal -0.8910113062938652 0.45398111420685777 0
    outer loop
      vertex -11.137107849121094 -6.044526100158691 0
      vertex -11.128551483154297 -6.027732849121094 6.199999809265137
      vertex -11.128551483154297 -6.027732849121094 0
    endloop
  endfacet
  facet normal -0.8910113062938652 0.45398111420685777 0
    outer loop
      vertex -11.128551483154297 -6.027732849121094 6.199999809265137
      vertex -11.137107849121094 -6.044526100158691 0
      vertex -11.137107849121094 -6.044526100158691 6.199999809265137
    endloop
  endfacet
  facet normal -0.21814653069828524 0.9759160266868775 0
    outer loop
      vertex -11.325392723083496 -6.190574645996094 0
      vertex -11.343785285949707 -6.194685935974121 6.199999809265137
      vertex -11.325392723083496 -6.190574645996094 6.199999809265137
    endloop
  endfacet
  facet normal -0.21814653069828524 0.9759160266868775 0
    outer loop
      vertex -11.343785285949707 -6.194685935974121 6.199999809265137
      vertex -11.325392723083496 -6.190574645996094 0
      vertex -11.343785285949707 -6.194685935974121 0
    endloop
  endfacet
  facet normal -0.9759160266868775 0.21814653069828524 0
    outer loop
      vertex -11.109424591064453 -5.974606513977051 0
      vertex -11.105313301086426 -5.95621395111084 6.199999809265137
      vertex -11.105313301086426 -5.95621395111084 0
    endloop
  endfacet
  facet normal -0.9759160266868775 0.21814653069828524 0
    outer loop
      vertex -11.105313301086426 -5.95621395111084 6.199999809265137
      vertex -11.109424591064453 -5.974606513977051 0
      vertex -11.109424591064453 -5.974606513977051 6.199999809265137
    endloop
  endfacet
  facet normal -0.9177573557291627 0.3971415818131048 0
    outer loop
      vertex -11.128551483154297 -6.027732849121094 0
      vertex -11.12106704711914 -6.01043701171875 6.199999809265137
      vertex -11.12106704711914 -6.01043701171875 0
    endloop
  endfacet
  facet normal -0.9177573557291627 0.3971415818131048 0
    outer loop
      vertex -11.12106704711914 -6.01043701171875 6.199999809265137
      vertex -11.128551483154297 -6.027732849121094 0
      vertex -11.128551483154297 -6.027732849121094 6.199999809265137
    endloop
  endfacet
  facet normal 0.3387266356183068 -0.9408848315934861 0
    outer loop
      vertex -11.51043701171875 6.178932189941406 0
      vertex -11.492704391479492 6.18531608581543 6.199999809265137
      vertex -11.51043701171875 6.178932189941406 6.199999809265137
    endloop
  endfacet
  facet normal 0.3387266356183068 -0.9408848315934861 0
    outer loop
      vertex -11.492704391479492 6.18531608581543 6.199999809265137
      vertex -11.51043701171875 6.178932189941406 0
      vertex -11.492704391479492 6.18531608581543 0
    endloop
  endfacet
  facet normal -0.9177573557291627 -0.3971415818131048 0
    outer loop
      vertex -11.12106704711914 6.01043701171875 0
      vertex -11.128551483154297 6.027732849121094 6.199999809265137
      vertex -11.128551483154297 6.027732849121094 0
    endloop
  endfacet
  facet normal -0.9177573557291627 -0.3971415818131048 0
    outer loop
      vertex -11.128551483154297 6.027732849121094 6.199999809265137
      vertex -11.12106704711914 6.01043701171875 0
      vertex -11.12106704711914 6.01043701171875 6.199999809265137
    endloop
  endfacet
  facet normal -0.9876922955223569 0.15640949256927125 0
    outer loop
      vertex -11.105313301086426 -5.95621395111084 0
      vertex -11.102365493774414 -5.937599182128906 6.199999809265137
      vertex -11.102365493774414 -5.937599182128906 0
    endloop
  endfacet
  facet normal -0.9876922955223569 0.15640949256927125 0
    outer loop
      vertex -11.102365493774414 -5.937599182128906 6.199999809265137
      vertex -11.105313301086426 -5.95621395111084 0
      vertex -11.105313301086426 -5.95621395111084 6.199999809265137
    endloop
  endfacet
  facet normal -0.09411658449022786 0.9955611827124909 0
    outer loop
      vertex -11.362399101257324 -6.197633743286133 0
      vertex -11.381162643432617 -6.199407577514648 6.199999809265137
      vertex -11.362399101257324 -6.197633743286133 6.199999809265137
    endloop
  endfacet
  facet normal -0.09411658449022786 0.9955611827124909 0
    outer loop
      vertex -11.381162643432617 -6.199407577514648 6.199999809265137
      vertex -11.362399101257324 -6.197633743286133 0
      vertex -11.381162643432617 -6.199407577514648 0
    endloop
  endfacet
  facet normal -0.3387266356183068 0.9408848315934861 0
    outer loop
      vertex -11.289562225341797 -6.178932189941406 0
      vertex -11.307294845581055 -6.18531608581543 6.199999809265137
      vertex -11.289562225341797 -6.178932189941406 6.199999809265137
    endloop
  endfacet
  facet normal -0.3387266356183068 0.9408848315934861 0
    outer loop
      vertex -11.307294845581055 -6.18531608581543 6.199999809265137
      vertex -11.289562225341797 -6.178932189941406 0
      vertex -11.307294845581055 -6.18531608581543 0
    endloop
  endfacet
  facet normal 0.8910113062938652 -0.45398111420685777 0
    outer loop
      vertex -11.67144775390625 6.027732849121094 6.199999809265137
      vertex -11.662891387939453 6.044526100158691 0
      vertex -11.662891387939453 6.044526100158691 6.199999809265137
    endloop
  endfacet
  facet normal 0.8910113062938652 -0.45398111420685777 0
    outer loop
      vertex -11.662891387939453 6.044526100158691 0
      vertex -11.67144775390625 6.027732849121094 6.199999809265137
      vertex -11.67144775390625 6.027732849121094 0
    endloop
  endfacet
  facet normal -0.7901607852034909 -0.6128996112958489 0
    outer loop
      vertex -11.157294273376465 6.0763349533081055 0
      vertex -11.168845176696777 6.091226577758789 6.199999809265137
      vertex -11.168845176696777 6.091226577758789 0
    endloop
  endfacet
  facet normal -0.7901607852034909 -0.6128996112958489 0
    outer loop
      vertex -11.168845176696777 6.091226577758789 6.199999809265137
      vertex -11.157294273376465 6.0763349533081055 0
      vertex -11.157294273376465 6.0763349533081055 6.199999809265137
    endloop
  endfacet
  facet normal 0.3971415818131048 0.9177573557291627 0
    outer loop
      vertex -11.51043701171875 -6.178932189941406 0
      vertex -11.527732849121094 -6.17144775390625 6.199999809265137
      vertex -11.51043701171875 -6.178932189941406 6.199999809265137
    endloop
  endfacet
  facet normal 0.3971415818131048 0.9177573557291627 0
    outer loop
      vertex -11.527732849121094 -6.17144775390625 6.199999809265137
      vertex -11.51043701171875 -6.178932189941406 0
      vertex -11.527732849121094 -6.17144775390625 0
    endloop
  endfacet
  facet normal 0.9602845769652638 0.2790224565203385 0
    outer loop
      vertex -11.68531608581543 -5.992704391479492 6.199999809265137
      vertex -11.690574645996094 -5.974606513977051 0
      vertex -11.690574645996094 -5.974606513977051 6.199999809265137
    endloop
  endfacet
  facet normal 0.9602845769652638 0.2790224565203385 0
    outer loop
      vertex -11.690574645996094 -5.974606513977051 0
      vertex -11.68531608581543 -5.992704391479492 6.199999809265137
      vertex -11.68531608581543 -5.992704391479492 0
    endloop
  endfacet
  facet normal -0.9408687039569372 -0.33877143019208855 0
    outer loop
      vertex -11.1146821975708 5.992704391479492 0
      vertex -11.12106704711914 6.01043701171875 6.199999809265137
      vertex -11.12106704711914 6.01043701171875 0
    endloop
  endfacet
  facet normal -0.9408687039569372 -0.33877143019208855 0
    outer loop
      vertex -11.12106704711914 6.01043701171875 6.199999809265137
      vertex -11.1146821975708 5.992704391479492 0
      vertex -11.1146821975708 5.992704391479492 6.199999809265137
    endloop
  endfacet
  facet normal -0.2790224565203385 0.9602845769652638 0
    outer loop
      vertex -11.307294845581055 -6.18531608581543 0
      vertex -11.325392723083496 -6.190574645996094 6.199999809265137
      vertex -11.307294845581055 -6.18531608581543 6.199999809265137
    endloop
  endfacet
  facet normal -0.2790224565203385 0.9602845769652638 0
    outer loop
      vertex -11.325392723083496 -6.190574645996094 6.199999809265137
      vertex -11.307294845581055 -6.18531608581543 0
      vertex -11.325392723083496 -6.190574645996094 0
    endloop
  endfacet
  facet normal 0.9408848315934861 -0.3387266356183068 0
    outer loop
      vertex -11.68531608581543 5.992704391479492 6.199999809265137
      vertex -11.678932189941406 6.01043701171875 0
      vertex -11.678932189941406 6.01043701171875 6.199999809265137
    endloop
  endfacet
  facet normal 0.9408848315934861 -0.3387266356183068 0
    outer loop
      vertex -11.678932189941406 6.01043701171875 0
      vertex -11.68531608581543 5.992704391479492 6.199999809265137
      vertex -11.68531608581543 5.992704391479492 0
    endloop
  endfacet
  facet normal 0.8607441236376202 -0.5090378705197731 0
    outer loop
      vertex -11.662891387939453 6.044526100158691 6.199999809265137
      vertex -11.653298377990723 6.060747146606445 0
      vertex -11.653298377990723 6.060747146606445 6.199999809265137
    endloop
  endfacet
  facet normal 0.8607441236376202 -0.5090378705197731 0
    outer loop
      vertex -11.653298377990723 6.060747146606445 0
      vertex -11.662891387939453 6.044526100158691 6.199999809265137
      vertex -11.662891387939453 6.044526100158691 0
    endloop
  endfacet
  facet normal -0.6612801458526502 0.7501390329139643 0
    outer loop
      vertex -11.194635391235352 -6.118690490722656 0
      vertex -11.208772659301758 -6.131153106689453 6.199999809265137
      vertex -11.194635391235352 -6.118690490722656 6.199999809265137
    endloop
  endfacet
  facet normal -0.6612801458526502 0.7501390329139643 0
    outer loop
      vertex -11.208772659301758 -6.131153106689453 6.199999809265137
      vertex -11.194635391235352 -6.118690490722656 0
      vertex -11.208772659301758 -6.131153106689453 0
    endloop
  endfacet
  facet normal -0.7901607852034909 0.6128996112958489 0
    outer loop
      vertex -11.168845176696777 -6.091226577758789 0
      vertex -11.157294273376465 -6.0763349533081055 6.199999809265137
      vertex -11.157294273376465 -6.0763349533081055 0
    endloop
  endfacet
  facet normal -0.7901607852034909 0.6128996112958489 0
    outer loop
      vertex -11.157294273376465 -6.0763349533081055 6.199999809265137
      vertex -11.168845176696777 -6.091226577758789 0
      vertex -11.168845176696777 -6.091226577758789 6.199999809265137
    endloop
  endfacet
  facet normal 0.45398111420685777 0.8910113062938652 0
    outer loop
      vertex -11.527732849121094 -6.17144775390625 0
      vertex -11.544526100158691 -6.162891387939453 6.199999809265137
      vertex -11.527732849121094 -6.17144775390625 6.199999809265137
    endloop
  endfacet
  facet normal 0.45398111420685777 0.8910113062938652 0
    outer loop
      vertex -11.544526100158691 -6.162891387939453 6.199999809265137
      vertex -11.527732849121094 -6.17144775390625 0
      vertex -11.544526100158691 -6.162891387939453 0
    endloop
  endfacet
  facet normal -0.9602981345186156 0.27897579257001254 0
    outer loop
      vertex -11.1146821975708 -5.992704391479492 0
      vertex -11.109424591064453 -5.974606513977051 6.199999809265137
      vertex -11.109424591064453 -5.974606513977051 0
    endloop
  endfacet
  facet normal -0.9602981345186156 0.27897579257001254 0
    outer loop
      vertex -11.109424591064453 -5.974606513977051 6.199999809265137
      vertex -11.1146821975708 -5.992704391479492 0
      vertex -11.1146821975708 -5.992704391479492 6.199999809265137
    endloop
  endfacet
  facet normal 0.9876922955223569 0.15640949256927125 0
    outer loop
      vertex -11.694685935974121 -5.95621395111084 6.199999809265137
      vertex -11.697633743286133 -5.937599182128906 0
      vertex -11.697633743286133 -5.937599182128906 6.199999809265137
    endloop
  endfacet
  facet normal 0.9876922955223569 0.15640949256927125 0
    outer loop
      vertex -11.697633743286133 -5.937599182128906 0
      vertex -11.694685935974121 -5.95621395111084 6.199999809265137
      vertex -11.694685935974121 -5.95621395111084 0
    endloop
  endfacet
  facet normal 0.3387266356183068 0.9408848315934861 0
    outer loop
      vertex -11.492704391479492 -6.18531608581543 0
      vertex -11.51043701171875 -6.178932189941406 6.199999809265137
      vertex -11.492704391479492 -6.18531608581543 6.199999809265137
    endloop
  endfacet
  facet normal 0.3387266356183068 0.9408848315934861 0
    outer loop
      vertex -11.51043701171875 -6.178932189941406 6.199999809265137
      vertex -11.492704391479492 -6.18531608581543 0
      vertex -11.51043701171875 -6.178932189941406 0
    endloop
  endfacet
  facet normal -0.45400158273251634 0.8910008770345683 0
    outer loop
      vertex -11.255473136901855 -6.162891387939453 0
      vertex -11.272265434265137 -6.17144775390625 6.199999809265137
      vertex -11.255473136901855 -6.162891387939453 6.199999809265137
    endloop
  endfacet
  facet normal -0.45400158273251634 0.8910008770345683 0
    outer loop
      vertex -11.272265434265137 -6.17144775390625 6.199999809265137
      vertex -11.255473136901855 -6.162891387939453 0
      vertex -11.272265434265137 -6.17144775390625 0
    endloop
  endfacet
  facet normal 0.9955607344645038 0.09412132591765665 0
    outer loop
      vertex -11.697633743286133 -5.937599182128906 6.199999809265137
      vertex -11.699407577514648 -5.91883659362793 0
      vertex -11.699407577514648 -5.91883659362793 6.199999809265137
    endloop
  endfacet
  facet normal 0.9955607344645038 0.09412132591765665 0
    outer loop
      vertex -11.699407577514648 -5.91883659362793 0
      vertex -11.697633743286133 -5.937599182128906 6.199999809265137
      vertex -11.697633743286133 -5.937599182128906 0
    endloop
  endfacet
  facet normal 0 -1 0
    outer loop
      vertex -5.899999618530273 -11.09999942779541 0
      vertex 5.899999618530273 -11.09999942779541 6.199999809265137
      vertex -5.899999618530273 -11.09999942779541 6.199999809265137
    endloop
  endfacet
  facet normal 0 -1 0
    outer loop
      vertex 5.899999618530273 -11.09999942779541 6.199999809265137
      vertex -5.899999618530273 -11.09999942779541 0
      vertex 5.899999618530273 -11.09999942779541 0
    endloop
  endfacet
  facet normal -0.9876910575159983 -0.1564173101128164 0
    outer loop
      vertex 6.197633743286133 -11.362399101257324 0
      vertex 6.194685935974121 -11.343785285949707 6.199999809265137
      vertex 6.194685935974121 -11.343785285949707 0
    endloop
  endfacet
  facet normal -0.9876910575159983 -0.1564173101128164 0
    outer loop
      vertex 6.194685935974121 -11.343785285949707 6.199999809265137
      vertex 6.197633743286133 -11.362399101257324 0
      vertex 6.197633743286133 -11.362399101257324 6.199999809265137
    endloop
  endfacet
  facet normal 0.9955607344645038 0.09412132591765665 0
    outer loop
      vertex -6.197633743286133 -11.437599182128906 6.199999809265137
      vertex -6.199407577514648 -11.41883659362793 0
      vertex -6.199407577514648 -11.41883659362793 6.199999809265137
    endloop
  endfacet
  facet normal 0.9955607344645038 0.09412132591765665 0
    outer loop
      vertex -6.199407577514648 -11.41883659362793 0
      vertex -6.197633743286133 -11.437599182128906 6.199999809265137
      vertex -6.197633743286133 -11.437599182128906 0
    endloop
  endfacet
  facet normal 0.9602845769652638 0.2790224565203385 0
    outer loop
      vertex -6.18531608581543 -11.492704391479492 6.199999809265137
      vertex -6.190574645996094 -11.47460651397705 0
      vertex -6.190574645996094 -11.47460651397705 6.199999809265137
    endloop
  endfacet
  facet normal 0.9602845769652638 0.2790224565203385 0
    outer loop
      vertex -6.190574645996094 -11.47460651397705 0
      vertex -6.18531608581543 -11.492704391479492 6.199999809265137
      vertex -6.18531608581543 -11.492704391479492 0
    endloop
  endfacet
  facet normal 0.860757235581964 -0.5090156985725441 0
    outer loop
      vertex -6.162891387939453 -11.255473136901855 6.199999809265137
      vertex -6.153298377990723 -11.239251136779785 0
      vertex -6.153298377990723 -11.239251136779785 6.199999809265137
    endloop
  endfacet
  facet normal 0.860757235581964 -0.5090156985725441 0
    outer loop
      vertex -6.153298377990723 -11.239251136779785 0
      vertex -6.162891387939453 -11.255473136901855 6.199999809265137
      vertex -6.162891387939453 -11.255473136901855 0
    endloop
  endfacet
  facet normal 0.8910113062938652 0.45398111420685777 0
    outer loop
      vertex -6.162891387939453 -11.544526100158691 6.199999809265137
      vertex -6.17144775390625 -11.527732849121094 0
      vertex -6.17144775390625 -11.527732849121094 6.199999809265137
    endloop
  endfacet
  facet normal 0.8910113062938652 0.45398111420685777 0
    outer loop
      vertex -6.17144775390625 -11.527732849121094 0
      vertex -6.162891387939453 -11.544526100158691 6.199999809265137
      vertex -6.162891387939453 -11.544526100158691 0
    endloop
  endfacet
  facet normal 0.3971415818131048 0.9177573557291627 0
    outer loop
      vertex -6.01043701171875 -11.678932189941406 0
      vertex -6.027732849121094 -11.67144775390625 6.199999809265137
      vertex -6.01043701171875 -11.678932189941406 6.199999809265137
    endloop
  endfacet
  facet normal 0.3971415818131048 0.9177573557291627 0
    outer loop
      vertex -6.027732849121094 -11.67144775390625 6.199999809265137
      vertex -6.01043701171875 -11.678932189941406 0
      vertex -6.027732849121094 -11.67144775390625 0
    endloop
  endfacet
  facet normal 0.9408848315934861 -0.3387266356183068 0
    outer loop
      vertex -6.18531608581543 -11.307294845581055 6.199999809265137
      vertex -6.178932189941406 -11.289562225341797 0
      vertex -6.178932189941406 -11.289562225341797 6.199999809265137
    endloop
  endfacet
  facet normal 0.9408848315934861 -0.3387266356183068 0
    outer loop
      vertex -6.178932189941406 -11.289562225341797 0
      vertex -6.18531608581543 -11.307294845581055 6.199999809265137
      vertex -6.18531608581543 -11.307294845581055 0
    endloop
  endfacet
  facet normal 0 1 0
    outer loop
      vertex 5.899999618530273 -11.699999809265137 0
      vertex -5.899999618530273 -11.699999809265137 5.59999942779541
      vertex 5.899999618530273 -11.699999809265137 5.59999942779541
    endloop
  endfacet
  facet normal 0 1 0
    outer loop
      vertex -5.899999618530273 -11.699999809265137 5.59999942779541
      vertex 5.899999618530273 -11.699999809265137 0
      vertex -5.899999618530273 -11.699999809265137 0
    endloop
  endfacet
  facet normal 0 1 0
    outer loop
      vertex 5.899999618530273 -11.699999809265137 6
      vertex -5.899999618530273 -11.699999809265137 6.199999809265137
      vertex 5.899999618530273 -11.699999809265137 6.199999809265137
    endloop
  endfacet
  facet normal 0 1 0
    outer loop
      vertex -5.899999618530273 -11.699999809265137 6.199999809265137
      vertex 5.899999618530273 -11.699999809265137 6
      vertex -5.899999618530273 -11.699999809265137 6
    endloop
  endfacet
  facet normal 0 -1 0
    outer loop
      vertex 5.899999618530273 -11.699999809265137 5.59999942779541
      vertex 6 -11.699999809265137 6
      vertex 5.899999618530273 -11.699999809265137 6
    endloop
  endfacet
  facet normal 0 -1 0
    outer loop
      vertex 6 -11.699999809265137 6
      vertex 5.899999618530273 -11.699999809265137 5.59999942779541
      vertex 6 -11.699999809265137 5.59999942779541
    endloop
  endfacet
  facet normal 0 -1 0
    outer loop
      vertex -6 -11.699999809265137 5.59999942779541
      vertex -5.899999618530273 -11.699999809265137 6
      vertex -6 -11.699999809265137 6
    endloop
  endfacet
  facet normal 0 -1 0
    outer loop
      vertex -5.899999618530273 -11.699999809265137 6
      vertex -6 -11.699999809265137 5.59999942779541
      vertex -5.899999618530273 -11.699999809265137 5.59999942779541
    endloop
  endfacet
  facet normal 0.15640949256927125 0.9876922955223569 0
    outer loop
      vertex -5.937599182128906 -11.697633743286133 0
      vertex -5.95621395111084 -11.694685935974121 6.199999809265137
      vertex -5.937599182128906 -11.697633743286133 6.199999809265137
    endloop
  endfacet
  facet normal 0.15640949256927125 0.9876922955223569 0
    outer loop
      vertex -5.95621395111084 -11.694685935974121 6.199999809265137
      vertex -5.937599182128906 -11.697633743286133 0
      vertex -5.95621395111084 -11.694685935974121 0
    endloop
  endfacet
  facet normal -0.9995061338808694 0.03142432711320473 0
    outer loop
      vertex 6.199407577514648 -11.41883659362793 0
      vertex 6.199999809265137 -11.399999618530273 6.199999809265137
      vertex 6.199999809265137 -11.399999618530273 0
    endloop
  endfacet
  facet normal -0.9995061338808694 0.03142432711320473 0
    outer loop
      vertex 6.199999809265137 -11.399999618530273 6.199999809265137
      vertex 6.199407577514648 -11.41883659362793 0
      vertex 6.199407577514648 -11.41883659362793 6.199999809265137
    endloop
  endfacet
  facet normal 0.5620816287937686 0.8270817629306938 0
    outer loop
      vertex -6.060747146606445 -11.653298377990723 0
      vertex -6.0763349533081055 -11.642704963684082 6.199999809265137
      vertex -6.060747146606445 -11.653298377990723 6.199999809265137
    endloop
  endfacet
  facet normal 0.5620816287937686 0.8270817629306938 0
    outer loop
      vertex -6.0763349533081055 -11.642704963684082 6.199999809265137
      vertex -6.060747146606445 -11.653298377990723 0
      vertex -6.0763349533081055 -11.642704963684082 0
    endloop
  endfacet
  facet normal -0.03142432711320473 -0.9995061338808694 0
    outer loop
      vertex 5.899999618530273 -11.09999942779541 0
      vertex 5.91883659362793 -11.100591659545898 6.199999809265137
      vertex 5.899999618530273 -11.09999942779541 6.199999809265137
    endloop
  endfacet
  facet normal -0.03142432711320473 -0.9995061338808694 0
    outer loop
      vertex 5.91883659362793 -11.100591659545898 6.199999809265137
      vertex 5.899999618530273 -11.09999942779541 0
      vertex 5.91883659362793 -11.100591659545898 0
    endloop
  endfacet
  facet normal 0.9995061338808694 0.03142432711320473 0
    outer loop
      vertex -6.199407577514648 -11.41883659362793 6.199999809265137
      vertex -6.199999809265137 -11.399999618530273 0
      vertex -6.199999809265137 -11.399999618530273 6.199999809265137
    endloop
  endfacet
  facet normal 0.9995061338808694 0.03142432711320473 0
    outer loop
      vertex -6.199999809265137 -11.399999618530273 0
      vertex -6.199407577514648 -11.41883659362793 6.199999809265137
      vertex -6.199407577514648 -11.41883659362793 0
    endloop
  endfacet
  facet normal -0.5620816287937686 0.8270817629306938 0
    outer loop
      vertex 6.0763349533081055 -11.642704963684082 0
      vertex 6.060747146606445 -11.653298377990723 6.199999809265137
      vertex 6.0763349533081055 -11.642704963684082 6.199999809265137
    endloop
  endfacet
  facet normal -0.5620816287937686 0.8270817629306938 0
    outer loop
      vertex 6.060747146606445 -11.653298377990723 6.199999809265137
      vertex 6.0763349533081055 -11.642704963684082 0
      vertex 6.060747146606445 -11.653298377990723 0
    endloop
  endfacet
  facet normal 0.21814653069828524 -0.9759160266868775 0
    outer loop
      vertex -5.974606513977051 -11.109424591064453 0
      vertex -5.95621395111084 -11.105313301086426 6.199999809265137
      vertex -5.974606513977051 -11.109424591064453 6.199999809265137
    endloop
  endfacet
  facet normal 0.21814653069828524 -0.9759160266868775 0
    outer loop
      vertex -5.95621395111084 -11.105313301086426 6.199999809265137
      vertex -5.974606513977051 -11.109424591064453 0
      vertex -5.95621395111084 -11.105313301086426 0
    endloop
  endfacet
  facet normal -0.9759160266868775 0.21814653069828524 0
    outer loop
      vertex 6.190574645996094 -11.47460651397705 0
      vertex 6.194685935974121 -11.45621395111084 6.199999809265137
      vertex 6.194685935974121 -11.45621395111084 0
    endloop
  endfacet
  facet normal -0.9759160266868775 0.21814653069828524 0
    outer loop
      vertex 6.194685935974121 -11.45621395111084 6.199999809265137
      vertex 6.190574645996094 -11.47460651397705 0
      vertex 6.190574645996094 -11.47460651397705 6.199999809265137
    endloop
  endfacet
  facet normal 0.27897579257001254 -0.9602981345186156 0
    outer loop
      vertex -5.992704391479492 -11.1146821975708 0
      vertex -5.974606513977051 -11.109424591064453 6.199999809265137
      vertex -5.992704391479492 -11.1146821975708 6.199999809265137
    endloop
  endfacet
  facet normal 0.27897579257001254 -0.9602981345186156 0
    outer loop
      vertex -5.974606513977051 -11.109424591064453 6.199999809265137
      vertex -5.992704391479492 -11.1146821975708 0
      vertex -5.974606513977051 -11.109424591064453 0
    endloop
  endfacet
  facet normal 0.5620816287937686 -0.8270817629306938 0
    outer loop
      vertex -6.0763349533081055 -11.157294273376465 0
      vertex -6.060747146606445 -11.146700859069824 6.199999809265137
      vertex -6.0763349533081055 -11.157294273376465 6.199999809265137
    endloop
  endfacet
  facet normal 0.5620816287937686 -0.8270817629306938 0
    outer loop
      vertex -6.060747146606445 -11.146700859069824 6.199999809265137
      vertex -6.0763349533081055 -11.157294273376465 0
      vertex -6.060747146606445 -11.146700859069824 0
    endloop
  endfacet
  facet normal 0.03142432711320473 -0.9995061338808694 0
    outer loop
      vertex -5.91883659362793 -11.100591659545898 0
      vertex -5.899999618530273 -11.09999942779541 6.199999809265137
      vertex -5.91883659362793 -11.100591659545898 6.199999809265137
    endloop
  endfacet
  facet normal 0.03142432711320473 -0.9995061338808694 0
    outer loop
      vertex -5.899999618530273 -11.09999942779541 6.199999809265137
      vertex -5.91883659362793 -11.100591659545898 0
      vertex -5.899999618530273 -11.09999942779541 0
    endloop
  endfacet
  facet normal 0.9759160266868775 -0.21814653069828524 0
    outer loop
      vertex -6.194685935974121 -11.343785285949707 6.199999809265137
      vertex -6.190574645996094 -11.325392723083496 0
      vertex -6.190574645996094 -11.325392723083496 6.199999809265137
    endloop
  endfacet
  facet normal 0.9759160266868775 -0.21814653069828524 0
    outer loop
      vertex -6.190574645996094 -11.325392723083496 0
      vertex -6.194685935974121 -11.343785285949707 6.199999809265137
      vertex -6.194685935974121 -11.343785285949707 0
    endloop
  endfacet
  facet normal -0.7071067811865476 0.7071067811865476 0
    outer loop
      vertex 6.105363845825195 -11.618690490722656 0
      vertex 6.118690490722656 -11.605363845825195 6.199999809265137
      vertex 6.118690490722656 -11.605363845825195 0
    endloop
  endfacet
  facet normal -0.7071067811865476 0.7071067811865476 0
    outer loop
      vertex 6.118690490722656 -11.605363845825195 6.199999809265137
      vertex 6.105363845825195 -11.618690490722656 0
      vertex 6.105363845825195 -11.618690490722656 6.199999809265137
    endloop
  endfacet
  facet normal -0.8270817629306938 0.5620816287937686 0
    outer loop
      vertex 6.142704963684082 -11.576334953308105 0
      vertex 6.153298377990723 -11.560747146606445 6.199999809265137
      vertex 6.153298377990723 -11.560747146606445 0
    endloop
  endfacet
  facet normal -0.8270817629306938 0.5620816287937686 0
    outer loop
      vertex 6.153298377990723 -11.560747146606445 6.199999809265137
      vertex 6.142704963684082 -11.576334953308105 0
      vertex 6.142704963684082 -11.576334953308105 6.199999809265137
    endloop
  endfacet
  facet normal 0.7071067811865476 -0.7071067811865476 0
    outer loop
      vertex -6.118690490722656 -11.194635391235352 6.199999809265137
      vertex -6.105363845825195 -11.18130874633789 0
      vertex -6.105363845825195 -11.18130874633789 6.199999809265137
    endloop
  endfacet
  facet normal 0.7071067811865476 -0.7071067811865476 0
    outer loop
      vertex -6.105363845825195 -11.18130874633789 0
      vertex -6.118690490722656 -11.194635391235352 6.199999809265137
      vertex -6.118690490722656 -11.194635391235352 0
    endloop
  endfacet
  facet normal 0.7901362790005535 -0.6129312038125971 0
    outer loop
      vertex -6.142704963684082 -11.223664283752441 6.199999809265137
      vertex -6.131153106689453 -11.208772659301758 0
      vertex -6.131153106689453 -11.208772659301758 6.199999809265137
    endloop
  endfacet
  facet normal 0.7901362790005535 -0.6129312038125971 0
    outer loop
      vertex -6.131153106689453 -11.208772659301758 0
      vertex -6.142704963684082 -11.223664283752441 6.199999809265137
      vertex -6.142704963684082 -11.223664283752441 0
    endloop
  endfacet
  facet normal 0 0 -1
    outer loop
      vertex 6.199407577514648 -11.41883659362793 6.199999809265137
      vertex 6.199407577514648 -11.381162643432617 6.199999809265137
      vertex 6.199999809265137 -11.399999618530273 6.199999809265137
    endloop
  endfacet
  facet normal 0 0 -1
    outer loop
      vertex 6.197633743286133 -11.437599182128906 6.199999809265137
      vertex 6.199407577514648 -11.381162643432617 6.199999809265137
      vertex 6.199407577514648 -11.41883659362793 6.199999809265137
    endloop
  endfacet
  facet normal 0 0 -1
    outer loop
      vertex 6.197633743286133 -11.437599182128906 6.199999809265137
      vertex 6.197633743286133 -11.362399101257324 6.199999809265137
      vertex 6.199407577514648 -11.381162643432617 6.199999809265137
    endloop
  endfacet
  facet normal 0 0 -1
    outer loop
      vertex 6.194685935974121 -11.45621395111084 6.199999809265137
      vertex 6.197633743286133 -11.362399101257324 6.199999809265137
      vertex 6.197633743286133 -11.437599182128906 6.199999809265137
    endloop
  endfacet
  facet normal 0 0 -1
    outer loop
      vertex 6.194685935974121 -11.45621395111084 6.199999809265137
      vertex 6.194685935974121 -11.343785285949707 6.199999809265137
      vertex 6.197633743286133 -11.362399101257324 6.199999809265137
    endloop
  endfacet
  facet normal 0 0 -1
    outer loop
      vertex 6.190574645996094 -11.47460651397705 6.199999809265137
      vertex 6.194685935974121 -11.343785285949707 6.199999809265137
      vertex 6.194685935974121 -11.45621395111084 6.199999809265137
    endloop
  endfacet
  facet normal 0 0 -1
    outer loop
      vertex 6.190574645996094 -11.47460651397705 6.199999809265137
      vertex 6.190574645996094 -11.325392723083496 6.199999809265137
      vertex 6.194685935974121 -11.343785285949707 6.199999809265137
    endloop
  endfacet
  facet normal 0 0 -1
    outer loop
      vertex 6.18531608581543 -11.492704391479492 6.199999809265137
      vertex 6.190574645996094 -11.325392723083496 6.199999809265137
      vertex 6.190574645996094 -11.47460651397705 6.199999809265137
    endloop
  endfacet
  facet normal 0 0 -1
    outer loop
      vertex 6.18531608581543 -11.492704391479492 6.199999809265137
      vertex 6.18531608581543 -11.307294845581055 6.199999809265137
      vertex 6.190574645996094 -11.325392723083496 6.199999809265137
    endloop
  endfacet
  facet normal 0 0 -1
    outer loop
      vertex 6.178932189941406 -11.51043701171875 6.199999809265137
      vertex 6.18531608581543 -11.307294845581055 6.199999809265137
      vertex 6.18531608581543 -11.492704391479492 6.199999809265137
    endloop
  endfacet
  facet normal 0 0 -1
    outer loop
      vertex 6.178932189941406 -11.51043701171875 6.199999809265137
      vertex 6.178932189941406 -11.289562225341797 6.199999809265137
      vertex 6.18531608581543 -11.307294845581055 6.199999809265137
    endloop
  endfacet
  facet normal 0 0 -1
    outer loop
      vertex 6.17144775390625 -11.527732849121094 6.199999809265137
      vertex 6.178932189941406 -11.289562225341797 6.199999809265137
      vertex 6.178932189941406 -11.51043701171875 6.199999809265137
    endloop
  endfacet
  facet normal 0 0 -1
    outer loop
      vertex 6.17144775390625 -11.527732849121094 6.199999809265137
      vertex 6.17144775390625 -11.272265434265137 6.199999809265137
      vertex 6.178932189941406 -11.289562225341797 6.199999809265137
    endloop
  endfacet
  facet normal 0 0 -1
    outer loop
      vertex 6.162891387939453 -11.544526100158691 6.199999809265137
      vertex 6.17144775390625 -11.272265434265137 6.199999809265137
      vertex 6.17144775390625 -11.527732849121094 6.199999809265137
    endloop
  endfacet
  facet normal 0 0 -1
    outer loop
      vertex 6.162891387939453 -11.544526100158691 6.199999809265137
      vertex 6.162891387939453 -11.255473136901855 6.199999809265137
      vertex 6.17144775390625 -11.272265434265137 6.199999809265137
    endloop
  endfacet
  facet normal 0 0 -1
    outer loop
      vertex 6.153298377990723 -11.560747146606445 6.199999809265137
      vertex 6.162891387939453 -11.255473136901855 6.199999809265137
      vertex 6.162891387939453 -11.544526100158691 6.199999809265137
    endloop
  endfacet
  facet normal 0 0 -1
    outer loop
      vertex 6.153298377990723 -11.560747146606445 6.199999809265137
      vertex 6.153298377990723 -11.239251136779785 6.199999809265137
      vertex 6.162891387939453 -11.255473136901855 6.199999809265137
    endloop
  endfacet
  facet normal 0 0 -1
    outer loop
      vertex 6.142704963684082 -11.576334953308105 6.199999809265137
      vertex 6.153298377990723 -11.239251136779785 6.199999809265137
      vertex 6.153298377990723 -11.560747146606445 6.199999809265137
    endloop
  endfacet
  facet normal 0 0 -1
    outer loop
      vertex 6.142704963684082 -11.576334953308105 6.199999809265137
      vertex 6.142704963684082 -11.223664283752441 6.199999809265137
      vertex 6.153298377990723 -11.239251136779785 6.199999809265137
    endloop
  endfacet
  facet normal 0 0 -1
    outer loop
      vertex 6.131153106689453 -11.591226577758789 6.199999809265137
      vertex 6.142704963684082 -11.223664283752441 6.199999809265137
      vertex 6.142704963684082 -11.576334953308105 6.199999809265137
    endloop
  endfacet
  facet normal 0 0 -1
    outer loop
      vertex 6.131153106689453 -11.591226577758789 6.199999809265137
      vertex 6.131153106689453 -11.208772659301758 6.199999809265137
      vertex 6.142704963684082 -11.223664283752441 6.199999809265137
    endloop
  endfacet
  facet normal 0 0 -1
    outer loop
      vertex 6.118690490722656 -11.605363845825195 6.199999809265137
      vertex 6.131153106689453 -11.208772659301758 6.199999809265137
      vertex 6.131153106689453 -11.591226577758789 6.199999809265137
    endloop
  endfacet
  facet normal 0 0 -1
    outer loop
      vertex 6.118690490722656 -11.605363845825195 6.199999809265137
      vertex 6.118690490722656 -11.194635391235352 6.199999809265137
      vertex 6.131153106689453 -11.208772659301758 6.199999809265137
    endloop
  endfacet
  facet normal 0 0 -1
    outer loop
      vertex 6.105363845825195 -11.618690490722656 6.199999809265137
      vertex 6.118690490722656 -11.194635391235352 6.199999809265137
      vertex 6.118690490722656 -11.605363845825195 6.199999809265137
    endloop
  endfacet
  facet normal 0 0 -1
    outer loop
      vertex 6.105363845825195 -11.618690490722656 6.199999809265137
      vertex 6.105363845825195 -11.18130874633789 6.199999809265137
      vertex 6.118690490722656 -11.194635391235352 6.199999809265137
    endloop
  endfacet
  facet normal 0 0 -1
    outer loop
      vertex 6.091226577758789 -11.631153106689453 6.199999809265137
      vertex 6.105363845825195 -11.18130874633789 6.199999809265137
      vertex 6.105363845825195 -11.618690490722656 6.199999809265137
    endloop
  endfacet
  facet normal 0 0 -1
    outer loop
      vertex 6.091226577758789 -11.631153106689453 6.199999809265137
      vertex 6.091226577758789 -11.168845176696777 6.199999809265137
      vertex 6.105363845825195 -11.18130874633789 6.199999809265137
    endloop
  endfacet
  facet normal 0 0 -1
    outer loop
      vertex 6.0763349533081055 -11.642704963684082 6.199999809265137
      vertex 6.091226577758789 -11.168845176696777 6.199999809265137
      vertex 6.091226577758789 -11.631153106689453 6.199999809265137
    endloop
  endfacet
  facet normal 0 0 -1
    outer loop
      vertex 6.0763349533081055 -11.642704963684082 6.199999809265137
      vertex 6.0763349533081055 -11.157294273376465 6.199999809265137
      vertex 6.091226577758789 -11.168845176696777 6.199999809265137
    endloop
  endfacet
  facet normal 0 0 -1
    outer loop
      vertex 6.060747146606445 -11.653298377990723 6.199999809265137
      vertex 6.0763349533081055 -11.157294273376465 6.199999809265137
      vertex 6.0763349533081055 -11.642704963684082 6.199999809265137
    endloop
  endfacet
  facet normal 0 0 -1
    outer loop
      vertex 6.060747146606445 -11.653298377990723 6.199999809265137
      vertex 6.060747146606445 -11.146700859069824 6.199999809265137
      vertex 6.0763349533081055 -11.157294273376465 6.199999809265137
    endloop
  endfacet
  facet normal 0 0 -1
    outer loop
      vertex 6.044526100158691 -11.662891387939453 6.199999809265137
      vertex 6.060747146606445 -11.146700859069824 6.199999809265137
      vertex 6.060747146606445 -11.653298377990723 6.199999809265137
    endloop
  endfacet
  facet normal 0 0 -1
    outer loop
      vertex 6.044526100158691 -11.662891387939453 6.199999809265137
      vertex 6.044526100158691 -11.137107849121094 6.199999809265137
      vertex 6.060747146606445 -11.146700859069824 6.199999809265137
    endloop
  endfacet
  facet normal 0 0 -1
    outer loop
      vertex 6.027732849121094 -11.67144775390625 6.199999809265137
      vertex 6.044526100158691 -11.137107849121094 6.199999809265137
      vertex 6.044526100158691 -11.662891387939453 6.199999809265137
    endloop
  endfacet
  facet normal 0 0 -1
    outer loop
      vertex 6.027732849121094 -11.67144775390625 6.199999809265137
      vertex 6.027732849121094 -11.128551483154297 6.199999809265137
      vertex 6.044526100158691 -11.137107849121094 6.199999809265137
    endloop
  endfacet
  facet normal 0 0 -1
    outer loop
      vertex 6.01043701171875 -11.678932189941406 6.199999809265137
      vertex 6.027732849121094 -11.128551483154297 6.199999809265137
      vertex 6.027732849121094 -11.67144775390625 6.199999809265137
    endloop
  endfacet
  facet normal 0 0 -1
    outer loop
      vertex 6.01043701171875 -11.678932189941406 6.199999809265137
      vertex 6.01043701171875 -11.12106704711914 6.199999809265137
      vertex 6.027732849121094 -11.128551483154297 6.199999809265137
    endloop
  endfacet
  facet normal 0 0 -1
    outer loop
      vertex 5.992704391479492 -11.68531608581543 6.199999809265137
      vertex 6.01043701171875 -11.12106704711914 6.199999809265137
      vertex 6.01043701171875 -11.678932189941406 6.199999809265137
    endloop
  endfacet
  facet normal 0 0 -1
    outer loop
      vertex 5.992704391479492 -11.68531608581543 6.199999809265137
      vertex 5.992704391479492 -11.1146821975708 6.199999809265137
      vertex 6.01043701171875 -11.12106704711914 6.199999809265137
    endloop
  endfacet
  facet normal 0 0 -1
    outer loop
      vertex 5.974606513977051 -11.690574645996094 6.199999809265137
      vertex 5.992704391479492 -11.1146821975708 6.199999809265137
      vertex 5.992704391479492 -11.68531608581543 6.199999809265137
    endloop
  endfacet
  facet normal 0 0 -1
    outer loop
      vertex 5.974606513977051 -11.690574645996094 6.199999809265137
      vertex 5.974606513977051 -11.109424591064453 6.199999809265137
      vertex 5.992704391479492 -11.1146821975708 6.199999809265137
    endloop
  endfacet
  facet normal 0 0 -1
    outer loop
      vertex 5.95621395111084 -11.694685935974121 6.199999809265137
      vertex 5.974606513977051 -11.109424591064453 6.199999809265137
      vertex 5.974606513977051 -11.690574645996094 6.199999809265137
    endloop
  endfacet
  facet normal 0 0 -1
    outer loop
      vertex 5.95621395111084 -11.694685935974121 6.199999809265137
      vertex 5.95621395111084 -11.105313301086426 6.199999809265137
      vertex 5.974606513977051 -11.109424591064453 6.199999809265137
    endloop
  endfacet
  facet normal 0 0 -1
    outer loop
      vertex 5.937599182128906 -11.697633743286133 6.199999809265137
      vertex 5.95621395111084 -11.105313301086426 6.199999809265137
      vertex 5.95621395111084 -11.694685935974121 6.199999809265137
    endloop
  endfacet
  facet normal 0 0 -1
    outer loop
      vertex 5.937599182128906 -11.697633743286133 6.199999809265137
      vertex 5.937599182128906 -11.102365493774414 6.199999809265137
      vertex 5.95621395111084 -11.105313301086426 6.199999809265137
    endloop
  endfacet
  facet normal 0 0 -1
    outer loop
      vertex 5.91883659362793 -11.699407577514648 6.199999809265137
      vertex 5.937599182128906 -11.102365493774414 6.199999809265137
      vertex 5.937599182128906 -11.697633743286133 6.199999809265137
    endloop
  endfacet
  facet normal 0 0 -1
    outer loop
      vertex 5.91883659362793 -11.699407577514648 6.199999809265137
      vertex 5.91883659362793 -11.100591659545898 6.199999809265137
      vertex 5.937599182128906 -11.102365493774414 6.199999809265137
    endloop
  endfacet
  facet normal 0 0 -1
    outer loop
      vertex 5.899999618530273 -11.699999809265137 6.199999809265137
      vertex 5.91883659362793 -11.100591659545898 6.199999809265137
      vertex 5.91883659362793 -11.699407577514648 6.199999809265137
    endloop
  endfacet
  facet normal 0 0 -1
    outer loop
      vertex 5.899999618530273 -11.699999809265137 6.199999809265137
      vertex 5.899999618530273 -11.09999942779541 6.199999809265137
      vertex 5.91883659362793 -11.100591659545898 6.199999809265137
    endloop
  endfacet
  facet normal 0 0 -1
    outer loop
      vertex -5.899999618530273 -11.699999809265137 6.199999809265137
      vertex 5.899999618530273 -11.09999942779541 6.199999809265137
      vertex 5.899999618530273 -11.699999809265137 6.199999809265137
    endloop
  endfacet
  facet normal 0 0 -1
    outer loop
      vertex -5.899999618530273 -11.699999809265137 6.199999809265137
      vertex -5.899999618530273 -11.09999942779541 6.199999809265137
      vertex 5.899999618530273 -11.09999942779541 6.199999809265137
    endloop
  endfacet
  facet normal 0 0 -1
    outer loop
      vertex -5.91883659362793 -11.699407577514648 6.199999809265137
      vertex -5.899999618530273 -11.09999942779541 6.199999809265137
      vertex -5.899999618530273 -11.699999809265137 6.199999809265137
    endloop
  endfacet
  facet normal 0 0 -1
    outer loop
      vertex -5.91883659362793 -11.699407577514648 6.199999809265137
      vertex -5.91883659362793 -11.100591659545898 6.199999809265137
      vertex -5.899999618530273 -11.09999942779541 6.199999809265137
    endloop
  endfacet
  facet normal 0 0 -1
    outer loop
      vertex -5.937599182128906 -11.697633743286133 6.199999809265137
      vertex -5.91883659362793 -11.100591659545898 6.199999809265137
      vertex -5.91883659362793 -11.699407577514648 6.199999809265137
    endloop
  endfacet
  facet normal 0 0 -1
    outer loop
      vertex -5.937599182128906 -11.697633743286133 6.199999809265137
      vertex -5.937599182128906 -11.102365493774414 6.199999809265137
      vertex -5.91883659362793 -11.100591659545898 6.199999809265137
    endloop
  endfacet
  facet normal 0 0 -1
    outer loop
      vertex -5.95621395111084 -11.694685935974121 6.199999809265137
      vertex -5.937599182128906 -11.102365493774414 6.199999809265137
      vertex -5.937599182128906 -11.697633743286133 6.199999809265137
    endloop
  endfacet
  facet normal 0 0 -1
    outer loop
      vertex -5.95621395111084 -11.694685935974121 6.199999809265137
      vertex -5.95621395111084 -11.105313301086426 6.199999809265137
      vertex -5.937599182128906 -11.102365493774414 6.199999809265137
    endloop
  endfacet
  facet normal 0 0 -1
    outer loop
      vertex -5.974606513977051 -11.690574645996094 6.199999809265137
      vertex -5.95621395111084 -11.105313301086426 6.199999809265137
      vertex -5.95621395111084 -11.694685935974121 6.199999809265137
    endloop
  endfacet
  facet normal 0 0 -1
    outer loop
      vertex -5.974606513977051 -11.690574645996094 6.199999809265137
      vertex -5.974606513977051 -11.109424591064453 6.199999809265137
      vertex -5.95621395111084 -11.105313301086426 6.199999809265137
    endloop
  endfacet
  facet normal 0 0 -1
    outer loop
      vertex -5.992704391479492 -11.68531608581543 6.199999809265137
      vertex -5.974606513977051 -11.109424591064453 6.199999809265137
      vertex -5.974606513977051 -11.690574645996094 6.199999809265137
    endloop
  endfacet
  facet normal 0 0 -1
    outer loop
      vertex -5.992704391479492 -11.68531608581543 6.199999809265137
      vertex -5.992704391479492 -11.1146821975708 6.199999809265137
      vertex -5.974606513977051 -11.109424591064453 6.199999809265137
    endloop
  endfacet
  facet normal 0 0 -1
    outer loop
      vertex -6.01043701171875 -11.678932189941406 6.199999809265137
      vertex -5.992704391479492 -11.1146821975708 6.199999809265137
      vertex -5.992704391479492 -11.68531608581543 6.199999809265137
    endloop
  endfacet
  facet normal 0 0 -1
    outer loop
      vertex -6.01043701171875 -11.678932189941406 6.199999809265137
      vertex -6.01043701171875 -11.12106704711914 6.199999809265137
      vertex -5.992704391479492 -11.1146821975708 6.199999809265137
    endloop
  endfacet
  facet normal 0 0 -1
    outer loop
      vertex -6.027732849121094 -11.67144775390625 6.199999809265137
      vertex -6.01043701171875 -11.12106704711914 6.199999809265137
      vertex -6.01043701171875 -11.678932189941406 6.199999809265137
    endloop
  endfacet
  facet normal 0 0 -1
    outer loop
      vertex -6.027732849121094 -11.67144775390625 6.199999809265137
      vertex -6.027732849121094 -11.128551483154297 6.199999809265137
      vertex -6.01043701171875 -11.12106704711914 6.199999809265137
    endloop
  endfacet
  facet normal 0 0 -1
    outer loop
      vertex -6.044526100158691 -11.662891387939453 6.199999809265137
      vertex -6.027732849121094 -11.128551483154297 6.199999809265137
      vertex -6.027732849121094 -11.67144775390625 6.199999809265137
    endloop
  endfacet
  facet normal 0 0 -1
    outer loop
      vertex -6.044526100158691 -11.662891387939453 6.199999809265137
      vertex -6.044526100158691 -11.137107849121094 6.199999809265137
      vertex -6.027732849121094 -11.128551483154297 6.199999809265137
    endloop
  endfacet
  facet normal 0 0 -1
    outer loop
      vertex -6.060747146606445 -11.653298377990723 6.199999809265137
      vertex -6.044526100158691 -11.137107849121094 6.199999809265137
      vertex -6.044526100158691 -11.662891387939453 6.199999809265137
    endloop
  endfacet
  facet normal 0 0 -1
    outer loop
      vertex -6.060747146606445 -11.653298377990723 6.199999809265137
      vertex -6.060747146606445 -11.146700859069824 6.199999809265137
      vertex -6.044526100158691 -11.137107849121094 6.199999809265137
    endloop
  endfacet
  facet normal 0 0 -1
    outer loop
      vertex -6.0763349533081055 -11.642704963684082 6.199999809265137
      vertex -6.060747146606445 -11.146700859069824 6.199999809265137
      vertex -6.060747146606445 -11.653298377990723 6.199999809265137
    endloop
  endfacet
  facet normal 0 0 -1
    outer loop
      vertex -6.0763349533081055 -11.642704963684082 6.199999809265137
      vertex -6.0763349533081055 -11.157294273376465 6.199999809265137
      vertex -6.060747146606445 -11.146700859069824 6.199999809265137
    endloop
  endfacet
  facet normal 0 0 -1
    outer loop
      vertex -6.091226577758789 -11.631153106689453 6.199999809265137
      vertex -6.0763349533081055 -11.157294273376465 6.199999809265137
      vertex -6.0763349533081055 -11.642704963684082 6.199999809265137
    endloop
  endfacet
  facet normal 0 0 -1
    outer loop
      vertex -6.091226577758789 -11.631153106689453 6.199999809265137
      vertex -6.091226577758789 -11.168845176696777 6.199999809265137
      vertex -6.0763349533081055 -11.157294273376465 6.199999809265137
    endloop
  endfacet
  facet normal 0 0 -1
    outer loop
      vertex -6.105363845825195 -11.618690490722656 6.199999809265137
      vertex -6.091226577758789 -11.168845176696777 6.199999809265137
      vertex -6.091226577758789 -11.631153106689453 6.199999809265137
    endloop
  endfacet
  facet normal 0 0 -1
    outer loop
      vertex -6.105363845825195 -11.618690490722656 6.199999809265137
      vertex -6.105363845825195 -11.18130874633789 6.199999809265137
      vertex -6.091226577758789 -11.168845176696777 6.199999809265137
    endloop
  endfacet
  facet normal 0 0 -1
    outer loop
      vertex -6.118690490722656 -11.605363845825195 6.199999809265137
      vertex -6.105363845825195 -11.18130874633789 6.199999809265137
      vertex -6.105363845825195 -11.618690490722656 6.199999809265137
    endloop
  endfacet
  facet normal 0 0 -1
    outer loop
      vertex -6.118690490722656 -11.605363845825195 6.199999809265137
      vertex -6.118690490722656 -11.194635391235352 6.199999809265137
      vertex -6.105363845825195 -11.18130874633789 6.199999809265137
    endloop
  endfacet
  facet normal 0 0 -1
    outer loop
      vertex -6.131153106689453 -11.591226577758789 6.199999809265137
      vertex -6.118690490722656 -11.194635391235352 6.199999809265137
      vertex -6.118690490722656 -11.605363845825195 6.199999809265137
    endloop
  endfacet
  facet normal 0 0 -1
    outer loop
      vertex -6.131153106689453 -11.591226577758789 6.199999809265137
      vertex -6.131153106689453 -11.208772659301758 6.199999809265137
      vertex -6.118690490722656 -11.194635391235352 6.199999809265137
    endloop
  endfacet
  facet normal 0 0 -1
    outer loop
      vertex -6.142704963684082 -11.576334953308105 6.199999809265137
      vertex -6.131153106689453 -11.208772659301758 6.199999809265137
      vertex -6.131153106689453 -11.591226577758789 6.199999809265137
    endloop
  endfacet
  facet normal 0 0 -1
    outer loop
      vertex -6.142704963684082 -11.576334953308105 6.199999809265137
      vertex -6.142704963684082 -11.223664283752441 6.199999809265137
      vertex -6.131153106689453 -11.208772659301758 6.199999809265137
    endloop
  endfacet
  facet normal 0 0 -1
    outer loop
      vertex -6.153298377990723 -11.560747146606445 6.199999809265137
      vertex -6.142704963684082 -11.223664283752441 6.199999809265137
      vertex -6.142704963684082 -11.576334953308105 6.199999809265137
    endloop
  endfacet
  facet normal 0 0 -1
    outer loop
      vertex -6.153298377990723 -11.560747146606445 6.199999809265137
      vertex -6.153298377990723 -11.239251136779785 6.199999809265137
      vertex -6.142704963684082 -11.223664283752441 6.199999809265137
    endloop
  endfacet
  facet normal 0 0 -1
    outer loop
      vertex -6.162891387939453 -11.544526100158691 6.199999809265137
      vertex -6.153298377990723 -11.239251136779785 6.199999809265137
      vertex -6.153298377990723 -11.560747146606445 6.199999809265137
    endloop
  endfacet
  facet normal 0 0 -1
    outer loop
      vertex -6.162891387939453 -11.544526100158691 6.199999809265137
      vertex -6.162891387939453 -11.255473136901855 6.199999809265137
      vertex -6.153298377990723 -11.239251136779785 6.199999809265137
    endloop
  endfacet
  facet normal 0 0 -1
    outer loop
      vertex -6.17144775390625 -11.527732849121094 6.199999809265137
      vertex -6.162891387939453 -11.255473136901855 6.199999809265137
      vertex -6.162891387939453 -11.544526100158691 6.199999809265137
    endloop
  endfacet
  facet normal 0 0 -1
    outer loop
      vertex -6.17144775390625 -11.527732849121094 6.199999809265137
      vertex -6.17144775390625 -11.272265434265137 6.199999809265137
      vertex -6.162891387939453 -11.255473136901855 6.199999809265137
    endloop
  endfacet
  facet normal 0 0 -1
    outer loop
      vertex -6.178932189941406 -11.51043701171875 6.199999809265137
      vertex -6.17144775390625 -11.272265434265137 6.199999809265137
      vertex -6.17144775390625 -11.527732849121094 6.199999809265137
    endloop
  endfacet
  facet normal 0 0 -1
    outer loop
      vertex -6.178932189941406 -11.51043701171875 6.199999809265137
      vertex -6.178932189941406 -11.289562225341797 6.199999809265137
      vertex -6.17144775390625 -11.272265434265137 6.199999809265137
    endloop
  endfacet
  facet normal 0 0 -1
    outer loop
      vertex -6.18531608581543 -11.492704391479492 6.199999809265137
      vertex -6.178932189941406 -11.289562225341797 6.199999809265137
      vertex -6.178932189941406 -11.51043701171875 6.199999809265137
    endloop
  endfacet
  facet normal 0 0 -1
    outer loop
      vertex -6.18531608581543 -11.492704391479492 6.199999809265137
      vertex -6.18531608581543 -11.307294845581055 6.199999809265137
      vertex -6.178932189941406 -11.289562225341797 6.199999809265137
    endloop
  endfacet
  facet normal 0 0 -1
    outer loop
      vertex -6.190574645996094 -11.47460651397705 6.199999809265137
      vertex -6.18531608581543 -11.307294845581055 6.199999809265137
      vertex -6.18531608581543 -11.492704391479492 6.199999809265137
    endloop
  endfacet
  facet normal 0 0 -1
    outer loop
      vertex -6.190574645996094 -11.47460651397705 6.199999809265137
      vertex -6.190574645996094 -11.325392723083496 6.199999809265137
      vertex -6.18531608581543 -11.307294845581055 6.199999809265137
    endloop
  endfacet
  facet normal 0 0 -1
    outer loop
      vertex -6.194685935974121 -11.45621395111084 6.199999809265137
      vertex -6.190574645996094 -11.325392723083496 6.199999809265137
      vertex -6.190574645996094 -11.47460651397705 6.199999809265137
    endloop
  endfacet
  facet normal 0 0 -1
    outer loop
      vertex -6.194685935974121 -11.45621395111084 6.199999809265137
      vertex -6.194685935974121 -11.343785285949707 6.199999809265137
      vertex -6.190574645996094 -11.325392723083496 6.199999809265137
    endloop
  endfacet
  facet normal 0 0 -1
    outer loop
      vertex -6.197633743286133 -11.437599182128906 6.199999809265137
      vertex -6.194685935974121 -11.343785285949707 6.199999809265137
      vertex -6.194685935974121 -11.45621395111084 6.199999809265137
    endloop
  endfacet
  facet normal 0 0 -1
    outer loop
      vertex -6.197633743286133 -11.437599182128906 6.199999809265137
      vertex -6.197633743286133 -11.362399101257324 6.199999809265137
      vertex -6.194685935974121 -11.343785285949707 6.199999809265137
    endloop
  endfacet
  facet normal 0 0 -1
    outer loop
      vertex -6.199407577514648 -11.41883659362793 6.199999809265137
      vertex -6.197633743286133 -11.362399101257324 6.199999809265137
      vertex -6.197633743286133 -11.437599182128906 6.199999809265137
    endloop
  endfacet
  facet normal 0 0 -1
    outer loop
      vertex -6.199407577514648 -11.41883659362793 6.199999809265137
      vertex -6.199407577514648 -11.381162643432617 6.199999809265137
      vertex -6.197633743286133 -11.362399101257324 6.199999809265137
    endloop
  endfacet
  facet normal 0 0 -1
    outer loop
      vertex -6.199407577514648 -11.381162643432617 6.199999809265137
      vertex -6.199407577514648 -11.41883659362793 6.199999809265137
      vertex -6.199999809265137 -11.399999618530273 6.199999809265137
    endloop
  endfacet
  facet normal 0.9177573557291627 0.3971415818131048 0
    outer loop
      vertex -6.17144775390625 -11.527732849121094 6.199999809265137
      vertex -6.178932189941406 -11.51043701171875 0
      vertex -6.178932189941406 -11.51043701171875 6.199999809265137
    endloop
  endfacet
  facet normal 0.9177573557291627 0.3971415818131048 0
    outer loop
      vertex -6.178932189941406 -11.51043701171875 0
      vertex -6.17144775390625 -11.527732849121094 6.199999809265137
      vertex -6.17144775390625 -11.527732849121094 0
    endloop
  endfacet
  facet normal -0.21814653069828524 0.9759160266868775 0
    outer loop
      vertex 5.974606513977051 -11.690574645996094 0
      vertex 5.95621395111084 -11.694685935974121 6.199999809265137
      vertex 5.974606513977051 -11.690574645996094 6.199999809265137
    endloop
  endfacet
  facet normal -0.21814653069828524 0.9759160266868775 0
    outer loop
      vertex 5.95621395111084 -11.694685935974121 6.199999809265137
      vertex 5.974606513977051 -11.690574645996094 0
      vertex 5.95621395111084 -11.694685935974121 0
    endloop
  endfacet
  facet normal -0.09412132591765665 -0.9955607344645038 0
    outer loop
      vertex 5.91883659362793 -11.100591659545898 0
      vertex 5.937599182128906 -11.102365493774414 6.199999809265137
      vertex 5.91883659362793 -11.100591659545898 6.199999809265137
    endloop
  endfacet
  facet normal -0.09412132591765665 -0.9955607344645038 0
    outer loop
      vertex 5.937599182128906 -11.102365493774414 6.199999809265137
      vertex 5.91883659362793 -11.100591659545898 0
      vertex 5.937599182128906 -11.102365493774414 0
    endloop
  endfacet
  facet normal -0.8607441236376202 0.5090378705197731 0
    outer loop
      vertex 6.153298377990723 -11.560747146606445 0
      vertex 6.162891387939453 -11.544526100158691 6.199999809265137
      vertex 6.162891387939453 -11.544526100158691 0
    endloop
  endfacet
  facet normal -0.8607441236376202 0.5090378705197731 0
    outer loop
      vertex 6.162891387939453 -11.544526100158691 6.199999809265137
      vertex 6.153298377990723 -11.560747146606445 0
      vertex 6.153298377990723 -11.560747146606445 6.199999809265137
    endloop
  endfacet
  facet normal -0.9759160266868775 -0.21814653069828524 0
    outer loop
      vertex 6.194685935974121 -11.343785285949707 0
      vertex 6.190574645996094 -11.325392723083496 6.199999809265137
      vertex 6.190574645996094 -11.325392723083496 0
    endloop
  endfacet
  facet normal -0.9759160266868775 -0.21814653069828524 0
    outer loop
      vertex 6.190574645996094 -11.325392723083496 6.199999809265137
      vertex 6.194685935974121 -11.343785285949707 0
      vertex 6.194685935974121 -11.343785285949707 6.199999809265137
    endloop
  endfacet
  facet normal -0.7901362790005535 -0.6129312038125971 0
    outer loop
      vertex 6.142704963684082 -11.223664283752441 0
      vertex 6.131153106689453 -11.208772659301758 6.199999809265137
      vertex 6.131153106689453 -11.208772659301758 0
    endloop
  endfacet
  facet normal -0.7901362790005535 -0.6129312038125971 0
    outer loop
      vertex 6.131153106689453 -11.208772659301758 6.199999809265137
      vertex 6.142704963684082 -11.223664283752441 0
      vertex 6.142704963684082 -11.223664283752441 6.199999809265137
    endloop
  endfacet
  facet normal 0.8270657750990595 -0.5621051535609614 0
    outer loop
      vertex -6.153298377990723 -11.239251136779785 6.199999809265137
      vertex -6.142704963684082 -11.223664283752441 0
      vertex -6.142704963684082 -11.223664283752441 6.199999809265137
    endloop
  endfacet
  facet normal 0.8270657750990595 -0.5621051535609614 0
    outer loop
      vertex -6.142704963684082 -11.223664283752441 0
      vertex -6.153298377990723 -11.239251136779785 6.199999809265137
      vertex -6.153298377990723 -11.239251136779785 0
    endloop
  endfacet
  facet normal -0.3971415818131048 -0.9177573557291627 0
    outer loop
      vertex 6.01043701171875 -11.12106704711914 0
      vertex 6.027732849121094 -11.128551483154297 6.199999809265137
      vertex 6.01043701171875 -11.12106704711914 6.199999809265137
    endloop
  endfacet
  facet normal -0.3971415818131048 -0.9177573557291627 0
    outer loop
      vertex 6.027732849121094 -11.128551483154297 6.199999809265137
      vertex 6.01043701171875 -11.12106704711914 0
      vertex 6.027732849121094 -11.128551483154297 0
    endloop
  endfacet
  facet normal -0.9602845769652638 0.2790224565203385 0
    outer loop
      vertex 6.18531608581543 -11.492704391479492 0
      vertex 6.190574645996094 -11.47460651397705 6.199999809265137
      vertex 6.190574645996094 -11.47460651397705 0
    endloop
  endfacet
  facet normal -0.9602845769652638 0.2790224565203385 0
    outer loop
      vertex 6.190574645996094 -11.47460651397705 6.199999809265137
      vertex 6.18531608581543 -11.492704391479492 0
      vertex 6.18531608581543 -11.492704391479492 6.199999809265137
    endloop
  endfacet
  facet normal -0.9955607344645038 0.09412132591765665 0
    outer loop
      vertex 6.197633743286133 -11.437599182128906 0
      vertex 6.199407577514648 -11.41883659362793 6.199999809265137
      vertex 6.199407577514648 -11.41883659362793 0
    endloop
  endfacet
  facet normal -0.9955607344645038 0.09412132591765665 0
    outer loop
      vertex 6.199407577514648 -11.41883659362793 6.199999809265137
      vertex 6.197633743286133 -11.437599182128906 0
      vertex 6.197633743286133 -11.437599182128906 6.199999809265137
    endloop
  endfacet
  facet normal -0.9177653365366644 -0.39712313839883895 0
    outer loop
      vertex 6.178932189941406 -11.289562225341797 0
      vertex 6.17144775390625 -11.272265434265137 6.199999809265137
      vertex 6.17144775390625 -11.272265434265137 0
    endloop
  endfacet
  facet normal -0.9177653365366644 -0.39712313839883895 0
    outer loop
      vertex 6.17144775390625 -11.272265434265137 6.199999809265137
      vertex 6.178932189941406 -11.289562225341797 0
      vertex 6.178932189941406 -11.289562225341797 6.199999809265137
    endloop
  endfacet
  facet normal -0.3387266356183068 0.9408848315934861 0
    outer loop
      vertex 6.01043701171875 -11.678932189941406 0
      vertex 5.992704391479492 -11.68531608581543 6.199999809265137
      vertex 6.01043701171875 -11.678932189941406 6.199999809265137
    endloop
  endfacet
  facet normal -0.3387266356183068 0.9408848315934861 0
    outer loop
      vertex 5.992704391479492 -11.68531608581543 6.199999809265137
      vertex 6.01043701171875 -11.678932189941406 0
      vertex 5.992704391479492 -11.68531608581543 0
    endloop
  endfacet
  facet normal 0.5090378705197731 0.8607441236376202 0
    outer loop
      vertex -6.044526100158691 -11.662891387939453 0
      vertex -6.060747146606445 -11.653298377990723 6.199999809265137
      vertex -6.044526100158691 -11.662891387939453 6.199999809265137
    endloop
  endfacet
  facet normal 0.5090378705197731 0.8607441236376202 0
    outer loop
      vertex -6.060747146606445 -11.653298377990723 6.199999809265137
      vertex -6.044526100158691 -11.662891387939453 0
      vertex -6.060747146606445 -11.653298377990723 0
    endloop
  endfacet
  facet normal 0.8910008770345683 -0.45400158273251634 0
    outer loop
      vertex -6.17144775390625 -11.272265434265137 6.199999809265137
      vertex -6.162891387939453 -11.255473136901855 0
      vertex -6.162891387939453 -11.255473136901855 6.199999809265137
    endloop
  endfacet
  facet normal 0.8910008770345683 -0.45400158273251634 0
    outer loop
      vertex -6.162891387939453 -11.255473136901855 0
      vertex -6.17144775390625 -11.272265434265137 6.199999809265137
      vertex -6.17144775390625 -11.272265434265137 0
    endloop
  endfacet
  facet normal -0.6129312038125971 0.7901362790005535 0
    outer loop
      vertex 6.091226577758789 -11.631153106689453 0
      vertex 6.0763349533081055 -11.642704963684082 6.199999809265137
      vertex 6.091226577758789 -11.631153106689453 6.199999809265137
    endloop
  endfacet
  facet normal -0.6129312038125971 0.7901362790005535 0
    outer loop
      vertex 6.0763349533081055 -11.642704963684082 6.199999809265137
      vertex 6.091226577758789 -11.631153106689453 0
      vertex 6.0763349533081055 -11.642704963684082 0
    endloop
  endfacet
  facet normal -0.9408848315934861 -0.3387266356183068 0
    outer loop
      vertex 6.18531608581543 -11.307294845581055 0
      vertex 6.178932189941406 -11.289562225341797 6.199999809265137
      vertex 6.178932189941406 -11.289562225341797 0
    endloop
  endfacet
  facet normal -0.9408848315934861 -0.3387266356183068 0
    outer loop
      vertex 6.178932189941406 -11.289562225341797 6.199999809265137
      vertex 6.18531608581543 -11.307294845581055 0
      vertex 6.18531608581543 -11.307294845581055 6.199999809265137
    endloop
  endfacet
  facet normal 0.7501390329139643 -0.6612801458526502 0
    outer loop
      vertex -6.131153106689453 -11.208772659301758 6.199999809265137
      vertex -6.118690490722656 -11.194635391235352 0
      vertex -6.118690490722656 -11.194635391235352 6.199999809265137
    endloop
  endfacet
  facet normal 0.7501390329139643 -0.6612801458526502 0
    outer loop
      vertex -6.118690490722656 -11.194635391235352 0
      vertex -6.131153106689453 -11.208772659301758 6.199999809265137
      vertex -6.131153106689453 -11.208772659301758 0
    endloop
  endfacet
  facet normal 0.9876922955223569 0.15640949256927125 0
    outer loop
      vertex -6.194685935974121 -11.45621395111084 6.199999809265137
      vertex -6.197633743286133 -11.437599182128906 0
      vertex -6.197633743286133 -11.437599182128906 6.199999809265137
    endloop
  endfacet
  facet normal 0.9876922955223569 0.15640949256927125 0
    outer loop
      vertex -6.197633743286133 -11.437599182128906 0
      vertex -6.194685935974121 -11.45621395111084 6.199999809265137
      vertex -6.194685935974121 -11.45621395111084 0
    endloop
  endfacet
  facet normal -0.45398111420685777 0.8910113062938652 0
    outer loop
      vertex 6.044526100158691 -11.662891387939453 0
      vertex 6.027732849121094 -11.67144775390625 6.199999809265137
      vertex 6.044526100158691 -11.662891387939453 6.199999809265137
    endloop
  endfacet
  facet normal -0.45398111420685777 0.8910113062938652 0
    outer loop
      vertex 6.027732849121094 -11.67144775390625 6.199999809265137
      vertex 6.044526100158691 -11.662891387939453 0
      vertex 6.027732849121094 -11.67144775390625 0
    endloop
  endfacet
  facet normal 0.7901362790005535 0.6129312038125971 0
    outer loop
      vertex -6.131153106689453 -11.591226577758789 6.199999809265137
      vertex -6.142704963684082 -11.576334953308105 0
      vertex -6.142704963684082 -11.576334953308105 6.199999809265137
    endloop
  endfacet
  facet normal 0.7901362790005535 0.6129312038125971 0
    outer loop
      vertex -6.142704963684082 -11.576334953308105 0
      vertex -6.131153106689453 -11.591226577758789 6.199999809265137
      vertex -6.131153106689453 -11.591226577758789 0
    endloop
  endfacet
  facet normal -0.15640949256927125 -0.9876922955223569 0
    outer loop
      vertex 5.937599182128906 -11.102365493774414 0
      vertex 5.95621395111084 -11.105313301086426 6.199999809265137
      vertex 5.937599182128906 -11.102365493774414 6.199999809265137
    endloop
  endfacet
  facet normal -0.15640949256927125 -0.9876922955223569 0
    outer loop
      vertex 5.95621395111084 -11.105313301086426 6.199999809265137
      vertex 5.937599182128906 -11.102365493774414 0
      vertex 5.95621395111084 -11.105313301086426 0
    endloop
  endfacet
  facet normal -0.33877143019208855 -0.9408687039569372 0
    outer loop
      vertex 5.992704391479492 -11.1146821975708 0
      vertex 6.01043701171875 -11.12106704711914 6.199999809265137
      vertex 5.992704391479492 -11.1146821975708 6.199999809265137
    endloop
  endfacet
  facet normal -0.33877143019208855 -0.9408687039569372 0
    outer loop
      vertex 6.01043701171875 -11.12106704711914 6.199999809265137
      vertex 5.992704391479492 -11.1146821975708 0
      vertex 6.01043701171875 -11.12106704711914 0
    endloop
  endfacet
  facet normal 0.8607441236376202 0.5090378705197731 0
    outer loop
      vertex -6.153298377990723 -11.560747146606445 6.199999809265137
      vertex -6.162891387939453 -11.544526100158691 0
      vertex -6.162891387939453 -11.544526100158691 6.199999809265137
    endloop
  endfacet
  facet normal 0.8607441236376202 0.5090378705197731 0
    outer loop
      vertex -6.162891387939453 -11.544526100158691 0
      vertex -6.153298377990723 -11.560747146606445 6.199999809265137
      vertex -6.153298377990723 -11.560747146606445 0
    endloop
  endfacet
  facet normal 0.9995061338808694 -0.03142432711320473 0
    outer loop
      vertex -6.199999809265137 -11.399999618530273 6.199999809265137
      vertex -6.199407577514648 -11.381162643432617 0
      vertex -6.199407577514648 -11.381162643432617 6.199999809265137
    endloop
  endfacet
  facet normal 0.9995061338808694 -0.03142432711320473 0
    outer loop
      vertex -6.199407577514648 -11.381162643432617 0
      vertex -6.199999809265137 -11.399999618530273 6.199999809265137
      vertex -6.199999809265137 -11.399999618530273 0
    endloop
  endfacet
  facet normal 0.2790224565203385 0.9602845769652638 0
    outer loop
      vertex -5.974606513977051 -11.690574645996094 0
      vertex -5.992704391479492 -11.68531608581543 6.199999809265137
      vertex -5.974606513977051 -11.690574645996094 6.199999809265137
    endloop
  endfacet
  facet normal 0.2790224565203385 0.9602845769652638 0
    outer loop
      vertex -5.992704391479492 -11.68531608581543 6.199999809265137
      vertex -5.974606513977051 -11.690574645996094 0
      vertex -5.992704391479492 -11.68531608581543 0
    endloop
  endfacet
  facet normal -0.9995061338808694 -0.03142432711320473 0
    outer loop
      vertex 6.199999809265137 -11.399999618530273 0
      vertex 6.199407577514648 -11.381162643432617 6.199999809265137
      vertex 6.199407577514648 -11.381162643432617 0
    endloop
  endfacet
  facet normal -0.9995061338808694 -0.03142432711320473 0
    outer loop
      vertex 6.199407577514648 -11.381162643432617 6.199999809265137
      vertex 6.199999809265137 -11.399999618530273 0
      vertex 6.199999809265137 -11.399999618530273 6.199999809265137
    endloop
  endfacet
  facet normal -0.5090378705197731 0.8607441236376202 0
    outer loop
      vertex 6.060747146606445 -11.653298377990723 0
      vertex 6.044526100158691 -11.662891387939453 6.199999809265137
      vertex 6.060747146606445 -11.653298377990723 6.199999809265137
    endloop
  endfacet
  facet normal -0.5090378705197731 0.8607441236376202 0
    outer loop
      vertex 6.044526100158691 -11.662891387939453 6.199999809265137
      vertex 6.060747146606445 -11.653298377990723 0
      vertex 6.044526100158691 -11.662891387939453 0
    endloop
  endfacet
  facet normal -0.9876922955223569 0.15640949256927125 0
    outer loop
      vertex 6.194685935974121 -11.45621395111084 0
      vertex 6.197633743286133 -11.437599182128906 6.199999809265137
      vertex 6.197633743286133 -11.437599182128906 0
    endloop
  endfacet
  facet normal -0.9876922955223569 0.15640949256927125 0
    outer loop
      vertex 6.197633743286133 -11.437599182128906 6.199999809265137
      vertex 6.194685935974121 -11.45621395111084 0
      vertex 6.194685935974121 -11.45621395111084 6.199999809265137
    endloop
  endfacet
  facet normal 0.8270817629306938 0.5620816287937686 0
    outer loop
      vertex -6.142704963684082 -11.576334953308105 6.199999809265137
      vertex -6.153298377990723 -11.560747146606445 0
      vertex -6.153298377990723 -11.560747146606445 6.199999809265137
    endloop
  endfacet
  facet normal 0.8270817629306938 0.5620816287937686 0
    outer loop
      vertex -6.153298377990723 -11.560747146606445 0
      vertex -6.142704963684082 -11.576334953308105 6.199999809265137
      vertex -6.142704963684082 -11.576334953308105 0
    endloop
  endfacet
  facet normal -0.03142432711320473 0.9995061338808694 0
    outer loop
      vertex 5.91883659362793 -11.699407577514648 6.199999809265137
      vertex 5.899999618530273 -11.699999809265137 6
      vertex 5.899999618530273 -11.699999809265137 6.199999809265137
    endloop
  endfacet
  facet normal -0.03142432711320473 0.9995061338808693 0
    outer loop
      vertex 5.91883659362793 -11.699407577514648 6.199999809265137
      vertex 5.899999618530273 -11.699999809265137 5.59999942779541
      vertex 5.899999618530273 -11.699999809265137 6
    endloop
  endfacet
  facet normal -0.03142432711320473 0.9995061338808694 0
    outer loop
      vertex 5.91883659362793 -11.699407577514648 0
      vertex 5.899999618530273 -11.699999809265137 5.59999942779541
      vertex 5.91883659362793 -11.699407577514648 6.199999809265137
    endloop
  endfacet
  facet normal -0.03142432711320473 0.9995061338808694 0
    outer loop
      vertex 5.899999618530273 -11.699999809265137 5.59999942779541
      vertex 5.91883659362793 -11.699407577514648 0
      vertex 5.899999618530273 -11.699999809265137 0
    endloop
  endfacet
  facet normal -0.6613086191712378 -0.7501139314862981 0
    outer loop
      vertex 6.091226577758789 -11.168845176696777 0
      vertex 6.105363845825195 -11.18130874633789 6.199999809265137
      vertex 6.091226577758789 -11.168845176696777 6.199999809265137
    endloop
  endfacet
  facet normal -0.6613086191712378 -0.7501139314862981 0
    outer loop
      vertex 6.105363845825195 -11.18130874633789 6.199999809265137
      vertex 6.091226577758789 -11.168845176696777 0
      vertex 6.105363845825195 -11.18130874633789 0
    endloop
  endfacet
  facet normal 0.9177653365366644 -0.39712313839883895 0
    outer loop
      vertex -6.178932189941406 -11.289562225341797 6.199999809265137
      vertex -6.17144775390625 -11.272265434265137 0
      vertex -6.17144775390625 -11.272265434265137 6.199999809265137
    endloop
  endfacet
  facet normal 0.9177653365366644 -0.39712313839883895 0
    outer loop
      vertex -6.17144775390625 -11.272265434265137 0
      vertex -6.178932189941406 -11.289562225341797 6.199999809265137
      vertex -6.178932189941406 -11.289562225341797 0
    endloop
  endfacet
  facet normal -0.3971415818131048 0.9177573557291627 0
    outer loop
      vertex 6.027732849121094 -11.67144775390625 0
      vertex 6.01043701171875 -11.678932189941406 6.199999809265137
      vertex 6.027732849121094 -11.67144775390625 6.199999809265137
    endloop
  endfacet
  facet normal -0.3971415818131048 0.9177573557291627 0
    outer loop
      vertex 6.01043701171875 -11.678932189941406 6.199999809265137
      vertex 6.027732849121094 -11.67144775390625 0
      vertex 6.01043701171875 -11.678932189941406 0
    endloop
  endfacet
  facet normal 0.09412132591765665 -0.9955607344645038 0
    outer loop
      vertex -5.937599182128906 -11.102365493774414 0
      vertex -5.91883659362793 -11.100591659545898 6.199999809265137
      vertex -5.937599182128906 -11.102365493774414 6.199999809265137
    endloop
  endfacet
  facet normal 0.09412132591765665 -0.9955607344645038 0
    outer loop
      vertex -5.91883659362793 -11.100591659545898 6.199999809265137
      vertex -5.937599182128906 -11.102365493774414 0
      vertex -5.91883659362793 -11.100591659545898 0
    endloop
  endfacet
  facet normal -0.860757235581964 -0.5090156985725441 0
    outer loop
      vertex 6.162891387939453 -11.255473136901855 0
      vertex 6.153298377990723 -11.239251136779785 6.199999809265137
      vertex 6.153298377990723 -11.239251136779785 0
    endloop
  endfacet
  facet normal -0.860757235581964 -0.5090156985725441 0
    outer loop
      vertex 6.153298377990723 -11.239251136779785 6.199999809265137
      vertex 6.162891387939453 -11.255473136901855 0
      vertex 6.162891387939453 -11.255473136901855 6.199999809265137
    endloop
  endfacet
  facet normal 0.7071067811865476 0.7071067811865476 0
    outer loop
      vertex -6.105363845825195 -11.618690490722656 6.199999809265137
      vertex -6.118690490722656 -11.605363845825195 0
      vertex -6.118690490722656 -11.605363845825195 6.199999809265137
    endloop
  endfacet
  facet normal 0.7071067811865476 0.7071067811865476 0
    outer loop
      vertex -6.118690490722656 -11.605363845825195 0
      vertex -6.105363845825195 -11.618690490722656 6.199999809265137
      vertex -6.105363845825195 -11.618690490722656 0
    endloop
  endfacet
  facet normal -0.6612801458526502 0.7501390329139643 0
    outer loop
      vertex 6.105363845825195 -11.618690490722656 0
      vertex 6.091226577758789 -11.631153106689453 6.199999809265137
      vertex 6.105363845825195 -11.618690490722656 6.199999809265137
    endloop
  endfacet
  facet normal -0.6612801458526502 0.7501390329139643 0
    outer loop
      vertex 6.091226577758789 -11.631153106689453 6.199999809265137
      vertex 6.105363845825195 -11.618690490722656 0
      vertex 6.091226577758789 -11.631153106689453 0
    endloop
  endfacet
  facet normal 0.9759160266868775 0.21814653069828524 0
    outer loop
      vertex -6.190574645996094 -11.47460651397705 6.199999809265137
      vertex -6.194685935974121 -11.45621395111084 0
      vertex -6.194685935974121 -11.45621395111084 6.199999809265137
    endloop
  endfacet
  facet normal 0.9759160266868775 0.21814653069828524 0
    outer loop
      vertex -6.194685935974121 -11.45621395111084 0
      vertex -6.190574645996094 -11.47460651397705 6.199999809265137
      vertex -6.190574645996094 -11.47460651397705 0
    endloop
  endfacet
  facet normal -0.7901362790005535 0.6129312038125971 0
    outer loop
      vertex 6.131153106689453 -11.591226577758789 0
      vertex 6.142704963684082 -11.576334953308105 6.199999809265137
      vertex 6.142704963684082 -11.576334953308105 0
    endloop
  endfacet
  facet normal -0.7901362790005535 0.6129312038125971 0
    outer loop
      vertex 6.142704963684082 -11.576334953308105 6.199999809265137
      vertex 6.131153106689453 -11.591226577758789 0
      vertex 6.131153106689453 -11.591226577758789 6.199999809265137
    endloop
  endfacet
  facet normal -0.8270657750990595 -0.5621051535609614 0
    outer loop
      vertex 6.153298377990723 -11.239251136779785 0
      vertex 6.142704963684082 -11.223664283752441 6.199999809265137
      vertex 6.142704963684082 -11.223664283752441 0
    endloop
  endfacet
  facet normal -0.8270657750990595 -0.5621051535609614 0
    outer loop
      vertex 6.142704963684082 -11.223664283752441 6.199999809265137
      vertex 6.153298377990723 -11.239251136779785 0
      vertex 6.153298377990723 -11.239251136779785 6.199999809265137
    endloop
  endfacet
  facet normal -0.7071067811865476 -0.7071067811865476 0
    outer loop
      vertex 6.118690490722656 -11.194635391235352 0
      vertex 6.105363845825195 -11.18130874633789 6.199999809265137
      vertex 6.105363845825195 -11.18130874633789 0
    endloop
  endfacet
  facet normal -0.7071067811865476 -0.7071067811865476 0
    outer loop
      vertex 6.105363845825195 -11.18130874633789 6.199999809265137
      vertex 6.118690490722656 -11.194635391235352 0
      vertex 6.118690490722656 -11.194635391235352 6.199999809265137
    endloop
  endfacet
  facet normal -0.7501390329139643 0.6612801458526502 0
    outer loop
      vertex 6.118690490722656 -11.605363845825195 0
      vertex 6.131153106689453 -11.591226577758789 6.199999809265137
      vertex 6.131153106689453 -11.591226577758789 0
    endloop
  endfacet
  facet normal -0.7501390329139643 0.6612801458526502 0
    outer loop
      vertex 6.131153106689453 -11.591226577758789 6.199999809265137
      vertex 6.118690490722656 -11.605363845825195 0
      vertex 6.118690490722656 -11.605363845825195 6.199999809265137
    endloop
  endfacet
  facet normal 0.09412132591765665 0.9955607344645038 0
    outer loop
      vertex -5.91883659362793 -11.699407577514648 0
      vertex -5.937599182128906 -11.697633743286133 6.199999809265137
      vertex -5.91883659362793 -11.699407577514648 6.199999809265137
    endloop
  endfacet
  facet normal 0.09412132591765665 0.9955607344645038 0
    outer loop
      vertex -5.937599182128906 -11.697633743286133 6.199999809265137
      vertex -5.91883659362793 -11.699407577514648 0
      vertex -5.937599182128906 -11.697633743286133 0
    endloop
  endfacet
  facet normal 0.45398111420685777 -0.8910113062938652 0
    outer loop
      vertex -6.044526100158691 -11.137107849121094 0
      vertex -6.027732849121094 -11.128551483154297 6.199999809265137
      vertex -6.044526100158691 -11.137107849121094 6.199999809265137
    endloop
  endfacet
  facet normal 0.45398111420685777 -0.8910113062938652 0
    outer loop
      vertex -6.027732849121094 -11.128551483154297 6.199999809265137
      vertex -6.044526100158691 -11.137107849121094 0
      vertex -6.027732849121094 -11.128551483154297 0
    endloop
  endfacet
  facet normal 0.15640949256927125 -0.9876922955223569 0
    outer loop
      vertex -5.95621395111084 -11.105313301086426 0
      vertex -5.937599182128906 -11.102365493774414 6.199999809265137
      vertex -5.95621395111084 -11.105313301086426 6.199999809265137
    endloop
  endfacet
  facet normal 0.15640949256927125 -0.9876922955223569 0
    outer loop
      vertex -5.937599182128906 -11.102365493774414 6.199999809265137
      vertex -5.95621395111084 -11.105313301086426 0
      vertex -5.937599182128906 -11.102365493774414 0
    endloop
  endfacet
  facet normal 0.9602845769652638 -0.2790224565203385 0
    outer loop
      vertex -6.190574645996094 -11.325392723083496 6.199999809265137
      vertex -6.18531608581543 -11.307294845581055 0
      vertex -6.18531608581543 -11.307294845581055 6.199999809265137
    endloop
  endfacet
  facet normal 0.9602845769652638 -0.2790224565203385 0
    outer loop
      vertex -6.18531608581543 -11.307294845581055 0
      vertex -6.190574645996094 -11.325392723083496 6.199999809265137
      vertex -6.190574645996094 -11.325392723083496 0
    endloop
  endfacet
  facet normal 0.6613086191712378 -0.7501139314862981 0
    outer loop
      vertex -6.105363845825195 -11.18130874633789 0
      vertex -6.091226577758789 -11.168845176696777 6.199999809265137
      vertex -6.105363845825195 -11.18130874633789 6.199999809265137
    endloop
  endfacet
  facet normal 0.6613086191712378 -0.7501139314862981 0
    outer loop
      vertex -6.091226577758789 -11.168845176696777 6.199999809265137
      vertex -6.105363845825195 -11.18130874633789 0
      vertex -6.091226577758789 -11.168845176696777 0
    endloop
  endfacet
  facet normal 0.45398111420685777 0.8910113062938652 0
    outer loop
      vertex -6.027732849121094 -11.67144775390625 0
      vertex -6.044526100158691 -11.662891387939453 6.199999809265137
      vertex -6.027732849121094 -11.67144775390625 6.199999809265137
    endloop
  endfacet
  facet normal 0.45398111420685777 0.8910113062938652 0
    outer loop
      vertex -6.044526100158691 -11.662891387939453 6.199999809265137
      vertex -6.027732849121094 -11.67144775390625 0
      vertex -6.044526100158691 -11.662891387939453 0
    endloop
  endfacet
  facet normal 0.21814653069828524 0.9759160266868775 0
    outer loop
      vertex -5.95621395111084 -11.694685935974121 0
      vertex -5.974606513977051 -11.690574645996094 6.199999809265137
      vertex -5.95621395111084 -11.694685935974121 6.199999809265137
    endloop
  endfacet
  facet normal 0.21814653069828524 0.9759160266868775 0
    outer loop
      vertex -5.974606513977051 -11.690574645996094 6.199999809265137
      vertex -5.95621395111084 -11.694685935974121 0
      vertex -5.974606513977051 -11.690574645996094 0
    endloop
  endfacet
  facet normal 0.9876910575159983 -0.1564173101128164 0
    outer loop
      vertex -6.197633743286133 -11.362399101257324 6.199999809265137
      vertex -6.194685935974121 -11.343785285949707 0
      vertex -6.194685935974121 -11.343785285949707 6.199999809265137
    endloop
  endfacet
  facet normal 0.9876910575159983 -0.1564173101128164 0
    outer loop
      vertex -6.194685935974121 -11.343785285949707 0
      vertex -6.197633743286133 -11.362399101257324 6.199999809265137
      vertex -6.197633743286133 -11.362399101257324 0
    endloop
  endfacet
  facet normal 0.9955611827124909 -0.09411658449022786 0
    outer loop
      vertex -6.199407577514648 -11.381162643432617 6.199999809265137
      vertex -6.197633743286133 -11.362399101257324 0
      vertex -6.197633743286133 -11.362399101257324 6.199999809265137
    endloop
  endfacet
  facet normal 0.9955611827124909 -0.09411658449022786 0
    outer loop
      vertex -6.197633743286133 -11.362399101257324 0
      vertex -6.199407577514648 -11.381162643432617 6.199999809265137
      vertex -6.199407577514648 -11.381162643432617 0
    endloop
  endfacet
  facet normal 0.6129312038125971 0.7901362790005535 0
    outer loop
      vertex -6.0763349533081055 -11.642704963684082 0
      vertex -6.091226577758789 -11.631153106689453 6.199999809265137
      vertex -6.0763349533081055 -11.642704963684082 6.199999809265137
    endloop
  endfacet
  facet normal 0.6129312038125971 0.7901362790005535 0
    outer loop
      vertex -6.091226577758789 -11.631153106689453 6.199999809265137
      vertex -6.0763349533081055 -11.642704963684082 0
      vertex -6.091226577758789 -11.631153106689453 0
    endloop
  endfacet
  facet normal 0.6612801458526502 0.7501390329139643 0
    outer loop
      vertex -6.091226577758789 -11.631153106689453 0
      vertex -6.105363845825195 -11.618690490722656 6.199999809265137
      vertex -6.091226577758789 -11.631153106689453 6.199999809265137
    endloop
  endfacet
  facet normal 0.6612801458526502 0.7501390329139643 0
    outer loop
      vertex -6.105363845825195 -11.618690490722656 6.199999809265137
      vertex -6.091226577758789 -11.631153106689453 0
      vertex -6.105363845825195 -11.618690490722656 0
    endloop
  endfacet
  facet normal 0.03142432711320473 0.9995061338808694 0
    outer loop
      vertex -5.899999618530273 -11.699999809265137 6
      vertex -5.91883659362793 -11.699407577514648 6.199999809265137
      vertex -5.899999618530273 -11.699999809265137 6.199999809265137
    endloop
  endfacet
  facet normal 0.03142432711320473 0.9995061338808693 0
    outer loop
      vertex -5.899999618530273 -11.699999809265137 5.59999942779541
      vertex -5.91883659362793 -11.699407577514648 6.199999809265137
      vertex -5.899999618530273 -11.699999809265137 6
    endloop
  endfacet
  facet normal 0.03142432711320473 0.9995061338808694 0
    outer loop
      vertex -5.91883659362793 -11.699407577514648 0
      vertex -5.899999618530273 -11.699999809265137 5.59999942779541
      vertex -5.899999618530273 -11.699999809265137 0
    endloop
  endfacet
  facet normal 0.03142432711320473 0.9995061338808694 0
    outer loop
      vertex -5.899999618530273 -11.699999809265137 5.59999942779541
      vertex -5.91883659362793 -11.699407577514648 0
      vertex -5.91883659362793 -11.699407577514648 6.199999809265137
    endloop
  endfacet
  facet normal -0.45398111420685777 -0.8910113062938652 0
    outer loop
      vertex 6.027732849121094 -11.128551483154297 0
      vertex 6.044526100158691 -11.137107849121094 6.199999809265137
      vertex 6.027732849121094 -11.128551483154297 6.199999809265137
    endloop
  endfacet
  facet normal -0.45398111420685777 -0.8910113062938652 0
    outer loop
      vertex 6.044526100158691 -11.137107849121094 6.199999809265137
      vertex 6.027732849121094 -11.128551483154297 0
      vertex 6.044526100158691 -11.137107849121094 0
    endloop
  endfacet
  facet normal 0.7501390329139643 0.6612801458526502 0
    outer loop
      vertex -6.118690490722656 -11.605363845825195 6.199999809265137
      vertex -6.131153106689453 -11.591226577758789 0
      vertex -6.131153106689453 -11.591226577758789 6.199999809265137
    endloop
  endfacet
  facet normal 0.7501390329139643 0.6612801458526502 0
    outer loop
      vertex -6.131153106689453 -11.591226577758789 0
      vertex -6.118690490722656 -11.605363845825195 6.199999809265137
      vertex -6.118690490722656 -11.605363845825195 0
    endloop
  endfacet
  facet normal -0.21814653069828524 -0.9759160266868775 0
    outer loop
      vertex 5.95621395111084 -11.105313301086426 0
      vertex 5.974606513977051 -11.109424591064453 6.199999809265137
      vertex 5.95621395111084 -11.105313301086426 6.199999809265137
    endloop
  endfacet
  facet normal -0.21814653069828524 -0.9759160266868775 0
    outer loop
      vertex 5.974606513977051 -11.109424591064453 6.199999809265137
      vertex 5.95621395111084 -11.105313301086426 0
      vertex 5.974606513977051 -11.109424591064453 0
    endloop
  endfacet
  facet normal 0.9408848315934861 0.3387266356183068 0
    outer loop
      vertex -6.178932189941406 -11.51043701171875 6.199999809265137
      vertex -6.18531608581543 -11.492704391479492 0
      vertex -6.18531608581543 -11.492704391479492 6.199999809265137
    endloop
  endfacet
  facet normal 0.9408848315934861 0.3387266356183068 0
    outer loop
      vertex -6.18531608581543 -11.492704391479492 0
      vertex -6.178932189941406 -11.51043701171875 6.199999809265137
      vertex -6.178932189941406 -11.51043701171875 0
    endloop
  endfacet
  facet normal 0.3971415818131048 -0.9177573557291627 0
    outer loop
      vertex -6.027732849121094 -11.128551483154297 0
      vertex -6.01043701171875 -11.12106704711914 6.199999809265137
      vertex -6.027732849121094 -11.128551483154297 6.199999809265137
    endloop
  endfacet
  facet normal 0.3971415818131048 -0.9177573557291627 0
    outer loop
      vertex -6.01043701171875 -11.12106704711914 6.199999809265137
      vertex -6.027732849121094 -11.128551483154297 0
      vertex -6.01043701171875 -11.12106704711914 0
    endloop
  endfacet
  facet normal -0.9955611827124909 -0.09411658449022786 0
    outer loop
      vertex 6.199407577514648 -11.381162643432617 0
      vertex 6.197633743286133 -11.362399101257324 6.199999809265137
      vertex 6.197633743286133 -11.362399101257324 0
    endloop
  endfacet
  facet normal -0.9955611827124909 -0.09411658449022786 0
    outer loop
      vertex 6.197633743286133 -11.362399101257324 6.199999809265137
      vertex 6.199407577514648 -11.381162643432617 0
      vertex 6.199407577514648 -11.381162643432617 6.199999809265137
    endloop
  endfacet
  facet normal -0.5620816287937686 -0.8270817629306938 0
    outer loop
      vertex 6.060747146606445 -11.146700859069824 0
      vertex 6.0763349533081055 -11.157294273376465 6.199999809265137
      vertex 6.060747146606445 -11.146700859069824 6.199999809265137
    endloop
  endfacet
  facet normal -0.5620816287937686 -0.8270817629306938 0
    outer loop
      vertex 6.0763349533081055 -11.157294273376465 6.199999809265137
      vertex 6.060747146606445 -11.146700859069824 0
      vertex 6.0763349533081055 -11.157294273376465 0
    endloop
  endfacet
  facet normal 0.6128996112958489 -0.7901607852034909 0
    outer loop
      vertex -6.091226577758789 -11.168845176696777 0
      vertex -6.0763349533081055 -11.157294273376465 6.199999809265137
      vertex -6.091226577758789 -11.168845176696777 6.199999809265137
    endloop
  endfacet
  facet normal 0.6128996112958489 -0.7901607852034909 0
    outer loop
      vertex -6.0763349533081055 -11.157294273376465 6.199999809265137
      vertex -6.091226577758789 -11.168845176696777 0
      vertex -6.0763349533081055 -11.157294273376465 0
    endloop
  endfacet
  facet normal -0.9177573557291627 0.3971415818131048 0
    outer loop
      vertex 6.17144775390625 -11.527732849121094 0
      vertex 6.178932189941406 -11.51043701171875 6.199999809265137
      vertex 6.178932189941406 -11.51043701171875 0
    endloop
  endfacet
  facet normal -0.9177573557291627 0.3971415818131048 0
    outer loop
      vertex 6.178932189941406 -11.51043701171875 6.199999809265137
      vertex 6.17144775390625 -11.527732849121094 0
      vertex 6.17144775390625 -11.527732849121094 6.199999809265137
    endloop
  endfacet
  facet normal -0.2790224565203385 0.9602845769652638 0
    outer loop
      vertex 5.992704391479492 -11.68531608581543 0
      vertex 5.974606513977051 -11.690574645996094 6.199999809265137
      vertex 5.992704391479492 -11.68531608581543 6.199999809265137
    endloop
  endfacet
  facet normal -0.2790224565203385 0.9602845769652638 0
    outer loop
      vertex 5.974606513977051 -11.690574645996094 6.199999809265137
      vertex 5.992704391479492 -11.68531608581543 0
      vertex 5.974606513977051 -11.690574645996094 0
    endloop
  endfacet
  facet normal 0.33877143019208855 -0.9408687039569372 0
    outer loop
      vertex -6.01043701171875 -11.12106704711914 0
      vertex -5.992704391479492 -11.1146821975708 6.199999809265137
      vertex -6.01043701171875 -11.12106704711914 6.199999809265137
    endloop
  endfacet
  facet normal 0.33877143019208855 -0.9408687039569372 0
    outer loop
      vertex -5.992704391479492 -11.1146821975708 6.199999809265137
      vertex -6.01043701171875 -11.12106704711914 0
      vertex -5.992704391479492 -11.1146821975708 0
    endloop
  endfacet
  facet normal -0.9602845769652638 -0.2790224565203385 0
    outer loop
      vertex 6.190574645996094 -11.325392723083496 0
      vertex 6.18531608581543 -11.307294845581055 6.199999809265137
      vertex 6.18531608581543 -11.307294845581055 0
    endloop
  endfacet
  facet normal -0.9602845769652638 -0.2790224565203385 0
    outer loop
      vertex 6.18531608581543 -11.307294845581055 6.199999809265137
      vertex 6.190574645996094 -11.325392723083496 0
      vertex 6.190574645996094 -11.325392723083496 6.199999809265137
    endloop
  endfacet
  facet normal 0.3387266356183068 0.9408848315934861 0
    outer loop
      vertex -5.992704391479492 -11.68531608581543 0
      vertex -6.01043701171875 -11.678932189941406 6.199999809265137
      vertex -5.992704391479492 -11.68531608581543 6.199999809265137
    endloop
  endfacet
  facet normal 0.3387266356183068 0.9408848315934861 0
    outer loop
      vertex -6.01043701171875 -11.678932189941406 6.199999809265137
      vertex -5.992704391479492 -11.68531608581543 0
      vertex -6.01043701171875 -11.678932189941406 0
    endloop
  endfacet
  facet normal -0.7501390329139643 -0.6612801458526502 0
    outer loop
      vertex 6.131153106689453 -11.208772659301758 0
      vertex 6.118690490722656 -11.194635391235352 6.199999809265137
      vertex 6.118690490722656 -11.194635391235352 0
    endloop
  endfacet
  facet normal -0.7501390329139643 -0.6612801458526502 0
    outer loop
      vertex 6.118690490722656 -11.194635391235352 6.199999809265137
      vertex 6.131153106689453 -11.208772659301758 0
      vertex 6.131153106689453 -11.208772659301758 6.199999809265137
    endloop
  endfacet
  facet normal 0.5090378705197731 -0.8607441236376202 0
    outer loop
      vertex -6.060747146606445 -11.146700859069824 0
      vertex -6.044526100158691 -11.137107849121094 6.199999809265137
      vertex -6.060747146606445 -11.146700859069824 6.199999809265137
    endloop
  endfacet
  facet normal 0.5090378705197731 -0.8607441236376202 0
    outer loop
      vertex -6.044526100158691 -11.137107849121094 6.199999809265137
      vertex -6.060747146606445 -11.146700859069824 0
      vertex -6.044526100158691 -11.137107849121094 0
    endloop
  endfacet
  facet normal -0.6128996112958489 -0.7901607852034909 0
    outer loop
      vertex 6.0763349533081055 -11.157294273376465 0
      vertex 6.091226577758789 -11.168845176696777 6.199999809265137
      vertex 6.0763349533081055 -11.157294273376465 6.199999809265137
    endloop
  endfacet
  facet normal -0.6128996112958489 -0.7901607852034909 0
    outer loop
      vertex 6.091226577758789 -11.168845176696777 6.199999809265137
      vertex 6.0763349533081055 -11.157294273376465 0
      vertex 6.091226577758789 -11.168845176696777 0
    endloop
  endfacet
  facet normal -0.8910113062938652 0.45398111420685777 0
    outer loop
      vertex 6.162891387939453 -11.544526100158691 0
      vertex 6.17144775390625 -11.527732849121094 6.199999809265137
      vertex 6.17144775390625 -11.527732849121094 0
    endloop
  endfacet
  facet normal -0.8910113062938652 0.45398111420685777 0
    outer loop
      vertex 6.17144775390625 -11.527732849121094 6.199999809265137
      vertex 6.162891387939453 -11.544526100158691 0
      vertex 6.162891387939453 -11.544526100158691 6.199999809265137
    endloop
  endfacet
  facet normal -0.15640949256927125 0.9876922955223569 0
    outer loop
      vertex 5.95621395111084 -11.694685935974121 0
      vertex 5.937599182128906 -11.697633743286133 6.199999809265137
      vertex 5.95621395111084 -11.694685935974121 6.199999809265137
    endloop
  endfacet
  facet normal -0.15640949256927125 0.9876922955223569 0
    outer loop
      vertex 5.937599182128906 -11.697633743286133 6.199999809265137
      vertex 5.95621395111084 -11.694685935974121 0
      vertex 5.937599182128906 -11.697633743286133 0
    endloop
  endfacet
  facet normal -0.27897579257001254 -0.9602981345186156 0
    outer loop
      vertex 5.974606513977051 -11.109424591064453 0
      vertex 5.992704391479492 -11.1146821975708 6.199999809265137
      vertex 5.974606513977051 -11.109424591064453 6.199999809265137
    endloop
  endfacet
  facet normal -0.27897579257001254 -0.9602981345186156 0
    outer loop
      vertex 5.992704391479492 -11.1146821975708 6.199999809265137
      vertex 5.974606513977051 -11.109424591064453 0
      vertex 5.992704391479492 -11.1146821975708 0
    endloop
  endfacet
  facet normal -0.5090378705197731 -0.8607441236376202 0
    outer loop
      vertex 6.044526100158691 -11.137107849121094 0
      vertex 6.060747146606445 -11.146700859069824 6.199999809265137
      vertex 6.044526100158691 -11.137107849121094 6.199999809265137
    endloop
  endfacet
  facet normal -0.5090378705197731 -0.8607441236376202 0
    outer loop
      vertex 6.060747146606445 -11.146700859069824 6.199999809265137
      vertex 6.044526100158691 -11.137107849121094 0
      vertex 6.060747146606445 -11.146700859069824 0
    endloop
  endfacet
  facet normal -0.9408848315934861 0.3387266356183068 0
    outer loop
      vertex 6.178932189941406 -11.51043701171875 0
      vertex 6.18531608581543 -11.492704391479492 6.199999809265137
      vertex 6.18531608581543 -11.492704391479492 0
    endloop
  endfacet
  facet normal -0.9408848315934861 0.3387266356183068 0
    outer loop
      vertex 6.18531608581543 -11.492704391479492 6.199999809265137
      vertex 6.178932189941406 -11.51043701171875 0
      vertex 6.178932189941406 -11.51043701171875 6.199999809265137
    endloop
  endfacet
  facet normal -0.8910008770345683 -0.45400158273251634 0
    outer loop
      vertex 6.17144775390625 -11.272265434265137 0
      vertex 6.162891387939453 -11.255473136901855 6.199999809265137
      vertex 6.162891387939453 -11.255473136901855 0
    endloop
  endfacet
  facet normal -0.8910008770345683 -0.45400158273251634 0
    outer loop
      vertex 6.162891387939453 -11.255473136901855 6.199999809265137
      vertex 6.17144775390625 -11.272265434265137 0
      vertex 6.17144775390625 -11.272265434265137 6.199999809265137
    endloop
  endfacet
  facet normal -0.09412132591765665 0.9955607344645038 0
    outer loop
      vertex 5.937599182128906 -11.697633743286133 0
      vertex 5.91883659362793 -11.699407577514648 6.199999809265137
      vertex 5.937599182128906 -11.697633743286133 6.199999809265137
    endloop
  endfacet
  facet normal -0.09412132591765665 0.9955607344645038 0
    outer loop
      vertex 5.91883659362793 -11.699407577514648 6.199999809265137
      vertex 5.937599182128906 -11.697633743286133 0
      vertex 5.91883659362793 -11.699407577514648 0
    endloop
  endfacet
  facet normal 0 0 -1
    outer loop
      vertex 11.699999809265137 -5.899999618530273 6
      vertex 12.399999618530273 -6 6
      vertex 11.699999809265137 -6 6
    endloop
  endfacet
  facet normal 0 0 -1
    outer loop
      vertex 12.399999618530273 -6 6
      vertex 11.699999809265137 -5.899999618530273 6
      vertex 12.399999618530273 6 6
    endloop
  endfacet
  facet normal 0 0 -1
    outer loop
      vertex 11.699999809265137 5.899999618530273 6
      vertex 12.399999618530273 6 6
      vertex 11.699999809265137 -5.899999618530273 6
    endloop
  endfacet
  facet normal 0 0 -1
    outer loop
      vertex 12.399999618530273 6 6
      vertex 11.699999809265137 5.899999618530273 6
      vertex 11.699999809265137 6 6
    endloop
  endfacet
  facet normal 0 0 1
    outer loop
      vertex 11.699999809265137 5.899999618530273 5.59999942779541
      vertex 12.399999618530273 6 5.59999942779541
      vertex 11.699999809265137 6 5.59999942779541
    endloop
  endfacet
  facet normal 0 0 1
    outer loop
      vertex 12.399999618530273 6 5.59999942779541
      vertex 11.699999809265137 5.899999618530273 5.59999942779541
      vertex 12.399999618530273 -6 5.59999942779541
    endloop
  endfacet
  facet normal 0 0 1
    outer loop
      vertex 11.699999809265137 -5.899999618530273 5.59999942779541
      vertex 12.399999618530273 -6 5.59999942779541
      vertex 11.699999809265137 5.899999618530273 5.59999942779541
    endloop
  endfacet
  facet normal 0 0 1
    outer loop
      vertex 12.399999618530273 -6 5.59999942779541
      vertex 11.699999809265137 -5.899999618530273 5.59999942779541
      vertex 11.699999809265137 -6 5.59999942779541
    endloop
  endfacet
  facet normal 0 -1 0
    outer loop
      vertex 11.699999809265137 6 5.59999942779541
      vertex 12.399999618530273 6 6
      vertex 11.699999809265137 6 6
    endloop
  endfacet
  facet normal 0 -1 0
    outer loop
      vertex 12.399999618530273 6 6
      vertex 11.699999809265137 6 5.59999942779541
      vertex 12.399999618530273 6 5.59999942779541
    endloop
  endfacet
  facet normal 0 1 0
    outer loop
      vertex 12.399999618530273 -6 5.59999942779541
      vertex 11.699999809265137 -6 6
      vertex 12.399999618530273 -6 6
    endloop
  endfacet
  facet normal 0 1 0
    outer loop
      vertex 11.699999809265137 -6 6
      vertex 12.399999618530273 -6 5.59999942779541
      vertex 11.699999809265137 -6 5.59999942779541
    endloop
  endfacet
  facet normal 0 0 -1
    outer loop
      vertex 5.899999618530273 11.699999809265137 6
      vertex 6 12.399999618530273 6
      vertex 6 11.699999809265137 6
    endloop
  endfacet
  facet normal 0 0 -1
    outer loop
      vertex -5.899999618530273 11.699999809265137 6
      vertex 6 12.399999618530273 6
      vertex 5.899999618530273 11.699999809265137 6
    endloop
  endfacet
  facet normal 0 0 -1
    outer loop
      vertex -6 12.399999618530273 6
      vertex -5.899999618530273 11.699999809265137 6
      vertex -6 11.699999809265137 6
    endloop
  endfacet
  facet normal 0 0 -1
    outer loop
      vertex -5.899999618530273 11.699999809265137 6
      vertex -6 12.399999618530273 6
      vertex 6 12.399999618530273 6
    endloop
  endfacet
  facet normal 1 0 0
    outer loop
      vertex -6 11.699999809265137 6
      vertex -6 12.399999618530273 5.59999942779541
      vertex -6 12.399999618530273 6
    endloop
  endfacet
  facet normal 1 0 0
    outer loop
      vertex -6 12.399999618530273 5.59999942779541
      vertex -6 11.699999809265137 6
      vertex -6 11.699999809265137 5.59999942779541
    endloop
  endfacet
  facet normal 0 0 1
    outer loop
      vertex 6 12.399999618530273 5.59999942779541
      vertex 5.899999618530273 11.699999809265137 5.59999942779541
      vertex 6 11.699999809265137 5.59999942779541
    endloop
  endfacet
  facet normal 0 0 1
    outer loop
      vertex 6 12.399999618530273 5.59999942779541
      vertex -5.899999618530273 11.699999809265137 5.59999942779541
      vertex 5.899999618530273 11.699999809265137 5.59999942779541
    endloop
  endfacet
  facet normal 0 0 1
    outer loop
      vertex -6 12.399999618530273 5.59999942779541
      vertex -5.899999618530273 11.699999809265137 5.59999942779541
      vertex 6 12.399999618530273 5.59999942779541
    endloop
  endfacet
  facet normal 0 0 1
    outer loop
      vertex -5.899999618530273 11.699999809265137 5.59999942779541
      vertex -6 12.399999618530273 5.59999942779541
      vertex -6 11.699999809265137 5.59999942779541
    endloop
  endfacet
  facet normal -1 0 0
    outer loop
      vertex 6 11.699999809265137 5.59999942779541
      vertex 6 12.399999618530273 6
      vertex 6 12.399999618530273 5.59999942779541
    endloop
  endfacet
  facet normal -1 0 0
    outer loop
      vertex 6 12.399999618530273 6
      vertex 6 11.699999809265137 5.59999942779541
      vertex 6 11.699999809265137 6
    endloop
  endfacet
  facet normal 0 0 -1
    outer loop
      vertex -12.399999618530273 -6 6
      vertex -11.699999809265137 -5.899999618530273 6
      vertex -11.699999809265137 -6 6
    endloop
  endfacet
  facet normal 0 0 -1
    outer loop
      vertex -11.699999809265137 -5.899999618530273 6
      vertex -12.399999618530273 -6 6
      vertex -11.699999809265137 5.899999618530273 6
    endloop
  endfacet
  facet normal 0 0 -1
    outer loop
      vertex -12.399999618530273 6 6
      vertex -11.699999809265137 5.899999618530273 6
      vertex -12.399999618530273 -6 6
    endloop
  endfacet
  facet normal 0 0 -1
    outer loop
      vertex -11.699999809265137 5.899999618530273 6
      vertex -12.399999618530273 6 6
      vertex -11.699999809265137 6 6
    endloop
  endfacet
  facet normal 0 0 1
    outer loop
      vertex -12.399999618530273 6 5.59999942779541
      vertex -11.699999809265137 5.899999618530273 5.59999942779541
      vertex -11.699999809265137 6 5.59999942779541
    endloop
  endfacet
  facet normal 0 0 1
    outer loop
      vertex -11.699999809265137 5.899999618530273 5.59999942779541
      vertex -12.399999618530273 6 5.59999942779541
      vertex -11.699999809265137 -5.899999618530273 5.59999942779541
    endloop
  endfacet
  facet normal 0 0 1
    outer loop
      vertex -12.399999618530273 -6 5.59999942779541
      vertex -11.699999809265137 -5.899999618530273 5.59999942779541
      vertex -12.399999618530273 6 5.59999942779541
    endloop
  endfacet
  facet normal 0 0 1
    outer loop
      vertex -11.699999809265137 -5.899999618530273 5.59999942779541
      vertex -12.399999618530273 -6 5.59999942779541
      vertex -11.699999809265137 -6 5.59999942779541
    endloop
  endfacet
  facet normal 0 -1 0
    outer loop
      vertex -12.399999618530273 6 5.59999942779541
      vertex -11.699999809265137 6 6
      vertex -12.399999618530273 6 6
    endloop
  endfacet
  facet normal 0 -1 0
    outer loop
      vertex -11.699999809265137 6 6
      vertex -12.399999618530273 6 5.59999942779541
      vertex -11.699999809265137 6 5.59999942779541
    endloop
  endfacet
  facet normal 0 1 0
    outer loop
      vertex -11.699999809265137 -6 5.59999942779541
      vertex -12.399999618530273 -6 6
      vertex -11.699999809265137 -6 6
    endloop
  endfacet
  facet normal 0 1 0
    outer loop
      vertex -12.399999618530273 -6 6
      vertex -11.699999809265137 -6 5.59999942779541
      vertex -12.399999618530273 -6 5.59999942779541
    endloop
  endfacet
  facet normal 0 0 -1
    outer loop
      vertex 6 -12.399999618530273 6
      vertex 5.899999618530273 -11.699999809265137 6
      vertex 6 -11.699999809265137 6
    endloop
  endfacet
  facet normal 0 0 -1
    outer loop
      vertex 6 -12.399999618530273 6
      vertex -5.899999618530273 -11.699999809265137 6
      vertex 5.899999618530273 -11.699999809265137 6
    endloop
  endfacet
  facet normal 0 0 -1
    outer loop
      vertex -6 -12.399999618530273 6
      vertex -5.899999618530273 -11.699999809265137 6
      vertex 6 -12.399999618530273 6
    endloop
  endfacet
  facet normal 0 0 -1
    outer loop
      vertex -5.899999618530273 -11.699999809265137 6
      vertex -6 -12.399999618530273 6
      vertex -6 -11.699999809265137 6
    endloop
  endfacet
  facet normal 0 0 1
    outer loop
      vertex 5.899999618530273 -11.699999809265137 5.59999942779541
      vertex 6 -12.399999618530273 5.59999942779541
      vertex 6 -11.699999809265137 5.59999942779541
    endloop
  endfacet
  facet normal 0 0 1
    outer loop
      vertex -5.899999618530273 -11.699999809265137 5.59999942779541
      vertex 6 -12.399999618530273 5.59999942779541
      vertex 5.899999618530273 -11.699999809265137 5.59999942779541
    endloop
  endfacet
  facet normal 0 0 1
    outer loop
      vertex -6 -12.399999618530273 5.59999942779541
      vertex -5.899999618530273 -11.699999809265137 5.59999942779541
      vertex -6 -11.699999809265137 5.59999942779541
    endloop
  endfacet
  facet normal 0 0 1
    outer loop
      vertex -5.899999618530273 -11.699999809265137 5.59999942779541
      vertex -6 -12.399999618530273 5.59999942779541
      vertex 6 -12.399999618530273 5.59999942779541
    endloop
  endfacet
  facet normal 1 0 0
    outer loop
      vertex -6 -12.399999618530273 6
      vertex -6 -11.699999809265137 5.59999942779541
      vertex -6 -11.699999809265137 6
    endloop
  endfacet
  facet normal 1 0 0
    outer loop
      vertex -6 -11.699999809265137 5.59999942779541
      vertex -6 -12.399999618530273 6
      vertex -6 -12.399999618530273 5.59999942779541
    endloop
  endfacet
  facet normal -1 0 0
    outer loop
      vertex 6 -12.399999618530273 5.59999942779541
      vertex 6 -11.699999809265137 6
      vertex 6 -11.699999809265137 5.59999942779541
    endloop
  endfacet
  facet normal -1 0 0
    outer loop
      vertex 6 -11.699999809265137 6
      vertex 6 -12.399999618530273 5.59999942779541
      vertex 6 -12.399999618530273 6
    endloop
  endfacet
endsolid OpenSCAD_Model
