solid OpenSCAD_Model
  facet normal 0.49999999642730675 0.49999999642730675 -0.7071067862390986
    outer loop
      vertex 12.399999618530273 7.582181930541992 5.299999237060547
      vertex 9.123676300048828 12.399999618530273 6.390000343322754
      vertex 12.399999618530273 9.123676300048828 6.390000343322754
    endloop
  endfacet
  facet normal 0.4999999964273068 0.4999999964273068 -0.7071067862390987
    outer loop
      vertex 9.123676300048828 12.399999618530273 6.390000343322754
      vertex 12.399999618530273 7.582181930541992 5.299999237060547
      vertex 7.582181930541992 12.399999618530273 5.299999237060547
    endloop
  endfacet
  facet normal -0.7071067811865475 -0.7071067811865475 0
    outer loop
      vertex 12.399999618530273 7.582181930541992 5.299999237060547
      vertex 7.582181930541992 12.399999618530273 6.390000343322754
      vertex 7.582181930541992 12.399999618530273 5.299999237060547
    endloop
  endfacet
  facet normal -0.7071067811865475 -0.7071067811865475 0
    outer loop
      vertex 7.582181930541992 12.399999618530273 6.390000343322754
      vertex 12.399999618530273 7.582181930541992 5.299999237060547
      vertex 12.399999618530273 7.582181930541992 6.390000343322754
    endloop
  endfacet
  facet normal -0.4999999964273068 0.4999999964273068 -0.7071067862390987
    outer loop
      vertex -12.399999618530273 7.582181930541992 5.299999237060547
      vertex -9.123676300048828 12.399999618530273 6.390000343322754
      vertex -7.582181930541992 12.399999618530273 5.299999237060547
    endloop
  endfacet
  facet normal -0.49999999642730675 0.49999999642730675 -0.7071067862390986
    outer loop
      vertex -9.123676300048828 12.399999618530273 6.390000343322754
      vertex -12.399999618530273 7.582181930541992 5.299999237060547
      vertex -12.399999618530273 9.123676300048828 6.390000343322754
    endloop
  endfacet
  facet normal 0.7071067811865475 -0.7071067811865475 0
    outer loop
      vertex -12.399999618530273 7.582181930541992 6.390000343322754
      vertex -7.582181930541992 12.399999618530273 5.299999237060547
      vertex -7.582181930541992 12.399999618530273 6.390000343322754
    endloop
  endfacet
  facet normal 0.7071067811865475 -0.7071067811865475 0
    outer loop
      vertex -7.582181930541992 12.399999618530273 5.299999237060547
      vertex -12.399999618530273 7.582181930541992 6.390000343322754
      vertex -12.399999618530273 7.582181930541992 5.299999237060547
    endloop
  endfacet
  facet normal -0.49999999642730675 -0.49999999642730675 -0.7071067862390986
    outer loop
      vertex -12.399999618530273 -9.123676300048828 6.390000343322754
      vertex -7.582181930541992 -12.399999618530273 5.299999237060547
      vertex -9.123676300048828 -12.399999618530273 6.390000343322754
    endloop
  endfacet
  facet normal -0.4999999964273068 -0.4999999964273068 -0.7071067862390987
    outer loop
      vertex -7.582181930541992 -12.399999618530273 5.299999237060547
      vertex -12.399999618530273 -9.123676300048828 6.390000343322754
      vertex -12.399999618530273 -7.582181930541992 5.299999237060547
    endloop
  endfacet
  facet normal 0.7071067811865475 0.7071067811865475 0
    outer loop
      vertex -7.582181930541992 -12.399999618530273 6.390000343322754
      vertex -12.399999618530273 -7.582181930541992 5.299999237060547
      vertex -12.399999618530273 -7.582181930541992 6.390000343322754
    endloop
  endfacet
  facet normal 0.7071067811865475 0.7071067811865475 0
    outer loop
      vertex -12.399999618530273 -7.582181930541992 5.299999237060547
      vertex -7.582181930541992 -12.399999618530273 6.390000343322754
      vertex -7.582181930541992 -12.399999618530273 5.299999237060547
    endloop
  endfacet
  facet normal -0.7071067811865475 0.7071067811865475 0
    outer loop
      vertex 7.582181930541992 -12.399999618530273 5.299999237060547
      vertex 12.399999618530273 -7.582181930541992 6.390000343322754
      vertex 12.399999618530273 -7.582181930541992 5.299999237060547
    endloop
  endfacet
  facet normal -0.7071067811865475 0.7071067811865475 0
    outer loop
      vertex 12.399999618530273 -7.582181930541992 6.390000343322754
      vertex 7.582181930541992 -12.399999618530273 5.299999237060547
      vertex 7.582181930541992 -12.399999618530273 6.390000343322754
    endloop
  endfacet
  facet normal 0.49999999642730675 -0.49999999642730675 -0.7071067862390986
    outer loop
      vertex 9.123676300048828 -12.399999618530273 6.390000343322754
      vertex 12.399999618530273 -7.582181930541992 5.299999237060547
      vertex 12.399999618530273 -9.123676300048828 6.390000343322754
    endloop
  endfacet
  facet normal 0.4999999964273068 -0.4999999964273068 -0.7071067862390987
    outer loop
      vertex 12.399999618530273 -7.582181930541992 5.299999237060547
      vertex 9.123676300048828 -12.399999618530273 6.390000343322754
      vertex 7.582181930541992 -12.399999618530273 5.299999237060547
    endloop
  endfacet
  facet normal -0.7071067811865475 -0.7071067811865475 0
    outer loop
      vertex -9.137256622314453 -12.399999618530273 6.390000343322754
      vertex -12.399999618530273 -9.137256622314453 6.7999982833862305
      vertex -12.399999618530273 -9.137256622314453 6.390000343322754
    endloop
  endfacet
  facet normal -0.7071067811865475 -0.7071067811865475 0
    outer loop
      vertex -12.399999618530273 -9.137256622314453 6.7999982833862305
      vertex -9.137256622314453 -12.399999618530273 6.390000343322754
      vertex -9.137256622314453 -12.399999618530273 6.7999982833862305
    endloop
  endfacet
  facet normal -1 0 0
    outer loop
      vertex -12.399999618530273 -7.582181930541992 5.299999237060547
      vertex -12.399999618530273 -9.123676300048828 6.390000343322754
      vertex -12.399999618530273 -7.582181930541992 6.390000343322754
    endloop
  endfacet
  facet normal -1 0 0
    outer loop
      vertex -12.399999618530273 7.581629753112793 0.5999994277954102
      vertex -12.399999618530273 6 5.59999942779541
      vertex -12.399999618530273 7.581629753112793 6.390000343322754
    endloop
  endfacet
  facet normal -1 0 0
    outer loop
      vertex -12.399999618530273 7.581629753112793 0.5999994277954102
      vertex -12.399999618530273 -6 5.59999942779541
      vertex -12.399999618530273 6 5.59999942779541
    endloop
  endfacet
  facet normal -1 0 0
    outer loop
      vertex -12.399999618530273 -7.581629753112793 6.390000343322754
      vertex -12.399999618530273 -6 5.59999942779541
      vertex -12.399999618530273 -7.581629753112793 0.5999994277954102
    endloop
  endfacet
  facet normal -1 0 0
    outer loop
      vertex -12.399999618530273 -7.581629753112793 0.5999994277954102
      vertex -12.399999618530273 -6 5.59999942779541
      vertex -12.399999618530273 7.581629753112793 0.5999994277954102
    endloop
  endfacet
  facet normal -1 0 0
    outer loop
      vertex -12.399999618530273 9.123676300048828 6.390000343322754
      vertex -12.399999618530273 9.137256622314453 6.7999982833862305
      vertex -12.399999618530273 9.137256622314453 6.390000343322754
    endloop
  endfacet
  facet normal -1 0 0
    outer loop
      vertex -12.399999618530273 7.582181930541992 6.390000343322754
      vertex -12.399999618530273 9.123676300048828 6.390000343322754
      vertex -12.399999618530273 7.582181930541992 5.299999237060547
    endloop
  endfacet
  facet normal -1 0 0
    outer loop
      vertex -12.399999618530273 9.123676300048828 6.390000343322754
      vertex -12.399999618530273 7.582181930541992 6.390000343322754
      vertex -12.399999618530273 9.137256622314453 6.7999982833862305
    endloop
  endfacet
  facet normal -1 0 0
    outer loop
      vertex -12.399999618530273 7.581629753112793 6.390000343322754
      vertex -12.399999618530273 9.137256622314453 6.7999982833862305
      vertex -12.399999618530273 7.582181930541992 6.390000343322754
    endloop
  endfacet
  facet normal -1 0 0
    outer loop
      vertex -12.399999618530273 6 6
      vertex -12.399999618530273 7.581629753112793 6.390000343322754
      vertex -12.399999618530273 6 5.59999942779541
    endloop
  endfacet
  facet normal -1 0 0
    outer loop
      vertex -12.399999618530273 -7.581629753112793 6.390000343322754
      vertex -12.399999618530273 7.581629753112793 6.390000343322754
      vertex -12.399999618530273 6 6
    endloop
  endfacet
  facet normal -1 0 0
    outer loop
      vertex -12.399999618530273 -7.581629753112793 6.390000343322754
      vertex -12.399999618530273 6 6
      vertex -12.399999618530273 -6 6
    endloop
  endfacet
  facet normal -1 0 0
    outer loop
      vertex -12.399999618530273 -6 5.59999942779541
      vertex -12.399999618530273 -7.581629753112793 6.390000343322754
      vertex -12.399999618530273 -6 6
    endloop
  endfacet
  facet normal -1 0 0
    outer loop
      vertex -12.399999618530273 7.581629753112793 6.390000343322754
      vertex -12.399999618530273 -7.581629753112793 6.390000343322754
      vertex -12.399999618530273 9.137256622314453 6.7999982833862305
    endloop
  endfacet
  facet normal -1 0 0
    outer loop
      vertex -12.399999618530273 -9.137256622314453 6.7999982833862305
      vertex -12.399999618530273 -7.581629753112793 6.390000343322754
      vertex -12.399999618530273 -7.582181930541992 6.390000343322754
    endloop
  endfacet
  facet normal -1 0 0
    outer loop
      vertex -12.399999618530273 -9.137256622314453 6.7999982833862305
      vertex -12.399999618530273 -7.582181930541992 6.390000343322754
      vertex -12.399999618530273 -9.123676300048828 6.390000343322754
    endloop
  endfacet
  facet normal -1 0 0
    outer loop
      vertex -12.399999618530273 -9.137256622314453 6.7999982833862305
      vertex -12.399999618530273 -9.123676300048828 6.390000343322754
      vertex -12.399999618530273 -9.137256622314453 6.390000343322754
    endloop
  endfacet
  facet normal -1 0 0
    outer loop
      vertex -12.399999618530273 -7.581629753112793 6.390000343322754
      vertex -12.399999618530273 -9.137256622314453 6.7999982833862305
      vertex -12.399999618530273 9.137256622314453 6.7999982833862305
    endloop
  endfacet
  facet normal 0.7071067811865475 0.7071067811865475 0
    outer loop
      vertex 12.399999618530273 9.137256622314453 6.7999982833862305
      vertex 9.137256622314453 12.399999618530273 6.390000343322754
      vertex 9.137256622314453 12.399999618530273 6.7999982833862305
    endloop
  endfacet
  facet normal 0.7071067811865475 0.7071067811865475 0
    outer loop
      vertex 9.137256622314453 12.399999618530273 6.390000343322754
      vertex 12.399999618530273 9.137256622314453 6.7999982833862305
      vertex 12.399999618530273 9.137256622314453 6.390000343322754
    endloop
  endfacet
  facet normal 0 -1 0
    outer loop
      vertex 7.582181930541992 -12.399999618530273 6.390000343322754
      vertex 7.582181930541992 -12.399999618530273 5.299999237060547
      vertex 9.123676300048828 -12.399999618530273 6.390000343322754
    endloop
  endfacet
  facet normal 0 -1 0
    outer loop
      vertex -7.581629753112793 -12.399999618530273 6.390000343322754
      vertex -6 -12.399999618530273 6
      vertex 7.581629753112793 -12.399999618530273 6.390000343322754
    endloop
  endfacet
  facet normal 0 -1 0
    outer loop
      vertex -7.581629753112793 -12.399999618530273 6.390000343322754
      vertex -6 -12.399999618530273 5.59999942779541
      vertex -6 -12.399999618530273 6
    endloop
  endfacet
  facet normal 0 -1 0
    outer loop
      vertex -6 -12.399999618530273 5.59999942779541
      vertex -7.581629753112793 -12.399999618530273 0
      vertex 6 -12.399999618530273 5.59999942779541
    endloop
  endfacet
  facet normal 0 -1 0
    outer loop
      vertex -7.581629753112793 -12.399999618530273 0
      vertex -6 -12.399999618530273 5.59999942779541
      vertex -7.581629753112793 -12.399999618530273 6.390000343322754
    endloop
  endfacet
  facet normal 0 -1 0
    outer loop
      vertex -9.123676300048828 -12.399999618530273 6.390000343322754
      vertex -7.582181930541992 -12.399999618530273 5.299999237060547
      vertex -7.582181930541992 -12.399999618530273 6.390000343322754
    endloop
  endfacet
  facet normal 0 -1 0
    outer loop
      vertex -9.123676300048828 -12.399999618530273 6.390000343322754
      vertex -9.137256622314453 -12.399999618530273 6.7999982833862305
      vertex -9.137256622314453 -12.399999618530273 6.390000343322754
    endloop
  endfacet
  facet normal 0 -1 0
    outer loop
      vertex -7.582181930541992 -12.399999618530273 6.390000343322754
      vertex -9.137256622314453 -12.399999618530273 6.7999982833862305
      vertex -9.123676300048828 -12.399999618530273 6.390000343322754
    endloop
  endfacet
  facet normal 0 -1 0
    outer loop
      vertex -7.581629753112793 -12.399999618530273 6.390000343322754
      vertex -9.137256622314453 -12.399999618530273 6.7999982833862305
      vertex -7.582181930541992 -12.399999618530273 6.390000343322754
    endloop
  endfacet
  facet normal 0 -1 0
    outer loop
      vertex -9.137256622314453 -12.399999618530273 6.7999982833862305
      vertex -7.581629753112793 -12.399999618530273 6.390000343322754
      vertex 9.137256622314453 -12.399999618530273 6.7999982833862305
    endloop
  endfacet
  facet normal 0 -1 0
    outer loop
      vertex 7.581629753112793 -12.399999618530273 6.390000343322754
      vertex 9.137256622314453 -12.399999618530273 6.7999982833862305
      vertex -7.581629753112793 -12.399999618530273 6.390000343322754
    endloop
  endfacet
  facet normal 0 -1 0
    outer loop
      vertex 7.582181930541992 -12.399999618530273 6.390000343322754
      vertex 9.137256622314453 -12.399999618530273 6.7999982833862305
      vertex 7.581629753112793 -12.399999618530273 6.390000343322754
    endloop
  endfacet
  facet normal 0 -1 0
    outer loop
      vertex 9.123676300048828 -12.399999618530273 6.390000343322754
      vertex 9.137256622314453 -12.399999618530273 6.7999982833862305
      vertex 7.582181930541992 -12.399999618530273 6.390000343322754
    endloop
  endfacet
  facet normal 0 -1 0
    outer loop
      vertex 9.137256622314453 -12.399999618530273 6.7999982833862305
      vertex 9.123676300048828 -12.399999618530273 6.390000343322754
      vertex 9.137256622314453 -12.399999618530273 6.390000343322754
    endloop
  endfacet
  facet normal 0 -1 0
    outer loop
      vertex 6 -12.399999618530273 6
      vertex 7.581629753112793 -12.399999618530273 6.390000343322754
      vertex -6 -12.399999618530273 6
    endloop
  endfacet
  facet normal 0 -1 0
    outer loop
      vertex 6 -12.399999618530273 5.59999942779541
      vertex 7.581629753112793 -12.399999618530273 6.390000343322754
      vertex 6 -12.399999618530273 6
    endloop
  endfacet
  facet normal 0 -1 0
    outer loop
      vertex 6 -12.399999618530273 5.59999942779541
      vertex 7.581629753112793 -12.399999618530273 0
      vertex 7.581629753112793 -12.399999618530273 6.390000343322754
    endloop
  endfacet
  facet normal 0 -1 0
    outer loop
      vertex 7.581629753112793 -12.399999618530273 0
      vertex 6 -12.399999618530273 5.59999942779541
      vertex -7.581629753112793 -12.399999618530273 0
    endloop
  endfacet
  facet normal 0 1 0
    outer loop
      vertex -7.582181930541992 12.399999618530273 6.390000343322754
      vertex -7.582181930541992 12.399999618530273 5.299999237060547
      vertex -9.123676300048828 12.399999618530273 6.390000343322754
    endloop
  endfacet
  facet normal 0 1 0
    outer loop
      vertex 7.581629753112793 12.399999618530273 6.390000343322754
      vertex 6 12.399999618530273 6
      vertex -7.581629753112793 12.399999618530273 6.390000343322754
    endloop
  endfacet
  facet normal 0 1 0
    outer loop
      vertex 7.581629753112793 12.399999618530273 6.390000343322754
      vertex 6 12.399999618530273 5.59999942779541
      vertex 6 12.399999618530273 6
    endloop
  endfacet
  facet normal 0 1 0
    outer loop
      vertex 6 12.399999618530273 5.59999942779541
      vertex 7.581629753112793 12.399999618530273 0
      vertex -6 12.399999618530273 5.59999942779541
    endloop
  endfacet
  facet normal 0 1 0
    outer loop
      vertex 7.581629753112793 12.399999618530273 0
      vertex 6 12.399999618530273 5.59999942779541
      vertex 7.581629753112793 12.399999618530273 6.390000343322754
    endloop
  endfacet
  facet normal 0 1 0
    outer loop
      vertex 9.123676300048828 12.399999618530273 6.390000343322754
      vertex 7.582181930541992 12.399999618530273 5.299999237060547
      vertex 7.582181930541992 12.399999618530273 6.390000343322754
    endloop
  endfacet
  facet normal 0 1 0
    outer loop
      vertex 9.123676300048828 12.399999618530273 6.390000343322754
      vertex 9.137256622314453 12.399999618530273 6.7999982833862305
      vertex 9.137256622314453 12.399999618530273 6.390000343322754
    endloop
  endfacet
  facet normal 0 1 0
    outer loop
      vertex 7.582181930541992 12.399999618530273 6.390000343322754
      vertex 9.137256622314453 12.399999618530273 6.7999982833862305
      vertex 9.123676300048828 12.399999618530273 6.390000343322754
    endloop
  endfacet
  facet normal 0 1 0
    outer loop
      vertex 7.581629753112793 12.399999618530273 6.390000343322754
      vertex 9.137256622314453 12.399999618530273 6.7999982833862305
      vertex 7.582181930541992 12.399999618530273 6.390000343322754
    endloop
  endfacet
  facet normal 0 1 0
    outer loop
      vertex 9.137256622314453 12.399999618530273 6.7999982833862305
      vertex 7.581629753112793 12.399999618530273 6.390000343322754
      vertex -9.137256622314453 12.399999618530273 6.7999982833862305
    endloop
  endfacet
  facet normal 0 1 0
    outer loop
      vertex -7.581629753112793 12.399999618530273 6.390000343322754
      vertex -9.137256622314453 12.399999618530273 6.7999982833862305
      vertex 7.581629753112793 12.399999618530273 6.390000343322754
    endloop
  endfacet
  facet normal 0 1 0
    outer loop
      vertex -7.582181930541992 12.399999618530273 6.390000343322754
      vertex -9.137256622314453 12.399999618530273 6.7999982833862305
      vertex -7.581629753112793 12.399999618530273 6.390000343322754
    endloop
  endfacet
  facet normal 0 1 0
    outer loop
      vertex -9.123676300048828 12.399999618530273 6.390000343322754
      vertex -9.137256622314453 12.399999618530273 6.7999982833862305
      vertex -7.582181930541992 12.399999618530273 6.390000343322754
    endloop
  endfacet
  facet normal 0 1 0
    outer loop
      vertex -9.137256622314453 12.399999618530273 6.7999982833862305
      vertex -9.123676300048828 12.399999618530273 6.390000343322754
      vertex -9.137256622314453 12.399999618530273 6.390000343322754
    endloop
  endfacet
  facet normal 0 1 0
    outer loop
      vertex -6 12.399999618530273 6
      vertex -7.581629753112793 12.399999618530273 6.390000343322754
      vertex 6 12.399999618530273 6
    endloop
  endfacet
  facet normal 0 1 0
    outer loop
      vertex -6 12.399999618530273 5.59999942779541
      vertex -7.581629753112793 12.399999618530273 6.390000343322754
      vertex -6 12.399999618530273 6
    endloop
  endfacet
  facet normal 0 1 0
    outer loop
      vertex -6 12.399999618530273 5.59999942779541
      vertex -7.581629753112793 12.399999618530273 0
      vertex -7.581629753112793 12.399999618530273 6.390000343322754
    endloop
  endfacet
  facet normal 0 1 0
    outer loop
      vertex -7.581629753112793 12.399999618530273 0
      vertex -6 12.399999618530273 5.59999942779541
      vertex 7.581629753112793 12.399999618530273 0
    endloop
  endfacet
  facet normal 0.7071067811865475 -0.7071067811865475 0
    outer loop
      vertex 9.137256622314453 -12.399999618530273 6.7999982833862305
      vertex 12.399999618530273 -9.137256622314453 6.390000343322754
      vertex 12.399999618530273 -9.137256622314453 6.7999982833862305
    endloop
  endfacet
  facet normal 0.7071067811865475 -0.7071067811865475 0
    outer loop
      vertex 12.399999618530273 -9.137256622314453 6.390000343322754
      vertex 9.137256622314453 -12.399999618530273 6.7999982833862305
      vertex 9.137256622314453 -12.399999618530273 6.390000343322754
    endloop
  endfacet
  facet normal 1 0 0
    outer loop
      vertex 12.399999618530273 9.137256622314453 6.7999982833862305
      vertex 12.399999618530273 9.123676300048828 6.390000343322754
      vertex 12.399999618530273 9.137256622314453 6.390000343322754
    endloop
  endfacet
  facet normal 1 0 0
    outer loop
      vertex 12.399999618530273 9.137256622314453 6.7999982833862305
      vertex 12.399999618530273 7.582181930541992 6.390000343322754
      vertex 12.399999618530273 9.123676300048828 6.390000343322754
    endloop
  endfacet
  facet normal 1 0 0
    outer loop
      vertex 12.399999618530273 9.137256622314453 6.7999982833862305
      vertex 12.399999618530273 7.581629753112793 6.390000343322754
      vertex 12.399999618530273 7.582181930541992 6.390000343322754
    endloop
  endfacet
  facet normal 1 0 0
    outer loop
      vertex 12.399999618530273 7.581629753112793 6.390000343322754
      vertex 12.399999618530273 -7.581629753112793 6.390000343322754
      vertex 12.399999618530273 7.581629753112793 0
    endloop
  endfacet
  facet normal 1 0 0
    outer loop
      vertex 12.399999618530273 9.137256622314453 6.7999982833862305
      vertex 12.399999618530273 -7.581629753112793 6.390000343322754
      vertex 12.399999618530273 7.581629753112793 6.390000343322754
    endloop
  endfacet
  facet normal 1 0 0
    outer loop
      vertex 12.399999618530273 -9.137256622314453 6.7999982833862305
      vertex 12.399999618530273 -7.581629753112793 6.390000343322754
      vertex 12.399999618530273 9.137256622314453 6.7999982833862305
    endloop
  endfacet
  facet normal 1 0 0
    outer loop
      vertex 12.399999618530273 -7.582181930541992 6.390000343322754
      vertex 12.399999618530273 -9.123676300048828 6.390000343322754
      vertex 12.399999618530273 -7.582181930541992 5.299999237060547
    endloop
  endfacet
  facet normal 1 0 0
    outer loop
      vertex 12.399999618530273 -7.581629753112793 6.390000343322754
      vertex 12.399999618530273 -9.137256622314453 6.7999982833862305
      vertex 12.399999618530273 -7.582181930541992 6.390000343322754
    endloop
  endfacet
  facet normal 1 0 0
    outer loop
      vertex 12.399999618530273 -7.582181930541992 6.390000343322754
      vertex 12.399999618530273 -9.137256622314453 6.7999982833862305
      vertex 12.399999618530273 -9.123676300048828 6.390000343322754
    endloop
  endfacet
  facet normal 1 0 0
    outer loop
      vertex 12.399999618530273 -9.123676300048828 6.390000343322754
      vertex 12.399999618530273 -9.137256622314453 6.7999982833862305
      vertex 12.399999618530273 -9.137256622314453 6.390000343322754
    endloop
  endfacet
  facet normal 1 0 0
    outer loop
      vertex 12.399999618530273 9.123676300048828 6.390000343322754
      vertex 12.399999618530273 7.582181930541992 6.390000343322754
      vertex 12.399999618530273 7.582181930541992 5.299999237060547
    endloop
  endfacet
  facet normal 1 0 0
    outer loop
      vertex 12.399999618530273 7.581629753112793 0
      vertex 12.399999618530273 -7.581629753112793 6.390000343322754
      vertex 12.399999618530273 -7.581629753112793 0
    endloop
  endfacet
  facet normal -0.7071067811865475 0.7071067811865475 0
    outer loop
      vertex -12.399999618530273 9.137256622314453 6.390000343322754
      vertex -9.137256622314453 12.399999618530273 6.7999982833862305
      vertex -9.137256622314453 12.399999618530273 6.390000343322754
    endloop
  endfacet
  facet normal -0.7071067811865475 0.7071067811865475 0
    outer loop
      vertex -9.137256622314453 12.399999618530273 6.7999982833862305
      vertex -12.399999618530273 9.137256622314453 6.390000343322754
      vertex -12.399999618530273 9.137256622314453 6.7999982833862305
    endloop
  endfacet
  facet normal 0 1 0
    outer loop
      vertex 3.554048538208008 12.799999237060547 3.5899996757507324
      vertex -3.554048538208008 12.799999237060547 3.5999999046325684
      vertex 3.554048538208008 12.799999237060547 3.5999999046325684
    endloop
  endfacet
  facet normal 0 1 0
    outer loop
      vertex -3.554048538208008 12.799999237060547 3.5999999046325684
      vertex 3.554048538208008 12.799999237060547 3.5899996757507324
      vertex -3.554048538208008 12.799999237060547 3.5899996757507324
    endloop
  endfacet
  facet normal 0 1 0
    outer loop
      vertex 3.554048538208008 12.799999237060547 4.1999993324279785
      vertex -3.554048538208008 12.799999237060547 4.799999713897705
      vertex 3.554048538208008 12.799999237060547 4.799999713897705
    endloop
  endfacet
  facet normal 0 1 0
    outer loop
      vertex -3.554048538208008 12.799999237060547 4.799999713897705
      vertex 3.554048538208008 12.799999237060547 4.1999993324279785
      vertex -3.554048538208008 12.799999237060547 4.1999993324279785
    endloop
  endfacet
  facet normal 0 0 -1
    outer loop
      vertex 5.5 12.399999618530273 3.5899996757507324
      vertex 5.473926544189453 12.427510261535645 3.5899996757507324
      vertex 5.5 12.421170234680176 3.5899996757507324
    endloop
  endfacet
  facet normal 0 0 -1
    outer loop
      vertex 5.5 12.399999618530273 3.5899996757507324
      vertex 5.297207832336426 12.468979835510254 3.5899996757507324
      vertex 5.473926544189453 12.427510261535645 3.5899996757507324
    endloop
  endfacet
  facet normal 0 0 -1
    outer loop
      vertex 5.5 12.399999618530273 3.5899996757507324
      vertex 5.119908332824707 12.509085655212402 3.5899996757507324
      vertex 5.297207832336426 12.468979835510254 3.5899996757507324
    endloop
  endfacet
  facet normal 0 0 -1
    outer loop
      vertex 5.5 12.399999618530273 3.5899996757507324
      vertex 4.942048072814941 12.54782485961914 3.5899996757507324
      vertex 5.119908332824707 12.509085655212402 3.5899996757507324
    endloop
  endfacet
  facet normal 0 0 -1
    outer loop
      vertex 5.5 12.399999618530273 3.5899996757507324
      vertex 4.763645172119141 12.58519172668457 3.5899996757507324
      vertex 4.942048072814941 12.54782485961914 3.5899996757507324
    endloop
  endfacet
  facet normal 0 0 -1
    outer loop
      vertex 5.5 12.399999618530273 3.5899996757507324
      vertex 4.584719657897949 12.621183395385742 3.5899996757507324
      vertex 4.763645172119141 12.58519172668457 3.5899996757507324
    endloop
  endfacet
  facet normal 0 0 -1
    outer loop
      vertex 5.5 12.399999618530273 3.5899996757507324
      vertex 4.405292510986328 12.655795097351074 3.5899996757507324
      vertex 4.584719657897949 12.621183395385742 3.5899996757507324
    endloop
  endfacet
  facet normal 0 0 -1
    outer loop
      vertex 5.5 12.399999618530273 3.5899996757507324
      vertex 4.225380897521973 12.6890230178833 3.5899996757507324
      vertex 4.405292510986328 12.655795097351074 3.5899996757507324
    endloop
  endfacet
  facet normal 0 0 -1
    outer loop
      vertex 5.5 12.399999618530273 3.5899996757507324
      vertex 4.04500675201416 12.720864295959473 3.5899996757507324
      vertex 4.225380897521973 12.6890230178833 3.5899996757507324
    endloop
  endfacet
  facet normal 0 0 -1
    outer loop
      vertex 5.5 12.399999618530273 3.5899996757507324
      vertex 3.8641891479492188 12.751315116882324 3.5899996757507324
      vertex 4.04500675201416 12.720864295959473 3.5899996757507324
    endloop
  endfacet
  facet normal 0 0 -1
    outer loop
      vertex 5.5 12.399999618530273 3.5899996757507324
      vertex 3.6829471588134766 12.78037166595459 3.5899996757507324
      vertex 3.8641891479492188 12.751315116882324 3.5899996757507324
    endloop
  endfacet
  facet normal 0 0 -1
    outer loop
      vertex 5.5 12.399999618530273 3.5899996757507324
      vertex 3.554048538208008 12.799999237060547 3.5899996757507324
      vertex 3.6829471588134766 12.78037166595459 3.5899996757507324
    endloop
  endfacet
  facet normal 0 0 -1
    outer loop
      vertex 5.5 12.399999618530273 3.5899996757507324
      vertex -3.554048538208008 12.799999237060547 3.5899996757507324
      vertex 3.554048538208008 12.799999237060547 3.5899996757507324
    endloop
  endfacet
  facet normal 0 0 -1
    outer loop
      vertex -5.5 12.399999618530273 3.5899996757507324
      vertex -3.554048538208008 12.799999237060547 3.5899996757507324
      vertex 5.5 12.399999618530273 3.5899996757507324
    endloop
  endfacet
  facet normal 0 0 -1
    outer loop
      vertex -3.554048538208008 12.799999237060547 3.5899996757507324
      vertex -5.5 12.399999618530273 3.5899996757507324
      vertex -3.6829471588134766 12.78037166595459 3.5899996757507324
    endloop
  endfacet
  facet normal 0 0 -1
    outer loop
      vertex -3.6829471588134766 12.78037166595459 3.5899996757507324
      vertex -5.5 12.399999618530273 3.5899996757507324
      vertex -3.8641891479492188 12.751315116882324 3.5899996757507324
    endloop
  endfacet
  facet normal 0 0 -1
    outer loop
      vertex -3.8641891479492188 12.751315116882324 3.5899996757507324
      vertex -5.5 12.399999618530273 3.5899996757507324
      vertex -4.04500675201416 12.720864295959473 3.5899996757507324
    endloop
  endfacet
  facet normal 0 0 -1
    outer loop
      vertex -4.04500675201416 12.720864295959473 3.5899996757507324
      vertex -5.5 12.399999618530273 3.5899996757507324
      vertex -4.225380897521973 12.6890230178833 3.5899996757507324
    endloop
  endfacet
  facet normal 0 0 -1
    outer loop
      vertex -4.225380897521973 12.6890230178833 3.5899996757507324
      vertex -5.5 12.399999618530273 3.5899996757507324
      vertex -4.405292510986328 12.655795097351074 3.5899996757507324
    endloop
  endfacet
  facet normal 0 0 -1
    outer loop
      vertex -4.405292510986328 12.655795097351074 3.5899996757507324
      vertex -5.5 12.399999618530273 3.5899996757507324
      vertex -4.584719657897949 12.621183395385742 3.5899996757507324
    endloop
  endfacet
  facet normal 0 0 -1
    outer loop
      vertex -4.584719657897949 12.621183395385742 3.5899996757507324
      vertex -5.5 12.399999618530273 3.5899996757507324
      vertex -4.763645172119141 12.58519172668457 3.5899996757507324
    endloop
  endfacet
  facet normal 0 0 -1
    outer loop
      vertex -4.763645172119141 12.58519172668457 3.5899996757507324
      vertex -5.5 12.399999618530273 3.5899996757507324
      vertex -4.942048072814941 12.54782485961914 3.5899996757507324
    endloop
  endfacet
  facet normal 0 0 -1
    outer loop
      vertex -4.942048072814941 12.54782485961914 3.5899996757507324
      vertex -5.5 12.399999618530273 3.5899996757507324
      vertex -5.119908332824707 12.509085655212402 3.5899996757507324
    endloop
  endfacet
  facet normal 0 0 -1
    outer loop
      vertex -5.119908332824707 12.509085655212402 3.5899996757507324
      vertex -5.5 12.399999618530273 3.5899996757507324
      vertex -5.297207832336426 12.468979835510254 3.5899996757507324
    endloop
  endfacet
  facet normal 0 0 -1
    outer loop
      vertex -5.297207832336426 12.468979835510254 3.5899996757507324
      vertex -5.5 12.399999618530273 3.5899996757507324
      vertex -5.473926544189453 12.427510261535645 3.5899996757507324
    endloop
  endfacet
  facet normal 0 0 -1
    outer loop
      vertex -5.473926544189453 12.427510261535645 3.5899996757507324
      vertex -5.5 12.399999618530273 3.5899996757507324
      vertex -5.5 12.421170234680176 3.5899996757507324
    endloop
  endfacet
  facet normal 0 -1 0
    outer loop
      vertex -5.5 12.399999618530273 3.5999999046325684
      vertex 5.5 12.399999618530273 5.400000095367432
      vertex -5.5 12.399999618530273 5.400000095367432
    endloop
  endfacet
  facet normal 0 -1 0
    outer loop
      vertex 5.5 12.399999618530273 5.400000095367432
      vertex -5.5 12.399999618530273 3.5999999046325684
      vertex 5.5 12.399999618530273 3.5999999046325684
    endloop
  endfacet
  facet normal 0 -1 0
    outer loop
      vertex -5.5 12.399999618530273 3.5899996757507324
      vertex 5.5 12.399999618530273 3.5999999046325684
      vertex -5.5 12.399999618530273 3.5999999046325684
    endloop
  endfacet
  facet normal 0 -1 0
    outer loop
      vertex 5.5 12.399999618530273 3.5999999046325684
      vertex -5.5 12.399999618530273 3.5899996757507324
      vertex 5.5 12.399999618530273 3.5899996757507324
    endloop
  endfacet
  facet normal -1 0 0
    outer loop
      vertex -5.5 12.399999618530273 3.5999999046325684
      vertex -5.5 12.421170234680176 5.368244647979736
      vertex -5.5 12.421170234680176 3.6317553520202637
    endloop
  endfacet
  facet normal -1 0 0
    outer loop
      vertex -5.5 12.421170234680176 5.368244647979736
      vertex -5.5 12.399999618530273 3.5999999046325684
      vertex -5.5 12.399999618530273 5.400000095367432
    endloop
  endfacet
  facet normal -1 0 0
    outer loop
      vertex -5.5 12.399999618530273 3.5899996757507324
      vertex -5.5 12.421170234680176 3.5999999046325684
      vertex -5.5 12.421170234680176 3.5899996757507324
    endloop
  endfacet
  facet normal -1 0 0
    outer loop
      vertex -5.5 12.421170234680176 3.5999999046325684
      vertex -5.5 12.399999618530273 3.5899996757507324
      vertex -5.5 12.399999618530273 3.5999999046325684
    endloop
  endfacet
  facet normal 1 0 0
    outer loop
      vertex 5.5 12.399999618530273 5.400000095367432
      vertex 5.5 12.421170234680176 3.6317553520202637
      vertex 5.5 12.421170234680176 5.368244647979736
    endloop
  endfacet
  facet normal 1 0 0
    outer loop
      vertex 5.5 12.421170234680176 3.6317553520202637
      vertex 5.5 12.399999618530273 5.400000095367432
      vertex 5.5 12.399999618530273 3.5999999046325684
    endloop
  endfacet
  facet normal 1 0 0
    outer loop
      vertex 5.5 12.399999618530273 3.5999999046325684
      vertex 5.5 12.421170234680176 3.5899996757507324
      vertex 5.5 12.421170234680176 3.5999999046325684
    endloop
  endfacet
  facet normal 1 0 0
    outer loop
      vertex 5.5 12.421170234680176 3.5899996757507324
      vertex 5.5 12.399999618530273 3.5999999046325684
      vertex 5.5 12.399999618530273 3.5899996757507324
    endloop
  endfacet
  facet normal -0.000013182615090954419 0.8320464499562332 0.5547059625977062
    outer loop
      vertex 5.473926544189453 12.427510261535645 5.358734130859375
      vertex 5.5 12.399999618530273 5.400000095367432
      vertex 5.5 12.421170234680176 5.368244647979736
    endloop
  endfacet
  facet normal -0.0000019248335155446196 0.8320497330195595 0.5547010381983927
    outer loop
      vertex 5.297207832336426 12.468979835510254 5.296529293060303
      vertex 5.5 12.399999618530273 5.400000095367432
      vertex 5.473926544189453 12.427510261535645 5.358734130859375
    endloop
  endfacet
  facet normal 0.000002589193172353206 0.832053816252215 0.5546949133112917
    outer loop
      vertex 5.119908332824707 12.509085655212402 5.23637056350708
      vertex 5.5 12.399999618530273 5.400000095367432
      vertex 5.297207832336426 12.468979835510254 5.296529293060303
    endloop
  endfacet
  facet normal 0.000013182615090954419 0.8320464499562332 0.5547059625977062
    outer loop
      vertex -5.5 12.399999618530273 5.400000095367432
      vertex -5.473926544189453 12.427510261535645 5.358734130859375
      vertex -5.5 12.421170234680176 5.368244647979736
    endloop
  endfacet
  facet normal 0.000002190535746432062 0.8320533888565472 0.5546955544147952
    outer loop
      vertex 4.942048072814941 12.54782485961914 5.178261756896973
      vertex 5.5 12.399999618530273 5.400000095367432
      vertex 5.119908332824707 12.509085655212402 5.23637056350708
    endloop
  endfacet
  facet normal 0.0000019248335155446196 0.8320497330195595 0.5547010381983927
    outer loop
      vertex -5.5 12.399999618530273 5.400000095367432
      vertex -5.297207832336426 12.468979835510254 5.296529293060303
      vertex -5.473926544189453 12.427510261535645 5.358734130859375
    endloop
  endfacet
  facet normal 0.0000017893479368798112 0.8320529229402233 0.554696253298532
    outer loop
      vertex 4.763645172119141 12.58519172668457 5.122211456298828
      vertex 5.5 12.399999618530273 5.400000095367432
      vertex 4.942048072814941 12.54782485961914 5.178261756896973
    endloop
  endfacet
  facet normal -0.000002589193172353206 0.832053816252215 0.5546949133112917
    outer loop
      vertex -5.5 12.399999618530273 5.400000095367432
      vertex -5.119908332824707 12.509085655212402 5.23637056350708
      vertex -5.297207832336426 12.468979835510254 5.296529293060303
    endloop
  endfacet
  facet normal 0.0000014352277350521041 0.8320524897005893 0.5546969031651346
    outer loop
      vertex 4.584719657897949 12.621183395385742 5.06822395324707
      vertex 5.5 12.399999618530273 5.400000095367432
      vertex 4.763645172119141 12.58519172668457 5.122211456298828
    endloop
  endfacet
  facet normal -0.000002190535746432062 0.8320533888565472 0.5546955544147952
    outer loop
      vertex -5.5 12.399999618530273 5.400000095367432
      vertex -4.942048072814941 12.54782485961914 5.178261756896973
      vertex -5.119908332824707 12.509085655212402 5.23637056350708
    endloop
  endfacet
  facet normal 0.0000011433557218905179 0.8320521180739826 0.5546974606100987
    outer loop
      vertex 4.405292510986328 12.655795097351074 5.016306400299072
      vertex 5.5 12.399999618530273 5.400000095367432
      vertex 4.584719657897949 12.621183395385742 5.06822395324707
    endloop
  endfacet
  facet normal -0.0000017893479368798112 0.8320529229402233 0.554696253298532
    outer loop
      vertex -5.5 12.399999618530273 5.400000095367432
      vertex -4.763645172119141 12.58519172668457 5.122211456298828
      vertex -4.942048072814941 12.54782485961914 5.178261756896973
    endloop
  endfacet
  facet normal -0.0000061032971081396696 0.8320425755537749 0.5547117741932204
    outer loop
      vertex 4.225380897521973 12.6890230178833 4.966464042663574
      vertex 5.5 12.399999618530273 5.400000095367432
      vertex 4.405292510986328 12.655795097351074 5.016306400299072
    endloop
  endfacet
  facet normal -0.0000014352277350521041 0.8320524897005893 0.5546969031651346
    outer loop
      vertex -5.5 12.399999618530273 5.400000095367432
      vertex -4.584719657897949 12.621183395385742 5.06822395324707
      vertex -4.763645172119141 12.58519172668457 5.122211456298828
    endloop
  endfacet
  facet normal 0.0000014587554281479585 0.8320528369567678 0.5546963822759855
    outer loop
      vertex 4.04500675201416 12.720864295959473 4.918702125549316
      vertex 5.5 12.399999618530273 5.400000095367432
      vertex 4.225380897521973 12.6890230178833 4.966464042663574
    endloop
  endfacet
  facet normal -0.0000011433557218905179 0.8320521180739826 0.5546974606100987
    outer loop
      vertex -5.5 12.399999618530273 5.400000095367432
      vertex -4.405292510986328 12.655795097351074 5.016306400299072
      vertex -4.584719657897949 12.621183395385742 5.06822395324707
    endloop
  endfacet
  facet normal 0.0000011747525010650063 0.8320524407016973 0.554696976664709
    outer loop
      vertex 3.8641891479492188 12.751315116882324 4.873025894165039
      vertex 5.5 12.399999618530273 5.400000095367432
      vertex 4.04500675201416 12.720864295959473 4.918702125549316
    endloop
  endfacet
  facet normal 0.0000061032971081396696 0.8320425755537749 0.5547117741932204
    outer loop
      vertex -5.5 12.399999618530273 5.400000095367432
      vertex -4.225380897521973 12.6890230178833 4.966464042663574
      vertex -4.405292510986328 12.655795097351074 5.016306400299072
    endloop
  endfacet
  facet normal 9.522264076757211e-7 0.8320521218929617 0.5546974548819502
    outer loop
      vertex 3.6829471588134766 12.78037166595459 4.829441070556641
      vertex 5.5 12.399999618530273 5.400000095367432
      vertex 3.8641891479492188 12.751315116882324 4.873025894165039
    endloop
  endfacet
  facet normal -0.0000014587554281479585 0.8320528369567678 0.5546963822759855
    outer loop
      vertex -5.5 12.399999618530273 5.400000095367432
      vertex -4.04500675201416 12.720864295959473 4.918702125549316
      vertex -4.225380897521973 12.6890230178833 4.966464042663574
    endloop
  endfacet
  facet normal 7.768746706548543e-7 0.8320518641522852 0.5546978414958035
    outer loop
      vertex 3.554048538208008 12.799999237060547 4.799999713897705
      vertex 5.5 12.399999618530273 5.400000095367432
      vertex 3.6829471588134766 12.78037166595459 4.829441070556641
    endloop
  endfacet
  facet normal -0.0000011747525010650063 0.8320524407016973 0.554696976664709
    outer loop
      vertex -5.5 12.399999618530273 5.400000095367432
      vertex -3.8641891479492188 12.751315116882324 4.873025894165039
      vertex -4.04500675201416 12.720864295959473 4.918702125549316
    endloop
  endfacet
  facet normal 0 0.8320507012631989 0.5546995858367112
    outer loop
      vertex 5.5 12.399999618530273 5.400000095367432
      vertex 3.554048538208008 12.799999237060547 4.799999713897705
      vertex -5.5 12.399999618530273 5.400000095367432
    endloop
  endfacet
  facet normal -9.522264076757211e-7 0.8320521218929617 0.5546974548819502
    outer loop
      vertex -5.5 12.399999618530273 5.400000095367432
      vertex -3.6829471588134766 12.78037166595459 4.829441070556641
      vertex -3.8641891479492188 12.751315116882324 4.873025894165039
    endloop
  endfacet
  facet normal 0 0.8320507012631989 0.5546995858367112
    outer loop
      vertex -3.554048538208008 12.799999237060547 4.799999713897705
      vertex -5.5 12.399999618530273 5.400000095367432
      vertex 3.554048538208008 12.799999237060547 4.799999713897705
    endloop
  endfacet
  facet normal -7.768746706548543e-7 0.8320518641522852 0.5546978414958035
    outer loop
      vertex -5.5 12.399999618530273 5.400000095367432
      vertex -3.554048538208008 12.799999237060547 4.799999713897705
      vertex -3.6829471588134766 12.78037166595459 4.829441070556641
    endloop
  endfacet
  facet normal 0 0.8320502943378437 -0.5547001962252291
    outer loop
      vertex 5.5 12.399999618530273 3.5999999046325684
      vertex 3.554048538208008 12.799999237060547 4.1999993324279785
      vertex 3.6829471588134766 12.78037166595459 4.170557975769043
    endloop
  endfacet
  facet normal 0 0.8320502943378436 -0.554700196225229
    outer loop
      vertex 3.554048538208008 12.799999237060547 4.1999993324279785
      vertex 5.5 12.399999618530273 3.5999999046325684
      vertex -3.554048538208008 12.799999237060547 4.1999993324279785
    endloop
  endfacet
  facet normal 0 0.8320502943378437 -0.5547001962252291
    outer loop
      vertex 5.5 12.399999618530273 3.5999999046325684
      vertex 3.6829471588134766 12.78037166595459 4.170557975769043
      vertex 3.8641891479492188 12.751315116882324 4.1269731521606445
    endloop
  endfacet
  facet normal 0 0.8320502943378436 -0.5547001962252291
    outer loop
      vertex -5.5 12.399999618530273 3.5999999046325684
      vertex -3.554048538208008 12.799999237060547 4.1999993324279785
      vertex 5.5 12.399999618530273 3.5999999046325684
    endloop
  endfacet
  facet normal 0 0.8320502943378437 -0.5547001962252291
    outer loop
      vertex 5.5 12.399999618530273 3.5999999046325684
      vertex 3.8641891479492188 12.751315116882324 4.1269731521606445
      vertex 4.04500675201416 12.720864295959473 4.081296920776367
    endloop
  endfacet
  facet normal 0 0.8320502943378437 -0.5547001962252291
    outer loop
      vertex -3.554048538208008 12.799999237060547 4.1999993324279785
      vertex -5.5 12.399999618530273 3.5999999046325684
      vertex -3.6829471588134766 12.78037166595459 4.170557975769043
    endloop
  endfacet
  facet normal 0 0.8320502943378436 -0.5547001962252291
    outer loop
      vertex 5.5 12.399999618530273 3.5999999046325684
      vertex 4.04500675201416 12.720864295959473 4.081296920776367
      vertex 4.225380897521973 12.6890230178833 4.033535003662109
    endloop
  endfacet
  facet normal 0 0.8320502943378437 -0.5547001962252291
    outer loop
      vertex -3.6829471588134766 12.78037166595459 4.170557975769043
      vertex -5.5 12.399999618530273 3.5999999046325684
      vertex -3.8641891479492188 12.751315116882324 4.1269731521606445
    endloop
  endfacet
  facet normal 0 0.8320502943378437 -0.5547001962252291
    outer loop
      vertex 5.5 12.399999618530273 3.5999999046325684
      vertex 4.225380897521973 12.6890230178833 4.033535003662109
      vertex 4.405292510986328 12.655795097351074 3.9836931228637695
    endloop
  endfacet
  facet normal 0 0.8320502943378437 -0.5547001962252291
    outer loop
      vertex -3.8641891479492188 12.751315116882324 4.1269731521606445
      vertex -5.5 12.399999618530273 3.5999999046325684
      vertex -4.04500675201416 12.720864295959473 4.081296920776367
    endloop
  endfacet
  facet normal 0 0.8320502943378437 -0.5547001962252291
    outer loop
      vertex 5.5 12.399999618530273 3.5999999046325684
      vertex 4.405292510986328 12.655795097351074 3.9836931228637695
      vertex 4.584719657897949 12.621183395385742 3.9317755699157715
    endloop
  endfacet
  facet normal 0 0.8320502943378436 -0.5547001962252291
    outer loop
      vertex -4.04500675201416 12.720864295959473 4.081296920776367
      vertex -5.5 12.399999618530273 3.5999999046325684
      vertex -4.225380897521973 12.6890230178833 4.033535003662109
    endloop
  endfacet
  facet normal 0 0.8320502943378437 -0.5547001962252291
    outer loop
      vertex 5.5 12.399999618530273 3.5999999046325684
      vertex 4.584719657897949 12.621183395385742 3.9317755699157715
      vertex 4.763645172119141 12.58519172668457 3.8777880668640137
    endloop
  endfacet
  facet normal 0 0.8320502943378437 -0.5547001962252291
    outer loop
      vertex -4.225380897521973 12.6890230178833 4.033535003662109
      vertex -5.5 12.399999618530273 3.5999999046325684
      vertex -4.405292510986328 12.655795097351074 3.9836931228637695
    endloop
  endfacet
  facet normal 0 0.8320502943378436 -0.554700196225229
    outer loop
      vertex 5.5 12.399999618530273 3.5999999046325684
      vertex 4.763645172119141 12.58519172668457 3.8777880668640137
      vertex 4.942048072814941 12.54782485961914 3.821737766265869
    endloop
  endfacet
  facet normal 0 0.8320502943378437 -0.5547001962252291
    outer loop
      vertex -4.405292510986328 12.655795097351074 3.9836931228637695
      vertex -5.5 12.399999618530273 3.5999999046325684
      vertex -4.584719657897949 12.621183395385742 3.9317755699157715
    endloop
  endfacet
  facet normal 0 0.8320502943378436 -0.554700196225229
    outer loop
      vertex 5.5 12.399999618530273 3.5999999046325684
      vertex 4.942048072814941 12.54782485961914 3.821737766265869
      vertex 5.119908332824707 12.509085655212402 3.7636289596557617
    endloop
  endfacet
  facet normal 0 0.8320502943378437 -0.5547001962252291
    outer loop
      vertex -4.584719657897949 12.621183395385742 3.9317755699157715
      vertex -5.5 12.399999618530273 3.5999999046325684
      vertex -4.763645172119141 12.58519172668457 3.8777880668640137
    endloop
  endfacet
  facet normal 0 0.8320502943378437 -0.5547001962252291
    outer loop
      vertex 5.5 12.399999618530273 3.5999999046325684
      vertex 5.119908332824707 12.509085655212402 3.7636289596557617
      vertex 5.297207832336426 12.468979835510254 3.703470230102539
    endloop
  endfacet
  facet normal 0 0.8320502943378436 -0.554700196225229
    outer loop
      vertex -4.763645172119141 12.58519172668457 3.8777880668640137
      vertex -5.5 12.399999618530273 3.5999999046325684
      vertex -4.942048072814941 12.54782485961914 3.821737766265869
    endloop
  endfacet
  facet normal 0 0.8320502943378436 -0.554700196225229
    outer loop
      vertex 5.5 12.399999618530273 3.5999999046325684
      vertex 5.297207832336426 12.468979835510254 3.703470230102539
      vertex 5.473926544189453 12.427510261535645 3.641265869140625
    endloop
  endfacet
  facet normal 0 0.8320502943378436 -0.554700196225229
    outer loop
      vertex -4.942048072814941 12.54782485961914 3.821737766265869
      vertex -5.5 12.399999618530273 3.5999999046325684
      vertex -5.119908332824707 12.509085655212402 3.7636289596557617
    endloop
  endfacet
  facet normal -0.000013182615090954419 0.8320464499562332 -0.5547059625977062
    outer loop
      vertex 5.5 12.399999618530273 3.5999999046325684
      vertex 5.473926544189453 12.427510261535645 3.641265869140625
      vertex 5.5 12.421170234680176 3.6317553520202637
    endloop
  endfacet
  facet normal 0 0.8320502943378437 -0.5547001962252291
    outer loop
      vertex -5.119908332824707 12.509085655212402 3.7636289596557617
      vertex -5.5 12.399999618530273 3.5999999046325684
      vertex -5.297207832336426 12.468979835510254 3.703470230102539
    endloop
  endfacet
  facet normal 0 0.8320502943378436 -0.554700196225229
    outer loop
      vertex -5.297207832336426 12.468979835510254 3.703470230102539
      vertex -5.5 12.399999618530273 3.5999999046325684
      vertex -5.473926544189453 12.427510261535645 3.641265869140625
    endloop
  endfacet
  facet normal 0.000013182615090954419 0.8320464499562332 -0.5547059625977062
    outer loop
      vertex -5.473926544189453 12.427510261535645 3.641265869140625
      vertex -5.5 12.399999618530273 3.5999999046325684
      vertex -5.5 12.421170234680176 3.6317553520202637
    endloop
  endfacet
  facet normal 0 0 1
    outer loop
      vertex 5.473926544189453 12.427510261535645 3.5999999046325684
      vertex 5.5 12.399999618530273 3.5999999046325684
      vertex 5.5 12.421170234680176 3.5999999046325684
    endloop
  endfacet
  facet normal 0 0 1
    outer loop
      vertex 5.297207832336426 12.468979835510254 3.5999999046325684
      vertex 5.5 12.399999618530273 3.5999999046325684
      vertex 5.473926544189453 12.427510261535645 3.5999999046325684
    endloop
  endfacet
  facet normal 0 0 1
    outer loop
      vertex 5.119908332824707 12.509085655212402 3.5999999046325684
      vertex 5.5 12.399999618530273 3.5999999046325684
      vertex 5.297207832336426 12.468979835510254 3.5999999046325684
    endloop
  endfacet
  facet normal 0 0 1
    outer loop
      vertex 4.942048072814941 12.54782485961914 3.5999999046325684
      vertex 5.5 12.399999618530273 3.5999999046325684
      vertex 5.119908332824707 12.509085655212402 3.5999999046325684
    endloop
  endfacet
  facet normal 0 0 1
    outer loop
      vertex 4.763645172119141 12.58519172668457 3.5999999046325684
      vertex 5.5 12.399999618530273 3.5999999046325684
      vertex 4.942048072814941 12.54782485961914 3.5999999046325684
    endloop
  endfacet
  facet normal 0 0 1
    outer loop
      vertex 4.584719657897949 12.621183395385742 3.5999999046325684
      vertex 5.5 12.399999618530273 3.5999999046325684
      vertex 4.763645172119141 12.58519172668457 3.5999999046325684
    endloop
  endfacet
  facet normal 0 0 1
    outer loop
      vertex 4.405292510986328 12.655795097351074 3.5999999046325684
      vertex 5.5 12.399999618530273 3.5999999046325684
      vertex 4.584719657897949 12.621183395385742 3.5999999046325684
    endloop
  endfacet
  facet normal 0 0 1
    outer loop
      vertex 4.225380897521973 12.6890230178833 3.5999999046325684
      vertex 5.5 12.399999618530273 3.5999999046325684
      vertex 4.405292510986328 12.655795097351074 3.5999999046325684
    endloop
  endfacet
  facet normal 0 0 1
    outer loop
      vertex 4.04500675201416 12.720864295959473 3.5999999046325684
      vertex 5.5 12.399999618530273 3.5999999046325684
      vertex 4.225380897521973 12.6890230178833 3.5999999046325684
    endloop
  endfacet
  facet normal 0 0 1
    outer loop
      vertex 3.8641891479492188 12.751315116882324 3.5999999046325684
      vertex 5.5 12.399999618530273 3.5999999046325684
      vertex 4.04500675201416 12.720864295959473 3.5999999046325684
    endloop
  endfacet
  facet normal 0 0 1
    outer loop
      vertex 3.6829471588134766 12.78037166595459 3.5999999046325684
      vertex 5.5 12.399999618530273 3.5999999046325684
      vertex 3.8641891479492188 12.751315116882324 3.5999999046325684
    endloop
  endfacet
  facet normal 0 0 1
    outer loop
      vertex 3.554048538208008 12.799999237060547 3.5999999046325684
      vertex 5.5 12.399999618530273 3.5999999046325684
      vertex 3.6829471588134766 12.78037166595459 3.5999999046325684
    endloop
  endfacet
  facet normal 0 0 1
    outer loop
      vertex -3.554048538208008 12.799999237060547 3.5999999046325684
      vertex 5.5 12.399999618530273 3.5999999046325684
      vertex 3.554048538208008 12.799999237060547 3.5999999046325684
    endloop
  endfacet
  facet normal 0 0 1
    outer loop
      vertex -5.5 12.399999618530273 3.5999999046325684
      vertex -3.554048538208008 12.799999237060547 3.5999999046325684
      vertex -3.6829471588134766 12.78037166595459 3.5999999046325684
    endloop
  endfacet
  facet normal 0 0 1
    outer loop
      vertex -5.5 12.399999618530273 3.5999999046325684
      vertex -3.6829471588134766 12.78037166595459 3.5999999046325684
      vertex -3.8641891479492188 12.751315116882324 3.5999999046325684
    endloop
  endfacet
  facet normal 0 0 1
    outer loop
      vertex -5.5 12.399999618530273 3.5999999046325684
      vertex -3.8641891479492188 12.751315116882324 3.5999999046325684
      vertex -4.04500675201416 12.720864295959473 3.5999999046325684
    endloop
  endfacet
  facet normal 0 0 1
    outer loop
      vertex -5.5 12.399999618530273 3.5999999046325684
      vertex -4.04500675201416 12.720864295959473 3.5999999046325684
      vertex -4.225380897521973 12.6890230178833 3.5999999046325684
    endloop
  endfacet
  facet normal 0 0 1
    outer loop
      vertex -5.5 12.399999618530273 3.5999999046325684
      vertex -4.225380897521973 12.6890230178833 3.5999999046325684
      vertex -4.405292510986328 12.655795097351074 3.5999999046325684
    endloop
  endfacet
  facet normal 0 0 1
    outer loop
      vertex -5.5 12.399999618530273 3.5999999046325684
      vertex -4.405292510986328 12.655795097351074 3.5999999046325684
      vertex -4.584719657897949 12.621183395385742 3.5999999046325684
    endloop
  endfacet
  facet normal 0 0 1
    outer loop
      vertex -5.5 12.399999618530273 3.5999999046325684
      vertex -4.584719657897949 12.621183395385742 3.5999999046325684
      vertex -4.763645172119141 12.58519172668457 3.5999999046325684
    endloop
  endfacet
  facet normal 0 0 1
    outer loop
      vertex -5.5 12.399999618530273 3.5999999046325684
      vertex -4.763645172119141 12.58519172668457 3.5999999046325684
      vertex -4.942048072814941 12.54782485961914 3.5999999046325684
    endloop
  endfacet
  facet normal 0 0 1
    outer loop
      vertex -5.5 12.399999618530273 3.5999999046325684
      vertex -4.942048072814941 12.54782485961914 3.5999999046325684
      vertex -5.119908332824707 12.509085655212402 3.5999999046325684
    endloop
  endfacet
  facet normal 0 0 1
    outer loop
      vertex -5.5 12.399999618530273 3.5999999046325684
      vertex -5.119908332824707 12.509085655212402 3.5999999046325684
      vertex -5.297207832336426 12.468979835510254 3.5999999046325684
    endloop
  endfacet
  facet normal 0 0 1
    outer loop
      vertex -5.5 12.399999618530273 3.5999999046325684
      vertex -5.297207832336426 12.468979835510254 3.5999999046325684
      vertex -5.473926544189453 12.427510261535645 3.5999999046325684
    endloop
  endfacet
  facet normal 0 0 1
    outer loop
      vertex -5.5 12.399999618530273 3.5999999046325684
      vertex -5.473926544189453 12.427510261535645 3.5999999046325684
      vertex -5.5 12.421170234680176 3.5999999046325684
    endloop
  endfacet
  facet normal 0 0 1
    outer loop
      vertex -3.554048538208008 12.799999237060547 3.5999999046325684
      vertex -5.5 12.399999618530273 3.5999999046325684
      vertex 5.5 12.399999618530273 3.5999999046325684
    endloop
  endfacet
  facet normal 0.19720429167993125 0.9803624163252163 0
    outer loop
      vertex 4.763645172119141 12.58519172668457 3.5899996757507324
      vertex 4.584719657897949 12.621183395385742 3.5999999046325684
      vertex 4.763645172119141 12.58519172668457 3.5999999046325684
    endloop
  endfacet
  facet normal 0.19720429167993125 0.9803624163252163 0
    outer loop
      vertex 4.584719657897949 12.621183395385742 3.5999999046325684
      vertex 4.763645172119141 12.58519172668457 3.5899996757507324
      vertex 4.584719657897949 12.621183395385742 3.5899996757507324
    endloop
  endfacet
  facet normal 0.19720429167993123 0.9803624163252161 0
    outer loop
      vertex 4.763645172119141 12.58519172668457 5.122211456298828
      vertex 4.584719657897949 12.621183395385742 3.9317755699157715
      vertex 4.584719657897949 12.621183395385742 5.06822395324707
    endloop
  endfacet
  facet normal 0.19720429167993125 0.9803624163252163 0
    outer loop
      vertex 4.584719657897949 12.621183395385742 3.9317755699157715
      vertex 4.763645172119141 12.58519172668457 5.122211456298828
      vertex 4.763645172119141 12.58519172668457 3.8777880668640137
    endloop
  endfacet
  facet normal -0.18940929086441305 0.9818982231037188 0
    outer loop
      vertex -4.405292510986328 12.655795097351074 3.5899996757507324
      vertex -4.584719657897949 12.621183395385742 3.5999999046325684
      vertex -4.405292510986328 12.655795097351074 3.5999999046325684
    endloop
  endfacet
  facet normal -0.18940929086441305 0.9818982231037188 0
    outer loop
      vertex -4.584719657897949 12.621183395385742 3.5999999046325684
      vertex -4.405292510986328 12.655795097351074 3.5899996757507324
      vertex -4.584719657897949 12.621183395385742 3.5899996757507324
    endloop
  endfacet
  facet normal -0.18940929086441302 0.9818982231037187 0
    outer loop
      vertex -4.405292510986328 12.655795097351074 3.9836931228637695
      vertex -4.584719657897949 12.621183395385742 5.06822395324707
      vertex -4.405292510986328 12.655795097351074 5.016306400299072
    endloop
  endfacet
  facet normal -0.18940929086441302 0.9818982231037187 0
    outer loop
      vertex -4.584719657897949 12.621183395385742 5.06822395324707
      vertex -4.405292510986328 12.655795097351074 3.9836931228637695
      vertex -4.584719657897949 12.621183395385742 3.9317755699157715
    endloop
  endfacet
  facet normal -0.1582976868056369 0.9873914331975868 0
    outer loop
      vertex -3.6829471588134766 12.78037166595459 3.5899996757507324
      vertex -3.8641891479492188 12.751315116882324 3.5999999046325684
      vertex -3.6829471588134766 12.78037166595459 3.5999999046325684
    endloop
  endfacet
  facet normal -0.1582976868056369 0.9873914331975868 0
    outer loop
      vertex -3.8641891479492188 12.751315116882324 3.5999999046325684
      vertex -3.6829471588134766 12.78037166595459 3.5899996757507324
      vertex -3.8641891479492188 12.751315116882324 3.5899996757507324
    endloop
  endfacet
  facet normal -0.1582976868056369 0.9873914331975868 0
    outer loop
      vertex -3.6829471588134766 12.78037166595459 4.170557975769043
      vertex -3.8641891479492188 12.751315116882324 4.873025894165039
      vertex -3.6829471588134766 12.78037166595459 4.829441070556641
    endloop
  endfacet
  facet normal -0.1582976868056369 0.9873914331975867 0
    outer loop
      vertex -3.8641891479492188 12.751315116882324 4.873025894165039
      vertex -3.6829471588134766 12.78037166595459 4.170557975769043
      vertex -3.8641891479492188 12.751315116882324 4.1269731521606445
    endloop
  endfacet
  facet normal 0.16606785044307681 0.9861143285893457 0
    outer loop
      vertex 4.04500675201416 12.720864295959473 3.5899996757507324
      vertex 3.8641891479492188 12.751315116882324 3.5999999046325684
      vertex 4.04500675201416 12.720864295959473 3.5999999046325684
    endloop
  endfacet
  facet normal 0.16606785044307681 0.9861143285893457 0
    outer loop
      vertex 3.8641891479492188 12.751315116882324 3.5999999046325684
      vertex 4.04500675201416 12.720864295959473 3.5899996757507324
      vertex 3.8641891479492188 12.751315116882324 3.5899996757507324
    endloop
  endfacet
  facet normal 0.16606785044307681 0.9861143285893456 0
    outer loop
      vertex 4.04500675201416 12.720864295959473 4.918702125549316
      vertex 3.8641891479492188 12.751315116882324 4.1269731521606445
      vertex 3.8641891479492188 12.751315116882324 4.873025894165039
    endloop
  endfacet
  facet normal 0.16606785044307681 0.9861143285893457 0
    outer loop
      vertex 3.8641891479492188 12.751315116882324 4.1269731521606445
      vertex 4.04500675201416 12.720864295959473 4.918702125549316
      vertex 4.04500675201416 12.720864295959473 4.081296920776367
    endloop
  endfacet
  facet normal -0.21281744387255314 0.9770919790805535 0
    outer loop
      vertex -4.942048072814941 12.54782485961914 3.5899996757507324
      vertex -5.119908332824707 12.509085655212402 3.5999999046325684
      vertex -4.942048072814941 12.54782485961914 3.5999999046325684
    endloop
  endfacet
  facet normal -0.21281744387255314 0.9770919790805535 0
    outer loop
      vertex -5.119908332824707 12.509085655212402 3.5999999046325684
      vertex -4.942048072814941 12.54782485961914 3.5899996757507324
      vertex -5.119908332824707 12.509085655212402 3.5899996757507324
    endloop
  endfacet
  facet normal -0.21281744387255314 0.9770919790805535 0
    outer loop
      vertex -4.942048072814941 12.54782485961914 3.821737766265869
      vertex -5.119908332824707 12.509085655212402 5.23637056350708
      vertex -4.942048072814941 12.54782485961914 5.178261756896973
    endloop
  endfacet
  facet normal -0.21281744387255316 0.9770919790805535 0
    outer loop
      vertex -5.119908332824707 12.509085655212402 5.23637056350708
      vertex -4.942048072814941 12.54782485961914 3.821737766265869
      vertex -5.119908332824707 12.509085655212402 3.7636289596557617
    endloop
  endfacet
  facet normal -0.2206296059101169 0.9753576661901758 0
    outer loop
      vertex -5.119908332824707 12.509085655212402 3.5899996757507324
      vertex -5.297207832336426 12.468979835510254 3.5999999046325684
      vertex -5.119908332824707 12.509085655212402 3.5999999046325684
    endloop
  endfacet
  facet normal -0.2206296059101169 0.9753576661901758 0
    outer loop
      vertex -5.297207832336426 12.468979835510254 3.5999999046325684
      vertex -5.119908332824707 12.509085655212402 3.5899996757507324
      vertex -5.297207832336426 12.468979835510254 3.5899996757507324
    endloop
  endfacet
  facet normal -0.2206296059101169 0.9753576661901758 0
    outer loop
      vertex -5.119908332824707 12.509085655212402 3.7636289596557617
      vertex -5.297207832336426 12.468979835510254 5.296529293060303
      vertex -5.119908332824707 12.509085655212402 5.23637056350708
    endloop
  endfacet
  facet normal -0.2206296059101169 0.9753576661901758 0
    outer loop
      vertex -5.297207832336426 12.468979835510254 5.296529293060303
      vertex -5.119908332824707 12.509085655212402 3.7636289596557617
      vertex -5.297207832336426 12.468979835510254 3.703470230102539
    endloop
  endfacet
  facet normal 0.1582976868056369 0.9873914331975868 0
    outer loop
      vertex 3.8641891479492188 12.751315116882324 3.5899996757507324
      vertex 3.6829471588134766 12.78037166595459 3.5999999046325684
      vertex 3.8641891479492188 12.751315116882324 3.5999999046325684
    endloop
  endfacet
  facet normal 0.1582976868056369 0.9873914331975868 0
    outer loop
      vertex 3.6829471588134766 12.78037166595459 3.5999999046325684
      vertex 3.8641891479492188 12.751315116882324 3.5899996757507324
      vertex 3.6829471588134766 12.78037166595459 3.5899996757507324
    endloop
  endfacet
  facet normal 0.1582976868056369 0.9873914331975868 0
    outer loop
      vertex 3.8641891479492188 12.751315116882324 4.873025894165039
      vertex 3.6829471588134766 12.78037166595459 4.170557975769043
      vertex 3.6829471588134766 12.78037166595459 4.829441070556641
    endloop
  endfacet
  facet normal 0.1582976868056369 0.9873914331975867 0
    outer loop
      vertex 3.6829471588134766 12.78037166595459 4.170557975769043
      vertex 3.8641891479492188 12.751315116882324 4.873025894165039
      vertex 3.8641891479492188 12.751315116882324 4.1269731521606445
    endloop
  endfacet
  facet normal -0.18161867101582438 0.9833690346652398 0
    outer loop
      vertex -4.225380897521973 12.6890230178833 3.5899996757507324
      vertex -4.405292510986328 12.655795097351074 3.5999999046325684
      vertex -4.225380897521973 12.6890230178833 3.5999999046325684
    endloop
  endfacet
  facet normal -0.18161867101582438 0.9833690346652398 0
    outer loop
      vertex -4.405292510986328 12.655795097351074 3.5999999046325684
      vertex -4.225380897521973 12.6890230178833 3.5899996757507324
      vertex -4.405292510986328 12.655795097351074 3.5899996757507324
    endloop
  endfacet
  facet normal -0.18161867101582438 0.9833690346652398 0
    outer loop
      vertex -4.225380897521973 12.6890230178833 4.033535003662109
      vertex -4.405292510986328 12.655795097351074 5.016306400299072
      vertex -4.225380897521973 12.6890230178833 4.966464042663574
    endloop
  endfacet
  facet normal -0.1816186710158244 0.98336903466524 0
    outer loop
      vertex -4.405292510986328 12.655795097351074 5.016306400299072
      vertex -4.225380897521973 12.6890230178833 4.033535003662109
      vertex -4.405292510986328 12.655795097351074 3.9836931228637695
    endloop
  endfacet
  facet normal 0.2362753985030004 0.9716861304259974 0
    outer loop
      vertex 5.5 12.421170234680176 3.5899996757507324
      vertex 5.473926544189453 12.427510261535645 3.5999999046325684
      vertex 5.5 12.421170234680176 3.5999999046325684
    endloop
  endfacet
  facet normal 0.2362753985030004 0.9716861304259974 0
    outer loop
      vertex 5.473926544189453 12.427510261535645 3.5999999046325684
      vertex 5.5 12.421170234680176 3.5899996757507324
      vertex 5.473926544189453 12.427510261535645 3.5899996757507324
    endloop
  endfacet
  facet normal 0.2362753985030004 0.9716861304259974 0
    outer loop
      vertex 5.5 12.421170234680176 5.368244647979736
      vertex 5.473926544189453 12.427510261535645 3.641265869140625
      vertex 5.473926544189453 12.427510261535645 5.358734130859375
    endloop
  endfacet
  facet normal 0.2362753985030004 0.9716861304259974 0
    outer loop
      vertex 5.473926544189453 12.427510261535645 3.641265869140625
      vertex 5.5 12.421170234680176 5.368244647979736
      vertex 5.5 12.421170234680176 3.6317553520202637
    endloop
  endfacet
  facet normal 0.2206296059101169 0.9753576661901758 0
    outer loop
      vertex 5.297207832336426 12.468979835510254 3.5899996757507324
      vertex 5.119908332824707 12.509085655212402 3.5999999046325684
      vertex 5.297207832336426 12.468979835510254 3.5999999046325684
    endloop
  endfacet
  facet normal 0.2206296059101169 0.9753576661901758 0
    outer loop
      vertex 5.119908332824707 12.509085655212402 3.5999999046325684
      vertex 5.297207832336426 12.468979835510254 3.5899996757507324
      vertex 5.119908332824707 12.509085655212402 3.5899996757507324
    endloop
  endfacet
  facet normal 0.2206296059101169 0.9753576661901758 0
    outer loop
      vertex 5.297207832336426 12.468979835510254 5.296529293060303
      vertex 5.119908332824707 12.509085655212402 3.7636289596557617
      vertex 5.119908332824707 12.509085655212402 5.23637056350708
    endloop
  endfacet
  facet normal 0.2206296059101169 0.9753576661901758 0
    outer loop
      vertex 5.119908332824707 12.509085655212402 3.7636289596557617
      vertex 5.297207832336426 12.468979835510254 5.296529293060303
      vertex 5.297207832336426 12.468979835510254 3.703470230102539
    endloop
  endfacet
  facet normal -0.15053617376005599 0.9886045015018302 0
    outer loop
      vertex -3.554048538208008 12.799999237060547 3.5899996757507324
      vertex -3.6829471588134766 12.78037166595459 3.5999999046325684
      vertex -3.554048538208008 12.799999237060547 3.5999999046325684
    endloop
  endfacet
  facet normal -0.15053617376005599 0.9886045015018302 0
    outer loop
      vertex -3.6829471588134766 12.78037166595459 3.5999999046325684
      vertex -3.554048538208008 12.799999237060547 3.5899996757507324
      vertex -3.6829471588134766 12.78037166595459 3.5899996757507324
    endloop
  endfacet
  facet normal -0.15053617376005599 0.9886045015018301 0
    outer loop
      vertex -3.554048538208008 12.799999237060547 4.1999993324279785
      vertex -3.6829471588134766 12.78037166595459 4.829441070556641
      vertex -3.554048538208008 12.799999237060547 4.799999713897705
    endloop
  endfacet
  facet normal -0.15053617376005599 0.9886045015018302 0
    outer loop
      vertex -3.6829471588134766 12.78037166595459 4.829441070556641
      vertex -3.554048538208008 12.799999237060547 4.1999993324279785
      vertex -3.6829471588134766 12.78037166595459 4.170557975769043
    endloop
  endfacet
  facet normal 0.2284583035275619 0.9735536983388787 0
    outer loop
      vertex 5.473926544189453 12.427510261535645 3.5899996757507324
      vertex 5.297207832336426 12.468979835510254 3.5999999046325684
      vertex 5.473926544189453 12.427510261535645 3.5999999046325684
    endloop
  endfacet
  facet normal 0.2284583035275619 0.9735536983388787 0
    outer loop
      vertex 5.297207832336426 12.468979835510254 3.5999999046325684
      vertex 5.473926544189453 12.427510261535645 3.5899996757507324
      vertex 5.297207832336426 12.468979835510254 3.5899996757507324
    endloop
  endfacet
  facet normal 0.22845830352756188 0.9735536983388787 0
    outer loop
      vertex 5.473926544189453 12.427510261535645 5.358734130859375
      vertex 5.297207832336426 12.468979835510254 3.703470230102539
      vertex 5.297207832336426 12.468979835510254 5.296529293060303
    endloop
  endfacet
  facet normal 0.22845830352756186 0.9735536983388786 0
    outer loop
      vertex 5.297207832336426 12.468979835510254 3.703470230102539
      vertex 5.473926544189453 12.427510261535645 5.358734130859375
      vertex 5.473926544189453 12.427510261535645 3.641265869140625
    endloop
  endfacet
  facet normal 0.20500361862921612 0.9787612151842384 0
    outer loop
      vertex 4.942048072814941 12.54782485961914 3.5899996757507324
      vertex 4.763645172119141 12.58519172668457 3.5999999046325684
      vertex 4.942048072814941 12.54782485961914 3.5999999046325684
    endloop
  endfacet
  facet normal 0.20500361862921612 0.9787612151842384 0
    outer loop
      vertex 4.763645172119141 12.58519172668457 3.5999999046325684
      vertex 4.942048072814941 12.54782485961914 3.5899996757507324
      vertex 4.763645172119141 12.58519172668457 3.5899996757507324
    endloop
  endfacet
  facet normal 0.20500361862921612 0.9787612151842384 0
    outer loop
      vertex 4.942048072814941 12.54782485961914 5.178261756896973
      vertex 4.763645172119141 12.58519172668457 3.8777880668640137
      vertex 4.763645172119141 12.58519172668457 5.122211456298828
    endloop
  endfacet
  facet normal 0.2050036186292161 0.9787612151842384 0
    outer loop
      vertex 4.763645172119141 12.58519172668457 3.8777880668640137
      vertex 4.942048072814941 12.54782485961914 5.178261756896973
      vertex 4.942048072814941 12.54782485961914 3.821737766265869
    endloop
  endfacet
  facet normal 0.17384117457339193 0.9847737029505528 0
    outer loop
      vertex 4.225380897521973 12.6890230178833 3.5899996757507324
      vertex 4.04500675201416 12.720864295959473 3.5999999046325684
      vertex 4.225380897521973 12.6890230178833 3.5999999046325684
    endloop
  endfacet
  facet normal 0.17384117457339193 0.9847737029505528 0
    outer loop
      vertex 4.04500675201416 12.720864295959473 3.5999999046325684
      vertex 4.225380897521973 12.6890230178833 3.5899996757507324
      vertex 4.04500675201416 12.720864295959473 3.5899996757507324
    endloop
  endfacet
  facet normal 0.17384117457339193 0.9847737029505528 0
    outer loop
      vertex 4.225380897521973 12.6890230178833 4.966464042663574
      vertex 4.04500675201416 12.720864295959473 4.081296920776367
      vertex 4.04500675201416 12.720864295959473 4.918702125549316
    endloop
  endfacet
  facet normal 0.17384117457339193 0.9847737029505528 0
    outer loop
      vertex 4.04500675201416 12.720864295959473 4.081296920776367
      vertex 4.225380897521973 12.6890230178833 4.966464042663574
      vertex 4.225380897521973 12.6890230178833 4.033535003662109
    endloop
  endfacet
  facet normal 0.18940929086441305 0.9818982231037188 0
    outer loop
      vertex 4.584719657897949 12.621183395385742 3.5899996757507324
      vertex 4.405292510986328 12.655795097351074 3.5999999046325684
      vertex 4.584719657897949 12.621183395385742 3.5999999046325684
    endloop
  endfacet
  facet normal 0.18940929086441305 0.9818982231037188 0
    outer loop
      vertex 4.405292510986328 12.655795097351074 3.5999999046325684
      vertex 4.584719657897949 12.621183395385742 3.5899996757507324
      vertex 4.405292510986328 12.655795097351074 3.5899996757507324
    endloop
  endfacet
  facet normal 0.18940929086441302 0.9818982231037187 0
    outer loop
      vertex 4.584719657897949 12.621183395385742 5.06822395324707
      vertex 4.405292510986328 12.655795097351074 3.9836931228637695
      vertex 4.405292510986328 12.655795097351074 5.016306400299072
    endloop
  endfacet
  facet normal 0.18940929086441302 0.9818982231037187 0
    outer loop
      vertex 4.405292510986328 12.655795097351074 3.9836931228637695
      vertex 4.584719657897949 12.621183395385742 5.06822395324707
      vertex 4.584719657897949 12.621183395385742 3.9317755699157715
    endloop
  endfacet
  facet normal -0.16606785044307681 0.9861143285893457 0
    outer loop
      vertex -3.8641891479492188 12.751315116882324 3.5899996757507324
      vertex -4.04500675201416 12.720864295959473 3.5999999046325684
      vertex -3.8641891479492188 12.751315116882324 3.5999999046325684
    endloop
  endfacet
  facet normal -0.16606785044307681 0.9861143285893457 0
    outer loop
      vertex -4.04500675201416 12.720864295959473 3.5999999046325684
      vertex -3.8641891479492188 12.751315116882324 3.5899996757507324
      vertex -4.04500675201416 12.720864295959473 3.5899996757507324
    endloop
  endfacet
  facet normal -0.16606785044307681 0.9861143285893456 0
    outer loop
      vertex -3.8641891479492188 12.751315116882324 4.1269731521606445
      vertex -4.04500675201416 12.720864295959473 4.918702125549316
      vertex -3.8641891479492188 12.751315116882324 4.873025894165039
    endloop
  endfacet
  facet normal -0.16606785044307681 0.9861143285893457 0
    outer loop
      vertex -4.04500675201416 12.720864295959473 4.918702125549316
      vertex -3.8641891479492188 12.751315116882324 4.1269731521606445
      vertex -4.04500675201416 12.720864295959473 4.081296920776367
    endloop
  endfacet
  facet normal 0.15053617376005599 0.9886045015018302 0
    outer loop
      vertex 3.6829471588134766 12.78037166595459 3.5899996757507324
      vertex 3.554048538208008 12.799999237060547 3.5999999046325684
      vertex 3.6829471588134766 12.78037166595459 3.5999999046325684
    endloop
  endfacet
  facet normal 0.15053617376005599 0.9886045015018302 0
    outer loop
      vertex 3.554048538208008 12.799999237060547 3.5999999046325684
      vertex 3.6829471588134766 12.78037166595459 3.5899996757507324
      vertex 3.554048538208008 12.799999237060547 3.5899996757507324
    endloop
  endfacet
  facet normal 0.15053617376005599 0.9886045015018301 0
    outer loop
      vertex 3.6829471588134766 12.78037166595459 4.829441070556641
      vertex 3.554048538208008 12.799999237060547 4.1999993324279785
      vertex 3.554048538208008 12.799999237060547 4.799999713897705
    endloop
  endfacet
  facet normal 0.15053617376005599 0.9886045015018302 0
    outer loop
      vertex 3.554048538208008 12.799999237060547 4.1999993324279785
      vertex 3.6829471588134766 12.78037166595459 4.829441070556641
      vertex 3.6829471588134766 12.78037166595459 4.170557975769043
    endloop
  endfacet
  facet normal -0.2284583035275619 0.9735536983388787 0
    outer loop
      vertex -5.297207832336426 12.468979835510254 3.5899996757507324
      vertex -5.473926544189453 12.427510261535645 3.5999999046325684
      vertex -5.297207832336426 12.468979835510254 3.5999999046325684
    endloop
  endfacet
  facet normal -0.2284583035275619 0.9735536983388787 0
    outer loop
      vertex -5.473926544189453 12.427510261535645 3.5999999046325684
      vertex -5.297207832336426 12.468979835510254 3.5899996757507324
      vertex -5.473926544189453 12.427510261535645 3.5899996757507324
    endloop
  endfacet
  facet normal -0.22845830352756188 0.9735536983388787 0
    outer loop
      vertex -5.297207832336426 12.468979835510254 3.703470230102539
      vertex -5.473926544189453 12.427510261535645 5.358734130859375
      vertex -5.297207832336426 12.468979835510254 5.296529293060303
    endloop
  endfacet
  facet normal -0.22845830352756186 0.9735536983388786 0
    outer loop
      vertex -5.473926544189453 12.427510261535645 5.358734130859375
      vertex -5.297207832336426 12.468979835510254 3.703470230102539
      vertex -5.473926544189453 12.427510261535645 3.641265869140625
    endloop
  endfacet
  facet normal 0.21281744387255314 0.9770919790805535 0
    outer loop
      vertex 5.119908332824707 12.509085655212402 3.5899996757507324
      vertex 4.942048072814941 12.54782485961914 3.5999999046325684
      vertex 5.119908332824707 12.509085655212402 3.5999999046325684
    endloop
  endfacet
  facet normal 0.21281744387255314 0.9770919790805535 0
    outer loop
      vertex 4.942048072814941 12.54782485961914 3.5999999046325684
      vertex 5.119908332824707 12.509085655212402 3.5899996757507324
      vertex 4.942048072814941 12.54782485961914 3.5899996757507324
    endloop
  endfacet
  facet normal 0.21281744387255314 0.9770919790805535 0
    outer loop
      vertex 5.119908332824707 12.509085655212402 5.23637056350708
      vertex 4.942048072814941 12.54782485961914 3.821737766265869
      vertex 4.942048072814941 12.54782485961914 5.178261756896973
    endloop
  endfacet
  facet normal 0.21281744387255316 0.9770919790805535 0
    outer loop
      vertex 4.942048072814941 12.54782485961914 3.821737766265869
      vertex 5.119908332824707 12.509085655212402 5.23637056350708
      vertex 5.119908332824707 12.509085655212402 3.7636289596557617
    endloop
  endfacet
  facet normal -0.2362753985030004 0.9716861304259974 0
    outer loop
      vertex -5.473926544189453 12.427510261535645 3.5899996757507324
      vertex -5.5 12.421170234680176 3.5999999046325684
      vertex -5.473926544189453 12.427510261535645 3.5999999046325684
    endloop
  endfacet
  facet normal -0.2362753985030004 0.9716861304259974 0
    outer loop
      vertex -5.5 12.421170234680176 3.5999999046325684
      vertex -5.473926544189453 12.427510261535645 3.5899996757507324
      vertex -5.5 12.421170234680176 3.5899996757507324
    endloop
  endfacet
  facet normal -0.2362753985030004 0.9716861304259974 0
    outer loop
      vertex -5.473926544189453 12.427510261535645 3.641265869140625
      vertex -5.5 12.421170234680176 5.368244647979736
      vertex -5.473926544189453 12.427510261535645 5.358734130859375
    endloop
  endfacet
  facet normal -0.2362753985030004 0.9716861304259974 0
    outer loop
      vertex -5.5 12.421170234680176 5.368244647979736
      vertex -5.473926544189453 12.427510261535645 3.641265869140625
      vertex -5.5 12.421170234680176 3.6317553520202637
    endloop
  endfacet
  facet normal -0.17384117457339193 0.9847737029505528 0
    outer loop
      vertex -4.04500675201416 12.720864295959473 3.5899996757507324
      vertex -4.225380897521973 12.6890230178833 3.5999999046325684
      vertex -4.04500675201416 12.720864295959473 3.5999999046325684
    endloop
  endfacet
  facet normal -0.17384117457339193 0.9847737029505528 0
    outer loop
      vertex -4.225380897521973 12.6890230178833 3.5999999046325684
      vertex -4.04500675201416 12.720864295959473 3.5899996757507324
      vertex -4.225380897521973 12.6890230178833 3.5899996757507324
    endloop
  endfacet
  facet normal -0.17384117457339193 0.9847737029505528 0
    outer loop
      vertex -4.04500675201416 12.720864295959473 4.081296920776367
      vertex -4.225380897521973 12.6890230178833 4.966464042663574
      vertex -4.04500675201416 12.720864295959473 4.918702125549316
    endloop
  endfacet
  facet normal -0.17384117457339193 0.9847737029505528 0
    outer loop
      vertex -4.225380897521973 12.6890230178833 4.966464042663574
      vertex -4.04500675201416 12.720864295959473 4.081296920776367
      vertex -4.225380897521973 12.6890230178833 4.033535003662109
    endloop
  endfacet
  facet normal -0.19720429167993125 0.9803624163252163 0
    outer loop
      vertex -4.584719657897949 12.621183395385742 3.5899996757507324
      vertex -4.763645172119141 12.58519172668457 3.5999999046325684
      vertex -4.584719657897949 12.621183395385742 3.5999999046325684
    endloop
  endfacet
  facet normal -0.19720429167993125 0.9803624163252163 0
    outer loop
      vertex -4.763645172119141 12.58519172668457 3.5999999046325684
      vertex -4.584719657897949 12.621183395385742 3.5899996757507324
      vertex -4.763645172119141 12.58519172668457 3.5899996757507324
    endloop
  endfacet
  facet normal -0.19720429167993123 0.9803624163252161 0
    outer loop
      vertex -4.584719657897949 12.621183395385742 3.9317755699157715
      vertex -4.763645172119141 12.58519172668457 5.122211456298828
      vertex -4.584719657897949 12.621183395385742 5.06822395324707
    endloop
  endfacet
  facet normal -0.19720429167993125 0.9803624163252163 0
    outer loop
      vertex -4.763645172119141 12.58519172668457 5.122211456298828
      vertex -4.584719657897949 12.621183395385742 3.9317755699157715
      vertex -4.763645172119141 12.58519172668457 3.8777880668640137
    endloop
  endfacet
  facet normal 0.18161867101582438 0.9833690346652398 0
    outer loop
      vertex 4.405292510986328 12.655795097351074 3.5899996757507324
      vertex 4.225380897521973 12.6890230178833 3.5999999046325684
      vertex 4.405292510986328 12.655795097351074 3.5999999046325684
    endloop
  endfacet
  facet normal 0.18161867101582438 0.9833690346652398 0
    outer loop
      vertex 4.225380897521973 12.6890230178833 3.5999999046325684
      vertex 4.405292510986328 12.655795097351074 3.5899996757507324
      vertex 4.225380897521973 12.6890230178833 3.5899996757507324
    endloop
  endfacet
  facet normal 0.18161867101582438 0.9833690346652398 0
    outer loop
      vertex 4.405292510986328 12.655795097351074 5.016306400299072
      vertex 4.225380897521973 12.6890230178833 4.033535003662109
      vertex 4.225380897521973 12.6890230178833 4.966464042663574
    endloop
  endfacet
  facet normal 0.1816186710158244 0.98336903466524 0
    outer loop
      vertex 4.225380897521973 12.6890230178833 4.033535003662109
      vertex 4.405292510986328 12.655795097351074 5.016306400299072
      vertex 4.405292510986328 12.655795097351074 3.9836931228637695
    endloop
  endfacet
  facet normal -0.20500361862921612 0.9787612151842384 0
    outer loop
      vertex -4.763645172119141 12.58519172668457 3.5899996757507324
      vertex -4.942048072814941 12.54782485961914 3.5999999046325684
      vertex -4.763645172119141 12.58519172668457 3.5999999046325684
    endloop
  endfacet
  facet normal -0.20500361862921612 0.9787612151842384 0
    outer loop
      vertex -4.942048072814941 12.54782485961914 3.5999999046325684
      vertex -4.763645172119141 12.58519172668457 3.5899996757507324
      vertex -4.942048072814941 12.54782485961914 3.5899996757507324
    endloop
  endfacet
  facet normal -0.20500361862921612 0.9787612151842384 0
    outer loop
      vertex -4.763645172119141 12.58519172668457 3.8777880668640137
      vertex -4.942048072814941 12.54782485961914 5.178261756896973
      vertex -4.763645172119141 12.58519172668457 5.122211456298828
    endloop
  endfacet
  facet normal -0.2050036186292161 0.9787612151842384 0
    outer loop
      vertex -4.942048072814941 12.54782485961914 5.178261756896973
      vertex -4.763645172119141 12.58519172668457 3.8777880668640137
      vertex -4.942048072814941 12.54782485961914 3.821737766265869
    endloop
  endfacet
  facet normal 0 -1 0
    outer loop
      vertex -3.554048538208008 -12.799999237060547 3.5899996757507324
      vertex 3.554048538208008 -12.799999237060547 3.5999999046325684
      vertex -3.554048538208008 -12.799999237060547 3.5999999046325684
    endloop
  endfacet
  facet normal 0 -1 0
    outer loop
      vertex 3.554048538208008 -12.799999237060547 3.5999999046325684
      vertex -3.554048538208008 -12.799999237060547 3.5899996757507324
      vertex 3.554048538208008 -12.799999237060547 3.5899996757507324
    endloop
  endfacet
  facet normal 0 -1 0
    outer loop
      vertex -3.554048538208008 -12.799999237060547 4.1999993324279785
      vertex 3.554048538208008 -12.799999237060547 4.799999713897705
      vertex -3.554048538208008 -12.799999237060547 4.799999713897705
    endloop
  endfacet
  facet normal 0 -1 0
    outer loop
      vertex 3.554048538208008 -12.799999237060547 4.799999713897705
      vertex -3.554048538208008 -12.799999237060547 4.1999993324279785
      vertex 3.554048538208008 -12.799999237060547 4.1999993324279785
    endloop
  endfacet
  facet normal 0 0 -1
    outer loop
      vertex 5.473926544189453 -12.427510261535645 3.5899996757507324
      vertex 5.5 -12.399999618530273 3.5899996757507324
      vertex 5.5 -12.421170234680176 3.5899996757507324
    endloop
  endfacet
  facet normal 0 0 -1
    outer loop
      vertex 5.297207832336426 -12.468979835510254 3.5899996757507324
      vertex 5.5 -12.399999618530273 3.5899996757507324
      vertex 5.473926544189453 -12.427510261535645 3.5899996757507324
    endloop
  endfacet
  facet normal 0 0 -1
    outer loop
      vertex 5.119908332824707 -12.509085655212402 3.5899996757507324
      vertex 5.5 -12.399999618530273 3.5899996757507324
      vertex 5.297207832336426 -12.468979835510254 3.5899996757507324
    endloop
  endfacet
  facet normal 0 0 -1
    outer loop
      vertex 4.942048072814941 -12.54782485961914 3.5899996757507324
      vertex 5.5 -12.399999618530273 3.5899996757507324
      vertex 5.119908332824707 -12.509085655212402 3.5899996757507324
    endloop
  endfacet
  facet normal 0 0 -1
    outer loop
      vertex 4.763645172119141 -12.58519172668457 3.5899996757507324
      vertex 5.5 -12.399999618530273 3.5899996757507324
      vertex 4.942048072814941 -12.54782485961914 3.5899996757507324
    endloop
  endfacet
  facet normal 0 0 -1
    outer loop
      vertex 4.584719657897949 -12.621183395385742 3.5899996757507324
      vertex 5.5 -12.399999618530273 3.5899996757507324
      vertex 4.763645172119141 -12.58519172668457 3.5899996757507324
    endloop
  endfacet
  facet normal 0 0 -1
    outer loop
      vertex 4.405292510986328 -12.655795097351074 3.5899996757507324
      vertex 5.5 -12.399999618530273 3.5899996757507324
      vertex 4.584719657897949 -12.621183395385742 3.5899996757507324
    endloop
  endfacet
  facet normal 0 0 -1
    outer loop
      vertex 4.225380897521973 -12.6890230178833 3.5899996757507324
      vertex 5.5 -12.399999618530273 3.5899996757507324
      vertex 4.405292510986328 -12.655795097351074 3.5899996757507324
    endloop
  endfacet
  facet normal 0 0 -1
    outer loop
      vertex 4.04500675201416 -12.720864295959473 3.5899996757507324
      vertex 5.5 -12.399999618530273 3.5899996757507324
      vertex 4.225380897521973 -12.6890230178833 3.5899996757507324
    endloop
  endfacet
  facet normal 0 0 -1
    outer loop
      vertex 3.8641891479492188 -12.751315116882324 3.5899996757507324
      vertex 5.5 -12.399999618530273 3.5899996757507324
      vertex 4.04500675201416 -12.720864295959473 3.5899996757507324
    endloop
  endfacet
  facet normal 0 0 -1
    outer loop
      vertex 3.6829471588134766 -12.78037166595459 3.5899996757507324
      vertex 5.5 -12.399999618530273 3.5899996757507324
      vertex 3.8641891479492188 -12.751315116882324 3.5899996757507324
    endloop
  endfacet
  facet normal 0 0 -1
    outer loop
      vertex 3.554048538208008 -12.799999237060547 3.5899996757507324
      vertex 5.5 -12.399999618530273 3.5899996757507324
      vertex 3.6829471588134766 -12.78037166595459 3.5899996757507324
    endloop
  endfacet
  facet normal 0 0 -1
    outer loop
      vertex -3.554048538208008 -12.799999237060547 3.5899996757507324
      vertex 5.5 -12.399999618530273 3.5899996757507324
      vertex 3.554048538208008 -12.799999237060547 3.5899996757507324
    endloop
  endfacet
  facet normal 0 0 -1
    outer loop
      vertex -5.5 -12.399999618530273 3.5899996757507324
      vertex -3.554048538208008 -12.799999237060547 3.5899996757507324
      vertex -3.6829471588134766 -12.78037166595459 3.5899996757507324
    endloop
  endfacet
  facet normal 0 0 -1
    outer loop
      vertex -5.5 -12.399999618530273 3.5899996757507324
      vertex -3.6829471588134766 -12.78037166595459 3.5899996757507324
      vertex -3.8641891479492188 -12.751315116882324 3.5899996757507324
    endloop
  endfacet
  facet normal 0 0 -1
    outer loop
      vertex -5.5 -12.399999618530273 3.5899996757507324
      vertex -3.8641891479492188 -12.751315116882324 3.5899996757507324
      vertex -4.04500675201416 -12.720864295959473 3.5899996757507324
    endloop
  endfacet
  facet normal 0 0 -1
    outer loop
      vertex -5.5 -12.399999618530273 3.5899996757507324
      vertex -4.04500675201416 -12.720864295959473 3.5899996757507324
      vertex -4.225380897521973 -12.6890230178833 3.5899996757507324
    endloop
  endfacet
  facet normal 0 0 -1
    outer loop
      vertex -5.5 -12.399999618530273 3.5899996757507324
      vertex -4.225380897521973 -12.6890230178833 3.5899996757507324
      vertex -4.405292510986328 -12.655795097351074 3.5899996757507324
    endloop
  endfacet
  facet normal 0 0 -1
    outer loop
      vertex -5.5 -12.399999618530273 3.5899996757507324
      vertex -4.405292510986328 -12.655795097351074 3.5899996757507324
      vertex -4.584719657897949 -12.621183395385742 3.5899996757507324
    endloop
  endfacet
  facet normal 0 0 -1
    outer loop
      vertex -5.5 -12.399999618530273 3.5899996757507324
      vertex -4.584719657897949 -12.621183395385742 3.5899996757507324
      vertex -4.763645172119141 -12.58519172668457 3.5899996757507324
    endloop
  endfacet
  facet normal 0 0 -1
    outer loop
      vertex -5.5 -12.399999618530273 3.5899996757507324
      vertex -4.763645172119141 -12.58519172668457 3.5899996757507324
      vertex -4.942048072814941 -12.54782485961914 3.5899996757507324
    endloop
  endfacet
  facet normal 0 0 -1
    outer loop
      vertex -5.5 -12.399999618530273 3.5899996757507324
      vertex -4.942048072814941 -12.54782485961914 3.5899996757507324
      vertex -5.119908332824707 -12.509085655212402 3.5899996757507324
    endloop
  endfacet
  facet normal 0 0 -1
    outer loop
      vertex -5.5 -12.399999618530273 3.5899996757507324
      vertex -5.119908332824707 -12.509085655212402 3.5899996757507324
      vertex -5.297207832336426 -12.468979835510254 3.5899996757507324
    endloop
  endfacet
  facet normal 0 0 -1
    outer loop
      vertex -5.5 -12.399999618530273 3.5899996757507324
      vertex -5.297207832336426 -12.468979835510254 3.5899996757507324
      vertex -5.473926544189453 -12.427510261535645 3.5899996757507324
    endloop
  endfacet
  facet normal 0 0 -1
    outer loop
      vertex -5.5 -12.399999618530273 3.5899996757507324
      vertex -5.473926544189453 -12.427510261535645 3.5899996757507324
      vertex -5.5 -12.421170234680176 3.5899996757507324
    endloop
  endfacet
  facet normal 0 0 -1
    outer loop
      vertex -3.554048538208008 -12.799999237060547 3.5899996757507324
      vertex -5.5 -12.399999618530273 3.5899996757507324
      vertex 5.5 -12.399999618530273 3.5899996757507324
    endloop
  endfacet
  facet normal 0 1 0
    outer loop
      vertex 5.5 -12.399999618530273 3.5999999046325684
      vertex -5.5 -12.399999618530273 5.400000095367432
      vertex 5.5 -12.399999618530273 5.400000095367432
    endloop
  endfacet
  facet normal 0 1 0
    outer loop
      vertex -5.5 -12.399999618530273 5.400000095367432
      vertex 5.5 -12.399999618530273 3.5999999046325684
      vertex -5.5 -12.399999618530273 3.5999999046325684
    endloop
  endfacet
  facet normal 0 1 0
    outer loop
      vertex 5.5 -12.399999618530273 3.5899996757507324
      vertex -5.5 -12.399999618530273 3.5999999046325684
      vertex 5.5 -12.399999618530273 3.5999999046325684
    endloop
  endfacet
  facet normal 0 1 0
    outer loop
      vertex -5.5 -12.399999618530273 3.5999999046325684
      vertex 5.5 -12.399999618530273 3.5899996757507324
      vertex -5.5 -12.399999618530273 3.5899996757507324
    endloop
  endfacet
  facet normal 1 0 0
    outer loop
      vertex 5.5 -12.421170234680176 5.368244647979736
      vertex 5.5 -12.399999618530273 3.5999999046325684
      vertex 5.5 -12.399999618530273 5.400000095367432
    endloop
  endfacet
  facet normal 1 0 0
    outer loop
      vertex 5.5 -12.399999618530273 3.5999999046325684
      vertex 5.5 -12.421170234680176 5.368244647979736
      vertex 5.5 -12.421170234680176 3.6317553520202637
    endloop
  endfacet
  facet normal 1 0 0
    outer loop
      vertex 5.5 -12.421170234680176 3.5999999046325684
      vertex 5.5 -12.399999618530273 3.5899996757507324
      vertex 5.5 -12.399999618530273 3.5999999046325684
    endloop
  endfacet
  facet normal 1 0 0
    outer loop
      vertex 5.5 -12.399999618530273 3.5899996757507324
      vertex 5.5 -12.421170234680176 3.5999999046325684
      vertex 5.5 -12.421170234680176 3.5899996757507324
    endloop
  endfacet
  facet normal -1 0 0
    outer loop
      vertex -5.5 -12.421170234680176 3.6317553520202637
      vertex -5.5 -12.399999618530273 5.400000095367432
      vertex -5.5 -12.399999618530273 3.5999999046325684
    endloop
  endfacet
  facet normal -1 0 0
    outer loop
      vertex -5.5 -12.399999618530273 5.400000095367432
      vertex -5.5 -12.421170234680176 3.6317553520202637
      vertex -5.5 -12.421170234680176 5.368244647979736
    endloop
  endfacet
  facet normal -1 0 0
    outer loop
      vertex -5.5 -12.421170234680176 3.5899996757507324
      vertex -5.5 -12.399999618530273 3.5999999046325684
      vertex -5.5 -12.399999618530273 3.5899996757507324
    endloop
  endfacet
  facet normal -1 0 0
    outer loop
      vertex -5.5 -12.399999618530273 3.5999999046325684
      vertex -5.5 -12.421170234680176 3.5899996757507324
      vertex -5.5 -12.421170234680176 3.5999999046325684
    endloop
  endfacet
  facet normal 0.000013182615090954419 -0.8320464499562332 0.5547059625977062
    outer loop
      vertex -5.473926544189453 -12.427510261535645 5.358734130859375
      vertex -5.5 -12.399999618530273 5.400000095367432
      vertex -5.5 -12.421170234680176 5.368244647979736
    endloop
  endfacet
  facet normal 0.0000019248335155446196 -0.8320497330195595 0.5547010381983927
    outer loop
      vertex -5.297207832336426 -12.468979835510254 5.296529293060303
      vertex -5.5 -12.399999618530273 5.400000095367432
      vertex -5.473926544189453 -12.427510261535645 5.358734130859375
    endloop
  endfacet
  facet normal -0.000002589193172353206 -0.832053816252215 0.5546949133112917
    outer loop
      vertex -5.119908332824707 -12.509085655212402 5.23637056350708
      vertex -5.5 -12.399999618530273 5.400000095367432
      vertex -5.297207832336426 -12.468979835510254 5.296529293060303
    endloop
  endfacet
  facet normal -0.000013182615090954419 -0.8320464499562332 0.5547059625977062
    outer loop
      vertex 5.5 -12.399999618530273 5.400000095367432
      vertex 5.473926544189453 -12.427510261535645 5.358734130859375
      vertex 5.5 -12.421170234680176 5.368244647979736
    endloop
  endfacet
  facet normal -0.000002190535746432062 -0.8320533888565472 0.5546955544147952
    outer loop
      vertex -4.942048072814941 -12.54782485961914 5.178261756896973
      vertex -5.5 -12.399999618530273 5.400000095367432
      vertex -5.119908332824707 -12.509085655212402 5.23637056350708
    endloop
  endfacet
  facet normal -0.0000019248335155446196 -0.8320497330195595 0.5547010381983927
    outer loop
      vertex 5.5 -12.399999618530273 5.400000095367432
      vertex 5.297207832336426 -12.468979835510254 5.296529293060303
      vertex 5.473926544189453 -12.427510261535645 5.358734130859375
    endloop
  endfacet
  facet normal -0.0000017893479368798112 -0.8320529229402233 0.554696253298532
    outer loop
      vertex -4.763645172119141 -12.58519172668457 5.122211456298828
      vertex -5.5 -12.399999618530273 5.400000095367432
      vertex -4.942048072814941 -12.54782485961914 5.178261756896973
    endloop
  endfacet
  facet normal 0.000002589193172353206 -0.832053816252215 0.5546949133112917
    outer loop
      vertex 5.5 -12.399999618530273 5.400000095367432
      vertex 5.119908332824707 -12.509085655212402 5.23637056350708
      vertex 5.297207832336426 -12.468979835510254 5.296529293060303
    endloop
  endfacet
  facet normal -0.0000014352277350521041 -0.8320524897005893 0.5546969031651346
    outer loop
      vertex -4.584719657897949 -12.621183395385742 5.06822395324707
      vertex -5.5 -12.399999618530273 5.400000095367432
      vertex -4.763645172119141 -12.58519172668457 5.122211456298828
    endloop
  endfacet
  facet normal 0.000002190535746432062 -0.8320533888565472 0.5546955544147952
    outer loop
      vertex 5.5 -12.399999618530273 5.400000095367432
      vertex 4.942048072814941 -12.54782485961914 5.178261756896973
      vertex 5.119908332824707 -12.509085655212402 5.23637056350708
    endloop
  endfacet
  facet normal -0.0000011433557218905179 -0.8320521180739826 0.5546974606100987
    outer loop
      vertex -4.405292510986328 -12.655795097351074 5.016306400299072
      vertex -5.5 -12.399999618530273 5.400000095367432
      vertex -4.584719657897949 -12.621183395385742 5.06822395324707
    endloop
  endfacet
  facet normal 0.0000017893479368798112 -0.8320529229402233 0.554696253298532
    outer loop
      vertex 5.5 -12.399999618530273 5.400000095367432
      vertex 4.763645172119141 -12.58519172668457 5.122211456298828
      vertex 4.942048072814941 -12.54782485961914 5.178261756896973
    endloop
  endfacet
  facet normal 0.0000061032971081396696 -0.8320425755537749 0.5547117741932204
    outer loop
      vertex -4.225380897521973 -12.6890230178833 4.966464042663574
      vertex -5.5 -12.399999618530273 5.400000095367432
      vertex -4.405292510986328 -12.655795097351074 5.016306400299072
    endloop
  endfacet
  facet normal 0.0000014352277350521041 -0.8320524897005893 0.5546969031651346
    outer loop
      vertex 5.5 -12.399999618530273 5.400000095367432
      vertex 4.584719657897949 -12.621183395385742 5.06822395324707
      vertex 4.763645172119141 -12.58519172668457 5.122211456298828
    endloop
  endfacet
  facet normal -0.0000014587554281479585 -0.8320528369567678 0.5546963822759855
    outer loop
      vertex -4.04500675201416 -12.720864295959473 4.918702125549316
      vertex -5.5 -12.399999618530273 5.400000095367432
      vertex -4.225380897521973 -12.6890230178833 4.966464042663574
    endloop
  endfacet
  facet normal 0.0000011433557218905179 -0.8320521180739826 0.5546974606100987
    outer loop
      vertex 5.5 -12.399999618530273 5.400000095367432
      vertex 4.405292510986328 -12.655795097351074 5.016306400299072
      vertex 4.584719657897949 -12.621183395385742 5.06822395324707
    endloop
  endfacet
  facet normal -0.0000011747525010650063 -0.8320524407016973 0.554696976664709
    outer loop
      vertex -3.8641891479492188 -12.751315116882324 4.873025894165039
      vertex -5.5 -12.399999618530273 5.400000095367432
      vertex -4.04500675201416 -12.720864295959473 4.918702125549316
    endloop
  endfacet
  facet normal -0.0000061032971081396696 -0.8320425755537749 0.5547117741932204
    outer loop
      vertex 5.5 -12.399999618530273 5.400000095367432
      vertex 4.225380897521973 -12.6890230178833 4.966464042663574
      vertex 4.405292510986328 -12.655795097351074 5.016306400299072
    endloop
  endfacet
  facet normal -9.522264076757211e-7 -0.8320521218929617 0.5546974548819502
    outer loop
      vertex -3.6829471588134766 -12.78037166595459 4.829441070556641
      vertex -5.5 -12.399999618530273 5.400000095367432
      vertex -3.8641891479492188 -12.751315116882324 4.873025894165039
    endloop
  endfacet
  facet normal 0.0000014587554281479585 -0.8320528369567678 0.5546963822759855
    outer loop
      vertex 5.5 -12.399999618530273 5.400000095367432
      vertex 4.04500675201416 -12.720864295959473 4.918702125549316
      vertex 4.225380897521973 -12.6890230178833 4.966464042663574
    endloop
  endfacet
  facet normal -7.768746706548543e-7 -0.8320518641522852 0.5546978414958035
    outer loop
      vertex -3.554048538208008 -12.799999237060547 4.799999713897705
      vertex -5.5 -12.399999618530273 5.400000095367432
      vertex -3.6829471588134766 -12.78037166595459 4.829441070556641
    endloop
  endfacet
  facet normal 0.0000011747525010650063 -0.8320524407016973 0.554696976664709
    outer loop
      vertex 5.5 -12.399999618530273 5.400000095367432
      vertex 3.8641891479492188 -12.751315116882324 4.873025894165039
      vertex 4.04500675201416 -12.720864295959473 4.918702125549316
    endloop
  endfacet
  facet normal 0 -0.8320507012631989 0.5546995858367112
    outer loop
      vertex -5.5 -12.399999618530273 5.400000095367432
      vertex -3.554048538208008 -12.799999237060547 4.799999713897705
      vertex 5.5 -12.399999618530273 5.400000095367432
    endloop
  endfacet
  facet normal 9.522264076757211e-7 -0.8320521218929617 0.5546974548819502
    outer loop
      vertex 5.5 -12.399999618530273 5.400000095367432
      vertex 3.6829471588134766 -12.78037166595459 4.829441070556641
      vertex 3.8641891479492188 -12.751315116882324 4.873025894165039
    endloop
  endfacet
  facet normal 0 -0.8320507012631989 0.5546995858367112
    outer loop
      vertex 3.554048538208008 -12.799999237060547 4.799999713897705
      vertex 5.5 -12.399999618530273 5.400000095367432
      vertex -3.554048538208008 -12.799999237060547 4.799999713897705
    endloop
  endfacet
  facet normal 7.768746706548543e-7 -0.8320518641522852 0.5546978414958035
    outer loop
      vertex 5.5 -12.399999618530273 5.400000095367432
      vertex 3.554048538208008 -12.799999237060547 4.799999713897705
      vertex 3.6829471588134766 -12.78037166595459 4.829441070556641
    endloop
  endfacet
  facet normal 0 -0.8320502943378437 -0.5547001962252291
    outer loop
      vertex -5.5 -12.399999618530273 3.5999999046325684
      vertex -3.554048538208008 -12.799999237060547 4.1999993324279785
      vertex -3.6829471588134766 -12.78037166595459 4.170557975769043
    endloop
  endfacet
  facet normal 0 -0.8320502943378436 -0.554700196225229
    outer loop
      vertex -3.554048538208008 -12.799999237060547 4.1999993324279785
      vertex -5.5 -12.399999618530273 3.5999999046325684
      vertex 3.554048538208008 -12.799999237060547 4.1999993324279785
    endloop
  endfacet
  facet normal 0 -0.8320502943378437 -0.5547001962252291
    outer loop
      vertex -5.5 -12.399999618530273 3.5999999046325684
      vertex -3.6829471588134766 -12.78037166595459 4.170557975769043
      vertex -3.8641891479492188 -12.751315116882324 4.1269731521606445
    endloop
  endfacet
  facet normal 0 -0.8320502943378436 -0.5547001962252291
    outer loop
      vertex 5.5 -12.399999618530273 3.5999999046325684
      vertex 3.554048538208008 -12.799999237060547 4.1999993324279785
      vertex -5.5 -12.399999618530273 3.5999999046325684
    endloop
  endfacet
  facet normal 0 -0.8320502943378437 -0.5547001962252291
    outer loop
      vertex -5.5 -12.399999618530273 3.5999999046325684
      vertex -3.8641891479492188 -12.751315116882324 4.1269731521606445
      vertex -4.04500675201416 -12.720864295959473 4.081296920776367
    endloop
  endfacet
  facet normal 0 -0.8320502943378437 -0.5547001962252291
    outer loop
      vertex 3.554048538208008 -12.799999237060547 4.1999993324279785
      vertex 5.5 -12.399999618530273 3.5999999046325684
      vertex 3.6829471588134766 -12.78037166595459 4.170557975769043
    endloop
  endfacet
  facet normal 0 -0.8320502943378436 -0.5547001962252291
    outer loop
      vertex -5.5 -12.399999618530273 3.5999999046325684
      vertex -4.04500675201416 -12.720864295959473 4.081296920776367
      vertex -4.225380897521973 -12.6890230178833 4.033535003662109
    endloop
  endfacet
  facet normal 0 -0.8320502943378437 -0.5547001962252291
    outer loop
      vertex 3.6829471588134766 -12.78037166595459 4.170557975769043
      vertex 5.5 -12.399999618530273 3.5999999046325684
      vertex 3.8641891479492188 -12.751315116882324 4.1269731521606445
    endloop
  endfacet
  facet normal 0 -0.8320502943378437 -0.5547001962252291
    outer loop
      vertex -5.5 -12.399999618530273 3.5999999046325684
      vertex -4.225380897521973 -12.6890230178833 4.033535003662109
      vertex -4.405292510986328 -12.655795097351074 3.9836931228637695
    endloop
  endfacet
  facet normal 0 -0.8320502943378437 -0.5547001962252291
    outer loop
      vertex 3.8641891479492188 -12.751315116882324 4.1269731521606445
      vertex 5.5 -12.399999618530273 3.5999999046325684
      vertex 4.04500675201416 -12.720864295959473 4.081296920776367
    endloop
  endfacet
  facet normal 0 -0.8320502943378437 -0.5547001962252291
    outer loop
      vertex -5.5 -12.399999618530273 3.5999999046325684
      vertex -4.405292510986328 -12.655795097351074 3.9836931228637695
      vertex -4.584719657897949 -12.621183395385742 3.9317755699157715
    endloop
  endfacet
  facet normal 0 -0.8320502943378436 -0.5547001962252291
    outer loop
      vertex 4.04500675201416 -12.720864295959473 4.081296920776367
      vertex 5.5 -12.399999618530273 3.5999999046325684
      vertex 4.225380897521973 -12.6890230178833 4.033535003662109
    endloop
  endfacet
  facet normal 0 -0.8320502943378437 -0.5547001962252291
    outer loop
      vertex -5.5 -12.399999618530273 3.5999999046325684
      vertex -4.584719657897949 -12.621183395385742 3.9317755699157715
      vertex -4.763645172119141 -12.58519172668457 3.8777880668640137
    endloop
  endfacet
  facet normal 0 -0.8320502943378437 -0.5547001962252291
    outer loop
      vertex 4.225380897521973 -12.6890230178833 4.033535003662109
      vertex 5.5 -12.399999618530273 3.5999999046325684
      vertex 4.405292510986328 -12.655795097351074 3.9836931228637695
    endloop
  endfacet
  facet normal 0 -0.8320502943378436 -0.554700196225229
    outer loop
      vertex -5.5 -12.399999618530273 3.5999999046325684
      vertex -4.763645172119141 -12.58519172668457 3.8777880668640137
      vertex -4.942048072814941 -12.54782485961914 3.821737766265869
    endloop
  endfacet
  facet normal 0 -0.8320502943378437 -0.5547001962252291
    outer loop
      vertex 4.405292510986328 -12.655795097351074 3.9836931228637695
      vertex 5.5 -12.399999618530273 3.5999999046325684
      vertex 4.584719657897949 -12.621183395385742 3.9317755699157715
    endloop
  endfacet
  facet normal 0 -0.8320502943378436 -0.554700196225229
    outer loop
      vertex -5.5 -12.399999618530273 3.5999999046325684
      vertex -4.942048072814941 -12.54782485961914 3.821737766265869
      vertex -5.119908332824707 -12.509085655212402 3.7636289596557617
    endloop
  endfacet
  facet normal 0 -0.8320502943378437 -0.5547001962252291
    outer loop
      vertex 4.584719657897949 -12.621183395385742 3.9317755699157715
      vertex 5.5 -12.399999618530273 3.5999999046325684
      vertex 4.763645172119141 -12.58519172668457 3.8777880668640137
    endloop
  endfacet
  facet normal 0 -0.8320502943378437 -0.5547001962252291
    outer loop
      vertex -5.5 -12.399999618530273 3.5999999046325684
      vertex -5.119908332824707 -12.509085655212402 3.7636289596557617
      vertex -5.297207832336426 -12.468979835510254 3.703470230102539
    endloop
  endfacet
  facet normal 0 -0.8320502943378436 -0.554700196225229
    outer loop
      vertex 4.763645172119141 -12.58519172668457 3.8777880668640137
      vertex 5.5 -12.399999618530273 3.5999999046325684
      vertex 4.942048072814941 -12.54782485961914 3.821737766265869
    endloop
  endfacet
  facet normal 0 -0.8320502943378436 -0.554700196225229
    outer loop
      vertex -5.5 -12.399999618530273 3.5999999046325684
      vertex -5.297207832336426 -12.468979835510254 3.703470230102539
      vertex -5.473926544189453 -12.427510261535645 3.641265869140625
    endloop
  endfacet
  facet normal 0 -0.8320502943378436 -0.554700196225229
    outer loop
      vertex 4.942048072814941 -12.54782485961914 3.821737766265869
      vertex 5.5 -12.399999618530273 3.5999999046325684
      vertex 5.119908332824707 -12.509085655212402 3.7636289596557617
    endloop
  endfacet
  facet normal 0.000013182615090954419 -0.8320464499562332 -0.5547059625977062
    outer loop
      vertex -5.5 -12.399999618530273 3.5999999046325684
      vertex -5.473926544189453 -12.427510261535645 3.641265869140625
      vertex -5.5 -12.421170234680176 3.6317553520202637
    endloop
  endfacet
  facet normal 0 -0.8320502943378437 -0.5547001962252291
    outer loop
      vertex 5.119908332824707 -12.509085655212402 3.7636289596557617
      vertex 5.5 -12.399999618530273 3.5999999046325684
      vertex 5.297207832336426 -12.468979835510254 3.703470230102539
    endloop
  endfacet
  facet normal 0 -0.8320502943378436 -0.554700196225229
    outer loop
      vertex 5.297207832336426 -12.468979835510254 3.703470230102539
      vertex 5.5 -12.399999618530273 3.5999999046325684
      vertex 5.473926544189453 -12.427510261535645 3.641265869140625
    endloop
  endfacet
  facet normal -0.000013182615090954419 -0.8320464499562332 -0.5547059625977062
    outer loop
      vertex 5.473926544189453 -12.427510261535645 3.641265869140625
      vertex 5.5 -12.399999618530273 3.5999999046325684
      vertex 5.5 -12.421170234680176 3.6317553520202637
    endloop
  endfacet
  facet normal 0 0 1
    outer loop
      vertex 5.5 -12.399999618530273 3.5999999046325684
      vertex 5.473926544189453 -12.427510261535645 3.5999999046325684
      vertex 5.5 -12.421170234680176 3.5999999046325684
    endloop
  endfacet
  facet normal 0 0 1
    outer loop
      vertex 5.5 -12.399999618530273 3.5999999046325684
      vertex 5.297207832336426 -12.468979835510254 3.5999999046325684
      vertex 5.473926544189453 -12.427510261535645 3.5999999046325684
    endloop
  endfacet
  facet normal 0 0 1
    outer loop
      vertex 5.5 -12.399999618530273 3.5999999046325684
      vertex 5.119908332824707 -12.509085655212402 3.5999999046325684
      vertex 5.297207832336426 -12.468979835510254 3.5999999046325684
    endloop
  endfacet
  facet normal 0 0 1
    outer loop
      vertex 5.5 -12.399999618530273 3.5999999046325684
      vertex 4.942048072814941 -12.54782485961914 3.5999999046325684
      vertex 5.119908332824707 -12.509085655212402 3.5999999046325684
    endloop
  endfacet
  facet normal 0 0 1
    outer loop
      vertex 5.5 -12.399999618530273 3.5999999046325684
      vertex 4.763645172119141 -12.58519172668457 3.5999999046325684
      vertex 4.942048072814941 -12.54782485961914 3.5999999046325684
    endloop
  endfacet
  facet normal 0 0 1
    outer loop
      vertex 5.5 -12.399999618530273 3.5999999046325684
      vertex 4.584719657897949 -12.621183395385742 3.5999999046325684
      vertex 4.763645172119141 -12.58519172668457 3.5999999046325684
    endloop
  endfacet
  facet normal 0 0 1
    outer loop
      vertex 5.5 -12.399999618530273 3.5999999046325684
      vertex 4.405292510986328 -12.655795097351074 3.5999999046325684
      vertex 4.584719657897949 -12.621183395385742 3.5999999046325684
    endloop
  endfacet
  facet normal 0 0 1
    outer loop
      vertex 5.5 -12.399999618530273 3.5999999046325684
      vertex 4.225380897521973 -12.6890230178833 3.5999999046325684
      vertex 4.405292510986328 -12.655795097351074 3.5999999046325684
    endloop
  endfacet
  facet normal 0 0 1
    outer loop
      vertex 5.5 -12.399999618530273 3.5999999046325684
      vertex 4.04500675201416 -12.720864295959473 3.5999999046325684
      vertex 4.225380897521973 -12.6890230178833 3.5999999046325684
    endloop
  endfacet
  facet normal 0 0 1
    outer loop
      vertex 5.5 -12.399999618530273 3.5999999046325684
      vertex 3.8641891479492188 -12.751315116882324 3.5999999046325684
      vertex 4.04500675201416 -12.720864295959473 3.5999999046325684
    endloop
  endfacet
  facet normal 0 0 1
    outer loop
      vertex 5.5 -12.399999618530273 3.5999999046325684
      vertex 3.6829471588134766 -12.78037166595459 3.5999999046325684
      vertex 3.8641891479492188 -12.751315116882324 3.5999999046325684
    endloop
  endfacet
  facet normal 0 0 1
    outer loop
      vertex 5.5 -12.399999618530273 3.5999999046325684
      vertex 3.554048538208008 -12.799999237060547 3.5999999046325684
      vertex 3.6829471588134766 -12.78037166595459 3.5999999046325684
    endloop
  endfacet
  facet normal 0 0 1
    outer loop
      vertex 5.5 -12.399999618530273 3.5999999046325684
      vertex -3.554048538208008 -12.799999237060547 3.5999999046325684
      vertex 3.554048538208008 -12.799999237060547 3.5999999046325684
    endloop
  endfacet
  facet normal 0 0 1
    outer loop
      vertex -5.5 -12.399999618530273 3.5999999046325684
      vertex -3.554048538208008 -12.799999237060547 3.5999999046325684
      vertex 5.5 -12.399999618530273 3.5999999046325684
    endloop
  endfacet
  facet normal 0 0 1
    outer loop
      vertex -3.554048538208008 -12.799999237060547 3.5999999046325684
      vertex -5.5 -12.399999618530273 3.5999999046325684
      vertex -3.6829471588134766 -12.78037166595459 3.5999999046325684
    endloop
  endfacet
  facet normal 0 0 1
    outer loop
      vertex -3.6829471588134766 -12.78037166595459 3.5999999046325684
      vertex -5.5 -12.399999618530273 3.5999999046325684
      vertex -3.8641891479492188 -12.751315116882324 3.5999999046325684
    endloop
  endfacet
  facet normal 0 0 1
    outer loop
      vertex -3.8641891479492188 -12.751315116882324 3.5999999046325684
      vertex -5.5 -12.399999618530273 3.5999999046325684
      vertex -4.04500675201416 -12.720864295959473 3.5999999046325684
    endloop
  endfacet
  facet normal 0 0 1
    outer loop
      vertex -4.04500675201416 -12.720864295959473 3.5999999046325684
      vertex -5.5 -12.399999618530273 3.5999999046325684
      vertex -4.225380897521973 -12.6890230178833 3.5999999046325684
    endloop
  endfacet
  facet normal 0 0 1
    outer loop
      vertex -4.225380897521973 -12.6890230178833 3.5999999046325684
      vertex -5.5 -12.399999618530273 3.5999999046325684
      vertex -4.405292510986328 -12.655795097351074 3.5999999046325684
    endloop
  endfacet
  facet normal 0 0 1
    outer loop
      vertex -4.405292510986328 -12.655795097351074 3.5999999046325684
      vertex -5.5 -12.399999618530273 3.5999999046325684
      vertex -4.584719657897949 -12.621183395385742 3.5999999046325684
    endloop
  endfacet
  facet normal 0 0 1
    outer loop
      vertex -4.584719657897949 -12.621183395385742 3.5999999046325684
      vertex -5.5 -12.399999618530273 3.5999999046325684
      vertex -4.763645172119141 -12.58519172668457 3.5999999046325684
    endloop
  endfacet
  facet normal 0 0 1
    outer loop
      vertex -4.763645172119141 -12.58519172668457 3.5999999046325684
      vertex -5.5 -12.399999618530273 3.5999999046325684
      vertex -4.942048072814941 -12.54782485961914 3.5999999046325684
    endloop
  endfacet
  facet normal 0 0 1
    outer loop
      vertex -4.942048072814941 -12.54782485961914 3.5999999046325684
      vertex -5.5 -12.399999618530273 3.5999999046325684
      vertex -5.119908332824707 -12.509085655212402 3.5999999046325684
    endloop
  endfacet
  facet normal 0 0 1
    outer loop
      vertex -5.119908332824707 -12.509085655212402 3.5999999046325684
      vertex -5.5 -12.399999618530273 3.5999999046325684
      vertex -5.297207832336426 -12.468979835510254 3.5999999046325684
    endloop
  endfacet
  facet normal 0 0 1
    outer loop
      vertex -5.297207832336426 -12.468979835510254 3.5999999046325684
      vertex -5.5 -12.399999618530273 3.5999999046325684
      vertex -5.473926544189453 -12.427510261535645 3.5999999046325684
    endloop
  endfacet
  facet normal 0 0 1
    outer loop
      vertex -5.473926544189453 -12.427510261535645 3.5999999046325684
      vertex -5.5 -12.399999618530273 3.5999999046325684
      vertex -5.5 -12.421170234680176 3.5999999046325684
    endloop
  endfacet
  facet normal -0.19720429167993125 -0.9803624163252163 0
    outer loop
      vertex -4.763645172119141 -12.58519172668457 3.5899996757507324
      vertex -4.584719657897949 -12.621183395385742 3.5999999046325684
      vertex -4.763645172119141 -12.58519172668457 3.5999999046325684
    endloop
  endfacet
  facet normal -0.19720429167993125 -0.9803624163252163 0
    outer loop
      vertex -4.584719657897949 -12.621183395385742 3.5999999046325684
      vertex -4.763645172119141 -12.58519172668457 3.5899996757507324
      vertex -4.584719657897949 -12.621183395385742 3.5899996757507324
    endloop
  endfacet
  facet normal -0.19720429167993123 -0.9803624163252161 0
    outer loop
      vertex -4.763645172119141 -12.58519172668457 5.122211456298828
      vertex -4.584719657897949 -12.621183395385742 3.9317755699157715
      vertex -4.584719657897949 -12.621183395385742 5.06822395324707
    endloop
  endfacet
  facet normal -0.19720429167993125 -0.9803624163252163 0
    outer loop
      vertex -4.584719657897949 -12.621183395385742 3.9317755699157715
      vertex -4.763645172119141 -12.58519172668457 5.122211456298828
      vertex -4.763645172119141 -12.58519172668457 3.8777880668640137
    endloop
  endfacet
  facet normal 0.18940929086441305 -0.9818982231037188 0
    outer loop
      vertex 4.405292510986328 -12.655795097351074 3.5899996757507324
      vertex 4.584719657897949 -12.621183395385742 3.5999999046325684
      vertex 4.405292510986328 -12.655795097351074 3.5999999046325684
    endloop
  endfacet
  facet normal 0.18940929086441305 -0.9818982231037188 0
    outer loop
      vertex 4.584719657897949 -12.621183395385742 3.5999999046325684
      vertex 4.405292510986328 -12.655795097351074 3.5899996757507324
      vertex 4.584719657897949 -12.621183395385742 3.5899996757507324
    endloop
  endfacet
  facet normal 0.18940929086441302 -0.9818982231037187 0
    outer loop
      vertex 4.405292510986328 -12.655795097351074 3.9836931228637695
      vertex 4.584719657897949 -12.621183395385742 5.06822395324707
      vertex 4.405292510986328 -12.655795097351074 5.016306400299072
    endloop
  endfacet
  facet normal 0.18940929086441302 -0.9818982231037187 0
    outer loop
      vertex 4.584719657897949 -12.621183395385742 5.06822395324707
      vertex 4.405292510986328 -12.655795097351074 3.9836931228637695
      vertex 4.584719657897949 -12.621183395385742 3.9317755699157715
    endloop
  endfacet
  facet normal 0.1582976868056369 -0.9873914331975868 0
    outer loop
      vertex 3.6829471588134766 -12.78037166595459 3.5899996757507324
      vertex 3.8641891479492188 -12.751315116882324 3.5999999046325684
      vertex 3.6829471588134766 -12.78037166595459 3.5999999046325684
    endloop
  endfacet
  facet normal 0.1582976868056369 -0.9873914331975868 0
    outer loop
      vertex 3.8641891479492188 -12.751315116882324 3.5999999046325684
      vertex 3.6829471588134766 -12.78037166595459 3.5899996757507324
      vertex 3.8641891479492188 -12.751315116882324 3.5899996757507324
    endloop
  endfacet
  facet normal 0.1582976868056369 -0.9873914331975868 0
    outer loop
      vertex 3.6829471588134766 -12.78037166595459 4.170557975769043
      vertex 3.8641891479492188 -12.751315116882324 4.873025894165039
      vertex 3.6829471588134766 -12.78037166595459 4.829441070556641
    endloop
  endfacet
  facet normal 0.1582976868056369 -0.9873914331975867 0
    outer loop
      vertex 3.8641891479492188 -12.751315116882324 4.873025894165039
      vertex 3.6829471588134766 -12.78037166595459 4.170557975769043
      vertex 3.8641891479492188 -12.751315116882324 4.1269731521606445
    endloop
  endfacet
  facet normal -0.16606785044307681 -0.9861143285893457 0
    outer loop
      vertex -4.04500675201416 -12.720864295959473 3.5899996757507324
      vertex -3.8641891479492188 -12.751315116882324 3.5999999046325684
      vertex -4.04500675201416 -12.720864295959473 3.5999999046325684
    endloop
  endfacet
  facet normal -0.16606785044307681 -0.9861143285893457 0
    outer loop
      vertex -3.8641891479492188 -12.751315116882324 3.5999999046325684
      vertex -4.04500675201416 -12.720864295959473 3.5899996757507324
      vertex -3.8641891479492188 -12.751315116882324 3.5899996757507324
    endloop
  endfacet
  facet normal -0.16606785044307681 -0.9861143285893456 0
    outer loop
      vertex -4.04500675201416 -12.720864295959473 4.918702125549316
      vertex -3.8641891479492188 -12.751315116882324 4.1269731521606445
      vertex -3.8641891479492188 -12.751315116882324 4.873025894165039
    endloop
  endfacet
  facet normal -0.16606785044307681 -0.9861143285893457 0
    outer loop
      vertex -3.8641891479492188 -12.751315116882324 4.1269731521606445
      vertex -4.04500675201416 -12.720864295959473 4.918702125549316
      vertex -4.04500675201416 -12.720864295959473 4.081296920776367
    endloop
  endfacet
  facet normal 0.21281744387255314 -0.9770919790805535 0
    outer loop
      vertex 4.942048072814941 -12.54782485961914 3.5899996757507324
      vertex 5.119908332824707 -12.509085655212402 3.5999999046325684
      vertex 4.942048072814941 -12.54782485961914 3.5999999046325684
    endloop
  endfacet
  facet normal 0.21281744387255314 -0.9770919790805535 0
    outer loop
      vertex 5.119908332824707 -12.509085655212402 3.5999999046325684
      vertex 4.942048072814941 -12.54782485961914 3.5899996757507324
      vertex 5.119908332824707 -12.509085655212402 3.5899996757507324
    endloop
  endfacet
  facet normal 0.21281744387255314 -0.9770919790805535 0
    outer loop
      vertex 4.942048072814941 -12.54782485961914 3.821737766265869
      vertex 5.119908332824707 -12.509085655212402 5.23637056350708
      vertex 4.942048072814941 -12.54782485961914 5.178261756896973
    endloop
  endfacet
  facet normal 0.21281744387255316 -0.9770919790805535 0
    outer loop
      vertex 5.119908332824707 -12.509085655212402 5.23637056350708
      vertex 4.942048072814941 -12.54782485961914 3.821737766265869
      vertex 5.119908332824707 -12.509085655212402 3.7636289596557617
    endloop
  endfacet
  facet normal 0.2206296059101169 -0.9753576661901758 0
    outer loop
      vertex 5.119908332824707 -12.509085655212402 3.5899996757507324
      vertex 5.297207832336426 -12.468979835510254 3.5999999046325684
      vertex 5.119908332824707 -12.509085655212402 3.5999999046325684
    endloop
  endfacet
  facet normal 0.2206296059101169 -0.9753576661901758 0
    outer loop
      vertex 5.297207832336426 -12.468979835510254 3.5999999046325684
      vertex 5.119908332824707 -12.509085655212402 3.5899996757507324
      vertex 5.297207832336426 -12.468979835510254 3.5899996757507324
    endloop
  endfacet
  facet normal 0.2206296059101169 -0.9753576661901758 0
    outer loop
      vertex 5.119908332824707 -12.509085655212402 3.7636289596557617
      vertex 5.297207832336426 -12.468979835510254 5.296529293060303
      vertex 5.119908332824707 -12.509085655212402 5.23637056350708
    endloop
  endfacet
  facet normal 0.2206296059101169 -0.9753576661901758 0
    outer loop
      vertex 5.297207832336426 -12.468979835510254 5.296529293060303
      vertex 5.119908332824707 -12.509085655212402 3.7636289596557617
      vertex 5.297207832336426 -12.468979835510254 3.703470230102539
    endloop
  endfacet
  facet normal -0.1582976868056369 -0.9873914331975868 0
    outer loop
      vertex -3.8641891479492188 -12.751315116882324 3.5899996757507324
      vertex -3.6829471588134766 -12.78037166595459 3.5999999046325684
      vertex -3.8641891479492188 -12.751315116882324 3.5999999046325684
    endloop
  endfacet
  facet normal -0.1582976868056369 -0.9873914331975868 0
    outer loop
      vertex -3.6829471588134766 -12.78037166595459 3.5999999046325684
      vertex -3.8641891479492188 -12.751315116882324 3.5899996757507324
      vertex -3.6829471588134766 -12.78037166595459 3.5899996757507324
    endloop
  endfacet
  facet normal -0.1582976868056369 -0.9873914331975868 0
    outer loop
      vertex -3.8641891479492188 -12.751315116882324 4.873025894165039
      vertex -3.6829471588134766 -12.78037166595459 4.170557975769043
      vertex -3.6829471588134766 -12.78037166595459 4.829441070556641
    endloop
  endfacet
  facet normal -0.1582976868056369 -0.9873914331975867 0
    outer loop
      vertex -3.6829471588134766 -12.78037166595459 4.170557975769043
      vertex -3.8641891479492188 -12.751315116882324 4.873025894165039
      vertex -3.8641891479492188 -12.751315116882324 4.1269731521606445
    endloop
  endfacet
  facet normal 0.18161867101582438 -0.9833690346652398 0
    outer loop
      vertex 4.225380897521973 -12.6890230178833 3.5899996757507324
      vertex 4.405292510986328 -12.655795097351074 3.5999999046325684
      vertex 4.225380897521973 -12.6890230178833 3.5999999046325684
    endloop
  endfacet
  facet normal 0.18161867101582438 -0.9833690346652398 0
    outer loop
      vertex 4.405292510986328 -12.655795097351074 3.5999999046325684
      vertex 4.225380897521973 -12.6890230178833 3.5899996757507324
      vertex 4.405292510986328 -12.655795097351074 3.5899996757507324
    endloop
  endfacet
  facet normal 0.18161867101582438 -0.9833690346652398 0
    outer loop
      vertex 4.225380897521973 -12.6890230178833 4.033535003662109
      vertex 4.405292510986328 -12.655795097351074 5.016306400299072
      vertex 4.225380897521973 -12.6890230178833 4.966464042663574
    endloop
  endfacet
  facet normal 0.1816186710158244 -0.98336903466524 0
    outer loop
      vertex 4.405292510986328 -12.655795097351074 5.016306400299072
      vertex 4.225380897521973 -12.6890230178833 4.033535003662109
      vertex 4.405292510986328 -12.655795097351074 3.9836931228637695
    endloop
  endfacet
  facet normal -0.2362753985030004 -0.9716861304259974 0
    outer loop
      vertex -5.5 -12.421170234680176 3.5899996757507324
      vertex -5.473926544189453 -12.427510261535645 3.5999999046325684
      vertex -5.5 -12.421170234680176 3.5999999046325684
    endloop
  endfacet
  facet normal -0.2362753985030004 -0.9716861304259974 0
    outer loop
      vertex -5.473926544189453 -12.427510261535645 3.5999999046325684
      vertex -5.5 -12.421170234680176 3.5899996757507324
      vertex -5.473926544189453 -12.427510261535645 3.5899996757507324
    endloop
  endfacet
  facet normal -0.2362753985030004 -0.9716861304259974 0
    outer loop
      vertex -5.5 -12.421170234680176 5.368244647979736
      vertex -5.473926544189453 -12.427510261535645 3.641265869140625
      vertex -5.473926544189453 -12.427510261535645 5.358734130859375
    endloop
  endfacet
  facet normal -0.2362753985030004 -0.9716861304259974 0
    outer loop
      vertex -5.473926544189453 -12.427510261535645 3.641265869140625
      vertex -5.5 -12.421170234680176 5.368244647979736
      vertex -5.5 -12.421170234680176 3.6317553520202637
    endloop
  endfacet
  facet normal -0.2206296059101169 -0.9753576661901758 0
    outer loop
      vertex -5.297207832336426 -12.468979835510254 3.5899996757507324
      vertex -5.119908332824707 -12.509085655212402 3.5999999046325684
      vertex -5.297207832336426 -12.468979835510254 3.5999999046325684
    endloop
  endfacet
  facet normal -0.2206296059101169 -0.9753576661901758 0
    outer loop
      vertex -5.119908332824707 -12.509085655212402 3.5999999046325684
      vertex -5.297207832336426 -12.468979835510254 3.5899996757507324
      vertex -5.119908332824707 -12.509085655212402 3.5899996757507324
    endloop
  endfacet
  facet normal -0.2206296059101169 -0.9753576661901758 0
    outer loop
      vertex -5.297207832336426 -12.468979835510254 5.296529293060303
      vertex -5.119908332824707 -12.509085655212402 3.7636289596557617
      vertex -5.119908332824707 -12.509085655212402 5.23637056350708
    endloop
  endfacet
  facet normal -0.2206296059101169 -0.9753576661901758 0
    outer loop
      vertex -5.119908332824707 -12.509085655212402 3.7636289596557617
      vertex -5.297207832336426 -12.468979835510254 5.296529293060303
      vertex -5.297207832336426 -12.468979835510254 3.703470230102539
    endloop
  endfacet
  facet normal 0.15053617376005599 -0.9886045015018302 0
    outer loop
      vertex 3.554048538208008 -12.799999237060547 3.5899996757507324
      vertex 3.6829471588134766 -12.78037166595459 3.5999999046325684
      vertex 3.554048538208008 -12.799999237060547 3.5999999046325684
    endloop
  endfacet
  facet normal 0.15053617376005599 -0.9886045015018302 0
    outer loop
      vertex 3.6829471588134766 -12.78037166595459 3.5999999046325684
      vertex 3.554048538208008 -12.799999237060547 3.5899996757507324
      vertex 3.6829471588134766 -12.78037166595459 3.5899996757507324
    endloop
  endfacet
  facet normal 0.15053617376005599 -0.9886045015018301 0
    outer loop
      vertex 3.554048538208008 -12.799999237060547 4.1999993324279785
      vertex 3.6829471588134766 -12.78037166595459 4.829441070556641
      vertex 3.554048538208008 -12.799999237060547 4.799999713897705
    endloop
  endfacet
  facet normal 0.15053617376005599 -0.9886045015018302 0
    outer loop
      vertex 3.6829471588134766 -12.78037166595459 4.829441070556641
      vertex 3.554048538208008 -12.799999237060547 4.1999993324279785
      vertex 3.6829471588134766 -12.78037166595459 4.170557975769043
    endloop
  endfacet
  facet normal -0.2284583035275619 -0.9735536983388787 0
    outer loop
      vertex -5.473926544189453 -12.427510261535645 3.5899996757507324
      vertex -5.297207832336426 -12.468979835510254 3.5999999046325684
      vertex -5.473926544189453 -12.427510261535645 3.5999999046325684
    endloop
  endfacet
  facet normal -0.2284583035275619 -0.9735536983388787 0
    outer loop
      vertex -5.297207832336426 -12.468979835510254 3.5999999046325684
      vertex -5.473926544189453 -12.427510261535645 3.5899996757507324
      vertex -5.297207832336426 -12.468979835510254 3.5899996757507324
    endloop
  endfacet
  facet normal -0.22845830352756188 -0.9735536983388787 0
    outer loop
      vertex -5.473926544189453 -12.427510261535645 5.358734130859375
      vertex -5.297207832336426 -12.468979835510254 3.703470230102539
      vertex -5.297207832336426 -12.468979835510254 5.296529293060303
    endloop
  endfacet
  facet normal -0.22845830352756186 -0.9735536983388786 0
    outer loop
      vertex -5.297207832336426 -12.468979835510254 3.703470230102539
      vertex -5.473926544189453 -12.427510261535645 5.358734130859375
      vertex -5.473926544189453 -12.427510261535645 3.641265869140625
    endloop
  endfacet
  facet normal -0.20500361862921612 -0.9787612151842384 0
    outer loop
      vertex -4.942048072814941 -12.54782485961914 3.5899996757507324
      vertex -4.763645172119141 -12.58519172668457 3.5999999046325684
      vertex -4.942048072814941 -12.54782485961914 3.5999999046325684
    endloop
  endfacet
  facet normal -0.20500361862921612 -0.9787612151842384 0
    outer loop
      vertex -4.763645172119141 -12.58519172668457 3.5999999046325684
      vertex -4.942048072814941 -12.54782485961914 3.5899996757507324
      vertex -4.763645172119141 -12.58519172668457 3.5899996757507324
    endloop
  endfacet
  facet normal -0.20500361862921612 -0.9787612151842384 0
    outer loop
      vertex -4.942048072814941 -12.54782485961914 5.178261756896973
      vertex -4.763645172119141 -12.58519172668457 3.8777880668640137
      vertex -4.763645172119141 -12.58519172668457 5.122211456298828
    endloop
  endfacet
  facet normal -0.2050036186292161 -0.9787612151842384 0
    outer loop
      vertex -4.763645172119141 -12.58519172668457 3.8777880668640137
      vertex -4.942048072814941 -12.54782485961914 5.178261756896973
      vertex -4.942048072814941 -12.54782485961914 3.821737766265869
    endloop
  endfacet
  facet normal -0.17384117457339193 -0.9847737029505528 0
    outer loop
      vertex -4.225380897521973 -12.6890230178833 3.5899996757507324
      vertex -4.04500675201416 -12.720864295959473 3.5999999046325684
      vertex -4.225380897521973 -12.6890230178833 3.5999999046325684
    endloop
  endfacet
  facet normal -0.17384117457339193 -0.9847737029505528 0
    outer loop
      vertex -4.04500675201416 -12.720864295959473 3.5999999046325684
      vertex -4.225380897521973 -12.6890230178833 3.5899996757507324
      vertex -4.04500675201416 -12.720864295959473 3.5899996757507324
    endloop
  endfacet
  facet normal -0.17384117457339193 -0.9847737029505528 0
    outer loop
      vertex -4.225380897521973 -12.6890230178833 4.966464042663574
      vertex -4.04500675201416 -12.720864295959473 4.081296920776367
      vertex -4.04500675201416 -12.720864295959473 4.918702125549316
    endloop
  endfacet
  facet normal -0.17384117457339193 -0.9847737029505528 0
    outer loop
      vertex -4.04500675201416 -12.720864295959473 4.081296920776367
      vertex -4.225380897521973 -12.6890230178833 4.966464042663574
      vertex -4.225380897521973 -12.6890230178833 4.033535003662109
    endloop
  endfacet
  facet normal -0.18940929086441305 -0.9818982231037188 0
    outer loop
      vertex -4.584719657897949 -12.621183395385742 3.5899996757507324
      vertex -4.405292510986328 -12.655795097351074 3.5999999046325684
      vertex -4.584719657897949 -12.621183395385742 3.5999999046325684
    endloop
  endfacet
  facet normal -0.18940929086441305 -0.9818982231037188 0
    outer loop
      vertex -4.405292510986328 -12.655795097351074 3.5999999046325684
      vertex -4.584719657897949 -12.621183395385742 3.5899996757507324
      vertex -4.405292510986328 -12.655795097351074 3.5899996757507324
    endloop
  endfacet
  facet normal -0.18940929086441302 -0.9818982231037187 0
    outer loop
      vertex -4.584719657897949 -12.621183395385742 5.06822395324707
      vertex -4.405292510986328 -12.655795097351074 3.9836931228637695
      vertex -4.405292510986328 -12.655795097351074 5.016306400299072
    endloop
  endfacet
  facet normal -0.18940929086441302 -0.9818982231037187 0
    outer loop
      vertex -4.405292510986328 -12.655795097351074 3.9836931228637695
      vertex -4.584719657897949 -12.621183395385742 5.06822395324707
      vertex -4.584719657897949 -12.621183395385742 3.9317755699157715
    endloop
  endfacet
  facet normal 0.16606785044307681 -0.9861143285893457 0
    outer loop
      vertex 3.8641891479492188 -12.751315116882324 3.5899996757507324
      vertex 4.04500675201416 -12.720864295959473 3.5999999046325684
      vertex 3.8641891479492188 -12.751315116882324 3.5999999046325684
    endloop
  endfacet
  facet normal 0.16606785044307681 -0.9861143285893457 0
    outer loop
      vertex 4.04500675201416 -12.720864295959473 3.5999999046325684
      vertex 3.8641891479492188 -12.751315116882324 3.5899996757507324
      vertex 4.04500675201416 -12.720864295959473 3.5899996757507324
    endloop
  endfacet
  facet normal 0.16606785044307681 -0.9861143285893456 0
    outer loop
      vertex 3.8641891479492188 -12.751315116882324 4.1269731521606445
      vertex 4.04500675201416 -12.720864295959473 4.918702125549316
      vertex 3.8641891479492188 -12.751315116882324 4.873025894165039
    endloop
  endfacet
  facet normal 0.16606785044307681 -0.9861143285893457 0
    outer loop
      vertex 4.04500675201416 -12.720864295959473 4.918702125549316
      vertex 3.8641891479492188 -12.751315116882324 4.1269731521606445
      vertex 4.04500675201416 -12.720864295959473 4.081296920776367
    endloop
  endfacet
  facet normal -0.15053617376005599 -0.9886045015018302 0
    outer loop
      vertex -3.6829471588134766 -12.78037166595459 3.5899996757507324
      vertex -3.554048538208008 -12.799999237060547 3.5999999046325684
      vertex -3.6829471588134766 -12.78037166595459 3.5999999046325684
    endloop
  endfacet
  facet normal -0.15053617376005599 -0.9886045015018302 0
    outer loop
      vertex -3.554048538208008 -12.799999237060547 3.5999999046325684
      vertex -3.6829471588134766 -12.78037166595459 3.5899996757507324
      vertex -3.554048538208008 -12.799999237060547 3.5899996757507324
    endloop
  endfacet
  facet normal -0.15053617376005599 -0.9886045015018301 0
    outer loop
      vertex -3.6829471588134766 -12.78037166595459 4.829441070556641
      vertex -3.554048538208008 -12.799999237060547 4.1999993324279785
      vertex -3.554048538208008 -12.799999237060547 4.799999713897705
    endloop
  endfacet
  facet normal -0.15053617376005599 -0.9886045015018302 0
    outer loop
      vertex -3.554048538208008 -12.799999237060547 4.1999993324279785
      vertex -3.6829471588134766 -12.78037166595459 4.829441070556641
      vertex -3.6829471588134766 -12.78037166595459 4.170557975769043
    endloop
  endfacet
  facet normal 0.2284583035275619 -0.9735536983388787 0
    outer loop
      vertex 5.297207832336426 -12.468979835510254 3.5899996757507324
      vertex 5.473926544189453 -12.427510261535645 3.5999999046325684
      vertex 5.297207832336426 -12.468979835510254 3.5999999046325684
    endloop
  endfacet
  facet normal 0.2284583035275619 -0.9735536983388787 0
    outer loop
      vertex 5.473926544189453 -12.427510261535645 3.5999999046325684
      vertex 5.297207832336426 -12.468979835510254 3.5899996757507324
      vertex 5.473926544189453 -12.427510261535645 3.5899996757507324
    endloop
  endfacet
  facet normal 0.22845830352756188 -0.9735536983388787 0
    outer loop
      vertex 5.297207832336426 -12.468979835510254 3.703470230102539
      vertex 5.473926544189453 -12.427510261535645 5.358734130859375
      vertex 5.297207832336426 -12.468979835510254 5.296529293060303
    endloop
  endfacet
  facet normal 0.22845830352756186 -0.9735536983388786 0
    outer loop
      vertex 5.473926544189453 -12.427510261535645 5.358734130859375
      vertex 5.297207832336426 -12.468979835510254 3.703470230102539
      vertex 5.473926544189453 -12.427510261535645 3.641265869140625
    endloop
  endfacet
  facet normal -0.21281744387255314 -0.9770919790805535 0
    outer loop
      vertex -5.119908332824707 -12.509085655212402 3.5899996757507324
      vertex -4.942048072814941 -12.54782485961914 3.5999999046325684
      vertex -5.119908332824707 -12.509085655212402 3.5999999046325684
    endloop
  endfacet
  facet normal -0.21281744387255314 -0.9770919790805535 0
    outer loop
      vertex -4.942048072814941 -12.54782485961914 3.5999999046325684
      vertex -5.119908332824707 -12.509085655212402 3.5899996757507324
      vertex -4.942048072814941 -12.54782485961914 3.5899996757507324
    endloop
  endfacet
  facet normal -0.21281744387255314 -0.9770919790805535 0
    outer loop
      vertex -5.119908332824707 -12.509085655212402 5.23637056350708
      vertex -4.942048072814941 -12.54782485961914 3.821737766265869
      vertex -4.942048072814941 -12.54782485961914 5.178261756896973
    endloop
  endfacet
  facet normal -0.21281744387255316 -0.9770919790805535 0
    outer loop
      vertex -4.942048072814941 -12.54782485961914 3.821737766265869
      vertex -5.119908332824707 -12.509085655212402 5.23637056350708
      vertex -5.119908332824707 -12.509085655212402 3.7636289596557617
    endloop
  endfacet
  facet normal 0.2362753985030004 -0.9716861304259974 0
    outer loop
      vertex 5.473926544189453 -12.427510261535645 3.5899996757507324
      vertex 5.5 -12.421170234680176 3.5999999046325684
      vertex 5.473926544189453 -12.427510261535645 3.5999999046325684
    endloop
  endfacet
  facet normal 0.2362753985030004 -0.9716861304259974 0
    outer loop
      vertex 5.5 -12.421170234680176 3.5999999046325684
      vertex 5.473926544189453 -12.427510261535645 3.5899996757507324
      vertex 5.5 -12.421170234680176 3.5899996757507324
    endloop
  endfacet
  facet normal 0.2362753985030004 -0.9716861304259974 0
    outer loop
      vertex 5.473926544189453 -12.427510261535645 3.641265869140625
      vertex 5.5 -12.421170234680176 5.368244647979736
      vertex 5.473926544189453 -12.427510261535645 5.358734130859375
    endloop
  endfacet
  facet normal 0.2362753985030004 -0.9716861304259974 0
    outer loop
      vertex 5.5 -12.421170234680176 5.368244647979736
      vertex 5.473926544189453 -12.427510261535645 3.641265869140625
      vertex 5.5 -12.421170234680176 3.6317553520202637
    endloop
  endfacet
  facet normal 0.17384117457339193 -0.9847737029505528 0
    outer loop
      vertex 4.04500675201416 -12.720864295959473 3.5899996757507324
      vertex 4.225380897521973 -12.6890230178833 3.5999999046325684
      vertex 4.04500675201416 -12.720864295959473 3.5999999046325684
    endloop
  endfacet
  facet normal 0.17384117457339193 -0.9847737029505528 0
    outer loop
      vertex 4.225380897521973 -12.6890230178833 3.5999999046325684
      vertex 4.04500675201416 -12.720864295959473 3.5899996757507324
      vertex 4.225380897521973 -12.6890230178833 3.5899996757507324
    endloop
  endfacet
  facet normal 0.17384117457339193 -0.9847737029505528 0
    outer loop
      vertex 4.04500675201416 -12.720864295959473 4.081296920776367
      vertex 4.225380897521973 -12.6890230178833 4.966464042663574
      vertex 4.04500675201416 -12.720864295959473 4.918702125549316
    endloop
  endfacet
  facet normal 0.17384117457339193 -0.9847737029505528 0
    outer loop
      vertex 4.225380897521973 -12.6890230178833 4.966464042663574
      vertex 4.04500675201416 -12.720864295959473 4.081296920776367
      vertex 4.225380897521973 -12.6890230178833 4.033535003662109
    endloop
  endfacet
  facet normal 0.19720429167993125 -0.9803624163252163 0
    outer loop
      vertex 4.584719657897949 -12.621183395385742 3.5899996757507324
      vertex 4.763645172119141 -12.58519172668457 3.5999999046325684
      vertex 4.584719657897949 -12.621183395385742 3.5999999046325684
    endloop
  endfacet
  facet normal 0.19720429167993125 -0.9803624163252163 0
    outer loop
      vertex 4.763645172119141 -12.58519172668457 3.5999999046325684
      vertex 4.584719657897949 -12.621183395385742 3.5899996757507324
      vertex 4.763645172119141 -12.58519172668457 3.5899996757507324
    endloop
  endfacet
  facet normal 0.19720429167993123 -0.9803624163252161 0
    outer loop
      vertex 4.584719657897949 -12.621183395385742 3.9317755699157715
      vertex 4.763645172119141 -12.58519172668457 5.122211456298828
      vertex 4.584719657897949 -12.621183395385742 5.06822395324707
    endloop
  endfacet
  facet normal 0.19720429167993125 -0.9803624163252163 0
    outer loop
      vertex 4.763645172119141 -12.58519172668457 5.122211456298828
      vertex 4.584719657897949 -12.621183395385742 3.9317755699157715
      vertex 4.763645172119141 -12.58519172668457 3.8777880668640137
    endloop
  endfacet
  facet normal -0.18161867101582438 -0.9833690346652398 0
    outer loop
      vertex -4.405292510986328 -12.655795097351074 3.5899996757507324
      vertex -4.225380897521973 -12.6890230178833 3.5999999046325684
      vertex -4.405292510986328 -12.655795097351074 3.5999999046325684
    endloop
  endfacet
  facet normal -0.18161867101582438 -0.9833690346652398 0
    outer loop
      vertex -4.225380897521973 -12.6890230178833 3.5999999046325684
      vertex -4.405292510986328 -12.655795097351074 3.5899996757507324
      vertex -4.225380897521973 -12.6890230178833 3.5899996757507324
    endloop
  endfacet
  facet normal -0.18161867101582438 -0.9833690346652398 0
    outer loop
      vertex -4.405292510986328 -12.655795097351074 5.016306400299072
      vertex -4.225380897521973 -12.6890230178833 4.033535003662109
      vertex -4.225380897521973 -12.6890230178833 4.966464042663574
    endloop
  endfacet
  facet normal -0.1816186710158244 -0.98336903466524 0
    outer loop
      vertex -4.225380897521973 -12.6890230178833 4.033535003662109
      vertex -4.405292510986328 -12.655795097351074 5.016306400299072
      vertex -4.405292510986328 -12.655795097351074 3.9836931228637695
    endloop
  endfacet
  facet normal 0.20500361862921612 -0.9787612151842384 0
    outer loop
      vertex 4.763645172119141 -12.58519172668457 3.5899996757507324
      vertex 4.942048072814941 -12.54782485961914 3.5999999046325684
      vertex 4.763645172119141 -12.58519172668457 3.5999999046325684
    endloop
  endfacet
  facet normal 0.20500361862921612 -0.9787612151842384 0
    outer loop
      vertex 4.942048072814941 -12.54782485961914 3.5999999046325684
      vertex 4.763645172119141 -12.58519172668457 3.5899996757507324
      vertex 4.942048072814941 -12.54782485961914 3.5899996757507324
    endloop
  endfacet
  facet normal 0.20500361862921612 -0.9787612151842384 0
    outer loop
      vertex 4.763645172119141 -12.58519172668457 3.8777880668640137
      vertex 4.942048072814941 -12.54782485961914 5.178261756896973
      vertex 4.763645172119141 -12.58519172668457 5.122211456298828
    endloop
  endfacet
  facet normal 0.2050036186292161 -0.9787612151842384 0
    outer loop
      vertex 4.942048072814941 -12.54782485961914 5.178261756896973
      vertex 4.763645172119141 -12.58519172668457 3.8777880668640137
      vertex 4.942048072814941 -12.54782485961914 3.821737766265869
    endloop
  endfacet
  facet normal 1 0 0
    outer loop
      vertex 13.19999885559082 -4.391234874725342 4.400000095367432
      vertex 13.19999885559082 4.391234874725342 3.799999713897705
      vertex 13.19999885559082 4.391234874725342 4.400000095367432
    endloop
  endfacet
  facet normal 1 0 0
    outer loop
      vertex 13.19999885559082 4.391234874725342 3.799999713897705
      vertex 13.19999885559082 -4.391234874725342 4.400000095367432
      vertex 13.19999885559082 -4.391234874725342 3.799999713897705
    endloop
  endfacet
  facet normal 0 0 1
    outer loop
      vertex 12.399999618530273 7 5.399999141693115
      vertex 12.40000057220459 -7 5.399999141693115
      vertex 12.40000057220459 7 5.399999141693115
    endloop
  endfacet
  facet normal 0 0 1
    outer loop
      vertex 12.40000057220459 -7 5.399999141693115
      vertex 12.399999618530273 7 5.399999141693115
      vertex 12.399999618530273 -7 5.399999141693115
    endloop
  endfacet
  facet normal -1 0 0
    outer loop
      vertex 12.399999618530273 -7 3.4000000953674316
      vertex 12.399999618530273 7 5.399999141693115
      vertex 12.399999618530273 7 3.4000000953674316
    endloop
  endfacet
  facet normal -1 0 0
    outer loop
      vertex 12.399999618530273 7 5.399999141693115
      vertex 12.399999618530273 -7 3.4000000953674316
      vertex 12.399999618530273 -7 5.399999141693115
    endloop
  endfacet
  facet normal 0 1 0
    outer loop
      vertex 12.430706977844238 7 5.361616611480713
      vertex 12.399999618530273 7 5.399999141693115
      vertex 12.40000057220459 7 5.399999141693115
    endloop
  endfacet
  facet normal 0 1 0
    outer loop
      vertex 12.399999618530273 7 3.4000000953674316
      vertex 12.430706977844238 7 5.361616611480713
      vertex 12.430706977844238 7 3.4000000953674316
    endloop
  endfacet
  facet normal 0 1 0
    outer loop
      vertex 12.430706977844238 7 5.361616611480713
      vertex 12.399999618530273 7 3.4000000953674316
      vertex 12.399999618530273 7 5.399999141693115
    endloop
  endfacet
  facet normal 0 -1 0
    outer loop
      vertex 12.399999618530273 -7 5.399999141693115
      vertex 12.430706977844238 -7 5.361616611480713
      vertex 12.40000057220459 -7 5.399999141693115
    endloop
  endfacet
  facet normal 0 -1 0
    outer loop
      vertex 12.399999618530273 -7 3.4000000953674316
      vertex 12.430706977844238 -7 5.361616611480713
      vertex 12.399999618530273 -7 5.399999141693115
    endloop
  endfacet
  facet normal 0 -1 0
    outer loop
      vertex 12.430706977844238 -7 5.361616611480713
      vertex 12.399999618530273 -7 3.4000000953674316
      vertex 12.430706977844238 -7 3.4000000953674316
    endloop
  endfacet
  facet normal 0.7808650230853422 -0.00003992973097040415 0.6246997791960108
    outer loop
      vertex 12.40000057220459 7 5.399999141693115
      vertex 12.435371398925781 6.987676620483398 5.355785369873047
      vertex 12.430706977844238 7 5.361616611480713
    endloop
  endfacet
  facet normal 0.7808706946363694 0.0000017796872052213426 0.6246926910529262
    outer loop
      vertex 12.40000057220459 7 5.399999141693115
      vertex 12.492799758911133 6.831791877746582 5.283999919891357
      vertex 12.435371398925781 6.987676620483398 5.355785369873047
    endloop
  endfacet
  facet normal 0.7808686773926223 -0.00000107212507639526 0.6246952126164785
    outer loop
      vertex 12.40000057220459 7 5.399999141693115
      vertex 12.548928260803223 6.67515754699707 5.213839054107666
      vertex 12.492799758911133 6.831791877746582 5.283999919891357
    endloop
  endfacet
  facet normal 0.7808720605162779 0.000002902414372582944 0.6246909836844443
    outer loop
      vertex 12.40000057220459 7 5.399999141693115
      vertex 12.603753089904785 6.517791748046875 5.145308017730713
      vertex 12.548928260803223 6.67515754699707 5.213839054107666
    endloop
  endfacet
  facet normal 0.7808673025178677 -0.0000022493724740091944 0.6246969312021703
    outer loop
      vertex 12.40000057220459 7 5.399999141693115
      vertex 12.657266616821289 6.359711647033691 5.078415870666504
      vertex 12.603753089904785 6.517791748046875 5.145308017730713
    endloop
  endfacet
  facet normal 0.7808725369017625 0.0000031399977913608103 0.6246903881946209
    outer loop
      vertex 12.40000057220459 7 5.399999141693115
      vertex 12.709463119506836 6.200933456420898 5.01317024230957
      vertex 12.657266616821289 6.359711647033691 5.078415870666504
    endloop
  endfacet
  facet normal 0.7808720074958737 0.000002614607240563114 0.6246910499619215
    outer loop
      vertex 12.40000057220459 7 5.399999141693115
      vertex 12.760337829589844 6.041475296020508 4.9495768547058105
      vertex 12.709463119506836 6.200933456420898 5.01317024230957
    endloop
  endfacet
  facet normal 0.7808660862762694 -0.0000030894181499927646 0.6246984514900267
    outer loop
      vertex 12.40000057220459 7 5.399999141693115
      vertex 12.809884071350098 5.881355285644531 4.887643814086914
      vertex 12.760337829589844 6.041475296020508 4.9495768547058105
    endloop
  endfacet
  facet normal 0.78087736923698 0.000007504556808635679 0.62468434761663
    outer loop
      vertex 12.40000057220459 7 5.399999141693115
      vertex 12.858097076416016 5.720589637756348 4.827377796173096
      vertex 12.809884071350098 5.881355285644531 4.887643814086914
    endloop
  endfacet
  facet normal 0.7808654990535526 -0.000003386541301788522 0.6246991855096159
    outer loop
      vertex 12.40000057220459 7 5.399999141693115
      vertex 12.9049711227417 5.559196472167969 4.768784999847412
      vertex 12.858097076416016 5.720589637756348 4.827377796173096
    endloop
  endfacet
  facet normal 0.7808711335170875 0.000001673772453846132 0.6246921424485323
    outer loop
      vertex 12.40000057220459 7 5.399999141693115
      vertex 12.950501441955566 5.397194862365723 4.711872100830078
      vertex 12.9049711227417 5.559196472167969 4.768784999847412
    endloop
  endfacet
  facet normal 0.7808658483736605 -0.0000029777790167002224 0.6246987488660565
    outer loop
      vertex 12.40000057220459 7 5.399999141693115
      vertex 12.994682312011719 5.234600067138672 4.656645774841309
      vertex 12.950501441955566 5.397194862365723 4.711872100830078
    endloop
  endfacet
  facet normal 0.7808710226510865 0.0000014885937186218976 0.624692281032534
    outer loop
      vertex 12.40000057220459 7 5.399999141693115
      vertex 13.03750991821289 5.071432113647461 4.603111267089844
      vertex 12.994682312011719 5.234600067138672 4.656645774841309
    endloop
  endfacet
  facet normal 0.7808707595103229 0.0000012656956884577366 0.6246926099612268
    outer loop
      vertex 12.40000057220459 7 5.399999141693115
      vertex 13.0789794921875 4.907707214355469 4.551274299621582
      vertex 13.03750991821289 5.071432113647461 4.603111267089844
    endloop
  endfacet
  facet normal 0.78087053791096 0.0000010814197988812276 0.6246928869624485
    outer loop
      vertex 12.40000057220459 7 5.399999141693115
      vertex 13.119085311889648 4.743444442749023 4.5011420249938965
      vertex 13.0789794921875 4.907707214355469 4.551274299621582
    endloop
  endfacet
  facet normal 0.7808661298491699 -0.000002518106314160896 0.6246983970269482
    outer loop
      vertex 12.40000057220459 7 5.399999141693115
      vertex 13.157824516296387 4.578661918640137 4.4527177810668945
      vertex 13.119085311889648 4.743444442749023 4.5011420249938965
    endloop
  endfacet
  facet normal 0.7808704667672342 9.601191147437074e-7 0.624692975892798
    outer loop
      vertex 12.40000057220459 7 5.399999141693115
      vertex 13.195191383361816 4.413376808166504 4.406009197235107
      vertex 13.157824516296387 4.578661918640137 4.4527177810668945
    endloop
  endfacet
  facet normal 0.7808993679860077 0.000023728696450329875 0.6246568470096222
    outer loop
      vertex 12.40000057220459 7 5.399999141693115
      vertex 13.19999885559082 4.391234874725342 4.400000095367432
      vertex 13.195191383361816 4.413376808166504 4.406009197235107
    endloop
  endfacet
  facet normal 0.7808691727090372 0 0.624694593471645
    outer loop
      vertex 12.40000057220459 7 5.399999141693115
      vertex 13.19999885559082 -4.391234874725342 4.400000095367432
      vertex 13.19999885559082 4.391234874725342 4.400000095367432
    endloop
  endfacet
  facet normal 0.7808691727090371 0 0.624694593471645
    outer loop
      vertex 12.40000057220459 -7 5.399999141693115
      vertex 13.19999885559082 -4.391234874725342 4.400000095367432
      vertex 12.40000057220459 7 5.399999141693115
    endloop
  endfacet
  facet normal 0.7808993679860077 -0.000023728696450329875 0.6246568470096222
    outer loop
      vertex 13.19999885559082 -4.391234874725342 4.400000095367432
      vertex 12.40000057220459 -7 5.399999141693115
      vertex 13.195191383361816 -4.413376808166504 4.406009197235107
    endloop
  endfacet
  facet normal 0.7808704667672342 -9.601191147437074e-7 0.624692975892798
    outer loop
      vertex 13.195191383361816 -4.413376808166504 4.406009197235107
      vertex 12.40000057220459 -7 5.399999141693115
      vertex 13.157824516296387 -4.578661918640137 4.4527177810668945
    endloop
  endfacet
  facet normal 0.7808661298491699 0.000002518106314160896 0.6246983970269482
    outer loop
      vertex 13.157824516296387 -4.578661918640137 4.4527177810668945
      vertex 12.40000057220459 -7 5.399999141693115
      vertex 13.119085311889648 -4.743444442749023 4.5011420249938965
    endloop
  endfacet
  facet normal 0.78087053791096 -0.0000010814197988812276 0.6246928869624485
    outer loop
      vertex 13.119085311889648 -4.743444442749023 4.5011420249938965
      vertex 12.40000057220459 -7 5.399999141693115
      vertex 13.0789794921875 -4.907707214355469 4.551274299621582
    endloop
  endfacet
  facet normal 0.7808707595103229 -0.0000012656956884577366 0.6246926099612268
    outer loop
      vertex 13.0789794921875 -4.907707214355469 4.551274299621582
      vertex 12.40000057220459 -7 5.399999141693115
      vertex 13.03750991821289 -5.071432113647461 4.603111267089844
    endloop
  endfacet
  facet normal 0.7808710226510865 -0.0000014885937186218976 0.624692281032534
    outer loop
      vertex 13.03750991821289 -5.071432113647461 4.603111267089844
      vertex 12.40000057220459 -7 5.399999141693115
      vertex 12.994682312011719 -5.234600067138672 4.656645774841309
    endloop
  endfacet
  facet normal 0.7808658483736605 0.0000029777790167002224 0.6246987488660565
    outer loop
      vertex 12.994682312011719 -5.234600067138672 4.656645774841309
      vertex 12.40000057220459 -7 5.399999141693115
      vertex 12.950501441955566 -5.397194862365723 4.711872100830078
    endloop
  endfacet
  facet normal 0.7808711335170875 -0.000001673772453846132 0.6246921424485323
    outer loop
      vertex 12.950501441955566 -5.397194862365723 4.711872100830078
      vertex 12.40000057220459 -7 5.399999141693115
      vertex 12.9049711227417 -5.559196472167969 4.768784999847412
    endloop
  endfacet
  facet normal 0.7808654990535526 0.000003386541301788522 0.6246991855096159
    outer loop
      vertex 12.9049711227417 -5.559196472167969 4.768784999847412
      vertex 12.40000057220459 -7 5.399999141693115
      vertex 12.858097076416016 -5.720589637756348 4.827377796173096
    endloop
  endfacet
  facet normal 0.78087736923698 -0.000007504556808635679 0.62468434761663
    outer loop
      vertex 12.858097076416016 -5.720589637756348 4.827377796173096
      vertex 12.40000057220459 -7 5.399999141693115
      vertex 12.809884071350098 -5.881355285644531 4.887643814086914
    endloop
  endfacet
  facet normal 0.7808660862762694 0.0000030894181499927646 0.6246984514900267
    outer loop
      vertex 12.809884071350098 -5.881355285644531 4.887643814086914
      vertex 12.40000057220459 -7 5.399999141693115
      vertex 12.760337829589844 -6.041475296020508 4.9495768547058105
    endloop
  endfacet
  facet normal 0.7808720074958737 -0.000002614607240563114 0.6246910499619215
    outer loop
      vertex 12.760337829589844 -6.041475296020508 4.9495768547058105
      vertex 12.40000057220459 -7 5.399999141693115
      vertex 12.709463119506836 -6.200933456420898 5.01317024230957
    endloop
  endfacet
  facet normal 0.7808725369017625 -0.0000031399977913608103 0.6246903881946209
    outer loop
      vertex 12.709463119506836 -6.200933456420898 5.01317024230957
      vertex 12.40000057220459 -7 5.399999141693115
      vertex 12.657266616821289 -6.359711647033691 5.078415870666504
    endloop
  endfacet
  facet normal 0.7808673025178677 0.0000022493724740091944 0.6246969312021703
    outer loop
      vertex 12.657266616821289 -6.359711647033691 5.078415870666504
      vertex 12.40000057220459 -7 5.399999141693115
      vertex 12.603753089904785 -6.517791748046875 5.145308017730713
    endloop
  endfacet
  facet normal 0.7808720605162779 -0.000002902414372582944 0.6246909836844443
    outer loop
      vertex 12.603753089904785 -6.517791748046875 5.145308017730713
      vertex 12.40000057220459 -7 5.399999141693115
      vertex 12.548928260803223 -6.67515754699707 5.213839054107666
    endloop
  endfacet
  facet normal 0.7808686773926223 0.00000107212507639526 0.6246952126164785
    outer loop
      vertex 12.548928260803223 -6.67515754699707 5.213839054107666
      vertex 12.40000057220459 -7 5.399999141693115
      vertex 12.492799758911133 -6.831791877746582 5.283999919891357
    endloop
  endfacet
  facet normal 0.7808706946363694 -0.0000017796872052213426 0.6246926910529262
    outer loop
      vertex 12.492799758911133 -6.831791877746582 5.283999919891357
      vertex 12.40000057220459 -7 5.399999141693115
      vertex 12.435371398925781 -6.987676620483398 5.355785369873047
    endloop
  endfacet
  facet normal 0.7808650230853422 0.00003992973097040415 0.6246997791960108
    outer loop
      vertex 12.435371398925781 -6.987676620483398 5.355785369873047
      vertex 12.40000057220459 -7 5.399999141693115
      vertex 12.430706977844238 -7 5.361616611480713
    endloop
  endfacet
  facet normal 0 0 -1
    outer loop
      vertex 12.399999618530273 -7 3.4000000953674316
      vertex 12.799999237060547 -5.913300514221191 3.4000000953674316
      vertex 12.760337829589844 -6.041475296020508 3.4000000953674316
    endloop
  endfacet
  facet normal 0 0 -1
    outer loop
      vertex 12.799999237060547 -5.913300514221191 3.4000000953674316
      vertex 12.399999618530273 -7 3.4000000953674316
      vertex 12.799999237060547 5.913300514221191 3.4000000953674316
    endloop
  endfacet
  facet normal 0 0 -1
    outer loop
      vertex 12.399999618530273 -7 3.4000000953674316
      vertex 12.760337829589844 -6.041475296020508 3.4000000953674316
      vertex 12.709463119506836 -6.200933456420898 3.4000000953674316
    endloop
  endfacet
  facet normal 0 0 -1
    outer loop
      vertex 12.399999618530273 7 3.4000000953674316
      vertex 12.799999237060547 5.913300514221191 3.4000000953674316
      vertex 12.399999618530273 -7 3.4000000953674316
    endloop
  endfacet
  facet normal 0 0 -1
    outer loop
      vertex 12.399999618530273 -7 3.4000000953674316
      vertex 12.709463119506836 -6.200933456420898 3.4000000953674316
      vertex 12.657266616821289 -6.359711647033691 3.4000000953674316
    endloop
  endfacet
  facet normal 0 0 -1
    outer loop
      vertex 12.799999237060547 5.913300514221191 3.4000000953674316
      vertex 12.399999618530273 7 3.4000000953674316
      vertex 12.760337829589844 6.041475296020508 3.4000000953674316
    endloop
  endfacet
  facet normal 0 0 -1
    outer loop
      vertex 12.399999618530273 -7 3.4000000953674316
      vertex 12.657266616821289 -6.359711647033691 3.4000000953674316
      vertex 12.603753089904785 -6.517791748046875 3.4000000953674316
    endloop
  endfacet
  facet normal 0 0 -1
    outer loop
      vertex 12.760337829589844 6.041475296020508 3.4000000953674316
      vertex 12.399999618530273 7 3.4000000953674316
      vertex 12.709463119506836 6.200933456420898 3.4000000953674316
    endloop
  endfacet
  facet normal 0 0 -1
    outer loop
      vertex 12.399999618530273 -7 3.4000000953674316
      vertex 12.603753089904785 -6.517791748046875 3.4000000953674316
      vertex 12.548928260803223 -6.67515754699707 3.4000000953674316
    endloop
  endfacet
  facet normal 0 0 -1
    outer loop
      vertex 12.709463119506836 6.200933456420898 3.4000000953674316
      vertex 12.399999618530273 7 3.4000000953674316
      vertex 12.657266616821289 6.359711647033691 3.4000000953674316
    endloop
  endfacet
  facet normal 0 0 -1
    outer loop
      vertex 12.399999618530273 -7 3.4000000953674316
      vertex 12.548928260803223 -6.67515754699707 3.4000000953674316
      vertex 12.492799758911133 -6.831791877746582 3.4000000953674316
    endloop
  endfacet
  facet normal 0 0 -1
    outer loop
      vertex 12.657266616821289 6.359711647033691 3.4000000953674316
      vertex 12.399999618530273 7 3.4000000953674316
      vertex 12.603753089904785 6.517791748046875 3.4000000953674316
    endloop
  endfacet
  facet normal 0 0 -1
    outer loop
      vertex 12.399999618530273 -7 3.4000000953674316
      vertex 12.492799758911133 -6.831791877746582 3.4000000953674316
      vertex 12.435371398925781 -6.987676620483398 3.4000000953674316
    endloop
  endfacet
  facet normal 0 0 -1
    outer loop
      vertex 12.603753089904785 6.517791748046875 3.4000000953674316
      vertex 12.399999618530273 7 3.4000000953674316
      vertex 12.548928260803223 6.67515754699707 3.4000000953674316
    endloop
  endfacet
  facet normal 0 0 -1
    outer loop
      vertex 12.399999618530273 -7 3.4000000953674316
      vertex 12.435371398925781 -6.987676620483398 3.4000000953674316
      vertex 12.430706977844238 -7 3.4000000953674316
    endloop
  endfacet
  facet normal 0 0 -1
    outer loop
      vertex 12.548928260803223 6.67515754699707 3.4000000953674316
      vertex 12.399999618530273 7 3.4000000953674316
      vertex 12.492799758911133 6.831791877746582 3.4000000953674316
    endloop
  endfacet
  facet normal 0 0 -1
    outer loop
      vertex 12.492799758911133 6.831791877746582 3.4000000953674316
      vertex 12.399999618530273 7 3.4000000953674316
      vertex 12.435371398925781 6.987676620483398 3.4000000953674316
    endloop
  endfacet
  facet normal 0 0 -1
    outer loop
      vertex 12.435371398925781 6.987676620483398 3.4000000953674316
      vertex 12.399999618530273 7 3.4000000953674316
      vertex 12.430706977844238 7 3.4000000953674316
    endloop
  endfacet
  facet normal 0.7071067811865476 0 -0.7071067811865476
    outer loop
      vertex 12.858097076416016 5.720589637756348 3.4580979347229004
      vertex 12.799999237060547 5.913300514221191 3.4000000953674316
      vertex 12.809884071350098 5.881355285644531 3.4098849296569824
    endloop
  endfacet
  facet normal 0.7071067811865475 0 -0.7071067811865475
    outer loop
      vertex 12.9049711227417 5.559196472167969 3.504971981048584
      vertex 12.799999237060547 5.913300514221191 3.4000000953674316
      vertex 12.858097076416016 5.720589637756348 3.4580979347229004
    endloop
  endfacet
  facet normal 0.7071067811865476 0 -0.7071067811865476
    outer loop
      vertex 12.950501441955566 5.397194862365723 3.550502300262451
      vertex 12.799999237060547 5.913300514221191 3.4000000953674316
      vertex 12.9049711227417 5.559196472167969 3.504971981048584
    endloop
  endfacet
  facet normal 0.7071067811865476 0 -0.7071067811865476
    outer loop
      vertex 12.994682312011719 5.234600067138672 3.5946831703186035
      vertex 12.799999237060547 5.913300514221191 3.4000000953674316
      vertex 12.950501441955566 5.397194862365723 3.550502300262451
    endloop
  endfacet
  facet normal 0.7071067811865476 0 -0.7071067811865476
    outer loop
      vertex 13.03750991821289 5.071432113647461 3.6375107765197754
      vertex 12.799999237060547 5.913300514221191 3.4000000953674316
      vertex 12.994682312011719 5.234600067138672 3.5946831703186035
    endloop
  endfacet
  facet normal 0.7071067811865475 0 -0.7071067811865475
    outer loop
      vertex 13.0789794921875 4.907707214355469 3.6789803504943848
      vertex 12.799999237060547 5.913300514221191 3.4000000953674316
      vertex 13.03750991821289 5.071432113647461 3.6375107765197754
    endloop
  endfacet
  facet normal 0.7071067811865475 0 -0.7071067811865475
    outer loop
      vertex 13.119085311889648 4.743444442749023 3.719086170196533
      vertex 12.799999237060547 5.913300514221191 3.4000000953674316
      vertex 13.0789794921875 4.907707214355469 3.6789803504943848
    endloop
  endfacet
  facet normal 0.7071067811865475 0 -0.7071067811865475
    outer loop
      vertex 13.157824516296387 4.578661918640137 3.7578253746032715
      vertex 12.799999237060547 5.913300514221191 3.4000000953674316
      vertex 13.119085311889648 4.743444442749023 3.719086170196533
    endloop
  endfacet
  facet normal 0.7071067811865475 0 -0.7071067811865475
    outer loop
      vertex 13.195191383361816 4.413376808166504 3.795192241668701
      vertex 12.799999237060547 5.913300514221191 3.4000000953674316
      vertex 13.157824516296387 4.578661918640137 3.7578253746032715
    endloop
  endfacet
  facet normal 0.7071067811865476 0 -0.7071067811865476
    outer loop
      vertex 13.19999885559082 4.391234874725342 3.799999713897705
      vertex 12.799999237060547 5.913300514221191 3.4000000953674316
      vertex 13.195191383361816 4.413376808166504 3.795192241668701
    endloop
  endfacet
  facet normal 0.7071067811865475 0 -0.7071067811865475
    outer loop
      vertex 13.19999885559082 -4.391234874725342 3.799999713897705
      vertex 12.799999237060547 5.913300514221191 3.4000000953674316
      vertex 13.19999885559082 4.391234874725342 3.799999713897705
    endloop
  endfacet
  facet normal 0.7071067811865475 0 -0.7071067811865475
    outer loop
      vertex 13.195191383361816 -4.413376808166504 3.795192241668701
      vertex 12.799999237060547 5.913300514221191 3.4000000953674316
      vertex 13.19999885559082 -4.391234874725342 3.799999713897705
    endloop
  endfacet
  facet normal 0.7071067811865475 0 -0.7071067811865475
    outer loop
      vertex 13.157824516296387 -4.578661918640137 3.7578253746032715
      vertex 12.799999237060547 5.913300514221191 3.4000000953674316
      vertex 13.195191383361816 -4.413376808166504 3.795192241668701
    endloop
  endfacet
  facet normal 0.7071067811865476 0 -0.7071067811865476
    outer loop
      vertex 13.119085311889648 -4.743444442749023 3.719086170196533
      vertex 12.799999237060547 5.913300514221191 3.4000000953674316
      vertex 13.157824516296387 -4.578661918640137 3.7578253746032715
    endloop
  endfacet
  facet normal 0.7071067811865475 0 -0.7071067811865475
    outer loop
      vertex 13.0789794921875 -4.907707214355469 3.6789803504943848
      vertex 12.799999237060547 5.913300514221191 3.4000000953674316
      vertex 13.119085311889648 -4.743444442749023 3.719086170196533
    endloop
  endfacet
  facet normal 0.7071067811865476 0 -0.7071067811865476
    outer loop
      vertex 13.03750991821289 -5.071432113647461 3.6375107765197754
      vertex 12.799999237060547 5.913300514221191 3.4000000953674316
      vertex 13.0789794921875 -4.907707214355469 3.6789803504943848
    endloop
  endfacet
  facet normal 0.7071067811865476 0 -0.7071067811865476
    outer loop
      vertex 12.994682312011719 -5.234600067138672 3.5946831703186035
      vertex 12.799999237060547 5.913300514221191 3.4000000953674316
      vertex 13.03750991821289 -5.071432113647461 3.6375107765197754
    endloop
  endfacet
  facet normal 0.7071067811865476 0 -0.7071067811865476
    outer loop
      vertex 12.950501441955566 -5.397194862365723 3.550502300262451
      vertex 12.799999237060547 5.913300514221191 3.4000000953674316
      vertex 12.994682312011719 -5.234600067138672 3.5946831703186035
    endloop
  endfacet
  facet normal 0.7071067811865475 0 -0.7071067811865475
    outer loop
      vertex 12.9049711227417 -5.559196472167969 3.504971981048584
      vertex 12.799999237060547 5.913300514221191 3.4000000953674316
      vertex 12.950501441955566 -5.397194862365723 3.550502300262451
    endloop
  endfacet
  facet normal 0.7071067811865475 0 -0.7071067811865475
    outer loop
      vertex 12.858097076416016 -5.720589637756348 3.4580979347229004
      vertex 12.799999237060547 5.913300514221191 3.4000000953674316
      vertex 12.9049711227417 -5.559196472167969 3.504971981048584
    endloop
  endfacet
  facet normal 0.7071067811865476 0 -0.7071067811865476
    outer loop
      vertex 12.809884071350098 -5.881355285644531 3.4098849296569824
      vertex 12.799999237060547 5.913300514221191 3.4000000953674316
      vertex 12.858097076416016 -5.720589637756348 3.4580979347229004
    endloop
  endfacet
  facet normal 0.7071067811865476 0 -0.7071067811865476
    outer loop
      vertex 12.799999237060547 5.913300514221191 3.4000000953674316
      vertex 12.809884071350098 -5.881355285644531 3.4098849296569824
      vertex 12.799999237060547 -5.913300514221191 3.4000000953674316
    endloop
  endfacet
  facet normal 0.9578536486080244 0.2872566584925325 0
    outer loop
      vertex 12.858097076416016 5.720589637756348 4.827377796173096
      vertex 12.809884071350098 5.881355285644531 3.4098849296569824
      vertex 12.809884071350098 5.881355285644531 4.887643814086914
    endloop
  endfacet
  facet normal 0.9578536486080244 0.2872566584925325 0
    outer loop
      vertex 12.809884071350098 5.881355285644531 3.4098849296569824
      vertex 12.858097076416016 5.720589637756348 4.827377796173096
      vertex 12.858097076416016 5.720589637756348 3.4580979347229004
    endloop
  endfacet
  facet normal 0.9627014670456465 -0.27056586138713057 0
    outer loop
      vertex 12.9049711227417 -5.559196472167969 3.504971981048584
      vertex 12.950501441955566 -5.397194862365723 4.711872100830078
      vertex 12.9049711227417 -5.559196472167969 4.768784999847412
    endloop
  endfacet
  facet normal 0.9627014670456466 -0.2705658613871306 0
    outer loop
      vertex 12.950501441955566 -5.397194862365723 4.711872100830078
      vertex 12.9049711227417 -5.559196472167969 3.504971981048584
      vertex 12.950501441955566 -5.397194862365723 3.550502300262451
    endloop
  endfacet
  facet normal 0.967236761338378 -0.25387604754219245 0
    outer loop
      vertex 12.994682312011719 -5.234600067138672 3.5946831703186035
      vertex 13.03750991821289 -5.071432113647461 4.603111267089844
      vertex 12.994682312011719 -5.234600067138672 4.656645774841309
    endloop
  endfacet
  facet normal 0.967236761338378 -0.25387604754219245 0
    outer loop
      vertex 13.03750991821289 -5.071432113647461 4.603111267089844
      vertex 12.994682312011719 -5.234600067138672 3.5946831703186035
      vertex 13.03750991821289 -5.071432113647461 3.6375107765197754
    endloop
  endfacet
  facet normal 0.9734608178120416 -0.22885374409152856 0
    outer loop
      vertex 13.119085311889648 -4.743444442749023 3.719086170196533
      vertex 13.157824516296387 -4.578661918640137 4.4527177810668945
      vertex 13.119085311889648 -4.743444442749023 4.5011420249938965
    endloop
  endfacet
  facet normal 0.9734608178120417 -0.2288537440915286 0
    outer loop
      vertex 13.157824516296387 -4.578661918640137 4.4527177810668945
      vertex 13.119085311889648 -4.743444442749023 3.719086170196533
      vertex 13.157824516296387 -4.578661918640137 3.7578253746032715
    endloop
  endfacet
  facet normal 0.9603175985398664 -0.2789087842550388 0
    outer loop
      vertex 12.858097076416016 -5.720589637756348 3.4580979347229004
      vertex 12.9049711227417 -5.559196472167969 4.768784999847412
      vertex 12.858097076416016 -5.720589637756348 4.827377796173096
    endloop
  endfacet
  facet normal 0.9603175985398664 -0.27890878425503873 0
    outer loop
      vertex 12.9049711227417 -5.559196472167969 4.768784999847412
      vertex 12.858097076416016 -5.720589637756348 3.4580979347229004
      vertex 12.9049711227417 -5.559196472167969 3.504971981048584
    endloop
  endfacet
  facet normal 0.9413841244893572 0.33733652360722294 0
    outer loop
      vertex 12.548928260803223 6.67515754699707 5.213839054107666
      vertex 12.492799758911133 6.831791877746582 3.4000000953674316
      vertex 12.492799758911133 6.831791877746582 5.283999919891357
    endloop
  endfacet
  facet normal 0.9413841244893572 0.33733652360722294 0
    outer loop
      vertex 12.492799758911133 6.831791877746582 3.4000000953674316
      vertex 12.548928260803223 6.67515754699707 5.213839054107666
      vertex 12.548928260803223 6.67515754699707 3.4000000953674316
    endloop
  endfacet
  facet normal 0.9578536486080244 -0.2872566584925325 0
    outer loop
      vertex 12.809884071350098 -5.881355285644531 3.4098849296569824
      vertex 12.858097076416016 -5.720589637756348 4.827377796173096
      vertex 12.809884071350098 -5.881355285644531 4.887643814086914
    endloop
  endfacet
  facet normal 0.9578536486080244 -0.2872566584925325 0
    outer loop
      vertex 12.858097076416016 -5.720589637756348 4.827377796173096
      vertex 12.809884071350098 -5.881355285644531 3.4098849296569824
      vertex 12.858097076416016 -5.720589637756348 3.4580979347229004
    endloop
  endfacet
  facet normal 0.9714634980914754 0.23718910572763266 0
    outer loop
      vertex 13.119085311889648 4.743444442749023 4.5011420249938965
      vertex 13.0789794921875 4.907707214355469 3.6789803504943848
      vertex 13.0789794921875 4.907707214355469 4.551274299621582
    endloop
  endfacet
  facet normal 0.9714634980914755 0.2371891057276327 0
    outer loop
      vertex 13.0789794921875 4.907707214355469 3.6789803504943848
      vertex 13.119085311889648 4.743444442749023 4.5011420249938965
      vertex 13.119085311889648 4.743444442749023 3.719086170196533
    endloop
  endfacet
  facet normal 0.9526872277617003 -0.30395237465715935 0
    outer loop
      vertex 12.709463119506836 -6.200933456420898 3.4000000953674316
      vertex 12.760337829589844 -6.041475296020508 4.9495768547058105
      vertex 12.709463119506836 -6.200933456420898 5.01317024230957
    endloop
  endfacet
  facet normal 0.9526872277617003 -0.30395237465715935 0
    outer loop
      vertex 12.760337829589844 -6.041475296020508 4.9495768547058105
      vertex 12.709463119506836 -6.200933456420898 3.4000000953674316
      vertex 12.760337829589844 -6.041475296020508 3.4000000953674316
    endloop
  endfacet
  facet normal 0.9650092231385619 -0.26221594012856925 0
    outer loop
      vertex 12.950501441955566 -5.397194862365723 3.550502300262451
      vertex 12.994682312011719 -5.234600067138672 4.656645774841309
      vertex 12.950501441955566 -5.397194862365723 4.711872100830078
    endloop
  endfacet
  facet normal 0.9650092231385617 -0.26221594012856925 0
    outer loop
      vertex 12.994682312011719 -5.234600067138672 4.656645774841309
      vertex 12.950501441955566 -5.397194862365723 3.550502300262451
      vertex 12.994682312011719 -5.234600067138672 3.5946831703186035
    endloop
  endfacet
  facet normal 0.9772312234144688 0.21217713350844566 0
    outer loop
      vertex 13.19999885559082 4.391234874725342 4.400000095367432
      vertex 13.195191383361816 4.413376808166504 3.795192241668701
      vertex 13.195191383361816 4.413376808166504 4.406009197235107
    endloop
  endfacet
  facet normal 0.9772312234144687 0.21217713350844564 0
    outer loop
      vertex 13.195191383361816 4.413376808166504 3.795192241668701
      vertex 13.19999885559082 4.391234874725342 4.400000095367432
      vertex 13.19999885559082 4.391234874725342 3.799999713897705
    endloop
  endfacet
  facet normal 0.9352480520586941 -0.35399305236179174 0
    outer loop
      vertex 12.430706977844238 -7 3.4000000953674316
      vertex 12.435371398925781 -6.987676620483398 5.355785369873047
      vertex 12.430706977844238 -7 5.361616611480713
    endloop
  endfacet
  facet normal 0.9352480520586941 -0.35399305236179174 0
    outer loop
      vertex 12.435371398925781 -6.987676620483398 5.355785369873047
      vertex 12.430706977844238 -7 3.4000000953674316
      vertex 12.435371398925781 -6.987676620483398 3.4000000953674316
    endloop
  endfacet
  facet normal 0.95531068355998 0.2956036161418935 0
    outer loop
      vertex 12.809884071350098 5.881355285644531 4.887643814086914
      vertex 12.760337829589844 6.041475296020508 3.4000000953674316
      vertex 12.760337829589844 6.041475296020508 4.9495768547058105
    endloop
  endfacet
  facet normal 0.9553106835599798 0.2956036161418935 0
    outer loop
      vertex 12.809884071350098 5.881355285644531 3.4098849296569824
      vertex 12.760337829589844 6.041475296020508 3.4000000953674316
      vertex 12.809884071350098 5.881355285644531 4.887643814086914
    endloop
  endfacet
  facet normal 0.9553106014062739 0.2956038816026973 0.0000047118639191769645
    outer loop
      vertex 12.760337829589844 6.041475296020508 3.4000000953674316
      vertex 12.809884071350098 5.881355285644531 3.4098849296569824
      vertex 12.799999237060547 5.913300514221191 3.4000000953674316
    endloop
  endfacet
  facet normal 0.9352480520586941 0.35399305236179174 0
    outer loop
      vertex 12.435371398925781 6.987676620483398 5.355785369873047
      vertex 12.430706977844238 7 3.4000000953674316
      vertex 12.430706977844238 7 5.361616611480713
    endloop
  endfacet
  facet normal 0.9352480520586941 0.35399305236179174 0
    outer loop
      vertex 12.430706977844238 7 3.4000000953674316
      vertex 12.435371398925781 6.987676620483398 5.355785369873047
      vertex 12.435371398925781 6.987676620483398 3.4000000953674316
    endloop
  endfacet
  facet normal 0.9383487033228389 -0.3456901950769604 0
    outer loop
      vertex 12.435371398925781 -6.987676620483398 3.4000000953674316
      vertex 12.492799758911133 -6.831791877746582 5.283999919891357
      vertex 12.435371398925781 -6.987676620483398 5.355785369873047
    endloop
  endfacet
  facet normal 0.9383487033228389 -0.3456901950769604 0
    outer loop
      vertex 12.492799758911133 -6.831791877746582 5.283999919891357
      vertex 12.435371398925781 -6.987676620483398 3.4000000953674316
      vertex 12.492799758911133 -6.831791877746582 3.4000000953674316
    endloop
  endfacet
  facet normal 0.9714634980914754 -0.23718910572763266 0
    outer loop
      vertex 13.0789794921875 -4.907707214355469 3.6789803504943848
      vertex 13.119085311889648 -4.743444442749023 4.5011420249938965
      vertex 13.0789794921875 -4.907707214355469 4.551274299621582
    endloop
  endfacet
  facet normal 0.9714634980914755 -0.2371891057276327 0
    outer loop
      vertex 13.119085311889648 -4.743444442749023 4.5011420249938965
      vertex 13.0789794921875 -4.907707214355469 3.6789803504943848
      vertex 13.119085311889648 -4.743444442749023 3.719086170196533
    endloop
  endfacet
  facet normal 0.9603175985398664 0.2789087842550388 0
    outer loop
      vertex 12.9049711227417 5.559196472167969 4.768784999847412
      vertex 12.858097076416016 5.720589637756348 3.4580979347229004
      vertex 12.858097076416016 5.720589637756348 4.827377796173096
    endloop
  endfacet
  facet normal 0.9603175985398664 0.27890878425503873 0
    outer loop
      vertex 12.858097076416016 5.720589637756348 3.4580979347229004
      vertex 12.9049711227417 5.559196472167969 4.768784999847412
      vertex 12.9049711227417 5.559196472167969 3.504971981048584
    endloop
  endfacet
  facet normal 0.967236761338378 0.25387604754219245 0
    outer loop
      vertex 13.03750991821289 5.071432113647461 4.603111267089844
      vertex 12.994682312011719 5.234600067138672 3.5946831703186035
      vertex 12.994682312011719 5.234600067138672 4.656645774841309
    endloop
  endfacet
  facet normal 0.967236761338378 0.25387604754219245 0
    outer loop
      vertex 12.994682312011719 5.234600067138672 3.5946831703186035
      vertex 13.03750991821289 5.071432113647461 4.603111267089844
      vertex 13.03750991821289 5.071432113647461 3.6375107765197754
    endloop
  endfacet
  facet normal 0.9413841244893572 -0.33733652360722294 0
    outer loop
      vertex 12.492799758911133 -6.831791877746582 3.4000000953674316
      vertex 12.548928260803223 -6.67515754699707 5.213839054107666
      vertex 12.492799758911133 -6.831791877746582 5.283999919891357
    endloop
  endfacet
  facet normal 0.9413841244893572 -0.33733652360722294 0
    outer loop
      vertex 12.548928260803223 -6.67515754699707 5.213839054107666
      vertex 12.492799758911133 -6.831791877746582 3.4000000953674316
      vertex 12.548928260803223 -6.67515754699707 3.4000000953674316
    endloop
  endfacet
  facet normal 0.9443311478004254 0.32899647915126873 0
    outer loop
      vertex 12.603753089904785 6.517791748046875 5.145308017730713
      vertex 12.548928260803223 6.67515754699707 3.4000000953674316
      vertex 12.548928260803223 6.67515754699707 5.213839054107666
    endloop
  endfacet
  facet normal 0.9443311478004254 0.32899647915126873 0
    outer loop
      vertex 12.548928260803223 6.67515754699707 3.4000000953674316
      vertex 12.603753089904785 6.517791748046875 5.145308017730713
      vertex 12.603753089904785 6.517791748046875 3.4000000953674316
    endloop
  endfacet
  facet normal 0.9734608178120416 0.22885374409152856 0
    outer loop
      vertex 13.157824516296387 4.578661918640137 4.4527177810668945
      vertex 13.119085311889648 4.743444442749023 3.719086170196533
      vertex 13.119085311889648 4.743444442749023 4.5011420249938965
    endloop
  endfacet
  facet normal 0.9734608178120417 0.2288537440915286 0
    outer loop
      vertex 13.119085311889648 4.743444442749023 3.719086170196533
      vertex 13.157824516296387 4.578661918640137 4.4527177810668945
      vertex 13.157824516296387 4.578661918640137 3.7578253746032715
    endloop
  endfacet
  facet normal 0.9499846730554344 0.3122965272937879 0
    outer loop
      vertex 12.709463119506836 6.200933456420898 5.01317024230957
      vertex 12.657266616821289 6.359711647033691 3.4000000953674316
      vertex 12.657266616821289 6.359711647033691 5.078415870666504
    endloop
  endfacet
  facet normal 0.9499846730554343 0.3122965272937879 0
    outer loop
      vertex 12.657266616821289 6.359711647033691 3.4000000953674316
      vertex 12.709463119506836 6.200933456420898 5.01317024230957
      vertex 12.709463119506836 6.200933456420898 3.4000000953674316
    endloop
  endfacet
  facet normal 0.9443311478004254 -0.32899647915126873 0
    outer loop
      vertex 12.548928260803223 -6.67515754699707 3.4000000953674316
      vertex 12.603753089904785 -6.517791748046875 5.145308017730713
      vertex 12.548928260803223 -6.67515754699707 5.213839054107666
    endloop
  endfacet
  facet normal 0.9443311478004254 -0.32899647915126873 0
    outer loop
      vertex 12.603753089904785 -6.517791748046875 5.145308017730713
      vertex 12.548928260803223 -6.67515754699707 3.4000000953674316
      vertex 12.603753089904785 -6.517791748046875 3.4000000953674316
    endloop
  endfacet
  facet normal 0.9471986954177423 -0.3206472070655335 0
    outer loop
      vertex 12.603753089904785 -6.517791748046875 3.4000000953674316
      vertex 12.657266616821289 -6.359711647033691 5.078415870666504
      vertex 12.603753089904785 -6.517791748046875 5.145308017730713
    endloop
  endfacet
  facet normal 0.9471986954177423 -0.3206472070655335 0
    outer loop
      vertex 12.657266616821289 -6.359711647033691 5.078415870666504
      vertex 12.603753089904785 -6.517791748046875 3.4000000953674316
      vertex 12.657266616821289 -6.359711647033691 3.4000000953674316
    endloop
  endfacet
  facet normal 0.9753846471312756 0.22051029486306728 0
    outer loop
      vertex 13.195191383361816 4.413376808166504 4.406009197235107
      vertex 13.157824516296387 4.578661918640137 3.7578253746032715
      vertex 13.157824516296387 4.578661918640137 4.4527177810668945
    endloop
  endfacet
  facet normal 0.9753846471312757 0.22051029486306728 0
    outer loop
      vertex 13.157824516296387 4.578661918640137 3.7578253746032715
      vertex 13.195191383361816 4.413376808166504 4.406009197235107
      vertex 13.195191383361816 4.413376808166504 3.795192241668701
    endloop
  endfacet
  facet normal 0.9553106835599798 -0.2956036161418935 0
    outer loop
      vertex 12.760337829589844 -6.041475296020508 3.4000000953674316
      vertex 12.809884071350098 -5.881355285644531 3.4098849296569824
      vertex 12.809884071350098 -5.881355285644531 4.887643814086914
    endloop
  endfacet
  facet normal 0.95531068355998 -0.2956036161418935 0
    outer loop
      vertex 12.760337829589844 -6.041475296020508 3.4000000953674316
      vertex 12.809884071350098 -5.881355285644531 4.887643814086914
      vertex 12.760337829589844 -6.041475296020508 4.9495768547058105
    endloop
  endfacet
  facet normal 0.9553106014062739 -0.2956038816026973 0.0000047118639191769645
    outer loop
      vertex 12.809884071350098 -5.881355285644531 3.4098849296569824
      vertex 12.760337829589844 -6.041475296020508 3.4000000953674316
      vertex 12.799999237060547 -5.913300514221191 3.4000000953674316
    endloop
  endfacet
  facet normal 0.9526872277617003 0.30395237465715935 0
    outer loop
      vertex 12.760337829589844 6.041475296020508 4.9495768547058105
      vertex 12.709463119506836 6.200933456420898 3.4000000953674316
      vertex 12.709463119506836 6.200933456420898 5.01317024230957
    endloop
  endfacet
  facet normal 0.9526872277617003 0.30395237465715935 0
    outer loop
      vertex 12.709463119506836 6.200933456420898 3.4000000953674316
      vertex 12.760337829589844 6.041475296020508 4.9495768547058105
      vertex 12.760337829589844 6.041475296020508 3.4000000953674316
    endloop
  endfacet
  facet normal 0.9471986954177423 0.3206472070655335 0
    outer loop
      vertex 12.657266616821289 6.359711647033691 5.078415870666504
      vertex 12.603753089904785 6.517791748046875 3.4000000953674316
      vertex 12.603753089904785 6.517791748046875 5.145308017730713
    endloop
  endfacet
  facet normal 0.9471986954177423 0.3206472070655335 0
    outer loop
      vertex 12.603753089904785 6.517791748046875 3.4000000953674316
      vertex 12.657266616821289 6.359711647033691 5.078415870666504
      vertex 12.657266616821289 6.359711647033691 3.4000000953674316
    endloop
  endfacet
  facet normal 0.9650092231385619 0.26221594012856925 0
    outer loop
      vertex 12.994682312011719 5.234600067138672 4.656645774841309
      vertex 12.950501441955566 5.397194862365723 3.550502300262451
      vertex 12.950501441955566 5.397194862365723 4.711872100830078
    endloop
  endfacet
  facet normal 0.9650092231385617 0.26221594012856925 0
    outer loop
      vertex 12.950501441955566 5.397194862365723 3.550502300262451
      vertex 12.994682312011719 5.234600067138672 4.656645774841309
      vertex 12.994682312011719 5.234600067138672 3.5946831703186035
    endloop
  endfacet
  facet normal 0.9499846730554344 -0.3122965272937879 0
    outer loop
      vertex 12.657266616821289 -6.359711647033691 3.4000000953674316
      vertex 12.709463119506836 -6.200933456420898 5.01317024230957
      vertex 12.657266616821289 -6.359711647033691 5.078415870666504
    endloop
  endfacet
  facet normal 0.9499846730554343 -0.3122965272937879 0
    outer loop
      vertex 12.709463119506836 -6.200933456420898 5.01317024230957
      vertex 12.657266616821289 -6.359711647033691 3.4000000953674316
      vertex 12.709463119506836 -6.200933456420898 3.4000000953674316
    endloop
  endfacet
  facet normal 0.9693878674316421 0.24553444254591458 0
    outer loop
      vertex 13.0789794921875 4.907707214355469 4.551274299621582
      vertex 13.03750991821289 5.071432113647461 3.6375107765197754
      vertex 13.03750991821289 5.071432113647461 4.603111267089844
    endloop
  endfacet
  facet normal 0.9693878674316421 0.24553444254591458 0
    outer loop
      vertex 13.03750991821289 5.071432113647461 3.6375107765197754
      vertex 13.0789794921875 4.907707214355469 4.551274299621582
      vertex 13.0789794921875 4.907707214355469 3.6789803504943848
    endloop
  endfacet
  facet normal 0.9753846471312756 -0.22051029486306728 0
    outer loop
      vertex 13.157824516296387 -4.578661918640137 3.7578253746032715
      vertex 13.195191383361816 -4.413376808166504 4.406009197235107
      vertex 13.157824516296387 -4.578661918640137 4.4527177810668945
    endloop
  endfacet
  facet normal 0.9753846471312757 -0.22051029486306728 0
    outer loop
      vertex 13.195191383361816 -4.413376808166504 4.406009197235107
      vertex 13.157824516296387 -4.578661918640137 3.7578253746032715
      vertex 13.195191383361816 -4.413376808166504 3.795192241668701
    endloop
  endfacet
  facet normal 0.9772312234144688 -0.21217713350844566 0
    outer loop
      vertex 13.195191383361816 -4.413376808166504 3.795192241668701
      vertex 13.19999885559082 -4.391234874725342 4.400000095367432
      vertex 13.195191383361816 -4.413376808166504 4.406009197235107
    endloop
  endfacet
  facet normal 0.9772312234144687 -0.21217713350844564 0
    outer loop
      vertex 13.19999885559082 -4.391234874725342 4.400000095367432
      vertex 13.195191383361816 -4.413376808166504 3.795192241668701
      vertex 13.19999885559082 -4.391234874725342 3.799999713897705
    endloop
  endfacet
  facet normal 0.9693878674316421 -0.24553444254591458 0
    outer loop
      vertex 13.03750991821289 -5.071432113647461 3.6375107765197754
      vertex 13.0789794921875 -4.907707214355469 4.551274299621582
      vertex 13.03750991821289 -5.071432113647461 4.603111267089844
    endloop
  endfacet
  facet normal 0.9693878674316421 -0.24553444254591458 0
    outer loop
      vertex 13.0789794921875 -4.907707214355469 4.551274299621582
      vertex 13.03750991821289 -5.071432113647461 3.6375107765197754
      vertex 13.0789794921875 -4.907707214355469 3.6789803504943848
    endloop
  endfacet
  facet normal 0.9627014670456465 0.27056586138713057 0
    outer loop
      vertex 12.950501441955566 5.397194862365723 4.711872100830078
      vertex 12.9049711227417 5.559196472167969 3.504971981048584
      vertex 12.9049711227417 5.559196472167969 4.768784999847412
    endloop
  endfacet
  facet normal 0.9627014670456466 0.2705658613871306 0
    outer loop
      vertex 12.9049711227417 5.559196472167969 3.504971981048584
      vertex 12.950501441955566 5.397194862365723 4.711872100830078
      vertex 12.950501441955566 5.397194862365723 3.550502300262451
    endloop
  endfacet
  facet normal 0.9383487033228389 0.3456901950769604 0
    outer loop
      vertex 12.492799758911133 6.831791877746582 5.283999919891357
      vertex 12.435371398925781 6.987676620483398 3.4000000953674316
      vertex 12.435371398925781 6.987676620483398 5.355785369873047
    endloop
  endfacet
  facet normal 0.9383487033228389 0.3456901950769604 0
    outer loop
      vertex 12.435371398925781 6.987676620483398 3.4000000953674316
      vertex 12.492799758911133 6.831791877746582 5.283999919891357
      vertex 12.492799758911133 6.831791877746582 3.4000000953674316
    endloop
  endfacet
  facet normal -1 0 0
    outer loop
      vertex -12.799999237060547 -3.2275612354278564 4.039999485015869
      vertex -12.799999237060547 3.2275612354278564 4.049999713897705
      vertex -12.799999237060547 3.2275612354278564 4.039999485015869
    endloop
  endfacet
  facet normal -1 0 0
    outer loop
      vertex -12.799999237060547 3.2275612354278564 4.049999713897705
      vertex -12.799999237060547 -3.2275612354278564 4.039999485015869
      vertex -12.799999237060547 -3.2275612354278564 4.049999713897705
    endloop
  endfacet
  facet normal -1 0 0
    outer loop
      vertex -12.799999237060547 -3.2275612354278564 4.650000095367432
      vertex -12.799999237060547 3.2275612354278564 4.799999713897705
      vertex -12.799999237060547 3.2275612354278564 4.650000095367432
    endloop
  endfacet
  facet normal -1 0 0
    outer loop
      vertex -12.799999237060547 3.2275612354278564 4.799999713897705
      vertex -12.799999237060547 -3.2275612354278564 4.650000095367432
      vertex -12.799999237060547 -3.2275612354278564 4.799999713897705
    endloop
  endfacet
  facet normal 0 0 -1
    outer loop
      vertex -12.41897964477539 -5.33615779876709 4.039999485015869
      vertex -12.399999618530273 -5.399999618530273 4.039999485015869
      vertex -12.404108047485352 -5.399999618530273 4.039999485015869
    endloop
  endfacet
  facet normal 0 0 -1
    outer loop
      vertex -12.459085464477539 -5.15755558013916 4.039999485015869
      vertex -12.399999618530273 -5.399999618530273 4.039999485015869
      vertex -12.41897964477539 -5.33615779876709 4.039999485015869
    endloop
  endfacet
  facet normal 0 0 -1
    outer loop
      vertex -12.497824668884277 -4.978386878967285 4.039999485015869
      vertex -12.399999618530273 -5.399999618530273 4.039999485015869
      vertex -12.459085464477539 -5.15755558013916 4.039999485015869
    endloop
  endfacet
  facet normal 0 0 -1
    outer loop
      vertex -12.399999618530273 5.399999618530273 4.039999485015869
      vertex -12.41897964477539 5.33615779876709 4.039999485015869
      vertex -12.404108047485352 5.399999618530273 4.039999485015869
    endloop
  endfacet
  facet normal 0 0 -1
    outer loop
      vertex -12.399999618530273 -5.399999618530273 4.039999485015869
      vertex -12.497824668884277 -4.978386878967285 4.039999485015869
      vertex -12.399999618530273 5.399999618530273 4.039999485015869
    endloop
  endfacet
  facet normal 0 0 -1
    outer loop
      vertex -12.399999618530273 5.399999618530273 4.039999485015869
      vertex -12.459085464477539 5.15755558013916 4.039999485015869
      vertex -12.41897964477539 5.33615779876709 4.039999485015869
    endloop
  endfacet
  facet normal 0 0 -1
    outer loop
      vertex -12.497824668884277 4.978386878967285 4.039999485015869
      vertex -12.399999618530273 5.399999618530273 4.039999485015869
      vertex -12.497824668884277 -4.978386878967285 4.039999485015869
    endloop
  endfacet
  facet normal 0 0 -1
    outer loop
      vertex -12.399999618530273 5.399999618530273 4.039999485015869
      vertex -12.497824668884277 4.978386878967285 4.039999485015869
      vertex -12.459085464477539 5.15755558013916 4.039999485015869
    endloop
  endfacet
  facet normal 0 0 -1
    outer loop
      vertex -12.535191535949707 -4.798671722412109 4.039999485015869
      vertex -12.497824668884277 4.978386878967285 4.039999485015869
      vertex -12.497824668884277 -4.978386878967285 4.039999485015869
    endloop
  endfacet
  facet normal 0 0 -1
    outer loop
      vertex -12.535191535949707 -4.798671722412109 4.039999485015869
      vertex -12.535191535949707 4.798671722412109 4.039999485015869
      vertex -12.497824668884277 4.978386878967285 4.039999485015869
    endloop
  endfacet
  facet normal 0 0 -1
    outer loop
      vertex -12.571183204650879 -4.618431091308594 4.039999485015869
      vertex -12.535191535949707 4.798671722412109 4.039999485015869
      vertex -12.535191535949707 -4.798671722412109 4.039999485015869
    endloop
  endfacet
  facet normal 0 0 -1
    outer loop
      vertex -12.571183204650879 -4.618431091308594 4.039999485015869
      vertex -12.571183204650879 4.618431091308594 4.039999485015869
      vertex -12.535191535949707 4.798671722412109 4.039999485015869
    endloop
  endfacet
  facet normal 0 0 -1
    outer loop
      vertex -12.605794906616211 -4.437684059143066 4.039999485015869
      vertex -12.571183204650879 4.618431091308594 4.039999485015869
      vertex -12.571183204650879 -4.618431091308594 4.039999485015869
    endloop
  endfacet
  facet normal 0 0 -1
    outer loop
      vertex -12.605794906616211 -4.437684059143066 4.039999485015869
      vertex -12.605794906616211 4.437684059143066 4.039999485015869
      vertex -12.571183204650879 4.618431091308594 4.039999485015869
    endloop
  endfacet
  facet normal 0 0 -1
    outer loop
      vertex -12.639022827148438 -4.2564496994018555 4.039999485015869
      vertex -12.605794906616211 4.437684059143066 4.039999485015869
      vertex -12.605794906616211 -4.437684059143066 4.039999485015869
    endloop
  endfacet
  facet normal 0 0 -1
    outer loop
      vertex -12.639022827148438 -4.2564496994018555 4.039999485015869
      vertex -12.639022827148438 4.2564496994018555 4.039999485015869
      vertex -12.605794906616211 4.437684059143066 4.039999485015869
    endloop
  endfacet
  facet normal 0 0 -1
    outer loop
      vertex -12.67086410522461 -4.074749946594238 4.039999485015869
      vertex -12.639022827148438 4.2564496994018555 4.039999485015869
      vertex -12.639022827148438 -4.2564496994018555 4.039999485015869
    endloop
  endfacet
  facet normal 0 0 -1
    outer loop
      vertex -12.67086410522461 -4.074749946594238 4.039999485015869
      vertex -12.67086410522461 4.074749946594238 4.039999485015869
      vertex -12.639022827148438 4.2564496994018555 4.039999485015869
    endloop
  endfacet
  facet normal 0 0 -1
    outer loop
      vertex -12.701314926147461 -3.89260196685791 4.039999485015869
      vertex -12.67086410522461 4.074749946594238 4.039999485015869
      vertex -12.67086410522461 -4.074749946594238 4.039999485015869
    endloop
  endfacet
  facet normal 0 0 -1
    outer loop
      vertex -12.701314926147461 -3.89260196685791 4.039999485015869
      vertex -12.701314926147461 3.89260196685791 4.039999485015869
      vertex -12.67086410522461 4.074749946594238 4.039999485015869
    endloop
  endfacet
  facet normal 0 0 -1
    outer loop
      vertex -12.730371475219727 -3.7100276947021484 4.039999485015869
      vertex -12.701314926147461 3.89260196685791 4.039999485015869
      vertex -12.701314926147461 -3.89260196685791 4.039999485015869
    endloop
  endfacet
  facet normal 0 0 -1
    outer loop
      vertex -12.730371475219727 -3.7100276947021484 4.039999485015869
      vertex -12.730371475219727 3.7100276947021484 4.039999485015869
      vertex -12.701314926147461 3.89260196685791 4.039999485015869
    endloop
  endfacet
  facet normal 0 0 -1
    outer loop
      vertex -12.758030891418457 -3.5270462036132812 4.039999485015869
      vertex -12.730371475219727 3.7100276947021484 4.039999485015869
      vertex -12.730371475219727 -3.7100276947021484 4.039999485015869
    endloop
  endfacet
  facet normal 0 0 -1
    outer loop
      vertex -12.758030891418457 -3.5270462036132812 4.039999485015869
      vertex -12.758030891418457 3.5270462036132812 4.039999485015869
      vertex -12.730371475219727 3.7100276947021484 4.039999485015869
    endloop
  endfacet
  facet normal 0 0 -1
    outer loop
      vertex -12.784290313720703 -3.3436784744262695 4.039999485015869
      vertex -12.758030891418457 3.5270462036132812 4.039999485015869
      vertex -12.758030891418457 -3.5270462036132812 4.039999485015869
    endloop
  endfacet
  facet normal 0 0 -1
    outer loop
      vertex -12.784290313720703 -3.3436784744262695 4.039999485015869
      vertex -12.784290313720703 3.3436784744262695 4.039999485015869
      vertex -12.758030891418457 3.5270462036132812 4.039999485015869
    endloop
  endfacet
  facet normal 0 0 -1
    outer loop
      vertex -12.799999237060547 -3.2275612354278564 4.039999485015869
      vertex -12.784290313720703 3.3436784744262695 4.039999485015869
      vertex -12.784290313720703 -3.3436784744262695 4.039999485015869
    endloop
  endfacet
  facet normal 0 0 -1
    outer loop
      vertex -12.784290313720703 3.3436784744262695 4.039999485015869
      vertex -12.799999237060547 -3.2275612354278564 4.039999485015869
      vertex -12.799999237060547 3.2275612354278564 4.039999485015869
    endloop
  endfacet
  facet normal 1 0 0
    outer loop
      vertex -12.399999618530273 -5.399999618530273 5.400000095367432
      vertex -12.399999618530273 5.399999618530273 4.049999713897705
      vertex -12.399999618530273 5.399999618530273 5.400000095367432
    endloop
  endfacet
  facet normal 1 0 0
    outer loop
      vertex -12.399999618530273 5.399999618530273 4.049999713897705
      vertex -12.399999618530273 -5.399999618530273 5.400000095367432
      vertex -12.399999618530273 -5.399999618530273 4.049999713897705
    endloop
  endfacet
  facet normal 1 0 0
    outer loop
      vertex -12.399999618530273 -5.399999618530273 4.049999713897705
      vertex -12.399999618530273 5.399999618530273 4.039999485015869
      vertex -12.399999618530273 5.399999618530273 4.049999713897705
    endloop
  endfacet
  facet normal 1 0 0
    outer loop
      vertex -12.399999618530273 5.399999618530273 4.039999485015869
      vertex -12.399999618530273 -5.399999618530273 4.049999713897705
      vertex -12.399999618530273 -5.399999618530273 4.039999485015869
    endloop
  endfacet
  facet normal 0 -1 0
    outer loop
      vertex -12.404108047485352 -5.399999618530273 4.056162357330322
      vertex -12.399999618530273 -5.399999618530273 5.400000095367432
      vertex -12.404108047485352 -5.399999618530273 5.3938374519348145
    endloop
  endfacet
  facet normal 0 -1 0
    outer loop
      vertex -12.399999618530273 -5.399999618530273 5.400000095367432
      vertex -12.404108047485352 -5.399999618530273 4.056162357330322
      vertex -12.399999618530273 -5.399999618530273 4.049999713897705
    endloop
  endfacet
  facet normal 0 -1 0
    outer loop
      vertex -12.404108047485352 -5.399999618530273 4.039999485015869
      vertex -12.399999618530273 -5.399999618530273 4.049999713897705
      vertex -12.404108047485352 -5.399999618530273 4.049999713897705
    endloop
  endfacet
  facet normal 0 -1 0
    outer loop
      vertex -12.399999618530273 -5.399999618530273 4.049999713897705
      vertex -12.404108047485352 -5.399999618530273 4.039999485015869
      vertex -12.399999618530273 -5.399999618530273 4.039999485015869
    endloop
  endfacet
  facet normal 0 1 0
    outer loop
      vertex -12.399999618530273 5.399999618530273 5.400000095367432
      vertex -12.404108047485352 5.399999618530273 4.056162357330322
      vertex -12.404108047485352 5.399999618530273 5.3938374519348145
    endloop
  endfacet
  facet normal 0 1 0
    outer loop
      vertex -12.404108047485352 5.399999618530273 4.056162357330322
      vertex -12.399999618530273 5.399999618530273 5.400000095367432
      vertex -12.399999618530273 5.399999618530273 4.049999713897705
    endloop
  endfacet
  facet normal 0 1 0
    outer loop
      vertex -12.399999618530273 5.399999618530273 4.039999485015869
      vertex -12.404108047485352 5.399999618530273 4.049999713897705
      vertex -12.399999618530273 5.399999618530273 4.049999713897705
    endloop
  endfacet
  facet normal 0 1 0
    outer loop
      vertex -12.404108047485352 5.399999618530273 4.049999713897705
      vertex -12.399999618530273 5.399999618530273 4.039999485015869
      vertex -12.404108047485352 5.399999618530273 4.039999485015869
    endloop
  endfacet
  facet normal -0.8320502943378437 0 0.5547001962252291
    outer loop
      vertex -12.41897964477539 5.33615779876709 5.371530055999756
      vertex -12.399999618530273 5.399999618530273 5.400000095367432
      vertex -12.404108047485352 5.399999618530273 5.3938374519348145
    endloop
  endfacet
  facet normal -0.8320502943378436 0 0.554700196225229
    outer loop
      vertex -12.459085464477539 5.15755558013916 5.311371326446533
      vertex -12.399999618530273 5.399999618530273 5.400000095367432
      vertex -12.41897964477539 5.33615779876709 5.371530055999756
    endloop
  endfacet
  facet normal -0.8320337711414879 -0.000013086930570795085 0.5547249800656237
    outer loop
      vertex -12.497824668884277 4.978386878967285 5.253262042999268
      vertex -12.399999618530273 5.399999618530273 5.400000095367432
      vertex -12.459085464477539 5.15755558013916 5.311371326446533
    endloop
  endfacet
  facet normal -0.8320583026975085 0.00000541170700394862 0.554688183471448
    outer loop
      vertex -12.535191535949707 4.798671722412109 5.197211742401123
      vertex -12.399999618530273 5.399999618530273 5.400000095367432
      vertex -12.497824668884277 4.978386878967285 5.253262042999268
    endloop
  endfacet
  facet normal -0.8320556787187732 0.0000034943949819999832 0.5546921195578958
    outer loop
      vertex -12.571183204650879 4.618431091308594 5.143224239349365
      vertex -12.399999618530273 5.399999618530273 5.400000095367432
      vertex -12.535191535949707 4.798671722412109 5.197211742401123
    endloop
  endfacet
  facet normal -0.8320540762775797 0.0000023537060902824434 0.55469452326873
    outer loop
      vertex -12.605794906616211 4.437684059143066 5.091306686401367
      vertex -12.399999618530273 5.399999618530273 5.400000095367432
      vertex -12.571183204650879 4.618431091308594 5.143224239349365
    endloop
  endfacet
  facet normal -0.8320530660746077 0.0000016515806040061333 0.5546960385951181
    outer loop
      vertex -12.639022827148438 4.2564496994018555 5.041464805603027
      vertex -12.399999618530273 5.399999618530273 5.400000095367432
      vertex -12.605794906616211 4.437684059143066 5.091306686401367
    endloop
  endfacet
  facet normal -0.8320391401735063 -0.000007808314794287778 0.5547169270523142
    outer loop
      vertex -12.67086410522461 4.074749946594238 4.993702411651611
      vertex -12.399999618530273 5.399999618530273 5.400000095367432
      vertex -12.639022827148438 4.2564496994018555 5.041464805603027
    endloop
  endfacet
  facet normal -0.8320535949707295 0.00000179331815092326 0.5546952452410866
    outer loop
      vertex -12.701314926147461 3.89260196685791 4.948026180267334
      vertex -12.399999618530273 5.399999618530273 5.400000095367432
      vertex -12.67086410522461 4.074749946594238 4.993702411651611
    endloop
  endfacet
  facet normal -0.8320529446778583 0.0000013708536559148987 0.5546962206929354
    outer loop
      vertex -12.730371475219727 3.7100276947021484 4.9044413566589355
      vertex -12.399999618530273 5.399999618530273 5.400000095367432
      vertex -12.701314926147461 3.89260196685791 4.948026180267334
    endloop
  endfacet
  facet normal -0.8320524670127274 0.0000010673708118352126 0.5546969371980477
    outer loop
      vertex -12.758030891418457 3.5270462036132812 4.86295223236084
      vertex -12.399999618530273 5.399999618530273 5.400000095367432
      vertex -12.730371475219727 3.7100276947021484 4.9044413566589355
    endloop
  endfacet
  facet normal -0.832052106659126 8.434939022486823e-7 0.5546974777330422
    outer loop
      vertex -12.784290313720703 3.3436784744262695 4.823563098907471
      vertex -12.399999618530273 5.399999618530273 5.400000095367432
      vertex -12.758030891418457 3.5270462036132812 4.86295223236084
    endloop
  endfacet
  facet normal -0.8320518284313133 6.745060604496625e-7 0.5546978950777202
    outer loop
      vertex -12.799999237060547 3.2275612354278564 4.799999713897705
      vertex -12.399999618530273 5.399999618530273 5.400000095367432
      vertex -12.784290313720703 3.3436784744262695 4.823563098907471
    endloop
  endfacet
  facet normal -0.8320507012631989 0 0.5546995858367112
    outer loop
      vertex -12.799999237060547 -3.2275612354278564 4.799999713897705
      vertex -12.399999618530273 5.399999618530273 5.400000095367432
      vertex -12.799999237060547 3.2275612354278564 4.799999713897705
    endloop
  endfacet
  facet normal -0.8320503981997163 -4.566561314270574e-8 0.554700040432387
    outer loop
      vertex -12.784290313720703 -3.3436784744262695 4.823563098907471
      vertex -12.399999618530273 5.399999618530273 5.400000095367432
      vertex -12.799999237060547 -3.2275612354278564 4.799999713897705
    endloop
  endfacet
  facet normal -0.8320503938038193 -4.6293522825103665e-8 0.5547000470262348
    outer loop
      vertex -12.758030891418457 -3.5270462036132812 4.86295223236084
      vertex -12.399999618530273 5.399999618530273 5.400000095367432
      vertex -12.784290313720703 -3.3436784744262695 4.823563098907471
    endloop
  endfacet
  facet normal -0.8320503896677894 -4.683263715772785e-8 0.554700053230282
    outer loop
      vertex -12.730371475219727 -3.7100276947021484 4.9044413566589355
      vertex -12.399999618530273 5.399999618530273 5.400000095367432
      vertex -12.758030891418457 -3.5270462036132812 4.86295223236084
    endloop
  endfacet
  facet normal -0.8320503857701946 -4.7292008716401534e-8 0.5547000590766764
    outer loop
      vertex -12.701314926147461 -3.89260196685791 4.948026180267334
      vertex -12.399999618530273 5.399999618530273 5.400000095367432
      vertex -12.730371475219727 -3.7100276947021484 4.9044413566589355
    endloop
  endfacet
  facet normal -0.8320503820931978 -4.767949936356905e-8 0.5547000645921734
    outer loop
      vertex -12.67086410522461 -4.074749946594238 4.993702411651611
      vertex -12.399999618530273 5.399999618530273 5.400000095367432
      vertex -12.701314926147461 -3.89260196685791 4.948026180267334
    endloop
  endfacet
  facet normal -0.8320525760766443 1.561669423047892e-7 0.5546967736017541
    outer loop
      vertex -12.639022827148438 -4.2564496994018555 5.041464805603027
      vertex -12.399999618530273 5.399999618530273 5.400000095367432
      vertex -12.67086410522461 -4.074749946594238 4.993702411651611
    endloop
  endfacet
  facet normal -0.8320503348388585 -2.4133033632077587e-8 0.5547001354737015
    outer loop
      vertex -12.605794906616211 -4.437684059143066 5.091306686401367
      vertex -12.399999618530273 5.399999618530273 5.400000095367432
      vertex -12.639022827148438 -4.2564496994018555 5.041464805603027
    endloop
  endfacet
  facet normal -0.832050333284836 -2.4238687096687854e-8 0.5547001378047356
    outer loop
      vertex -12.571183204650879 -4.618431091308594 5.143224239349365
      vertex -12.399999618530273 5.399999618530273 5.400000095367432
      vertex -12.605794906616211 -4.437684059143066 5.091306686401367
    endloop
  endfacet
  facet normal -0.8320503318126008 -2.432044383875366e-8 0.5547001400130888
    outer loop
      vertex -12.535191535949707 -4.798671722412109 5.197211742401123
      vertex -12.399999618530273 5.399999618530273 5.400000095367432
      vertex -12.571183204650879 -4.618431091308594 5.143224239349365
    endloop
  endfacet
  facet normal -0.8320583026975085 -0.00000541170700394862 0.554688183471448
    outer loop
      vertex -12.399999618530273 -5.399999618530273 5.400000095367432
      vertex -12.535191535949707 -4.798671722412109 5.197211742401123
      vertex -12.497824668884277 -4.978386878967285 5.253262042999268
    endloop
  endfacet
  facet normal -0.8320337711414879 0.000013086930570795085 0.5547249800656237
    outer loop
      vertex -12.399999618530273 -5.399999618530273 5.400000095367432
      vertex -12.497824668884277 -4.978386878967285 5.253262042999268
      vertex -12.459085464477539 -5.15755558013916 5.311371326446533
    endloop
  endfacet
  facet normal -0.8320502943378436 0 0.554700196225229
    outer loop
      vertex -12.399999618530273 -5.399999618530273 5.400000095367432
      vertex -12.459085464477539 -5.15755558013916 5.311371326446533
      vertex -12.41897964477539 -5.33615779876709 5.371530055999756
    endloop
  endfacet
  facet normal -0.8320502943378437 0 0.5547001962252291
    outer loop
      vertex -12.399999618530273 -5.399999618530273 5.400000095367432
      vertex -12.41897964477539 -5.33615779876709 5.371530055999756
      vertex -12.404108047485352 -5.399999618530273 5.3938374519348145
    endloop
  endfacet
  facet normal -0.8320508963333667 0 0.5546992932308831
    outer loop
      vertex -12.535191535949707 -4.798671722412109 5.197211742401123
      vertex -12.399999618530273 -5.399999618530273 5.400000095367432
      vertex -12.399999618530273 5.399999618530273 5.400000095367432
    endloop
  endfacet
  facet normal 0 0 1
    outer loop
      vertex -12.41897964477539 5.33615779876709 4.049999713897705
      vertex -12.399999618530273 5.399999618530273 4.049999713897705
      vertex -12.404108047485352 5.399999618530273 4.049999713897705
    endloop
  endfacet
  facet normal 0 0 1
    outer loop
      vertex -12.459085464477539 5.15755558013916 4.049999713897705
      vertex -12.399999618530273 5.399999618530273 4.049999713897705
      vertex -12.41897964477539 5.33615779876709 4.049999713897705
    endloop
  endfacet
  facet normal 0 0 1
    outer loop
      vertex -12.497824668884277 4.978386878967285 4.049999713897705
      vertex -12.399999618530273 5.399999618530273 4.049999713897705
      vertex -12.459085464477539 5.15755558013916 4.049999713897705
    endloop
  endfacet
  facet normal 0 0 1
    outer loop
      vertex -12.399999618530273 -5.399999618530273 4.049999713897705
      vertex -12.41897964477539 -5.33615779876709 4.049999713897705
      vertex -12.404108047485352 -5.399999618530273 4.049999713897705
    endloop
  endfacet
  facet normal 0 0 1
    outer loop
      vertex -12.399999618530273 5.399999618530273 4.049999713897705
      vertex -12.497824668884277 4.978386878967285 4.049999713897705
      vertex -12.399999618530273 -5.399999618530273 4.049999713897705
    endloop
  endfacet
  facet normal 0 0 1
    outer loop
      vertex -12.399999618530273 -5.399999618530273 4.049999713897705
      vertex -12.459085464477539 -5.15755558013916 4.049999713897705
      vertex -12.41897964477539 -5.33615779876709 4.049999713897705
    endloop
  endfacet
  facet normal 0 0 1
    outer loop
      vertex -12.497824668884277 -4.978386878967285 4.049999713897705
      vertex -12.399999618530273 -5.399999618530273 4.049999713897705
      vertex -12.497824668884277 4.978386878967285 4.049999713897705
    endloop
  endfacet
  facet normal 0 0 1
    outer loop
      vertex -12.399999618530273 -5.399999618530273 4.049999713897705
      vertex -12.497824668884277 -4.978386878967285 4.049999713897705
      vertex -12.459085464477539 -5.15755558013916 4.049999713897705
    endloop
  endfacet
  facet normal 0 0 1
    outer loop
      vertex -12.535191535949707 4.798671722412109 4.049999713897705
      vertex -12.497824668884277 -4.978386878967285 4.049999713897705
      vertex -12.497824668884277 4.978386878967285 4.049999713897705
    endloop
  endfacet
  facet normal 0 0 1
    outer loop
      vertex -12.535191535949707 4.798671722412109 4.049999713897705
      vertex -12.535191535949707 -4.798671722412109 4.049999713897705
      vertex -12.497824668884277 -4.978386878967285 4.049999713897705
    endloop
  endfacet
  facet normal 0 0 1
    outer loop
      vertex -12.571183204650879 4.618431091308594 4.049999713897705
      vertex -12.535191535949707 -4.798671722412109 4.049999713897705
      vertex -12.535191535949707 4.798671722412109 4.049999713897705
    endloop
  endfacet
  facet normal 0 0 1
    outer loop
      vertex -12.571183204650879 4.618431091308594 4.049999713897705
      vertex -12.571183204650879 -4.618431091308594 4.049999713897705
      vertex -12.535191535949707 -4.798671722412109 4.049999713897705
    endloop
  endfacet
  facet normal 0 0 1
    outer loop
      vertex -12.605794906616211 4.437684059143066 4.049999713897705
      vertex -12.571183204650879 -4.618431091308594 4.049999713897705
      vertex -12.571183204650879 4.618431091308594 4.049999713897705
    endloop
  endfacet
  facet normal 0 0 1
    outer loop
      vertex -12.605794906616211 4.437684059143066 4.049999713897705
      vertex -12.605794906616211 -4.437684059143066 4.049999713897705
      vertex -12.571183204650879 -4.618431091308594 4.049999713897705
    endloop
  endfacet
  facet normal 0 0 1
    outer loop
      vertex -12.639022827148438 4.2564496994018555 4.049999713897705
      vertex -12.605794906616211 -4.437684059143066 4.049999713897705
      vertex -12.605794906616211 4.437684059143066 4.049999713897705
    endloop
  endfacet
  facet normal 0 0 1
    outer loop
      vertex -12.639022827148438 4.2564496994018555 4.049999713897705
      vertex -12.639022827148438 -4.2564496994018555 4.049999713897705
      vertex -12.605794906616211 -4.437684059143066 4.049999713897705
    endloop
  endfacet
  facet normal 0 0 1
    outer loop
      vertex -12.67086410522461 4.074749946594238 4.049999713897705
      vertex -12.639022827148438 -4.2564496994018555 4.049999713897705
      vertex -12.639022827148438 4.2564496994018555 4.049999713897705
    endloop
  endfacet
  facet normal 0 0 1
    outer loop
      vertex -12.67086410522461 4.074749946594238 4.049999713897705
      vertex -12.67086410522461 -4.074749946594238 4.049999713897705
      vertex -12.639022827148438 -4.2564496994018555 4.049999713897705
    endloop
  endfacet
  facet normal 0 0 1
    outer loop
      vertex -12.701314926147461 3.89260196685791 4.049999713897705
      vertex -12.67086410522461 -4.074749946594238 4.049999713897705
      vertex -12.67086410522461 4.074749946594238 4.049999713897705
    endloop
  endfacet
  facet normal 0 0 1
    outer loop
      vertex -12.701314926147461 3.89260196685791 4.049999713897705
      vertex -12.701314926147461 -3.89260196685791 4.049999713897705
      vertex -12.67086410522461 -4.074749946594238 4.049999713897705
    endloop
  endfacet
  facet normal 0 0 1
    outer loop
      vertex -12.730371475219727 3.7100276947021484 4.049999713897705
      vertex -12.701314926147461 -3.89260196685791 4.049999713897705
      vertex -12.701314926147461 3.89260196685791 4.049999713897705
    endloop
  endfacet
  facet normal 0 0 1
    outer loop
      vertex -12.730371475219727 3.7100276947021484 4.049999713897705
      vertex -12.730371475219727 -3.7100276947021484 4.049999713897705
      vertex -12.701314926147461 -3.89260196685791 4.049999713897705
    endloop
  endfacet
  facet normal 0 0 1
    outer loop
      vertex -12.758030891418457 3.5270462036132812 4.049999713897705
      vertex -12.730371475219727 -3.7100276947021484 4.049999713897705
      vertex -12.730371475219727 3.7100276947021484 4.049999713897705
    endloop
  endfacet
  facet normal 0 0 1
    outer loop
      vertex -12.758030891418457 3.5270462036132812 4.049999713897705
      vertex -12.758030891418457 -3.5270462036132812 4.049999713897705
      vertex -12.730371475219727 -3.7100276947021484 4.049999713897705
    endloop
  endfacet
  facet normal 0 0 1
    outer loop
      vertex -12.784290313720703 3.3436784744262695 4.049999713897705
      vertex -12.758030891418457 -3.5270462036132812 4.049999713897705
      vertex -12.758030891418457 3.5270462036132812 4.049999713897705
    endloop
  endfacet
  facet normal 0 0 1
    outer loop
      vertex -12.784290313720703 3.3436784744262695 4.049999713897705
      vertex -12.784290313720703 -3.3436784744262695 4.049999713897705
      vertex -12.758030891418457 -3.5270462036132812 4.049999713897705
    endloop
  endfacet
  facet normal 0 0 1
    outer loop
      vertex -12.799999237060547 3.2275612354278564 4.049999713897705
      vertex -12.784290313720703 -3.3436784744262695 4.049999713897705
      vertex -12.784290313720703 3.3436784744262695 4.049999713897705
    endloop
  endfacet
  facet normal 0 0 1
    outer loop
      vertex -12.784290313720703 -3.3436784744262695 4.049999713897705
      vertex -12.799999237060547 3.2275612354278564 4.049999713897705
      vertex -12.799999237060547 -3.2275612354278564 4.049999713897705
    endloop
  endfacet
  facet normal -0.8320502943378437 0 -0.5547001962252291
    outer loop
      vertex -12.399999618530273 5.399999618530273 4.049999713897705
      vertex -12.41897964477539 5.33615779876709 4.078469753265381
      vertex -12.404108047485352 5.399999618530273 4.056162357330322
    endloop
  endfacet
  facet normal -0.8320502943378436 0 -0.554700196225229
    outer loop
      vertex -12.399999618530273 5.399999618530273 4.049999713897705
      vertex -12.459085464477539 5.15755558013916 4.1386284828186035
      vertex -12.41897964477539 5.33615779876709 4.078469753265381
    endloop
  endfacet
  facet normal -0.8320502943378437 0 -0.5547001962252291
    outer loop
      vertex -12.399999618530273 5.399999618530273 4.049999713897705
      vertex -12.497824668884277 4.978386878967285 4.196737289428711
      vertex -12.459085464477539 5.15755558013916 4.1386284828186035
    endloop
  endfacet
  facet normal -0.8320502943378437 0 -0.5547001962252291
    outer loop
      vertex -12.399999618530273 5.399999618530273 4.049999713897705
      vertex -12.535191535949707 4.798671722412109 4.2527875900268555
      vertex -12.497824668884277 4.978386878967285 4.196737289428711
    endloop
  endfacet
  facet normal -0.832032328904233 -0.000013126476306672668 -0.554727143274866
    outer loop
      vertex -12.399999618530273 5.399999618530273 4.049999713897705
      vertex -12.571183204650879 4.618431091308594 4.3067755699157715
      vertex -12.535191535949707 4.798671722412109 4.2527875900268555
    endloop
  endfacet
  facet normal -0.8320540762775797 0.0000023537060902824434 -0.55469452326873
    outer loop
      vertex -12.399999618530273 5.399999618530273 4.049999713897705
      vertex -12.605794906616211 4.437684059143066 4.3586931228637695
      vertex -12.571183204650879 4.618431091308594 4.3067755699157715
    endloop
  endfacet
  facet normal -0.8320530660746077 0.0000016515806040061333 -0.5546960385951181
    outer loop
      vertex -12.399999618530273 5.399999618530273 4.049999713897705
      vertex -12.639022827148438 4.2564496994018555 4.408535003662109
      vertex -12.605794906616211 4.437684059143066 4.3586931228637695
    endloop
  endfacet
  facet normal -0.8320524013133139 0.0000011999975415086069 -0.5546970357477203
    outer loop
      vertex -12.399999618530273 5.399999618530273 4.049999713897705
      vertex -12.67086410522461 4.074749946594238 4.456296920776367
      vertex -12.639022827148438 4.2564496994018555 4.408535003662109
    endloop
  endfacet
  facet normal -0.8320519446656686 8.966630770552011e-7 -0.5546977207247883
    outer loop
      vertex -12.399999618530273 5.399999618530273 4.049999713897705
      vertex -12.701314926147461 3.89260196685791 4.5019731521606445
      vertex -12.67086410522461 4.074749946594238 4.456296920776367
    endloop
  endfacet
  facet normal -0.8320516195151695 6.854292841929271e-7 -0.5546982084536723
    outer loop
      vertex -12.399999618530273 5.399999618530273 4.049999713897705
      vertex -12.730371475219727 3.7100276947021484 4.545557975769043
      vertex -12.701314926147461 3.89260196685791 4.5019731521606445
    endloop
  endfacet
  facet normal -0.8320413471108987 -0.000005840979013609828 -0.5547136168003847
    outer loop
      vertex -12.399999618530273 5.399999618530273 4.049999713897705
      vertex -12.758030891418457 3.5270462036132812 4.587047576904297
      vertex -12.730371475219727 3.7100276947021484 4.545557975769043
    endloop
  endfacet
  facet normal -0.832052106659126 8.434939022486823e-7 -0.5546974777330422
    outer loop
      vertex -12.399999618530273 5.399999618530273 4.049999713897705
      vertex -12.784290313720703 3.3436784744262695 4.626436710357666
      vertex -12.758030891418457 3.5270462036132812 4.587047576904297
    endloop
  endfacet
  facet normal -0.8320518284313133 6.745060604496625e-7 -0.5546978950777202
    outer loop
      vertex -12.399999618530273 5.399999618530273 4.049999713897705
      vertex -12.799999237060547 3.2275612354278564 4.650000095367432
      vertex -12.784290313720703 3.3436784744262695 4.626436710357666
    endloop
  endfacet
  facet normal -0.8320507012631989 0 -0.5546995858367112
    outer loop
      vertex -12.399999618530273 5.399999618530273 4.049999713897705
      vertex -12.799999237060547 -3.2275612354278564 4.650000095367432
      vertex -12.799999237060547 3.2275612354278564 4.650000095367432
    endloop
  endfacet
  facet normal -0.8320503981997163 -4.566561314270574e-8 -0.554700040432387
    outer loop
      vertex -12.399999618530273 5.399999618530273 4.049999713897705
      vertex -12.784290313720703 -3.3436784744262695 4.626436710357666
      vertex -12.799999237060547 -3.2275612354278564 4.650000095367432
    endloop
  endfacet
  facet normal -0.8320503938038193 -4.6293522825103665e-8 -0.5547000470262348
    outer loop
      vertex -12.399999618530273 5.399999618530273 4.049999713897705
      vertex -12.758030891418457 -3.5270462036132812 4.587047576904297
      vertex -12.784290313720703 -3.3436784744262695 4.626436710357666
    endloop
  endfacet
  facet normal -0.8320527150571787 2.562731736482046e-7 -0.5546965651290008
    outer loop
      vertex -12.399999618530273 5.399999618530273 4.049999713897705
      vertex -12.730371475219727 -3.7100276947021484 4.545557975769043
      vertex -12.758030891418457 -3.5270462036132812 4.587047576904297
    endloop
  endfacet
  facet normal -0.8320503400540278 -2.3646007281415676e-8 -0.5547001276509462
    outer loop
      vertex -12.399999618530273 5.399999618530273 4.049999713897705
      vertex -12.701314926147461 -3.89260196685791 4.5019731521606445
      vertex -12.730371475219727 -3.7100276947021484 4.545557975769043
    endloop
  endfacet
  facet normal -0.8320503382155288 -2.3839752510429245e-8 -0.5547001304086954
    outer loop
      vertex -12.399999618530273 5.399999618530273 4.049999713897705
      vertex -12.67086410522461 -4.074749946594238 4.456296920776367
      vertex -12.701314926147461 -3.89260196685791 4.5019731521606445
    endloop
  endfacet
  facet normal -0.8320503364794233 -2.4001056166038206e-8 -0.554700133012854
    outer loop
      vertex -12.399999618530273 5.399999618530273 4.049999713897705
      vertex -12.639022827148438 -4.2564496994018555 4.408535003662109
      vertex -12.67086410522461 -4.074749946594238 4.456296920776367
    endloop
  endfacet
  facet normal -0.8320503348388585 -2.4133033632077587e-8 -0.5547001354737015
    outer loop
      vertex -12.399999618530273 5.399999618530273 4.049999713897705
      vertex -12.605794906616211 -4.437684059143066 4.3586931228637695
      vertex -12.639022827148438 -4.2564496994018555 4.408535003662109
    endloop
  endfacet
  facet normal -0.832050333284836 -2.4238687096687854e-8 -0.5547001378047356
    outer loop
      vertex -12.399999618530273 5.399999618530273 4.049999713897705
      vertex -12.571183204650879 -4.618431091308594 4.3067755699157715
      vertex -12.605794906616211 -4.437684059143066 4.3586931228637695
    endloop
  endfacet
  facet normal -0.8320524147781813 9.135194431884147e-8 -0.5546970155515432
    outer loop
      vertex -12.399999618530273 5.399999618530273 4.049999713897705
      vertex -12.535191535949707 -4.798671722412109 4.2527875900268555
      vertex -12.571183204650879 -4.618431091308594 4.3067755699157715
    endloop
  endfacet
  facet normal -0.8320502943378437 0 -0.5547001962252291
    outer loop
      vertex -12.399999618530273 -5.399999618530273 4.049999713897705
      vertex -12.535191535949707 -4.798671722412109 4.2527875900268555
      vertex -12.399999618530273 5.399999618530273 4.049999713897705
    endloop
  endfacet
  facet normal -0.8320502943378437 0 -0.5547001962252291
    outer loop
      vertex -12.535191535949707 -4.798671722412109 4.2527875900268555
      vertex -12.399999618530273 -5.399999618530273 4.049999713897705
      vertex -12.497824668884277 -4.978386878967285 4.196737289428711
    endloop
  endfacet
  facet normal -0.8320502943378437 0 -0.5547001962252291
    outer loop
      vertex -12.497824668884277 -4.978386878967285 4.196737289428711
      vertex -12.399999618530273 -5.399999618530273 4.049999713897705
      vertex -12.459085464477539 -5.15755558013916 4.1386284828186035
    endloop
  endfacet
  facet normal -0.8320502943378436 0 -0.554700196225229
    outer loop
      vertex -12.459085464477539 -5.15755558013916 4.1386284828186035
      vertex -12.399999618530273 -5.399999618530273 4.049999713897705
      vertex -12.41897964477539 -5.33615779876709 4.078469753265381
    endloop
  endfacet
  facet normal -0.8320502943378437 0 -0.5547001962252291
    outer loop
      vertex -12.41897964477539 -5.33615779876709 4.078469753265381
      vertex -12.399999618530273 -5.399999618530273 4.049999713897705
      vertex -12.404108047485352 -5.399999618530273 4.056162357330322
    endloop
  endfacet
  facet normal -0.9790606100678568 -0.20356896083036835 0
    outer loop
      vertex -12.497824668884277 -4.978386878967285 4.039999485015869
      vertex -12.535191535949707 -4.798671722412109 4.049999713897705
      vertex -12.535191535949707 -4.798671722412109 4.039999485015869
    endloop
  endfacet
  facet normal -0.9790606100678568 -0.20356896083036835 0
    outer loop
      vertex -12.535191535949707 -4.798671722412109 4.049999713897705
      vertex -12.497824668884277 -4.978386878967285 4.039999485015869
      vertex -12.497824668884277 -4.978386878967285 4.049999713897705
    endloop
  endfacet
  facet normal -0.9790606100678568 -0.20356896083036835 0
    outer loop
      vertex -12.497824668884277 -4.978386878967285 4.196737289428711
      vertex -12.535191535949707 -4.798671722412109 5.197211742401123
      vertex -12.535191535949707 -4.798671722412109 4.2527875900268555
    endloop
  endfacet
  facet normal -0.9790606100678567 -0.20356896083036835 0
    outer loop
      vertex -12.535191535949707 -4.798671722412109 5.197211742401123
      vertex -12.497824668884277 -4.978386878967285 4.196737289428711
      vertex -12.497824668884277 -4.978386878967285 5.253262042999268
    endloop
  endfacet
  facet normal -0.9875713727534622 -0.15717119239174315 0
    outer loop
      vertex -12.701314926147461 -3.89260196685791 4.039999485015869
      vertex -12.730371475219727 -3.7100276947021484 4.049999713897705
      vertex -12.730371475219727 -3.7100276947021484 4.039999485015869
    endloop
  endfacet
  facet normal -0.9875713727534622 -0.15717119239174315 0
    outer loop
      vertex -12.730371475219727 -3.7100276947021484 4.049999713897705
      vertex -12.701314926147461 -3.89260196685791 4.039999485015869
      vertex -12.701314926147461 -3.89260196685791 4.049999713897705
    endloop
  endfacet
  facet normal -0.9875713727534622 -0.15717119239174315 0
    outer loop
      vertex -12.701314926147461 -3.89260196685791 4.5019731521606445
      vertex -12.730371475219727 -3.7100276947021484 4.9044413566589355
      vertex -12.730371475219727 -3.7100276947021484 4.545557975769043
    endloop
  endfacet
  facet normal -0.9875713727534622 -0.15717119239174315 0
    outer loop
      vertex -12.730371475219727 -3.7100276947021484 4.9044413566589355
      vertex -12.701314926147461 -3.89260196685791 4.5019731521606445
      vertex -12.701314926147461 -3.89260196685791 4.948026180267334
    endloop
  endfacet
  facet normal -0.9821546216264168 -0.1880752488177808 0
    outer loop
      vertex -12.571183204650879 -4.618431091308594 4.039999485015869
      vertex -12.605794906616211 -4.437684059143066 4.049999713897705
      vertex -12.605794906616211 -4.437684059143066 4.039999485015869
    endloop
  endfacet
  facet normal -0.9821546216264168 -0.1880752488177808 0
    outer loop
      vertex -12.605794906616211 -4.437684059143066 4.049999713897705
      vertex -12.571183204650879 -4.618431091308594 4.039999485015869
      vertex -12.571183204650879 -4.618431091308594 4.049999713897705
    endloop
  endfacet
  facet normal -0.9821546216264168 -0.18807524881778082 0
    outer loop
      vertex -12.571183204650879 -4.618431091308594 4.3067755699157715
      vertex -12.605794906616211 -4.437684059143066 5.091306686401367
      vertex -12.605794906616211 -4.437684059143066 4.3586931228637695
    endloop
  endfacet
  facet normal -0.9821546216264168 -0.18807524881778082 0
    outer loop
      vertex -12.605794906616211 -4.437684059143066 5.091306686401367
      vertex -12.571183204650879 -4.618431091308594 4.3067755699157715
      vertex -12.571183204650879 -4.618431091308594 5.143224239349365
    endloop
  endfacet
  facet normal -0.9875713727534622 0.15717119239174315 0
    outer loop
      vertex -12.730371475219727 3.7100276947021484 4.039999485015869
      vertex -12.701314926147461 3.89260196685791 4.049999713897705
      vertex -12.701314926147461 3.89260196685791 4.039999485015869
    endloop
  endfacet
  facet normal -0.9875713727534622 0.15717119239174315 0
    outer loop
      vertex -12.701314926147461 3.89260196685791 4.049999713897705
      vertex -12.730371475219727 3.7100276947021484 4.039999485015869
      vertex -12.730371475219727 3.7100276947021484 4.049999713897705
    endloop
  endfacet
  facet normal -0.9875713727534622 0.15717119239174315 0
    outer loop
      vertex -12.730371475219727 3.7100276947021484 4.545557975769043
      vertex -12.701314926147461 3.89260196685791 4.948026180267334
      vertex -12.701314926147461 3.89260196685791 4.5019731521606445
    endloop
  endfacet
  facet normal -0.9875713727534622 0.15717119239174315 0
    outer loop
      vertex -12.701314926147461 3.89260196685791 4.948026180267334
      vertex -12.730371475219727 3.7100276947021484 4.545557975769043
      vertex -12.730371475219727 3.7100276947021484 4.9044413566589355
    endloop
  endfacet
  facet normal -0.9887675096955747 -0.1494617401558386 0
    outer loop
      vertex -12.730371475219727 -3.7100276947021484 4.039999485015869
      vertex -12.758030891418457 -3.5270462036132812 4.049999713897705
      vertex -12.758030891418457 -3.5270462036132812 4.039999485015869
    endloop
  endfacet
  facet normal -0.9887675096955747 -0.1494617401558386 0
    outer loop
      vertex -12.758030891418457 -3.5270462036132812 4.049999713897705
      vertex -12.730371475219727 -3.7100276947021484 4.039999485015869
      vertex -12.730371475219727 -3.7100276947021484 4.049999713897705
    endloop
  endfacet
  facet normal -0.9887675096955747 -0.1494617401558386 0
    outer loop
      vertex -12.730371475219727 -3.7100276947021484 4.545557975769043
      vertex -12.758030891418457 -3.5270462036132812 4.86295223236084
      vertex -12.758030891418457 -3.5270462036132812 4.587047576904297
    endloop
  endfacet
  facet normal -0.9887675096955748 -0.14946174015583863 0
    outer loop
      vertex -12.758030891418457 -3.5270462036132812 4.86295223236084
      vertex -12.730371475219727 -3.7100276947021484 4.545557975769043
      vertex -12.730371475219727 -3.7100276947021484 4.9044413566589355
    endloop
  endfacet
  facet normal -0.9739249549168004 0.2268704083619286 0
    outer loop
      vertex -12.41897964477539 5.33615779876709 4.039999485015869
      vertex -12.404108047485352 5.399999618530273 4.049999713897705
      vertex -12.404108047485352 5.399999618530273 4.039999485015869
    endloop
  endfacet
  facet normal -0.9739249549168004 0.2268704083619286 0
    outer loop
      vertex -12.404108047485352 5.399999618530273 4.049999713897705
      vertex -12.41897964477539 5.33615779876709 4.039999485015869
      vertex -12.41897964477539 5.33615779876709 4.049999713897705
    endloop
  endfacet
  facet normal -0.9739249549168004 0.2268704083619286 0
    outer loop
      vertex -12.41897964477539 5.33615779876709 4.078469753265381
      vertex -12.404108047485352 5.399999618530273 5.3938374519348145
      vertex -12.404108047485352 5.399999618530273 4.056162357330322
    endloop
  endfacet
  facet normal -0.9739249549168004 0.2268704083619286 0
    outer loop
      vertex -12.404108047485352 5.399999618530273 5.3938374519348145
      vertex -12.41897964477539 5.33615779876709 4.078469753265381
      vertex -12.41897964477539 5.33615779876709 5.371530055999756
    endloop
  endfacet
  facet normal -0.9739249549168004 -0.2268704083619286 0
    outer loop
      vertex -12.404108047485352 -5.399999618530273 4.039999485015869
      vertex -12.41897964477539 -5.33615779876709 4.049999713897705
      vertex -12.41897964477539 -5.33615779876709 4.039999485015869
    endloop
  endfacet
  facet normal -0.9739249549168004 -0.2268704083619286 0
    outer loop
      vertex -12.41897964477539 -5.33615779876709 4.049999713897705
      vertex -12.404108047485352 -5.399999618530273 4.039999485015869
      vertex -12.404108047485352 -5.399999618530273 4.049999713897705
    endloop
  endfacet
  facet normal -0.9739249549168004 -0.2268704083619286 0
    outer loop
      vertex -12.404108047485352 -5.399999618530273 4.056162357330322
      vertex -12.41897964477539 -5.33615779876709 5.371530055999756
      vertex -12.41897964477539 -5.33615779876709 4.078469753265381
    endloop
  endfacet
  facet normal -0.9739249549168004 -0.2268704083619286 0
    outer loop
      vertex -12.41897964477539 -5.33615779876709 5.371530055999756
      vertex -12.404108047485352 -5.399999618530273 4.056162357330322
      vertex -12.404108047485352 -5.399999618530273 5.3938374519348145
    endloop
  endfacet
  facet normal -0.9863122943989443 -0.1648880162943637 0
    outer loop
      vertex -12.67086410522461 -4.074749946594238 4.039999485015869
      vertex -12.701314926147461 -3.89260196685791 4.049999713897705
      vertex -12.701314926147461 -3.89260196685791 4.039999485015869
    endloop
  endfacet
  facet normal -0.9863122943989443 -0.1648880162943637 0
    outer loop
      vertex -12.701314926147461 -3.89260196685791 4.049999713897705
      vertex -12.67086410522461 -4.074749946594238 4.039999485015869
      vertex -12.67086410522461 -4.074749946594238 4.049999713897705
    endloop
  endfacet
  facet normal -0.9863122943989443 -0.1648880162943637 0
    outer loop
      vertex -12.67086410522461 -4.074749946594238 4.456296920776367
      vertex -12.701314926147461 -3.89260196685791 4.948026180267334
      vertex -12.701314926147461 -3.89260196685791 4.5019731521606445
    endloop
  endfacet
  facet normal -0.9863122943989443 -0.16488801629436373 0
    outer loop
      vertex -12.701314926147461 -3.89260196685791 4.948026180267334
      vertex -12.67086410522461 -4.074749946594238 4.456296920776367
      vertex -12.67086410522461 -4.074749946594238 4.993702411651611
    endloop
  endfacet
  facet normal -0.9806397023320164 -0.19582077063012074 0
    outer loop
      vertex -12.535191535949707 -4.798671722412109 4.039999485015869
      vertex -12.571183204650879 -4.618431091308594 4.049999713897705
      vertex -12.571183204650879 -4.618431091308594 4.039999485015869
    endloop
  endfacet
  facet normal -0.9806397023320164 -0.19582077063012074 0
    outer loop
      vertex -12.571183204650879 -4.618431091308594 4.049999713897705
      vertex -12.535191535949707 -4.798671722412109 4.039999485015869
      vertex -12.535191535949707 -4.798671722412109 4.049999713897705
    endloop
  endfacet
  facet normal -0.9806397023320162 -0.1958207706301207 0
    outer loop
      vertex -12.535191535949707 -4.798671722412109 4.2527875900268555
      vertex -12.571183204650879 -4.618431091308594 5.143224239349365
      vertex -12.571183204650879 -4.618431091308594 4.3067755699157715
    endloop
  endfacet
  facet normal -0.9806397023320164 -0.19582077063012074 0
    outer loop
      vertex -12.571183204650879 -4.618431091308594 5.143224239349365
      vertex -12.535191535949707 -4.798671722412109 4.2527875900268555
      vertex -12.535191535949707 -4.798671722412109 5.197211742401123
    endloop
  endfacet
  facet normal -0.989901041108753 -0.14176011008674821 0
    outer loop
      vertex -12.758030891418457 -3.5270462036132812 4.039999485015869
      vertex -12.784290313720703 -3.3436784744262695 4.049999713897705
      vertex -12.784290313720703 -3.3436784744262695 4.039999485015869
    endloop
  endfacet
  facet normal -0.989901041108753 -0.14176011008674821 0
    outer loop
      vertex -12.784290313720703 -3.3436784744262695 4.049999713897705
      vertex -12.758030891418457 -3.5270462036132812 4.039999485015869
      vertex -12.758030891418457 -3.5270462036132812 4.049999713897705
    endloop
  endfacet
  facet normal -0.989901041108753 -0.14176011008674821 0
    outer loop
      vertex -12.758030891418457 -3.5270462036132812 4.587047576904297
      vertex -12.784290313720703 -3.3436784744262695 4.823563098907471
      vertex -12.784290313720703 -3.3436784744262695 4.626436710357666
    endloop
  endfacet
  facet normal -0.989901041108753 -0.14176011008674821 0
    outer loop
      vertex -12.784290313720703 -3.3436784744262695 4.823563098907471
      vertex -12.758030891418457 -3.5270462036132812 4.587047576904297
      vertex -12.758030891418457 -3.5270462036132812 4.86295223236084
    endloop
  endfacet
  facet normal -0.9909727073924803 -0.13406376543726323 0
    outer loop
      vertex -12.784290313720703 -3.3436784744262695 4.039999485015869
      vertex -12.799999237060547 -3.2275612354278564 4.049999713897705
      vertex -12.799999237060547 -3.2275612354278564 4.039999485015869
    endloop
  endfacet
  facet normal -0.9909727073924803 -0.13406376543726323 0
    outer loop
      vertex -12.799999237060547 -3.2275612354278564 4.049999713897705
      vertex -12.784290313720703 -3.3436784744262695 4.039999485015869
      vertex -12.784290313720703 -3.3436784744262695 4.049999713897705
    endloop
  endfacet
  facet normal -0.9909727073924804 -0.13406376543726323 0
    outer loop
      vertex -12.784290313720703 -3.3436784744262695 4.626436710357666
      vertex -12.799999237060547 -3.2275612354278564 4.799999713897705
      vertex -12.799999237060547 -3.2275612354278564 4.650000095367432
    endloop
  endfacet
  facet normal -0.9909727073924803 -0.13406376543726323 0
    outer loop
      vertex -12.799999237060547 -3.2275612354278564 4.799999713897705
      vertex -12.784290313720703 -3.3436784744262695 4.626436710357666
      vertex -12.784290313720703 -3.3436784744262695 4.823563098907471
    endloop
  endfacet
  facet normal -0.984990103474585 -0.172610822537656 0
    outer loop
      vertex -12.639022827148438 -4.2564496994018555 4.039999485015869
      vertex -12.67086410522461 -4.074749946594238 4.049999713897705
      vertex -12.67086410522461 -4.074749946594238 4.039999485015869
    endloop
  endfacet
  facet normal -0.984990103474585 -0.172610822537656 0
    outer loop
      vertex -12.67086410522461 -4.074749946594238 4.049999713897705
      vertex -12.639022827148438 -4.2564496994018555 4.039999485015869
      vertex -12.639022827148438 -4.2564496994018555 4.049999713897705
    endloop
  endfacet
  facet normal -0.9849901034745852 -0.172610822537656 0
    outer loop
      vertex -12.639022827148438 -4.2564496994018555 4.408535003662109
      vertex -12.67086410522461 -4.074749946594238 4.993702411651611
      vertex -12.67086410522461 -4.074749946594238 4.456296920776367
    endloop
  endfacet
  facet normal -0.984990103474585 -0.172610822537656 0
    outer loop
      vertex -12.67086410522461 -4.074749946594238 4.993702411651611
      vertex -12.639022827148438 -4.2564496994018555 4.408535003662109
      vertex -12.639022827148438 -4.2564496994018555 5.041464805603027
    endloop
  endfacet
  facet normal -0.9757028887615564 0.21909786138242876 0
    outer loop
      vertex -12.459085464477539 5.15755558013916 4.039999485015869
      vertex -12.41897964477539 5.33615779876709 4.049999713897705
      vertex -12.41897964477539 5.33615779876709 4.039999485015869
    endloop
  endfacet
  facet normal -0.9757028887615564 0.21909786138242876 0
    outer loop
      vertex -12.41897964477539 5.33615779876709 4.049999713897705
      vertex -12.459085464477539 5.15755558013916 4.039999485015869
      vertex -12.459085464477539 5.15755558013916 4.049999713897705
    endloop
  endfacet
  facet normal -0.9757028887615564 0.21909786138242876 0
    outer loop
      vertex -12.459085464477539 5.15755558013916 4.1386284828186035
      vertex -12.41897964477539 5.33615779876709 5.371530055999756
      vertex -12.41897964477539 5.33615779876709 4.078469753265381
    endloop
  endfacet
  facet normal -0.9757028887615564 0.21909786138242876 0
    outer loop
      vertex -12.41897964477539 5.33615779876709 5.371530055999756
      vertex -12.459085464477539 5.15755558013916 4.1386284828186035
      vertex -12.459085464477539 5.15755558013916 5.311371326446533
    endloop
  endfacet
  facet normal -0.9909727073924803 0.13406376543726323 0
    outer loop
      vertex -12.799999237060547 3.2275612354278564 4.039999485015869
      vertex -12.784290313720703 3.3436784744262695 4.049999713897705
      vertex -12.784290313720703 3.3436784744262695 4.039999485015869
    endloop
  endfacet
  facet normal -0.9909727073924803 0.13406376543726323 0
    outer loop
      vertex -12.784290313720703 3.3436784744262695 4.049999713897705
      vertex -12.799999237060547 3.2275612354278564 4.039999485015869
      vertex -12.799999237060547 3.2275612354278564 4.049999713897705
    endloop
  endfacet
  facet normal -0.9909727073924803 0.13406376543726323 0
    outer loop
      vertex -12.799999237060547 3.2275612354278564 4.650000095367432
      vertex -12.784290313720703 3.3436784744262695 4.823563098907471
      vertex -12.784290313720703 3.3436784744262695 4.626436710357666
    endloop
  endfacet
  facet normal -0.9909727073924804 0.13406376543726323 0
    outer loop
      vertex -12.784290313720703 3.3436784744262695 4.823563098907471
      vertex -12.799999237060547 3.2275612354278564 4.650000095367432
      vertex -12.799999237060547 3.2275612354278564 4.799999713897705
    endloop
  endfacet
  facet normal -0.9887675096955747 0.1494617401558386 0
    outer loop
      vertex -12.758030891418457 3.5270462036132812 4.039999485015869
      vertex -12.730371475219727 3.7100276947021484 4.049999713897705
      vertex -12.730371475219727 3.7100276947021484 4.039999485015869
    endloop
  endfacet
  facet normal -0.9887675096955747 0.1494617401558386 0
    outer loop
      vertex -12.730371475219727 3.7100276947021484 4.049999713897705
      vertex -12.758030891418457 3.5270462036132812 4.039999485015869
      vertex -12.758030891418457 3.5270462036132812 4.049999713897705
    endloop
  endfacet
  facet normal -0.9887675096955748 0.14946174015583863 0
    outer loop
      vertex -12.758030891418457 3.5270462036132812 4.587047576904297
      vertex -12.730371475219727 3.7100276947021484 4.9044413566589355
      vertex -12.730371475219727 3.7100276947021484 4.545557975769043
    endloop
  endfacet
  facet normal -0.9887675096955747 0.1494617401558386 0
    outer loop
      vertex -12.730371475219727 3.7100276947021484 4.9044413566589355
      vertex -12.758030891418457 3.5270462036132812 4.587047576904297
      vertex -12.758030891418457 3.5270462036132812 4.86295223236084
    endloop
  endfacet
  facet normal -0.9757028887615564 -0.21909786138242876 0
    outer loop
      vertex -12.41897964477539 -5.33615779876709 4.039999485015869
      vertex -12.459085464477539 -5.15755558013916 4.049999713897705
      vertex -12.459085464477539 -5.15755558013916 4.039999485015869
    endloop
  endfacet
  facet normal -0.9757028887615564 -0.21909786138242876 0
    outer loop
      vertex -12.459085464477539 -5.15755558013916 4.049999713897705
      vertex -12.41897964477539 -5.33615779876709 4.039999485015869
      vertex -12.41897964477539 -5.33615779876709 4.049999713897705
    endloop
  endfacet
  facet normal -0.9757028887615564 -0.21909786138242876 0
    outer loop
      vertex -12.41897964477539 -5.33615779876709 4.078469753265381
      vertex -12.459085464477539 -5.15755558013916 5.311371326446533
      vertex -12.459085464477539 -5.15755558013916 4.1386284828186035
    endloop
  endfacet
  facet normal -0.9757028887615564 -0.21909786138242876 0
    outer loop
      vertex -12.459085464477539 -5.15755558013916 5.311371326446533
      vertex -12.41897964477539 -5.33615779876709 4.078469753265381
      vertex -12.41897964477539 -5.33615779876709 5.371530055999756
    endloop
  endfacet
  facet normal -0.9774141363955955 -0.2113329268572511 0
    outer loop
      vertex -12.459085464477539 -5.15755558013916 4.039999485015869
      vertex -12.497824668884277 -4.978386878967285 4.049999713897705
      vertex -12.497824668884277 -4.978386878967285 4.039999485015869
    endloop
  endfacet
  facet normal -0.9774141363955955 -0.2113329268572511 0
    outer loop
      vertex -12.497824668884277 -4.978386878967285 4.049999713897705
      vertex -12.459085464477539 -5.15755558013916 4.039999485015869
      vertex -12.459085464477539 -5.15755558013916 4.049999713897705
    endloop
  endfacet
  facet normal -0.9774141363955955 -0.2113329268572511 0
    outer loop
      vertex -12.459085464477539 -5.15755558013916 4.1386284828186035
      vertex -12.497824668884277 -4.978386878967285 5.253262042999268
      vertex -12.497824668884277 -4.978386878967285 4.196737289428711
    endloop
  endfacet
  facet normal -0.9774141363955955 -0.21133292685725114 0
    outer loop
      vertex -12.497824668884277 -4.978386878967285 5.253262042999268
      vertex -12.459085464477539 -5.15755558013916 4.1386284828186035
      vertex -12.459085464477539 -5.15755558013916 5.311371326446533
    endloop
  endfacet
  facet normal -0.9821546216264168 0.1880752488177808 0
    outer loop
      vertex -12.605794906616211 4.437684059143066 4.039999485015869
      vertex -12.571183204650879 4.618431091308594 4.049999713897705
      vertex -12.571183204650879 4.618431091308594 4.039999485015869
    endloop
  endfacet
  facet normal -0.9821546216264168 0.1880752488177808 0
    outer loop
      vertex -12.571183204650879 4.618431091308594 4.049999713897705
      vertex -12.605794906616211 4.437684059143066 4.039999485015869
      vertex -12.605794906616211 4.437684059143066 4.049999713897705
    endloop
  endfacet
  facet normal -0.9821546216264168 0.18807524881778082 0
    outer loop
      vertex -12.605794906616211 4.437684059143066 4.3586931228637695
      vertex -12.571183204650879 4.618431091308594 5.143224239349365
      vertex -12.571183204650879 4.618431091308594 4.3067755699157715
    endloop
  endfacet
  facet normal -0.9821546216264168 0.18807524881778082 0
    outer loop
      vertex -12.571183204650879 4.618431091308594 5.143224239349365
      vertex -12.605794906616211 4.437684059143066 4.3586931228637695
      vertex -12.605794906616211 4.437684059143066 5.091306686401367
    endloop
  endfacet
  facet normal -0.9836049966616596 -0.18033638163780688 0
    outer loop
      vertex -12.605794906616211 -4.437684059143066 4.039999485015869
      vertex -12.639022827148438 -4.2564496994018555 4.049999713897705
      vertex -12.639022827148438 -4.2564496994018555 4.039999485015869
    endloop
  endfacet
  facet normal -0.9836049966616596 -0.18033638163780688 0
    outer loop
      vertex -12.639022827148438 -4.2564496994018555 4.049999713897705
      vertex -12.605794906616211 -4.437684059143066 4.039999485015869
      vertex -12.605794906616211 -4.437684059143066 4.049999713897705
    endloop
  endfacet
  facet normal -0.9836049966616595 -0.18033638163780685 0
    outer loop
      vertex -12.605794906616211 -4.437684059143066 4.3586931228637695
      vertex -12.639022827148438 -4.2564496994018555 5.041464805603027
      vertex -12.639022827148438 -4.2564496994018555 4.408535003662109
    endloop
  endfacet
  facet normal -0.9836049966616596 -0.18033638163780688 0
    outer loop
      vertex -12.639022827148438 -4.2564496994018555 5.041464805603027
      vertex -12.605794906616211 -4.437684059143066 4.3586931228637695
      vertex -12.605794906616211 -4.437684059143066 5.091306686401367
    endloop
  endfacet
  facet normal -0.9774141363955955 0.2113329268572511 0
    outer loop
      vertex -12.497824668884277 4.978386878967285 4.039999485015869
      vertex -12.459085464477539 5.15755558013916 4.049999713897705
      vertex -12.459085464477539 5.15755558013916 4.039999485015869
    endloop
  endfacet
  facet normal -0.9774141363955955 0.2113329268572511 0
    outer loop
      vertex -12.459085464477539 5.15755558013916 4.049999713897705
      vertex -12.497824668884277 4.978386878967285 4.039999485015869
      vertex -12.497824668884277 4.978386878967285 4.049999713897705
    endloop
  endfacet
  facet normal -0.9774141363955955 0.21133292685725114 0
    outer loop
      vertex -12.497824668884277 4.978386878967285 4.196737289428711
      vertex -12.459085464477539 5.15755558013916 5.311371326446533
      vertex -12.459085464477539 5.15755558013916 4.1386284828186035
    endloop
  endfacet
  facet normal -0.9774141363955955 0.2113329268572511 0
    outer loop
      vertex -12.459085464477539 5.15755558013916 5.311371326446533
      vertex -12.497824668884277 4.978386878967285 4.196737289428711
      vertex -12.497824668884277 4.978386878967285 5.253262042999268
    endloop
  endfacet
  facet normal -0.9863122943989443 0.1648880162943637 0
    outer loop
      vertex -12.701314926147461 3.89260196685791 4.039999485015869
      vertex -12.67086410522461 4.074749946594238 4.049999713897705
      vertex -12.67086410522461 4.074749946594238 4.039999485015869
    endloop
  endfacet
  facet normal -0.9863122943989443 0.1648880162943637 0
    outer loop
      vertex -12.67086410522461 4.074749946594238 4.049999713897705
      vertex -12.701314926147461 3.89260196685791 4.039999485015869
      vertex -12.701314926147461 3.89260196685791 4.049999713897705
    endloop
  endfacet
  facet normal -0.9863122943989443 0.16488801629436373 0
    outer loop
      vertex -12.701314926147461 3.89260196685791 4.5019731521606445
      vertex -12.67086410522461 4.074749946594238 4.993702411651611
      vertex -12.67086410522461 4.074749946594238 4.456296920776367
    endloop
  endfacet
  facet normal -0.9863122943989443 0.1648880162943637 0
    outer loop
      vertex -12.67086410522461 4.074749946594238 4.993702411651611
      vertex -12.701314926147461 3.89260196685791 4.5019731521606445
      vertex -12.701314926147461 3.89260196685791 4.948026180267334
    endloop
  endfacet
  facet normal -0.9806397023320164 0.19582077063012074 0
    outer loop
      vertex -12.571183204650879 4.618431091308594 4.039999485015869
      vertex -12.535191535949707 4.798671722412109 4.049999713897705
      vertex -12.535191535949707 4.798671722412109 4.039999485015869
    endloop
  endfacet
  facet normal -0.9806397023320164 0.19582077063012074 0
    outer loop
      vertex -12.535191535949707 4.798671722412109 4.049999713897705
      vertex -12.571183204650879 4.618431091308594 4.039999485015869
      vertex -12.571183204650879 4.618431091308594 4.049999713897705
    endloop
  endfacet
  facet normal -0.9806397023320164 0.19582077063012074 0
    outer loop
      vertex -12.571183204650879 4.618431091308594 4.3067755699157715
      vertex -12.535191535949707 4.798671722412109 5.197211742401123
      vertex -12.535191535949707 4.798671722412109 4.2527875900268555
    endloop
  endfacet
  facet normal -0.9806397023320162 0.1958207706301207 0
    outer loop
      vertex -12.535191535949707 4.798671722412109 5.197211742401123
      vertex -12.571183204650879 4.618431091308594 4.3067755699157715
      vertex -12.571183204650879 4.618431091308594 5.143224239349365
    endloop
  endfacet
  facet normal -0.989901041108753 0.14176011008674821 0
    outer loop
      vertex -12.784290313720703 3.3436784744262695 4.039999485015869
      vertex -12.758030891418457 3.5270462036132812 4.049999713897705
      vertex -12.758030891418457 3.5270462036132812 4.039999485015869
    endloop
  endfacet
  facet normal -0.989901041108753 0.14176011008674821 0
    outer loop
      vertex -12.758030891418457 3.5270462036132812 4.049999713897705
      vertex -12.784290313720703 3.3436784744262695 4.039999485015869
      vertex -12.784290313720703 3.3436784744262695 4.049999713897705
    endloop
  endfacet
  facet normal -0.989901041108753 0.14176011008674821 0
    outer loop
      vertex -12.784290313720703 3.3436784744262695 4.626436710357666
      vertex -12.758030891418457 3.5270462036132812 4.86295223236084
      vertex -12.758030891418457 3.5270462036132812 4.587047576904297
    endloop
  endfacet
  facet normal -0.989901041108753 0.14176011008674821 0
    outer loop
      vertex -12.758030891418457 3.5270462036132812 4.86295223236084
      vertex -12.784290313720703 3.3436784744262695 4.626436710357666
      vertex -12.784290313720703 3.3436784744262695 4.823563098907471
    endloop
  endfacet
  facet normal -0.9790606100678568 0.20356896083036835 0
    outer loop
      vertex -12.535191535949707 4.798671722412109 4.039999485015869
      vertex -12.497824668884277 4.978386878967285 4.049999713897705
      vertex -12.497824668884277 4.978386878967285 4.039999485015869
    endloop
  endfacet
  facet normal -0.9790606100678568 0.20356896083036835 0
    outer loop
      vertex -12.497824668884277 4.978386878967285 4.049999713897705
      vertex -12.535191535949707 4.798671722412109 4.039999485015869
      vertex -12.535191535949707 4.798671722412109 4.049999713897705
    endloop
  endfacet
  facet normal -0.9790606100678567 0.20356896083036835 0
    outer loop
      vertex -12.535191535949707 4.798671722412109 4.2527875900268555
      vertex -12.497824668884277 4.978386878967285 5.253262042999268
      vertex -12.497824668884277 4.978386878967285 4.196737289428711
    endloop
  endfacet
  facet normal -0.9790606100678568 0.20356896083036835 0
    outer loop
      vertex -12.497824668884277 4.978386878967285 5.253262042999268
      vertex -12.535191535949707 4.798671722412109 4.2527875900268555
      vertex -12.535191535949707 4.798671722412109 5.197211742401123
    endloop
  endfacet
  facet normal -0.9836049966616596 0.18033638163780688 0
    outer loop
      vertex -12.639022827148438 4.2564496994018555 4.039999485015869
      vertex -12.605794906616211 4.437684059143066 4.049999713897705
      vertex -12.605794906616211 4.437684059143066 4.039999485015869
    endloop
  endfacet
  facet normal -0.9836049966616596 0.18033638163780688 0
    outer loop
      vertex -12.605794906616211 4.437684059143066 4.049999713897705
      vertex -12.639022827148438 4.2564496994018555 4.039999485015869
      vertex -12.639022827148438 4.2564496994018555 4.049999713897705
    endloop
  endfacet
  facet normal -0.9836049966616596 0.18033638163780688 0
    outer loop
      vertex -12.639022827148438 4.2564496994018555 4.408535003662109
      vertex -12.605794906616211 4.437684059143066 5.091306686401367
      vertex -12.605794906616211 4.437684059143066 4.3586931228637695
    endloop
  endfacet
  facet normal -0.9836049966616595 0.18033638163780685 0
    outer loop
      vertex -12.605794906616211 4.437684059143066 5.091306686401367
      vertex -12.639022827148438 4.2564496994018555 4.408535003662109
      vertex -12.639022827148438 4.2564496994018555 5.041464805603027
    endloop
  endfacet
  facet normal -0.984990103474585 0.172610822537656 0
    outer loop
      vertex -12.67086410522461 4.074749946594238 4.039999485015869
      vertex -12.639022827148438 4.2564496994018555 4.049999713897705
      vertex -12.639022827148438 4.2564496994018555 4.039999485015869
    endloop
  endfacet
  facet normal -0.984990103474585 0.172610822537656 0
    outer loop
      vertex -12.639022827148438 4.2564496994018555 4.049999713897705
      vertex -12.67086410522461 4.074749946594238 4.039999485015869
      vertex -12.67086410522461 4.074749946594238 4.049999713897705
    endloop
  endfacet
  facet normal -0.984990103474585 0.172610822537656 0
    outer loop
      vertex -12.67086410522461 4.074749946594238 4.456296920776367
      vertex -12.639022827148438 4.2564496994018555 5.041464805603027
      vertex -12.639022827148438 4.2564496994018555 4.408535003662109
    endloop
  endfacet
  facet normal -0.9849901034745852 0.172610822537656 0
    outer loop
      vertex -12.639022827148438 4.2564496994018555 5.041464805603027
      vertex -12.67086410522461 4.074749946594238 4.456296920776367
      vertex -12.67086410522461 4.074749946594238 4.993702411651611
    endloop
  endfacet
  facet normal 0 0 1
    outer loop
      vertex 9.137256622314453 12.399999618530273 6.7999982833862305
      vertex 12.399999618530273 -9.137256622314453 6.7999982833862305
      vertex 12.399999618530273 9.137256622314453 6.7999982833862305
    endloop
  endfacet
  facet normal 0 0 1
    outer loop
      vertex 9.137256622314453 12.399999618530273 6.7999982833862305
      vertex 9.137256622314453 -12.399999618530273 6.7999982833862305
      vertex 12.399999618530273 -9.137256622314453 6.7999982833862305
    endloop
  endfacet
  facet normal 0 0 1
    outer loop
      vertex -9.137256622314453 12.399999618530273 6.7999982833862305
      vertex 9.137256622314453 -12.399999618530273 6.7999982833862305
      vertex 9.137256622314453 12.399999618530273 6.7999982833862305
    endloop
  endfacet
  facet normal 0 0 1
    outer loop
      vertex -9.137256622314453 12.399999618530273 6.7999982833862305
      vertex -9.137256622314453 -12.399999618530273 6.7999982833862305
      vertex 9.137256622314453 -12.399999618530273 6.7999982833862305
    endloop
  endfacet
  facet normal 0 0 1
    outer loop
      vertex -12.399999618530273 9.137256622314453 6.7999982833862305
      vertex -9.137256622314453 -12.399999618530273 6.7999982833862305
      vertex -9.137256622314453 12.399999618530273 6.7999982833862305
    endloop
  endfacet
  facet normal 0 0 1
    outer loop
      vertex -9.137256622314453 -12.399999618530273 6.7999982833862305
      vertex -12.399999618530273 9.137256622314453 6.7999982833862305
      vertex -12.399999618530273 -9.137256622314453 6.7999982833862305
    endloop
  endfacet
  facet normal 0 0 -1
    outer loop
      vertex 9.137256622314453 -12.399999618530273 6.390000343322754
      vertex 12.399999618530273 -9.123676300048828 6.390000343322754
      vertex 12.399999618530273 -9.137256622314453 6.390000343322754
    endloop
  endfacet
  facet normal 0 0 -1
    outer loop
      vertex 12.399999618530273 -9.123676300048828 6.390000343322754
      vertex 9.137256622314453 -12.399999618530273 6.390000343322754
      vertex 9.123676300048828 -12.399999618530273 6.390000343322754
    endloop
  endfacet
  facet normal 0 0 -1
    outer loop
      vertex 12.399999618530273 9.123676300048828 6.390000343322754
      vertex 9.137256622314453 12.399999618530273 6.390000343322754
      vertex 12.399999618530273 9.137256622314453 6.390000343322754
    endloop
  endfacet
  facet normal 0 0 -1
    outer loop
      vertex 9.137256622314453 12.399999618530273 6.390000343322754
      vertex 12.399999618530273 9.123676300048828 6.390000343322754
      vertex 9.123676300048828 12.399999618530273 6.390000343322754
    endloop
  endfacet
  facet normal 0 0 -1
    outer loop
      vertex -12.399999618530273 9.123676300048828 6.390000343322754
      vertex -9.137256622314453 12.399999618530273 6.390000343322754
      vertex -9.123676300048828 12.399999618530273 6.390000343322754
    endloop
  endfacet
  facet normal 0 0 -1
    outer loop
      vertex -9.137256622314453 12.399999618530273 6.390000343322754
      vertex -12.399999618530273 9.123676300048828 6.390000343322754
      vertex -12.399999618530273 9.137256622314453 6.390000343322754
    endloop
  endfacet
  facet normal 0 0 -1
    outer loop
      vertex -12.399999618530273 -9.137256622314453 6.390000343322754
      vertex -9.123676300048828 -12.399999618530273 6.390000343322754
      vertex -9.137256622314453 -12.399999618530273 6.390000343322754
    endloop
  endfacet
  facet normal 0 0 -1
    outer loop
      vertex -9.123676300048828 -12.399999618530273 6.390000343322754
      vertex -12.399999618530273 -9.137256622314453 6.390000343322754
      vertex -12.399999618530273 -9.123676300048828 6.390000343322754
    endloop
  endfacet
  facet normal 0 0 -1
    outer loop
      vertex -12.399999618530273 -7.582181930541992 6.390000343322754
      vertex -7.581629753112793 -12.399999618530273 6.390000343322754
      vertex -7.582181930541992 -12.399999618530273 6.390000343322754
    endloop
  endfacet
  facet normal 0 0 -1
    outer loop
      vertex -7.581629753112793 -12.399999618530273 6.390000343322754
      vertex -12.399999618530273 -7.582181930541992 6.390000343322754
      vertex -12.399999618530273 -7.581629753112793 6.390000343322754
    endloop
  endfacet
  facet normal 0 0 -1
    outer loop
      vertex -12.399999618530273 7.581629753112793 6.390000343322754
      vertex -7.582181930541992 12.399999618530273 6.390000343322754
      vertex -7.581629753112793 12.399999618530273 6.390000343322754
    endloop
  endfacet
  facet normal 0 0 -1
    outer loop
      vertex -7.582181930541992 12.399999618530273 6.390000343322754
      vertex -12.399999618530273 7.581629753112793 6.390000343322754
      vertex -12.399999618530273 7.582181930541992 6.390000343322754
    endloop
  endfacet
  facet normal 0 0 -1
    outer loop
      vertex 7.582181930541992 -12.399999618530273 6.390000343322754
      vertex 12.399999618530273 -7.581629753112793 6.390000343322754
      vertex 12.399999618530273 -7.582181930541992 6.390000343322754
    endloop
  endfacet
  facet normal 0 0 -1
    outer loop
      vertex 12.399999618530273 -7.581629753112793 6.390000343322754
      vertex 7.582181930541992 -12.399999618530273 6.390000343322754
      vertex 7.581629753112793 -12.399999618530273 6.390000343322754
    endloop
  endfacet
  facet normal 0 0 -1
    outer loop
      vertex 12.399999618530273 7.581629753112793 6.390000343322754
      vertex 7.582181930541992 12.399999618530273 6.390000343322754
      vertex 12.399999618530273 7.582181930541992 6.390000343322754
    endloop
  endfacet
  facet normal 0 0 -1
    outer loop
      vertex 7.582181930541992 12.399999618530273 6.390000343322754
      vertex 12.399999618530273 7.581629753112793 6.390000343322754
      vertex 7.581629753112793 12.399999618530273 6.390000343322754
    endloop
  endfacet
  facet normal -0.7071067811865475 -0.7071067811865475 0
    outer loop
      vertex -7.581629753112793 -12.399999618530273 0
      vertex -12.399999618530273 -7.581629753112793 0.5999994277954102
      vertex -12.199999809265137 -7.78162956237793 0
    endloop
  endfacet
  facet normal -0.7071067811865476 -0.7071067811865476 0
    outer loop
      vertex -12.399999618530273 -7.581629753112793 0.5999994277954102
      vertex -7.581629753112793 -12.399999618530273 0
      vertex -7.581629753112793 -12.399999618530273 6.390000343322754
    endloop
  endfacet
  facet normal -0.7071067811865476 -0.7071067811865476 0
    outer loop
      vertex -12.399999618530273 -7.581629753112793 0.5999994277954102
      vertex -7.581629753112793 -12.399999618530273 6.390000343322754
      vertex -12.399999618530273 -7.581629753112793 6.390000343322754
    endloop
  endfacet
  facet normal 0.7071067811865476 0.7071067811865476 0
    outer loop
      vertex 12.399999618530273 7.581629753112793 6.390000343322754
      vertex 7.581629753112793 12.399999618530273 0
      vertex 7.581629753112793 12.399999618530273 6.390000343322754
    endloop
  endfacet
  facet normal 0.7071067811865476 0.7071067811865476 0
    outer loop
      vertex 7.581629753112793 12.399999618530273 0
      vertex 12.399999618530273 7.581629753112793 6.390000343322754
      vertex 12.399999618530273 7.581629753112793 0
    endloop
  endfacet
  facet normal 0.7071067811865476 -0.7071067811865476 0
    outer loop
      vertex 7.581629753112793 -12.399999618530273 6.390000343322754
      vertex 12.399999618530273 -7.581629753112793 0
      vertex 12.399999618530273 -7.581629753112793 6.390000343322754
    endloop
  endfacet
  facet normal 0.7071067811865476 -0.7071067811865476 0
    outer loop
      vertex 12.399999618530273 -7.581629753112793 0
      vertex 7.581629753112793 -12.399999618530273 6.390000343322754
      vertex 7.581629753112793 -12.399999618530273 0
    endloop
  endfacet
  facet normal 0 0 -1
    outer loop
      vertex -6.027732849121094 11.128551483154297 0
      vertex -10.93710708618164 6.044526100158691 0
      vertex -6.044526100158691 11.137107849121094 0
    endloop
  endfacet
  facet normal 0 0 -1
    outer loop
      vertex -10.946701049804688 6.060747146606445 0
      vertex -6.044526100158691 11.137107849121094 0
      vertex -10.93710708618164 6.044526100158691 0
    endloop
  endfacet
  facet normal 0 0 -1
    outer loop
      vertex -6.044526100158691 11.137107849121094 0
      vertex -10.946701049804688 6.060747146606445 0
      vertex -6.060747146606445 11.146700859069824 0
    endloop
  endfacet
  facet normal 0 0 -1
    outer loop
      vertex -10.957294464111328 6.0763349533081055 0
      vertex -6.060747146606445 11.146700859069824 0
      vertex -10.946701049804688 6.060747146606445 0
    endloop
  endfacet
  facet normal 0 0 -1
    outer loop
      vertex -6.060747146606445 11.146700859069824 0
      vertex -10.957294464111328 6.0763349533081055 0
      vertex -6.0763349533081055 11.157294273376465 0
    endloop
  endfacet
  facet normal 0 0 -1
    outer loop
      vertex -10.96884536743164 6.091226577758789 0
      vertex -6.0763349533081055 11.157294273376465 0
      vertex -10.957294464111328 6.0763349533081055 0
    endloop
  endfacet
  facet normal 0 0 -1
    outer loop
      vertex -6.0763349533081055 11.157294273376465 0
      vertex -10.96884536743164 6.091226577758789 0
      vertex -6.091226577758789 11.168845176696777 0
    endloop
  endfacet
  facet normal 0 0 -1
    outer loop
      vertex -10.981308937072754 6.105363845825195 0
      vertex -6.091226577758789 11.168845176696777 0
      vertex -10.96884536743164 6.091226577758789 0
    endloop
  endfacet
  facet normal 0 0 -1
    outer loop
      vertex -6.091226577758789 11.168845176696777 0
      vertex -10.981308937072754 6.105363845825195 0
      vertex -6.105363845825195 11.18130874633789 0
    endloop
  endfacet
  facet normal 0 0 -1
    outer loop
      vertex -10.994635581970215 6.118690490722656 0
      vertex -6.105363845825195 11.18130874633789 0
      vertex -10.981308937072754 6.105363845825195 0
    endloop
  endfacet
  facet normal 0 0 -1
    outer loop
      vertex -6.105363845825195 11.18130874633789 0
      vertex -10.994635581970215 6.118690490722656 0
      vertex -6.118690490722656 11.194635391235352 0
    endloop
  endfacet
  facet normal 0 0 -1
    outer loop
      vertex -11.008771896362305 6.131153106689453 0
      vertex -6.118690490722656 11.194635391235352 0
      vertex -10.994635581970215 6.118690490722656 0
    endloop
  endfacet
  facet normal 0 0 -1
    outer loop
      vertex -6.118690490722656 11.194635391235352 0
      vertex -11.008771896362305 6.131153106689453 0
      vertex -6.131153106689453 11.208772659301758 0
    endloop
  endfacet
  facet normal 0 0 -1
    outer loop
      vertex -11.023663520812988 6.142704963684082 0
      vertex -6.131153106689453 11.208772659301758 0
      vertex -11.008771896362305 6.131153106689453 0
    endloop
  endfacet
  facet normal 0 0 -1
    outer loop
      vertex -12.199999809265137 7.78162956237793 0
      vertex -6.131153106689453 11.208772659301758 0
      vertex -11.023663520812988 6.142704963684082 0
    endloop
  endfacet
  facet normal 0 0 -1
    outer loop
      vertex -6.131153106689453 11.208772659301758 0
      vertex -12.199999809265137 7.78162956237793 0
      vertex -6.142704963684082 11.223664283752441 0
    endloop
  endfacet
  facet normal 0 0 -1
    outer loop
      vertex -12.199999809265137 7.78162956237793 0
      vertex -11.023663520812988 6.142704963684082 0
      vertex -11.039251327514648 6.153297424316406 0
    endloop
  endfacet
  facet normal 0 0 -1
    outer loop
      vertex -12.199999809265137 7.78162956237793 0
      vertex -11.039251327514648 6.153297424316406 0
      vertex -11.055473327636719 6.162891387939453 0
    endloop
  endfacet
  facet normal 0 0 -1
    outer loop
      vertex -12.199999809265137 7.78162956237793 0
      vertex -11.055473327636719 6.162891387939453 0
      vertex -11.072265625 6.17144775390625 0
    endloop
  endfacet
  facet normal 0 0 -1
    outer loop
      vertex -12.199999809265137 7.78162956237793 0
      vertex -11.072265625 6.17144775390625 0
      vertex -11.08956241607666 6.178932189941406 0
    endloop
  endfacet
  facet normal 0 0 -1
    outer loop
      vertex -12.199999809265137 7.78162956237793 0
      vertex -11.08956241607666 6.178932189941406 0
      vertex -11.107294082641602 6.18531608581543 0
    endloop
  endfacet
  facet normal 0 0 -1
    outer loop
      vertex -12.199999809265137 7.78162956237793 0
      vertex -11.107294082641602 6.18531608581543 0
      vertex -11.12539291381836 6.190574645996094 0
    endloop
  endfacet
  facet normal 0 0 -1
    outer loop
      vertex -12.199999809265137 7.78162956237793 0
      vertex -11.12539291381836 6.190574645996094 0
      vertex -11.14378547668457 6.194685935974121 0
    endloop
  endfacet
  facet normal 0 0 -1
    outer loop
      vertex -12.199999809265137 7.78162956237793 0
      vertex -11.14378547668457 6.194685935974121 0
      vertex -11.162399291992188 6.197633743286133 0
    endloop
  endfacet
  facet normal 0 0 -1
    outer loop
      vertex -12.199999809265137 7.78162956237793 0
      vertex -11.162399291992188 6.197633743286133 0
      vertex -11.18116283416748 6.199407577514648 0
    endloop
  endfacet
  facet normal 0 0 -1
    outer loop
      vertex -12.199999809265137 7.78162956237793 0
      vertex -11.18116283416748 6.199407577514648 0
      vertex -11.199999809265137 6.199999809265137 0
    endloop
  endfacet
  facet normal 0 0 -1
    outer loop
      vertex -12.199999809265137 7.78162956237793 0
      vertex -11.199999809265137 6.199999809265137 0
      vertex -11.218836784362793 6.199407577514648 0
    endloop
  endfacet
  facet normal 0 0 -1
    outer loop
      vertex -12.199999809265137 7.78162956237793 0
      vertex -11.218836784362793 6.199407577514648 0
      vertex -11.23759937286377 6.197633743286133 0
    endloop
  endfacet
  facet normal 0 0 -1
    outer loop
      vertex -12.199999809265137 7.78162956237793 0
      vertex -11.23759937286377 6.197633743286133 0
      vertex -11.256214141845703 6.194685935974121 0
    endloop
  endfacet
  facet normal 0 0 -1
    outer loop
      vertex -12.199999809265137 7.78162956237793 0
      vertex -11.256214141845703 6.194685935974121 0
      vertex -11.274606704711914 6.190574645996094 0
    endloop
  endfacet
  facet normal 0 0 -1
    outer loop
      vertex -12.199999809265137 7.78162956237793 0
      vertex -11.274606704711914 6.190574645996094 0
      vertex -11.292704582214355 6.18531608581543 0
    endloop
  endfacet
  facet normal 0 0 -1
    outer loop
      vertex -12.199999809265137 7.78162956237793 0
      vertex -11.292704582214355 6.18531608581543 0
      vertex -11.310437202453613 6.178932189941406 0
    endloop
  endfacet
  facet normal 0 0 -1
    outer loop
      vertex -12.199999809265137 7.78162956237793 0
      vertex -11.310437202453613 6.178932189941406 0
      vertex -11.327733039855957 6.17144775390625 0
    endloop
  endfacet
  facet normal 0 0 -1
    outer loop
      vertex -12.199999809265137 7.78162956237793 0
      vertex -11.327733039855957 6.17144775390625 0
      vertex -11.344525337219238 6.162891387939453 0
    endloop
  endfacet
  facet normal 0 0 -1
    outer loop
      vertex -12.199999809265137 7.78162956237793 0
      vertex -11.344525337219238 6.162891387939453 0
      vertex -11.360747337341309 6.153297424316406 0
    endloop
  endfacet
  facet normal 0 0 -1
    outer loop
      vertex -12.199999809265137 7.78162956237793 0
      vertex -11.360747337341309 6.153297424316406 0
      vertex -11.376335144042969 6.142704963684082 0
    endloop
  endfacet
  facet normal 0 0 -1
    outer loop
      vertex -12.199999809265137 7.78162956237793 0
      vertex -11.376335144042969 6.142704963684082 0
      vertex -11.391226768493652 6.131153106689453 0
    endloop
  endfacet
  facet normal 0 0 -1
    outer loop
      vertex -12.199999809265137 7.78162956237793 0
      vertex -11.391226768493652 6.131153106689453 0
      vertex -11.405364036560059 6.118690490722656 0
    endloop
  endfacet
  facet normal 0 0 -1
    outer loop
      vertex -12.199999809265137 7.78162956237793 0
      vertex -11.405364036560059 6.118690490722656 0
      vertex -11.418689727783203 6.105363845825195 0
    endloop
  endfacet
  facet normal 0 0 -1
    outer loop
      vertex -12.199999809265137 7.78162956237793 0
      vertex -11.418689727783203 6.105363845825195 0
      vertex -11.431153297424316 6.091226577758789 0
    endloop
  endfacet
  facet normal 0 0 -1
    outer loop
      vertex -12.199999809265137 7.78162956237793 0
      vertex -11.431153297424316 6.091226577758789 0
      vertex -11.442704200744629 6.0763349533081055 0
    endloop
  endfacet
  facet normal 0 0 -1
    outer loop
      vertex -12.199999809265137 7.78162956237793 0
      vertex -11.442704200744629 6.0763349533081055 0
      vertex -11.45329761505127 6.060747146606445 0
    endloop
  endfacet
  facet normal 0 0 -1
    outer loop
      vertex -12.199999809265137 7.78162956237793 0
      vertex -11.5 5.899999618530273 0
      vertex -12.199999809265137 -7.78162956237793 0
    endloop
  endfacet
  facet normal 0 0 -1
    outer loop
      vertex -6.142704963684082 11.223664283752441 0
      vertex -12.199999809265137 7.78162956237793 0
      vertex -7.581629753112793 12.399999618530273 0
    endloop
  endfacet
  facet normal 0 0 -1
    outer loop
      vertex -11.462891578674316 6.044526100158691 0
      vertex -12.199999809265137 7.78162956237793 0
      vertex -11.45329761505127 6.060747146606445 0
    endloop
  endfacet
  facet normal 0 0 -1
    outer loop
      vertex -11.471447944641113 6.027732849121094 0
      vertex -12.199999809265137 7.78162956237793 0
      vertex -11.462891578674316 6.044526100158691 0
    endloop
  endfacet
  facet normal 0 0 -1
    outer loop
      vertex -11.47893238067627 6.01043701171875 0
      vertex -12.199999809265137 7.78162956237793 0
      vertex -11.471447944641113 6.027732849121094 0
    endloop
  endfacet
  facet normal 0 0 -1
    outer loop
      vertex -11.485316276550293 5.992704391479492 0
      vertex -12.199999809265137 7.78162956237793 0
      vertex -11.47893238067627 6.01043701171875 0
    endloop
  endfacet
  facet normal 0 0 -1
    outer loop
      vertex -11.490574836730957 5.974606513977051 0
      vertex -12.199999809265137 7.78162956237793 0
      vertex -11.485316276550293 5.992704391479492 0
    endloop
  endfacet
  facet normal 0 0 -1
    outer loop
      vertex -11.494686126708984 5.95621395111084 0
      vertex -12.199999809265137 7.78162956237793 0
      vertex -11.490574836730957 5.974606513977051 0
    endloop
  endfacet
  facet normal 0 0 -1
    outer loop
      vertex -11.497633934020996 5.937599182128906 0
      vertex -12.199999809265137 7.78162956237793 0
      vertex -11.494686126708984 5.95621395111084 0
    endloop
  endfacet
  facet normal 0 0 -1
    outer loop
      vertex -11.499407768249512 5.91883659362793 0
      vertex -12.199999809265137 7.78162956237793 0
      vertex -11.497633934020996 5.937599182128906 0
    endloop
  endfacet
  facet normal 0 0 -1
    outer loop
      vertex -11.5 5.899999618530273 0
      vertex -12.199999809265137 7.78162956237793 0
      vertex -11.499407768249512 5.91883659362793 0
    endloop
  endfacet
  facet normal 0 0 -1
    outer loop
      vertex 6.18531608581543 -11.307294845581055 0
      vertex 7.581629753112793 -12.399999618530273 0
      vertex 6.190574645996094 -11.325392723083496 0
    endloop
  endfacet
  facet normal 0 0 -1
    outer loop
      vertex 8.5 1.7320499420166016 0
      vertex 6.199407577514648 11.381162643432617 0
      vertex 6.199999809265137 11.399999618530273 0
    endloop
  endfacet
  facet normal 0 0 -1
    outer loop
      vertex 6.178932189941406 -11.289562225341797 0
      vertex 7.581629753112793 -12.399999618530273 0
      vertex 6.18531608581543 -11.307294845581055 0
    endloop
  endfacet
  facet normal 0 0 -1
    outer loop
      vertex 8.5 1.7320499420166016 0
      vertex 6.197633743286133 11.362399101257324 0
      vertex 6.199407577514648 11.381162643432617 0
    endloop
  endfacet
  facet normal 0 0 -1
    outer loop
      vertex 6.17144775390625 -11.272265434265137 0
      vertex 7.581629753112793 -12.399999618530273 0
      vertex 6.178932189941406 -11.289562225341797 0
    endloop
  endfacet
  facet normal 0 0 -1
    outer loop
      vertex 8.5 1.7320499420166016 0
      vertex 6.194685935974121 11.343785285949707 0
      vertex 6.197633743286133 11.362399101257324 0
    endloop
  endfacet
  facet normal 0 0 -1
    outer loop
      vertex 6.162891387939453 -11.255473136901855 0
      vertex 7.581629753112793 -12.399999618530273 0
      vertex 6.17144775390625 -11.272265434265137 0
    endloop
  endfacet
  facet normal 0 0 -1
    outer loop
      vertex 8.5 1.7320499420166016 0
      vertex 6.190574645996094 11.325392723083496 0
      vertex 6.194685935974121 11.343785285949707 0
    endloop
  endfacet
  facet normal 0 0 -1
    outer loop
      vertex 6.153298377990723 -11.239251136779785 0
      vertex 7.581629753112793 -12.399999618530273 0
      vertex 6.162891387939453 -11.255473136901855 0
    endloop
  endfacet
  facet normal 0 0 -1
    outer loop
      vertex 8.5 1.7320499420166016 0
      vertex 6.18531608581543 11.307294845581055 0
      vertex 6.190574645996094 11.325392723083496 0
    endloop
  endfacet
  facet normal 0 0 -1
    outer loop
      vertex 6.142704963684082 -11.223664283752441 0
      vertex 7.581629753112793 -12.399999618530273 0
      vertex 6.153298377990723 -11.239251136779785 0
    endloop
  endfacet
  facet normal 0 0 -1
    outer loop
      vertex 8.5 1.7320499420166016 0
      vertex 6.178932189941406 11.289562225341797 0
      vertex 6.18531608581543 11.307294845581055 0
    endloop
  endfacet
  facet normal 0 0 -1
    outer loop
      vertex 7.581629753112793 -12.399999618530273 0
      vertex 6.142704963684082 -11.223664283752441 0
      vertex 12.399999618530273 -7.581629753112793 0
    endloop
  endfacet
  facet normal 0 0 -1
    outer loop
      vertex 8.5 1.7320499420166016 0
      vertex 6.17144775390625 11.272265434265137 0
      vertex 6.178932189941406 11.289562225341797 0
    endloop
  endfacet
  facet normal 0 0 -1
    outer loop
      vertex 6.131153106689453 -11.208772659301758 0
      vertex 12.399999618530273 -7.581629753112793 0
      vertex 6.142704963684082 -11.223664283752441 0
    endloop
  endfacet
  facet normal 0 0 -1
    outer loop
      vertex 8.5 1.7320499420166016 0
      vertex 6.162891387939453 11.255473136901855 0
      vertex 6.17144775390625 11.272265434265137 0
    endloop
  endfacet
  facet normal 0 0 -1
    outer loop
      vertex 6.118690490722656 -11.194635391235352 0
      vertex 12.399999618530273 -7.581629753112793 0
      vertex 6.131153106689453 -11.208772659301758 0
    endloop
  endfacet
  facet normal 0 0 -1
    outer loop
      vertex 8.5 1.7320499420166016 0
      vertex 6.153298377990723 11.239251136779785 0
      vertex 6.162891387939453 11.255473136901855 0
    endloop
  endfacet
  facet normal 0 0 -1
    outer loop
      vertex 6.105363845825195 -11.18130874633789 0
      vertex 12.399999618530273 -7.581629753112793 0
      vertex 6.118690490722656 -11.194635391235352 0
    endloop
  endfacet
  facet normal 0 0 -1
    outer loop
      vertex 8.5 1.7320499420166016 0
      vertex 6.142704963684082 11.223664283752441 0
      vertex 6.153298377990723 11.239251136779785 0
    endloop
  endfacet
  facet normal 0 0 -1
    outer loop
      vertex 6.091226577758789 -11.168845176696777 0
      vertex 12.399999618530273 -7.581629753112793 0
      vertex 6.105363845825195 -11.18130874633789 0
    endloop
  endfacet
  facet normal 0 0 -1
    outer loop
      vertex 8.5 1.7320499420166016 0
      vertex 6.131153106689453 11.208772659301758 0
      vertex 6.142704963684082 11.223664283752441 0
    endloop
  endfacet
  facet normal 0 0 -1
    outer loop
      vertex 6.0763349533081055 -11.157294273376465 0
      vertex 12.399999618530273 -7.581629753112793 0
      vertex 6.091226577758789 -11.168845176696777 0
    endloop
  endfacet
  facet normal 0 0 -1
    outer loop
      vertex 8.5 1.7320499420166016 0
      vertex 6.118690490722656 11.194635391235352 0
      vertex 6.131153106689453 11.208772659301758 0
    endloop
  endfacet
  facet normal 0 0 -1
    outer loop
      vertex 6.060747146606445 -11.146700859069824 0
      vertex 12.399999618530273 -7.581629753112793 0
      vertex 6.0763349533081055 -11.157294273376465 0
    endloop
  endfacet
  facet normal 0 0 -1
    outer loop
      vertex 8.5 1.7320499420166016 0
      vertex 6.105363845825195 11.18130874633789 0
      vertex 6.118690490722656 11.194635391235352 0
    endloop
  endfacet
  facet normal 0 0 -1
    outer loop
      vertex 6.044526100158691 -11.137107849121094 0
      vertex 12.399999618530273 -7.581629753112793 0
      vertex 6.060747146606445 -11.146700859069824 0
    endloop
  endfacet
  facet normal 0 0 -1
    outer loop
      vertex 8.5 1.7320499420166016 0
      vertex 6.091226577758789 11.168845176696777 0
      vertex 6.105363845825195 11.18130874633789 0
    endloop
  endfacet
  facet normal 0 0 -1
    outer loop
      vertex 6.027732849121094 -11.128551483154297 0
      vertex 12.399999618530273 -7.581629753112793 0
      vertex 6.044526100158691 -11.137107849121094 0
    endloop
  endfacet
  facet normal 0 0 -1
    outer loop
      vertex 8.5 1.7320499420166016 0
      vertex 6.0763349533081055 11.157294273376465 0
      vertex 6.091226577758789 11.168845176696777 0
    endloop
  endfacet
  facet normal 0 0 -1
    outer loop
      vertex 6.01043701171875 -11.12106704711914 0
      vertex 12.399999618530273 -7.581629753112793 0
      vertex 6.027732849121094 -11.128551483154297 0
    endloop
  endfacet
  facet normal 0 0 -1
    outer loop
      vertex 8.5 1.7320499420166016 0
      vertex 6.060747146606445 11.146700859069824 0
      vertex 6.0763349533081055 11.157294273376465 0
    endloop
  endfacet
  facet normal 0 0 -1
    outer loop
      vertex 12.399999618530273 -7.581629753112793 0
      vertex 6.01043701171875 -11.12106704711914 0
      vertex 8.5 -1.7320499420166016 0
    endloop
  endfacet
  facet normal 0 0 -1
    outer loop
      vertex 8.5 1.7320499420166016 0
      vertex 6.044526100158691 11.137107849121094 0
      vertex 6.060747146606445 11.146700859069824 0
    endloop
  endfacet
  facet normal 0 0 -1
    outer loop
      vertex 5.992704391479492 -11.1146821975708 0
      vertex 8.5 -1.7320499420166016 0
      vertex 6.01043701171875 -11.12106704711914 0
    endloop
  endfacet
  facet normal 0 0 -1
    outer loop
      vertex 8.5 1.7320499420166016 0
      vertex 6.027732849121094 11.128551483154297 0
      vertex 6.044526100158691 11.137107849121094 0
    endloop
  endfacet
  facet normal 0 0 -1
    outer loop
      vertex 5.974606513977051 -11.109424591064453 0
      vertex 8.5 -1.7320499420166016 0
      vertex 5.992704391479492 -11.1146821975708 0
    endloop
  endfacet
  facet normal 0 0 -1
    outer loop
      vertex 8.5 1.7320499420166016 0
      vertex 6.01043701171875 11.12106704711914 0
      vertex 6.027732849121094 11.128551483154297 0
    endloop
  endfacet
  facet normal 0 0 -1
    outer loop
      vertex 5.95621395111084 -11.105313301086426 0
      vertex 8.5 -1.7320499420166016 0
      vertex 5.974606513977051 -11.109424591064453 0
    endloop
  endfacet
  facet normal 0 0 -1
    outer loop
      vertex 8.5 1.7320499420166016 0
      vertex 5.992704391479492 11.1146821975708 0
      vertex 6.01043701171875 11.12106704711914 0
    endloop
  endfacet
  facet normal 0 0 -1
    outer loop
      vertex 5.937599182128906 -11.102365493774414 0
      vertex 8.5 -1.7320499420166016 0
      vertex 5.95621395111084 -11.105313301086426 0
    endloop
  endfacet
  facet normal 0 0 -1
    outer loop
      vertex 8.5 1.7320499420166016 0
      vertex 5.974606513977051 11.109424591064453 0
      vertex 5.992704391479492 11.1146821975708 0
    endloop
  endfacet
  facet normal 0 0 -1
    outer loop
      vertex 5.91883659362793 -11.100591659545898 0
      vertex 8.5 -1.7320499420166016 0
      vertex 5.937599182128906 -11.102365493774414 0
    endloop
  endfacet
  facet normal 0 0 -1
    outer loop
      vertex 8.5 1.7320499420166016 0
      vertex 5.95621395111084 11.105313301086426 0
      vertex 5.974606513977051 11.109424591064453 0
    endloop
  endfacet
  facet normal 0 0 -1
    outer loop
      vertex 5.899999618530273 -11.09999942779541 0
      vertex 8.5 -1.7320499420166016 0
      vertex 5.91883659362793 -11.100591659545898 0
    endloop
  endfacet
  facet normal 0 0 -1
    outer loop
      vertex 8.5 1.7320499420166016 0
      vertex 5.937599182128906 11.102365493774414 0
      vertex 5.95621395111084 11.105313301086426 0
    endloop
  endfacet
  facet normal 0 0 -1
    outer loop
      vertex -5.899999618530273 -11.09999942779541 0
      vertex 8.5 -1.7320499420166016 0
      vertex 5.899999618530273 -11.09999942779541 0
    endloop
  endfacet
  facet normal 0 0 -1
    outer loop
      vertex 8.5 1.7320499420166016 0
      vertex 5.91883659362793 11.100591659545898 0
      vertex 5.937599182128906 11.102365493774414 0
    endloop
  endfacet
  facet normal 0 0 -1
    outer loop
      vertex -10.899999618530273 -5.899999618530273 0
      vertex 8.5 -1.7320499420166016 0
      vertex -5.899999618530273 -11.09999942779541 0
    endloop
  endfacet
  facet normal 0 0 -1
    outer loop
      vertex 8.5 1.7320499420166016 0
      vertex 5.899999618530273 11.09999942779541 0
      vertex 5.91883659362793 11.100591659545898 0
    endloop
  endfacet
  facet normal 0 0 -1
    outer loop
      vertex 8.5 -1.7320499420166016 0
      vertex -10.899999618530273 -5.899999618530273 0
      vertex 8.5 1.7320499420166016 0
    endloop
  endfacet
  facet normal 0 0 -1
    outer loop
      vertex -10.899999618530273 5.899999618530273 0
      vertex 8.5 1.7320499420166016 0
      vertex -10.899999618530273 -5.899999618530273 0
    endloop
  endfacet
  facet normal 0 0 -1
    outer loop
      vertex -10.900591850280762 -5.91883659362793 0
      vertex -5.899999618530273 -11.09999942779541 0
      vertex -5.91883659362793 -11.100591659545898 0
    endloop
  endfacet
  facet normal 0 0 -1
    outer loop
      vertex 8.5 1.7320499420166016 0
      vertex -5.899999618530273 11.09999942779541 0
      vertex 5.899999618530273 11.09999942779541 0
    endloop
  endfacet
  facet normal 0 0 -1
    outer loop
      vertex -10.902364730834961 -5.937599182128906 0
      vertex -5.91883659362793 -11.100591659545898 0
      vertex -5.937599182128906 -11.102365493774414 0
    endloop
  endfacet
  facet normal 0 0 -1
    outer loop
      vertex 8.5 1.7320499420166016 0
      vertex -10.899999618530273 5.899999618530273 0
      vertex -5.899999618530273 11.09999942779541 0
    endloop
  endfacet
  facet normal 0 0 -1
    outer loop
      vertex -10.905313491821289 -5.95621395111084 0
      vertex -5.937599182128906 -11.102365493774414 0
      vertex -5.95621395111084 -11.105313301086426 0
    endloop
  endfacet
  facet normal 0 0 -1
    outer loop
      vertex -10.900591850280762 5.91883659362793 0
      vertex -5.899999618530273 11.09999942779541 0
      vertex -10.899999618530273 5.899999618530273 0
    endloop
  endfacet
  facet normal 0 0 -1
    outer loop
      vertex -10.909424781799316 -5.974606513977051 0
      vertex -5.95621395111084 -11.105313301086426 0
      vertex -5.974606513977051 -11.109424591064453 0
    endloop
  endfacet
  facet normal 0 0 -1
    outer loop
      vertex -5.899999618530273 11.09999942779541 0
      vertex -10.900591850280762 5.91883659362793 0
      vertex -5.91883659362793 11.100591659545898 0
    endloop
  endfacet
  facet normal 0 0 -1
    outer loop
      vertex -10.914682388305664 -5.992704391479492 0
      vertex -5.974606513977051 -11.109424591064453 0
      vertex -5.992704391479492 -11.1146821975708 0
    endloop
  endfacet
  facet normal 0 0 -1
    outer loop
      vertex -10.902364730834961 5.937599182128906 0
      vertex -5.91883659362793 11.100591659545898 0
      vertex -10.900591850280762 5.91883659362793 0
    endloop
  endfacet
  facet normal 0 0 -1
    outer loop
      vertex -10.921066284179688 -6.01043701171875 0
      vertex -5.992704391479492 -11.1146821975708 0
      vertex -6.01043701171875 -11.12106704711914 0
    endloop
  endfacet
  facet normal 0 0 -1
    outer loop
      vertex -5.91883659362793 11.100591659545898 0
      vertex -10.902364730834961 5.937599182128906 0
      vertex -5.937599182128906 11.102365493774414 0
    endloop
  endfacet
  facet normal 0 0 -1
    outer loop
      vertex -10.92855167388916 -6.027732849121094 0
      vertex -6.01043701171875 -11.12106704711914 0
      vertex -6.027732849121094 -11.128551483154297 0
    endloop
  endfacet
  facet normal 0 0 -1
    outer loop
      vertex -10.905313491821289 5.95621395111084 0
      vertex -5.937599182128906 11.102365493774414 0
      vertex -10.902364730834961 5.937599182128906 0
    endloop
  endfacet
  facet normal 0 0 -1
    outer loop
      vertex -10.93710708618164 -6.044526100158691 0
      vertex -6.027732849121094 -11.128551483154297 0
      vertex -6.044526100158691 -11.137107849121094 0
    endloop
  endfacet
  facet normal 0 0 -1
    outer loop
      vertex -5.937599182128906 11.102365493774414 0
      vertex -10.905313491821289 5.95621395111084 0
      vertex -5.95621395111084 11.105313301086426 0
    endloop
  endfacet
  facet normal 0 0 -1
    outer loop
      vertex -10.946701049804688 -6.060747146606445 0
      vertex -6.044526100158691 -11.137107849121094 0
      vertex -6.060747146606445 -11.146700859069824 0
    endloop
  endfacet
  facet normal 0 0 -1
    outer loop
      vertex -10.909424781799316 5.974606513977051 0
      vertex -5.95621395111084 11.105313301086426 0
      vertex -10.905313491821289 5.95621395111084 0
    endloop
  endfacet
  facet normal 0 0 -1
    outer loop
      vertex -10.957294464111328 -6.0763349533081055 0
      vertex -6.060747146606445 -11.146700859069824 0
      vertex -6.0763349533081055 -11.157294273376465 0
    endloop
  endfacet
  facet normal 0 0 -1
    outer loop
      vertex -5.95621395111084 11.105313301086426 0
      vertex -10.909424781799316 5.974606513977051 0
      vertex -5.974606513977051 11.109424591064453 0
    endloop
  endfacet
  facet normal 0 0 -1
    outer loop
      vertex -10.96884536743164 -6.091226577758789 0
      vertex -6.0763349533081055 -11.157294273376465 0
      vertex -6.091226577758789 -11.168845176696777 0
    endloop
  endfacet
  facet normal 0 0 -1
    outer loop
      vertex -10.914682388305664 5.992704391479492 0
      vertex -5.974606513977051 11.109424591064453 0
      vertex -10.909424781799316 5.974606513977051 0
    endloop
  endfacet
  facet normal 0 0 -1
    outer loop
      vertex -10.981308937072754 -6.105363845825195 0
      vertex -6.091226577758789 -11.168845176696777 0
      vertex -6.105363845825195 -11.18130874633789 0
    endloop
  endfacet
  facet normal 0 0 -1
    outer loop
      vertex -5.974606513977051 11.109424591064453 0
      vertex -10.914682388305664 5.992704391479492 0
      vertex -5.992704391479492 11.1146821975708 0
    endloop
  endfacet
  facet normal 0 0 -1
    outer loop
      vertex -10.994635581970215 -6.118690490722656 0
      vertex -6.105363845825195 -11.18130874633789 0
      vertex -6.118690490722656 -11.194635391235352 0
    endloop
  endfacet
  facet normal 0 0 -1
    outer loop
      vertex -10.921066284179688 6.01043701171875 0
      vertex -5.992704391479492 11.1146821975708 0
      vertex -10.914682388305664 5.992704391479492 0
    endloop
  endfacet
  facet normal 0 0 -1
    outer loop
      vertex -11.008771896362305 -6.131153106689453 0
      vertex -6.118690490722656 -11.194635391235352 0
      vertex -6.131153106689453 -11.208772659301758 0
    endloop
  endfacet
  facet normal 0 0 -1
    outer loop
      vertex -5.992704391479492 11.1146821975708 0
      vertex -10.921066284179688 6.01043701171875 0
      vertex -6.01043701171875 11.12106704711914 0
    endloop
  endfacet
  facet normal 0 0 -1
    outer loop
      vertex -12.199999809265137 -7.78162956237793 0
      vertex -6.131153106689453 -11.208772659301758 0
      vertex -6.142704963684082 -11.223664283752441 0
    endloop
  endfacet
  facet normal 0 0 -1
    outer loop
      vertex -10.92855167388916 6.027732849121094 0
      vertex -6.01043701171875 11.12106704711914 0
      vertex -10.921066284179688 6.01043701171875 0
    endloop
  endfacet
  facet normal 0 0 -1
    outer loop
      vertex -7.581629753112793 -12.399999618530273 0
      vertex -6.142704963684082 -11.223664283752441 0
      vertex -6.153298377990723 -11.239251136779785 0
    endloop
  endfacet
  facet normal 0 0 -1
    outer loop
      vertex -6.01043701171875 11.12106704711914 0
      vertex -10.92855167388916 6.027732849121094 0
      vertex -6.027732849121094 11.128551483154297 0
    endloop
  endfacet
  facet normal 0 0 -1
    outer loop
      vertex -7.581629753112793 -12.399999618530273 0
      vertex -6.153298377990723 -11.239251136779785 0
      vertex -6.162891387939453 -11.255473136901855 0
    endloop
  endfacet
  facet normal 0 0 -1
    outer loop
      vertex -10.93710708618164 6.044526100158691 0
      vertex -6.027732849121094 11.128551483154297 0
      vertex -10.92855167388916 6.027732849121094 0
    endloop
  endfacet
  facet normal 0 0 -1
    outer loop
      vertex -7.581629753112793 -12.399999618530273 0
      vertex -6.162891387939453 -11.255473136901855 0
      vertex -6.17144775390625 -11.272265434265137 0
    endloop
  endfacet
  facet normal 0 0 -1
    outer loop
      vertex -6.142704963684082 11.223664283752441 0
      vertex -7.581629753112793 12.399999618530273 0
      vertex -6.153298377990723 11.239251136779785 0
    endloop
  endfacet
  facet normal 0 0 -1
    outer loop
      vertex -7.581629753112793 -12.399999618530273 0
      vertex -6.17144775390625 -11.272265434265137 0
      vertex -6.178932189941406 -11.289562225341797 0
    endloop
  endfacet
  facet normal 0 0 -1
    outer loop
      vertex -6.153298377990723 11.239251136779785 0
      vertex -7.581629753112793 12.399999618530273 0
      vertex -6.162891387939453 11.255473136901855 0
    endloop
  endfacet
  facet normal 0 0 -1
    outer loop
      vertex -7.581629753112793 -12.399999618530273 0
      vertex -6.178932189941406 -11.289562225341797 0
      vertex -6.18531608581543 -11.307294845581055 0
    endloop
  endfacet
  facet normal 0 0 -1
    outer loop
      vertex -6.162891387939453 11.255473136901855 0
      vertex -7.581629753112793 12.399999618530273 0
      vertex -6.17144775390625 11.272265434265137 0
    endloop
  endfacet
  facet normal 0 0 -1
    outer loop
      vertex -7.581629753112793 -12.399999618530273 0
      vertex -6.18531608581543 -11.307294845581055 0
      vertex -6.190574645996094 -11.325392723083496 0
    endloop
  endfacet
  facet normal 0 0 -1
    outer loop
      vertex -6.17144775390625 11.272265434265137 0
      vertex -7.581629753112793 12.399999618530273 0
      vertex -6.178932189941406 11.289562225341797 0
    endloop
  endfacet
  facet normal 0 0 -1
    outer loop
      vertex -7.581629753112793 -12.399999618530273 0
      vertex -6.190574645996094 -11.325392723083496 0
      vertex -6.194685935974121 -11.343785285949707 0
    endloop
  endfacet
  facet normal 0 0 -1
    outer loop
      vertex -6.178932189941406 11.289562225341797 0
      vertex -7.581629753112793 12.399999618530273 0
      vertex -6.18531608581543 11.307294845581055 0
    endloop
  endfacet
  facet normal 0 0 -1
    outer loop
      vertex -7.581629753112793 -12.399999618530273 0
      vertex -6.194685935974121 -11.343785285949707 0
      vertex -6.197633743286133 -11.362399101257324 0
    endloop
  endfacet
  facet normal 0 0 -1
    outer loop
      vertex -6.18531608581543 11.307294845581055 0
      vertex -7.581629753112793 12.399999618530273 0
      vertex -6.190574645996094 11.325392723083496 0
    endloop
  endfacet
  facet normal 0 0 -1
    outer loop
      vertex -7.581629753112793 -12.399999618530273 0
      vertex -6.197633743286133 -11.362399101257324 0
      vertex -6.199407577514648 -11.381162643432617 0
    endloop
  endfacet
  facet normal 0 0 -1
    outer loop
      vertex -6.190574645996094 11.325392723083496 0
      vertex -7.581629753112793 12.399999618530273 0
      vertex -6.194685935974121 11.343785285949707 0
    endloop
  endfacet
  facet normal 0 0 -1
    outer loop
      vertex -7.581629753112793 -12.399999618530273 0
      vertex -6.199407577514648 -11.381162643432617 0
      vertex -6.199999809265137 -11.399999618530273 0
    endloop
  endfacet
  facet normal 0 0 -1
    outer loop
      vertex -6.194685935974121 11.343785285949707 0
      vertex -7.581629753112793 12.399999618530273 0
      vertex -6.197633743286133 11.362399101257324 0
    endloop
  endfacet
  facet normal 0 0 -1
    outer loop
      vertex 12.399999618530273 7.581629753112793 0
      vertex 6.199999809265137 11.399999618530273 0
      vertex 7.581629753112793 12.399999618530273 0
    endloop
  endfacet
  facet normal 0 0 -1
    outer loop
      vertex 6.199407577514648 11.41883659362793 0
      vertex 7.581629753112793 12.399999618530273 0
      vertex 6.199999809265137 11.399999618530273 0
    endloop
  endfacet
  facet normal 0 0 -1
    outer loop
      vertex 6.197633743286133 11.437599182128906 0
      vertex 7.581629753112793 12.399999618530273 0
      vertex 6.199407577514648 11.41883659362793 0
    endloop
  endfacet
  facet normal 0 0 -1
    outer loop
      vertex 6.194685935974121 11.45621395111084 0
      vertex 7.581629753112793 12.399999618530273 0
      vertex 6.197633743286133 11.437599182128906 0
    endloop
  endfacet
  facet normal 0 0 -1
    outer loop
      vertex 6.190574645996094 11.47460651397705 0
      vertex 7.581629753112793 12.399999618530273 0
      vertex 6.194685935974121 11.45621395111084 0
    endloop
  endfacet
  facet normal 0 0 -1
    outer loop
      vertex 6.18531608581543 11.492704391479492 0
      vertex 7.581629753112793 12.399999618530273 0
      vertex 6.190574645996094 11.47460651397705 0
    endloop
  endfacet
  facet normal 0 0 -1
    outer loop
      vertex 6.178932189941406 11.51043701171875 0
      vertex 7.581629753112793 12.399999618530273 0
      vertex 6.18531608581543 11.492704391479492 0
    endloop
  endfacet
  facet normal 0 0 -1
    outer loop
      vertex 6.17144775390625 11.527732849121094 0
      vertex 7.581629753112793 12.399999618530273 0
      vertex 6.178932189941406 11.51043701171875 0
    endloop
  endfacet
  facet normal 0 0 -1
    outer loop
      vertex 6.162891387939453 11.544526100158691 0
      vertex 7.581629753112793 12.399999618530273 0
      vertex 6.17144775390625 11.527732849121094 0
    endloop
  endfacet
  facet normal 0 0 -1
    outer loop
      vertex 6.153298377990723 11.560747146606445 0
      vertex 7.581629753112793 12.399999618530273 0
      vertex 6.162891387939453 11.544526100158691 0
    endloop
  endfacet
  facet normal 0 0 -1
    outer loop
      vertex 6.142704963684082 11.576334953308105 0
      vertex 7.581629753112793 12.399999618530273 0
      vertex 6.153298377990723 11.560747146606445 0
    endloop
  endfacet
  facet normal 0 0 -1
    outer loop
      vertex 6.131153106689453 11.591226577758789 0
      vertex 7.581629753112793 12.399999618530273 0
      vertex 6.142704963684082 11.576334953308105 0
    endloop
  endfacet
  facet normal 0 0 -1
    outer loop
      vertex 6.118690490722656 11.605363845825195 0
      vertex 7.581629753112793 12.399999618530273 0
      vertex 6.131153106689453 11.591226577758789 0
    endloop
  endfacet
  facet normal 0 0 -1
    outer loop
      vertex 6.105363845825195 11.618690490722656 0
      vertex 7.581629753112793 12.399999618530273 0
      vertex 6.118690490722656 11.605363845825195 0
    endloop
  endfacet
  facet normal 0 0 -1
    outer loop
      vertex 6.091226577758789 11.631153106689453 0
      vertex 7.581629753112793 12.399999618530273 0
      vertex 6.105363845825195 11.618690490722656 0
    endloop
  endfacet
  facet normal 0 0 -1
    outer loop
      vertex 6.0763349533081055 11.642704963684082 0
      vertex 7.581629753112793 12.399999618530273 0
      vertex 6.091226577758789 11.631153106689453 0
    endloop
  endfacet
  facet normal 0 0 -1
    outer loop
      vertex 6.060747146606445 11.653298377990723 0
      vertex 7.581629753112793 12.399999618530273 0
      vertex 6.0763349533081055 11.642704963684082 0
    endloop
  endfacet
  facet normal 0 0 -1
    outer loop
      vertex 6.044526100158691 11.662891387939453 0
      vertex 7.581629753112793 12.399999618530273 0
      vertex 6.060747146606445 11.653298377990723 0
    endloop
  endfacet
  facet normal 0 0 -1
    outer loop
      vertex 6.027732849121094 11.67144775390625 0
      vertex 7.581629753112793 12.399999618530273 0
      vertex 6.044526100158691 11.662891387939453 0
    endloop
  endfacet
  facet normal 0 0 -1
    outer loop
      vertex 6.01043701171875 11.678932189941406 0
      vertex 7.581629753112793 12.399999618530273 0
      vertex 6.027732849121094 11.67144775390625 0
    endloop
  endfacet
  facet normal 0 0 -1
    outer loop
      vertex 5.992704391479492 11.68531608581543 0
      vertex 7.581629753112793 12.399999618530273 0
      vertex 6.01043701171875 11.678932189941406 0
    endloop
  endfacet
  facet normal 0 0 -1
    outer loop
      vertex 5.974606513977051 11.690574645996094 0
      vertex 7.581629753112793 12.399999618530273 0
      vertex 5.992704391479492 11.68531608581543 0
    endloop
  endfacet
  facet normal 0 0 -1
    outer loop
      vertex 5.95621395111084 11.694685935974121 0
      vertex 7.581629753112793 12.399999618530273 0
      vertex 5.974606513977051 11.690574645996094 0
    endloop
  endfacet
  facet normal 0 0 -1
    outer loop
      vertex 5.937599182128906 11.697633743286133 0
      vertex 7.581629753112793 12.399999618530273 0
      vertex 5.95621395111084 11.694685935974121 0
    endloop
  endfacet
  facet normal 0 0 -1
    outer loop
      vertex 5.91883659362793 11.699407577514648 0
      vertex 7.581629753112793 12.399999618530273 0
      vertex 5.937599182128906 11.697633743286133 0
    endloop
  endfacet
  facet normal 0 0 -1
    outer loop
      vertex 5.899999618530273 11.699999809265137 0
      vertex 7.581629753112793 12.399999618530273 0
      vertex 5.91883659362793 11.699407577514648 0
    endloop
  endfacet
  facet normal 0 0 -1
    outer loop
      vertex -5.899999618530273 11.699999809265137 0
      vertex 7.581629753112793 12.399999618530273 0
      vertex 5.899999618530273 11.699999809265137 0
    endloop
  endfacet
  facet normal 0 0 -1
    outer loop
      vertex -7.581629753112793 12.399999618530273 0
      vertex -5.899999618530273 11.699999809265137 0
      vertex -5.91883659362793 11.699407577514648 0
    endloop
  endfacet
  facet normal 0 0 -1
    outer loop
      vertex -6.197633743286133 11.362399101257324 0
      vertex -7.581629753112793 12.399999618530273 0
      vertex -6.199407577514648 11.381162643432617 0
    endloop
  endfacet
  facet normal 0 0 -1
    outer loop
      vertex -5.899999618530273 11.699999809265137 0
      vertex -7.581629753112793 12.399999618530273 0
      vertex 7.581629753112793 12.399999618530273 0
    endloop
  endfacet
  facet normal 0 0 -1
    outer loop
      vertex -5.937599182128906 11.697633743286133 0
      vertex -7.581629753112793 12.399999618530273 0
      vertex -5.91883659362793 11.699407577514648 0
    endloop
  endfacet
  facet normal 0 0 -1
    outer loop
      vertex -5.95621395111084 11.694685935974121 0
      vertex -7.581629753112793 12.399999618530273 0
      vertex -5.937599182128906 11.697633743286133 0
    endloop
  endfacet
  facet normal 0 0 -1
    outer loop
      vertex -5.974606513977051 11.690574645996094 0
      vertex -7.581629753112793 12.399999618530273 0
      vertex -5.95621395111084 11.694685935974121 0
    endloop
  endfacet
  facet normal 0 0 -1
    outer loop
      vertex -5.992704391479492 11.68531608581543 0
      vertex -7.581629753112793 12.399999618530273 0
      vertex -5.974606513977051 11.690574645996094 0
    endloop
  endfacet
  facet normal 0 0 -1
    outer loop
      vertex -6.01043701171875 11.678932189941406 0
      vertex -7.581629753112793 12.399999618530273 0
      vertex -5.992704391479492 11.68531608581543 0
    endloop
  endfacet
  facet normal 0 0 -1
    outer loop
      vertex -6.027732849121094 11.67144775390625 0
      vertex -7.581629753112793 12.399999618530273 0
      vertex -6.01043701171875 11.678932189941406 0
    endloop
  endfacet
  facet normal 0 0 -1
    outer loop
      vertex -6.044526100158691 11.662891387939453 0
      vertex -7.581629753112793 12.399999618530273 0
      vertex -6.027732849121094 11.67144775390625 0
    endloop
  endfacet
  facet normal 0 0 -1
    outer loop
      vertex -6.060747146606445 11.653298377990723 0
      vertex -7.581629753112793 12.399999618530273 0
      vertex -6.044526100158691 11.662891387939453 0
    endloop
  endfacet
  facet normal 0 0 -1
    outer loop
      vertex -6.0763349533081055 11.642704963684082 0
      vertex -7.581629753112793 12.399999618530273 0
      vertex -6.060747146606445 11.653298377990723 0
    endloop
  endfacet
  facet normal 0 0 -1
    outer loop
      vertex -6.091226577758789 11.631153106689453 0
      vertex -7.581629753112793 12.399999618530273 0
      vertex -6.0763349533081055 11.642704963684082 0
    endloop
  endfacet
  facet normal 0 0 -1
    outer loop
      vertex -6.105363845825195 11.618690490722656 0
      vertex -7.581629753112793 12.399999618530273 0
      vertex -6.091226577758789 11.631153106689453 0
    endloop
  endfacet
  facet normal 0 0 -1
    outer loop
      vertex -6.118690490722656 11.605363845825195 0
      vertex -7.581629753112793 12.399999618530273 0
      vertex -6.105363845825195 11.618690490722656 0
    endloop
  endfacet
  facet normal 0 0 -1
    outer loop
      vertex -6.131153106689453 11.591226577758789 0
      vertex -7.581629753112793 12.399999618530273 0
      vertex -6.118690490722656 11.605363845825195 0
    endloop
  endfacet
  facet normal 0 0 -1
    outer loop
      vertex -6.142704963684082 11.576334953308105 0
      vertex -7.581629753112793 12.399999618530273 0
      vertex -6.131153106689453 11.591226577758789 0
    endloop
  endfacet
  facet normal 0 0 -1
    outer loop
      vertex -6.153298377990723 11.560747146606445 0
      vertex -7.581629753112793 12.399999618530273 0
      vertex -6.142704963684082 11.576334953308105 0
    endloop
  endfacet
  facet normal 0 0 -1
    outer loop
      vertex -6.162891387939453 11.544526100158691 0
      vertex -7.581629753112793 12.399999618530273 0
      vertex -6.153298377990723 11.560747146606445 0
    endloop
  endfacet
  facet normal 0 0 -1
    outer loop
      vertex -6.17144775390625 11.527732849121094 0
      vertex -7.581629753112793 12.399999618530273 0
      vertex -6.162891387939453 11.544526100158691 0
    endloop
  endfacet
  facet normal 0 0 -1
    outer loop
      vertex -6.178932189941406 11.51043701171875 0
      vertex -7.581629753112793 12.399999618530273 0
      vertex -6.17144775390625 11.527732849121094 0
    endloop
  endfacet
  facet normal 0 0 -1
    outer loop
      vertex -6.18531608581543 11.492704391479492 0
      vertex -7.581629753112793 12.399999618530273 0
      vertex -6.178932189941406 11.51043701171875 0
    endloop
  endfacet
  facet normal 0 0 -1
    outer loop
      vertex -6.190574645996094 11.47460651397705 0
      vertex -7.581629753112793 12.399999618530273 0
      vertex -6.18531608581543 11.492704391479492 0
    endloop
  endfacet
  facet normal 0 0 -1
    outer loop
      vertex -6.194685935974121 11.45621395111084 0
      vertex -7.581629753112793 12.399999618530273 0
      vertex -6.190574645996094 11.47460651397705 0
    endloop
  endfacet
  facet normal 0 0 -1
    outer loop
      vertex -6.197633743286133 11.437599182128906 0
      vertex -7.581629753112793 12.399999618530273 0
      vertex -6.194685935974121 11.45621395111084 0
    endloop
  endfacet
  facet normal 0 0 -1
    outer loop
      vertex -6.199407577514648 11.41883659362793 0
      vertex -7.581629753112793 12.399999618530273 0
      vertex -6.197633743286133 11.437599182128906 0
    endloop
  endfacet
  facet normal 0 0 -1
    outer loop
      vertex -6.199407577514648 11.381162643432617 0
      vertex -7.581629753112793 12.399999618530273 0
      vertex -6.199999809265137 11.399999618530273 0
    endloop
  endfacet
  facet normal 0 0 -1
    outer loop
      vertex -6.199999809265137 11.399999618530273 0
      vertex -7.581629753112793 12.399999618530273 0
      vertex -6.199407577514648 11.41883659362793 0
    endloop
  endfacet
  facet normal 0 0 -1
    outer loop
      vertex -5.899999618530273 -11.09999942779541 0
      vertex -10.900591850280762 -5.91883659362793 0
      vertex -10.899999618530273 -5.899999618530273 0
    endloop
  endfacet
  facet normal 0 0 -1
    outer loop
      vertex -5.91883659362793 -11.100591659545898 0
      vertex -10.902364730834961 -5.937599182128906 0
      vertex -10.900591850280762 -5.91883659362793 0
    endloop
  endfacet
  facet normal 0 0 -1
    outer loop
      vertex -5.937599182128906 -11.102365493774414 0
      vertex -10.905313491821289 -5.95621395111084 0
      vertex -10.902364730834961 -5.937599182128906 0
    endloop
  endfacet
  facet normal 0 0 -1
    outer loop
      vertex -5.95621395111084 -11.105313301086426 0
      vertex -10.909424781799316 -5.974606513977051 0
      vertex -10.905313491821289 -5.95621395111084 0
    endloop
  endfacet
  facet normal 0 0 -1
    outer loop
      vertex -5.974606513977051 -11.109424591064453 0
      vertex -10.914682388305664 -5.992704391479492 0
      vertex -10.909424781799316 -5.974606513977051 0
    endloop
  endfacet
  facet normal 0 0 -1
    outer loop
      vertex -5.992704391479492 -11.1146821975708 0
      vertex -10.921066284179688 -6.01043701171875 0
      vertex -10.914682388305664 -5.992704391479492 0
    endloop
  endfacet
  facet normal 0 0 -1
    outer loop
      vertex -6.01043701171875 -11.12106704711914 0
      vertex -10.92855167388916 -6.027732849121094 0
      vertex -10.921066284179688 -6.01043701171875 0
    endloop
  endfacet
  facet normal 0 0 -1
    outer loop
      vertex -6.027732849121094 -11.128551483154297 0
      vertex -10.93710708618164 -6.044526100158691 0
      vertex -10.92855167388916 -6.027732849121094 0
    endloop
  endfacet
  facet normal 0 0 -1
    outer loop
      vertex -6.044526100158691 -11.137107849121094 0
      vertex -10.946701049804688 -6.060747146606445 0
      vertex -10.93710708618164 -6.044526100158691 0
    endloop
  endfacet
  facet normal 0 0 -1
    outer loop
      vertex -6.060747146606445 -11.146700859069824 0
      vertex -10.957294464111328 -6.0763349533081055 0
      vertex -10.946701049804688 -6.060747146606445 0
    endloop
  endfacet
  facet normal 0 0 -1
    outer loop
      vertex -6.0763349533081055 -11.157294273376465 0
      vertex -10.96884536743164 -6.091226577758789 0
      vertex -10.957294464111328 -6.0763349533081055 0
    endloop
  endfacet
  facet normal 0 0 -1
    outer loop
      vertex -6.091226577758789 -11.168845176696777 0
      vertex -10.981308937072754 -6.105363845825195 0
      vertex -10.96884536743164 -6.091226577758789 0
    endloop
  endfacet
  facet normal 0 0 -1
    outer loop
      vertex -6.105363845825195 -11.18130874633789 0
      vertex -10.994635581970215 -6.118690490722656 0
      vertex -10.981308937072754 -6.105363845825195 0
    endloop
  endfacet
  facet normal 0 0 -1
    outer loop
      vertex -6.118690490722656 -11.194635391235352 0
      vertex -11.008771896362305 -6.131153106689453 0
      vertex -10.994635581970215 -6.118690490722656 0
    endloop
  endfacet
  facet normal 0 0 -1
    outer loop
      vertex -6.131153106689453 -11.208772659301758 0
      vertex -11.023663520812988 -6.142704963684082 0
      vertex -11.008771896362305 -6.131153106689453 0
    endloop
  endfacet
  facet normal 0 0 -1
    outer loop
      vertex -6.131153106689453 -11.208772659301758 0
      vertex -12.199999809265137 -7.78162956237793 0
      vertex -11.023663520812988 -6.142704963684082 0
    endloop
  endfacet
  facet normal 0 0 -1
    outer loop
      vertex -11.023663520812988 -6.142704963684082 0
      vertex -12.199999809265137 -7.78162956237793 0
      vertex -11.039251327514648 -6.153297424316406 0
    endloop
  endfacet
  facet normal 0 0 -1
    outer loop
      vertex -11.039251327514648 -6.153297424316406 0
      vertex -12.199999809265137 -7.78162956237793 0
      vertex -11.055473327636719 -6.162891387939453 0
    endloop
  endfacet
  facet normal 0 0 -1
    outer loop
      vertex -11.055473327636719 -6.162891387939453 0
      vertex -12.199999809265137 -7.78162956237793 0
      vertex -11.072265625 -6.17144775390625 0
    endloop
  endfacet
  facet normal 0 0 -1
    outer loop
      vertex -11.072265625 -6.17144775390625 0
      vertex -12.199999809265137 -7.78162956237793 0
      vertex -11.08956241607666 -6.178932189941406 0
    endloop
  endfacet
  facet normal 0 0 -1
    outer loop
      vertex -11.08956241607666 -6.178932189941406 0
      vertex -12.199999809265137 -7.78162956237793 0
      vertex -11.107294082641602 -6.18531608581543 0
    endloop
  endfacet
  facet normal 0 0 -1
    outer loop
      vertex -11.107294082641602 -6.18531608581543 0
      vertex -12.199999809265137 -7.78162956237793 0
      vertex -11.12539291381836 -6.190574645996094 0
    endloop
  endfacet
  facet normal 0 0 -1
    outer loop
      vertex -11.12539291381836 -6.190574645996094 0
      vertex -12.199999809265137 -7.78162956237793 0
      vertex -11.14378547668457 -6.194685935974121 0
    endloop
  endfacet
  facet normal 0 0 -1
    outer loop
      vertex -11.14378547668457 -6.194685935974121 0
      vertex -12.199999809265137 -7.78162956237793 0
      vertex -11.162399291992188 -6.197633743286133 0
    endloop
  endfacet
  facet normal 0 0 -1
    outer loop
      vertex -11.162399291992188 -6.197633743286133 0
      vertex -12.199999809265137 -7.78162956237793 0
      vertex -11.18116283416748 -6.199407577514648 0
    endloop
  endfacet
  facet normal 0 0 -1
    outer loop
      vertex -11.18116283416748 -6.199407577514648 0
      vertex -12.199999809265137 -7.78162956237793 0
      vertex -11.199999809265137 -6.199999809265137 0
    endloop
  endfacet
  facet normal 0 0 -1
    outer loop
      vertex -11.199999809265137 -6.199999809265137 0
      vertex -12.199999809265137 -7.78162956237793 0
      vertex -11.218836784362793 -6.199407577514648 0
    endloop
  endfacet
  facet normal 0 0 -1
    outer loop
      vertex -11.218836784362793 -6.199407577514648 0
      vertex -12.199999809265137 -7.78162956237793 0
      vertex -11.23759937286377 -6.197633743286133 0
    endloop
  endfacet
  facet normal 0 0 -1
    outer loop
      vertex -11.23759937286377 -6.197633743286133 0
      vertex -12.199999809265137 -7.78162956237793 0
      vertex -11.256214141845703 -6.194685935974121 0
    endloop
  endfacet
  facet normal 0 0 -1
    outer loop
      vertex -11.256214141845703 -6.194685935974121 0
      vertex -12.199999809265137 -7.78162956237793 0
      vertex -11.274606704711914 -6.190574645996094 0
    endloop
  endfacet
  facet normal 0 0 -1
    outer loop
      vertex -11.274606704711914 -6.190574645996094 0
      vertex -12.199999809265137 -7.78162956237793 0
      vertex -11.292704582214355 -6.18531608581543 0
    endloop
  endfacet
  facet normal 0 0 -1
    outer loop
      vertex -11.292704582214355 -6.18531608581543 0
      vertex -12.199999809265137 -7.78162956237793 0
      vertex -11.310437202453613 -6.178932189941406 0
    endloop
  endfacet
  facet normal 0 0 -1
    outer loop
      vertex -11.310437202453613 -6.178932189941406 0
      vertex -12.199999809265137 -7.78162956237793 0
      vertex -11.327733039855957 -6.17144775390625 0
    endloop
  endfacet
  facet normal 0 0 -1
    outer loop
      vertex -11.327733039855957 -6.17144775390625 0
      vertex -12.199999809265137 -7.78162956237793 0
      vertex -11.344525337219238 -6.162891387939453 0
    endloop
  endfacet
  facet normal 0 0 -1
    outer loop
      vertex -11.344525337219238 -6.162891387939453 0
      vertex -12.199999809265137 -7.78162956237793 0
      vertex -11.360747337341309 -6.153297424316406 0
    endloop
  endfacet
  facet normal 0 0 -1
    outer loop
      vertex -11.360747337341309 -6.153297424316406 0
      vertex -12.199999809265137 -7.78162956237793 0
      vertex -11.376335144042969 -6.142704963684082 0
    endloop
  endfacet
  facet normal 0 0 -1
    outer loop
      vertex -11.376335144042969 -6.142704963684082 0
      vertex -12.199999809265137 -7.78162956237793 0
      vertex -11.391226768493652 -6.131153106689453 0
    endloop
  endfacet
  facet normal 0 0 -1
    outer loop
      vertex -11.391226768493652 -6.131153106689453 0
      vertex -12.199999809265137 -7.78162956237793 0
      vertex -11.405364036560059 -6.118690490722656 0
    endloop
  endfacet
  facet normal 0 0 -1
    outer loop
      vertex -11.405364036560059 -6.118690490722656 0
      vertex -12.199999809265137 -7.78162956237793 0
      vertex -11.418689727783203 -6.105363845825195 0
    endloop
  endfacet
  facet normal 0 0 -1
    outer loop
      vertex -11.418689727783203 -6.105363845825195 0
      vertex -12.199999809265137 -7.78162956237793 0
      vertex -11.431153297424316 -6.091226577758789 0
    endloop
  endfacet
  facet normal 0 0 -1
    outer loop
      vertex -11.431153297424316 -6.091226577758789 0
      vertex -12.199999809265137 -7.78162956237793 0
      vertex -11.442704200744629 -6.0763349533081055 0
    endloop
  endfacet
  facet normal 0 0 -1
    outer loop
      vertex -11.5 -5.899999618530273 0
      vertex -12.199999809265137 -7.78162956237793 0
      vertex -11.5 5.899999618530273 0
    endloop
  endfacet
  facet normal 0 0 -1
    outer loop
      vertex -11.499407768249512 -5.91883659362793 0
      vertex -12.199999809265137 -7.78162956237793 0
      vertex -11.5 -5.899999618530273 0
    endloop
  endfacet
  facet normal 0 0 -1
    outer loop
      vertex -11.497633934020996 -5.937599182128906 0
      vertex -12.199999809265137 -7.78162956237793 0
      vertex -11.499407768249512 -5.91883659362793 0
    endloop
  endfacet
  facet normal 0 0 -1
    outer loop
      vertex -11.494686126708984 -5.95621395111084 0
      vertex -12.199999809265137 -7.78162956237793 0
      vertex -11.497633934020996 -5.937599182128906 0
    endloop
  endfacet
  facet normal 0 0 -1
    outer loop
      vertex -11.490574836730957 -5.974606513977051 0
      vertex -12.199999809265137 -7.78162956237793 0
      vertex -11.494686126708984 -5.95621395111084 0
    endloop
  endfacet
  facet normal 0 0 -1
    outer loop
      vertex -11.485316276550293 -5.992704391479492 0
      vertex -12.199999809265137 -7.78162956237793 0
      vertex -11.490574836730957 -5.974606513977051 0
    endloop
  endfacet
  facet normal 0 0 -1
    outer loop
      vertex -11.47893238067627 -6.01043701171875 0
      vertex -12.199999809265137 -7.78162956237793 0
      vertex -11.485316276550293 -5.992704391479492 0
    endloop
  endfacet
  facet normal 0 0 -1
    outer loop
      vertex -11.471447944641113 -6.027732849121094 0
      vertex -12.199999809265137 -7.78162956237793 0
      vertex -11.47893238067627 -6.01043701171875 0
    endloop
  endfacet
  facet normal 0 0 -1
    outer loop
      vertex -11.462891578674316 -6.044526100158691 0
      vertex -12.199999809265137 -7.78162956237793 0
      vertex -11.471447944641113 -6.027732849121094 0
    endloop
  endfacet
  facet normal 0 0 -1
    outer loop
      vertex -11.45329761505127 -6.060747146606445 0
      vertex -12.199999809265137 -7.78162956237793 0
      vertex -11.462891578674316 -6.044526100158691 0
    endloop
  endfacet
  facet normal 0 0 -1
    outer loop
      vertex -11.442704200744629 -6.0763349533081055 0
      vertex -12.199999809265137 -7.78162956237793 0
      vertex -11.45329761505127 -6.060747146606445 0
    endloop
  endfacet
  facet normal 0 0 -1
    outer loop
      vertex 12.399999618530273 -7.581629753112793 0
      vertex 11.5 0 0
      vertex 12.399999618530273 7.581629753112793 0
    endloop
  endfacet
  facet normal 0 0 -1
    outer loop
      vertex 12.399999618530273 -7.581629753112793 0
      vertex 8.5 -1.7320499420166016 0
      vertex 11.5 0 0
    endloop
  endfacet
  facet normal 0 0 -1
    outer loop
      vertex 6.197633743286133 -11.362399101257324 0
      vertex 7.581629753112793 -12.399999618530273 0
      vertex 6.199407577514648 -11.381162643432617 0
    endloop
  endfacet
  facet normal 0 0 -1
    outer loop
      vertex 6.199407577514648 -11.381162643432617 0
      vertex 7.581629753112793 -12.399999618530273 0
      vertex 6.199999809265137 -11.399999618530273 0
    endloop
  endfacet
  facet normal 0 0 -1
    outer loop
      vertex 8.5 1.7320499420166016 0
      vertex 12.399999618530273 7.581629753112793 0
      vertex 11.5 0 0
    endloop
  endfacet
  facet normal 0 0 -1
    outer loop
      vertex 6.199999809265137 11.399999618530273 0
      vertex 12.399999618530273 7.581629753112793 0
      vertex 8.5 1.7320499420166016 0
    endloop
  endfacet
  facet normal 0 0 -1
    outer loop
      vertex 6.194685935974121 -11.343785285949707 0
      vertex 7.581629753112793 -12.399999618530273 0
      vertex 6.197633743286133 -11.362399101257324 0
    endloop
  endfacet
  facet normal 0 0 -1
    outer loop
      vertex 6.190574645996094 -11.325392723083496 0
      vertex 7.581629753112793 -12.399999618530273 0
      vertex 6.194685935974121 -11.343785285949707 0
    endloop
  endfacet
  facet normal 0 0 -1
    outer loop
      vertex 7.581629753112793 -12.399999618530273 0
      vertex 6.199407577514648 -11.41883659362793 0
      vertex 6.199999809265137 -11.399999618530273 0
    endloop
  endfacet
  facet normal 0 0 -1
    outer loop
      vertex 7.581629753112793 -12.399999618530273 0
      vertex 6.197633743286133 -11.437599182128906 0
      vertex 6.199407577514648 -11.41883659362793 0
    endloop
  endfacet
  facet normal 0 0 -1
    outer loop
      vertex 7.581629753112793 -12.399999618530273 0
      vertex 6.194685935974121 -11.45621395111084 0
      vertex 6.197633743286133 -11.437599182128906 0
    endloop
  endfacet
  facet normal 0 0 -1
    outer loop
      vertex 7.581629753112793 -12.399999618530273 0
      vertex 6.190574645996094 -11.47460651397705 0
      vertex 6.194685935974121 -11.45621395111084 0
    endloop
  endfacet
  facet normal 0 0 -1
    outer loop
      vertex 7.581629753112793 -12.399999618530273 0
      vertex 6.18531608581543 -11.492704391479492 0
      vertex 6.190574645996094 -11.47460651397705 0
    endloop
  endfacet
  facet normal 0 0 -1
    outer loop
      vertex 7.581629753112793 -12.399999618530273 0
      vertex 6.178932189941406 -11.51043701171875 0
      vertex 6.18531608581543 -11.492704391479492 0
    endloop
  endfacet
  facet normal 0 0 -1
    outer loop
      vertex 7.581629753112793 -12.399999618530273 0
      vertex 6.17144775390625 -11.527732849121094 0
      vertex 6.178932189941406 -11.51043701171875 0
    endloop
  endfacet
  facet normal 0 0 -1
    outer loop
      vertex 7.581629753112793 -12.399999618530273 0
      vertex 6.162891387939453 -11.544526100158691 0
      vertex 6.17144775390625 -11.527732849121094 0
    endloop
  endfacet
  facet normal 0 0 -1
    outer loop
      vertex 7.581629753112793 -12.399999618530273 0
      vertex 6.153298377990723 -11.560747146606445 0
      vertex 6.162891387939453 -11.544526100158691 0
    endloop
  endfacet
  facet normal 0 0 -1
    outer loop
      vertex 7.581629753112793 -12.399999618530273 0
      vertex 6.142704963684082 -11.576334953308105 0
      vertex 6.153298377990723 -11.560747146606445 0
    endloop
  endfacet
  facet normal 0 0 -1
    outer loop
      vertex 7.581629753112793 -12.399999618530273 0
      vertex 6.131153106689453 -11.591226577758789 0
      vertex 6.142704963684082 -11.576334953308105 0
    endloop
  endfacet
  facet normal 0 0 -1
    outer loop
      vertex 7.581629753112793 -12.399999618530273 0
      vertex 6.118690490722656 -11.605363845825195 0
      vertex 6.131153106689453 -11.591226577758789 0
    endloop
  endfacet
  facet normal 0 0 -1
    outer loop
      vertex 7.581629753112793 -12.399999618530273 0
      vertex 6.105363845825195 -11.618690490722656 0
      vertex 6.118690490722656 -11.605363845825195 0
    endloop
  endfacet
  facet normal 0 0 -1
    outer loop
      vertex 7.581629753112793 -12.399999618530273 0
      vertex 6.091226577758789 -11.631153106689453 0
      vertex 6.105363845825195 -11.618690490722656 0
    endloop
  endfacet
  facet normal 0 0 -1
    outer loop
      vertex 7.581629753112793 -12.399999618530273 0
      vertex 6.0763349533081055 -11.642704963684082 0
      vertex 6.091226577758789 -11.631153106689453 0
    endloop
  endfacet
  facet normal 0 0 -1
    outer loop
      vertex 7.581629753112793 -12.399999618530273 0
      vertex 6.060747146606445 -11.653298377990723 0
      vertex 6.0763349533081055 -11.642704963684082 0
    endloop
  endfacet
  facet normal 0 0 -1
    outer loop
      vertex 7.581629753112793 -12.399999618530273 0
      vertex 6.044526100158691 -11.662891387939453 0
      vertex 6.060747146606445 -11.653298377990723 0
    endloop
  endfacet
  facet normal 0 0 -1
    outer loop
      vertex 7.581629753112793 -12.399999618530273 0
      vertex 6.027732849121094 -11.67144775390625 0
      vertex 6.044526100158691 -11.662891387939453 0
    endloop
  endfacet
  facet normal 0 0 -1
    outer loop
      vertex 7.581629753112793 -12.399999618530273 0
      vertex 6.01043701171875 -11.678932189941406 0
      vertex 6.027732849121094 -11.67144775390625 0
    endloop
  endfacet
  facet normal 0 0 -1
    outer loop
      vertex 7.581629753112793 -12.399999618530273 0
      vertex 5.992704391479492 -11.68531608581543 0
      vertex 6.01043701171875 -11.678932189941406 0
    endloop
  endfacet
  facet normal 0 0 -1
    outer loop
      vertex 7.581629753112793 -12.399999618530273 0
      vertex 5.974606513977051 -11.690574645996094 0
      vertex 5.992704391479492 -11.68531608581543 0
    endloop
  endfacet
  facet normal 0 0 -1
    outer loop
      vertex 7.581629753112793 -12.399999618530273 0
      vertex 5.95621395111084 -11.694685935974121 0
      vertex 5.974606513977051 -11.690574645996094 0
    endloop
  endfacet
  facet normal 0 0 -1
    outer loop
      vertex 7.581629753112793 -12.399999618530273 0
      vertex 5.937599182128906 -11.697633743286133 0
      vertex 5.95621395111084 -11.694685935974121 0
    endloop
  endfacet
  facet normal 0 0 -1
    outer loop
      vertex 7.581629753112793 -12.399999618530273 0
      vertex 5.91883659362793 -11.699407577514648 0
      vertex 5.937599182128906 -11.697633743286133 0
    endloop
  endfacet
  facet normal 0 0 -1
    outer loop
      vertex 7.581629753112793 -12.399999618530273 0
      vertex 5.899999618530273 -11.699999809265137 0
      vertex 5.91883659362793 -11.699407577514648 0
    endloop
  endfacet
  facet normal 0 0 -1
    outer loop
      vertex 7.581629753112793 -12.399999618530273 0
      vertex -5.899999618530273 -11.699999809265137 0
      vertex 5.899999618530273 -11.699999809265137 0
    endloop
  endfacet
  facet normal 0 0 -1
    outer loop
      vertex -7.581629753112793 -12.399999618530273 0
      vertex -5.899999618530273 -11.699999809265137 0
      vertex 7.581629753112793 -12.399999618530273 0
    endloop
  endfacet
  facet normal 0 0 -1
    outer loop
      vertex -6.142704963684082 -11.223664283752441 0
      vertex -7.581629753112793 -12.399999618530273 0
      vertex -12.199999809265137 -7.78162956237793 0
    endloop
  endfacet
  facet normal 0 0 -1
    outer loop
      vertex -6.199407577514648 -11.41883659362793 0
      vertex -7.581629753112793 -12.399999618530273 0
      vertex -6.199999809265137 -11.399999618530273 0
    endloop
  endfacet
  facet normal 0 0 -1
    outer loop
      vertex -6.197633743286133 -11.437599182128906 0
      vertex -7.581629753112793 -12.399999618530273 0
      vertex -6.199407577514648 -11.41883659362793 0
    endloop
  endfacet
  facet normal 0 0 -1
    outer loop
      vertex -6.194685935974121 -11.45621395111084 0
      vertex -7.581629753112793 -12.399999618530273 0
      vertex -6.197633743286133 -11.437599182128906 0
    endloop
  endfacet
  facet normal 0 0 -1
    outer loop
      vertex -6.190574645996094 -11.47460651397705 0
      vertex -7.581629753112793 -12.399999618530273 0
      vertex -6.194685935974121 -11.45621395111084 0
    endloop
  endfacet
  facet normal 0 0 -1
    outer loop
      vertex -6.18531608581543 -11.492704391479492 0
      vertex -7.581629753112793 -12.399999618530273 0
      vertex -6.190574645996094 -11.47460651397705 0
    endloop
  endfacet
  facet normal 0 0 -1
    outer loop
      vertex -6.178932189941406 -11.51043701171875 0
      vertex -7.581629753112793 -12.399999618530273 0
      vertex -6.18531608581543 -11.492704391479492 0
    endloop
  endfacet
  facet normal 0 0 -1
    outer loop
      vertex -6.17144775390625 -11.527732849121094 0
      vertex -7.581629753112793 -12.399999618530273 0
      vertex -6.178932189941406 -11.51043701171875 0
    endloop
  endfacet
  facet normal 0 0 -1
    outer loop
      vertex -6.162891387939453 -11.544526100158691 0
      vertex -7.581629753112793 -12.399999618530273 0
      vertex -6.17144775390625 -11.527732849121094 0
    endloop
  endfacet
  facet normal 0 0 -1
    outer loop
      vertex -6.153298377990723 -11.560747146606445 0
      vertex -7.581629753112793 -12.399999618530273 0
      vertex -6.162891387939453 -11.544526100158691 0
    endloop
  endfacet
  facet normal 0 0 -1
    outer loop
      vertex -6.142704963684082 -11.576334953308105 0
      vertex -7.581629753112793 -12.399999618530273 0
      vertex -6.153298377990723 -11.560747146606445 0
    endloop
  endfacet
  facet normal 0 0 -1
    outer loop
      vertex -6.131153106689453 -11.591226577758789 0
      vertex -7.581629753112793 -12.399999618530273 0
      vertex -6.142704963684082 -11.576334953308105 0
    endloop
  endfacet
  facet normal 0 0 -1
    outer loop
      vertex -6.118690490722656 -11.605363845825195 0
      vertex -7.581629753112793 -12.399999618530273 0
      vertex -6.131153106689453 -11.591226577758789 0
    endloop
  endfacet
  facet normal 0 0 -1
    outer loop
      vertex -6.105363845825195 -11.618690490722656 0
      vertex -7.581629753112793 -12.399999618530273 0
      vertex -6.118690490722656 -11.605363845825195 0
    endloop
  endfacet
  facet normal 0 0 -1
    outer loop
      vertex -6.091226577758789 -11.631153106689453 0
      vertex -7.581629753112793 -12.399999618530273 0
      vertex -6.105363845825195 -11.618690490722656 0
    endloop
  endfacet
  facet normal 0 0 -1
    outer loop
      vertex -6.0763349533081055 -11.642704963684082 0
      vertex -7.581629753112793 -12.399999618530273 0
      vertex -6.091226577758789 -11.631153106689453 0
    endloop
  endfacet
  facet normal 0 0 -1
    outer loop
      vertex -6.060747146606445 -11.653298377990723 0
      vertex -7.581629753112793 -12.399999618530273 0
      vertex -6.0763349533081055 -11.642704963684082 0
    endloop
  endfacet
  facet normal 0 0 -1
    outer loop
      vertex -6.044526100158691 -11.662891387939453 0
      vertex -7.581629753112793 -12.399999618530273 0
      vertex -6.060747146606445 -11.653298377990723 0
    endloop
  endfacet
  facet normal 0 0 -1
    outer loop
      vertex -6.027732849121094 -11.67144775390625 0
      vertex -7.581629753112793 -12.399999618530273 0
      vertex -6.044526100158691 -11.662891387939453 0
    endloop
  endfacet
  facet normal 0 0 -1
    outer loop
      vertex -6.01043701171875 -11.678932189941406 0
      vertex -7.581629753112793 -12.399999618530273 0
      vertex -6.027732849121094 -11.67144775390625 0
    endloop
  endfacet
  facet normal 0 0 -1
    outer loop
      vertex -5.992704391479492 -11.68531608581543 0
      vertex -7.581629753112793 -12.399999618530273 0
      vertex -6.01043701171875 -11.678932189941406 0
    endloop
  endfacet
  facet normal 0 0 -1
    outer loop
      vertex -5.974606513977051 -11.690574645996094 0
      vertex -7.581629753112793 -12.399999618530273 0
      vertex -5.992704391479492 -11.68531608581543 0
    endloop
  endfacet
  facet normal 0 0 -1
    outer loop
      vertex -5.95621395111084 -11.694685935974121 0
      vertex -7.581629753112793 -12.399999618530273 0
      vertex -5.974606513977051 -11.690574645996094 0
    endloop
  endfacet
  facet normal 0 0 -1
    outer loop
      vertex -5.937599182128906 -11.697633743286133 0
      vertex -7.581629753112793 -12.399999618530273 0
      vertex -5.95621395111084 -11.694685935974121 0
    endloop
  endfacet
  facet normal 0 0 -1
    outer loop
      vertex -5.91883659362793 -11.699407577514648 0
      vertex -7.581629753112793 -12.399999618530273 0
      vertex -5.937599182128906 -11.697633743286133 0
    endloop
  endfacet
  facet normal 0 0 -1
    outer loop
      vertex -5.899999618530273 -11.699999809265137 0
      vertex -7.581629753112793 -12.399999618530273 0
      vertex -5.91883659362793 -11.699407577514648 0
    endloop
  endfacet
  facet normal -0.7071067811865475 0.7071067811865475 0
    outer loop
      vertex -12.399999618530273 7.581629753112793 0.5999994277954102
      vertex -7.581629753112793 12.399999618530273 0
      vertex -12.199999809265137 7.78162956237793 0
    endloop
  endfacet
  facet normal -0.7071067811865476 0.7071067811865476 0
    outer loop
      vertex -7.581629753112793 12.399999618530273 0
      vertex -12.399999618530273 7.581629753112793 0.5999994277954102
      vertex -7.581629753112793 12.399999618530273 6.390000343322754
    endloop
  endfacet
  facet normal -0.7071067811865476 0.7071067811865476 0
    outer loop
      vertex -7.581629753112793 12.399999618530273 6.390000343322754
      vertex -12.399999618530273 7.581629753112793 0.5999994277954102
      vertex -12.399999618530273 7.581629753112793 6.390000343322754
    endloop
  endfacet
  facet normal 0.6129312038125971 -0.7901362790005535 0
    outer loop
      vertex -6.091226577758789 11.631153106689453 0
      vertex -6.0763349533081055 11.642704963684082 6.199999809265137
      vertex -6.091226577758789 11.631153106689453 6.199999809265137
    endloop
  endfacet
  facet normal 0.6129312038125971 -0.7901362790005535 0
    outer loop
      vertex -6.0763349533081055 11.642704963684082 6.199999809265137
      vertex -6.091226577758789 11.631153106689453 0
      vertex -6.0763349533081055 11.642704963684082 0
    endloop
  endfacet
  facet normal 0 1 0
    outer loop
      vertex 5.899999618530273 11.09999942779541 0
      vertex -5.899999618530273 11.09999942779541 6.199999809265137
      vertex 5.899999618530273 11.09999942779541 6.199999809265137
    endloop
  endfacet
  facet normal 0 1 0
    outer loop
      vertex -5.899999618530273 11.09999942779541 6.199999809265137
      vertex 5.899999618530273 11.09999942779541 0
      vertex -5.899999618530273 11.09999942779541 0
    endloop
  endfacet
  facet normal 0 -1 0
    outer loop
      vertex -5.899999618530273 11.699999809265137 0
      vertex 5.899999618530273 11.699999809265137 5.59999942779541
      vertex -5.899999618530273 11.699999809265137 5.59999942779541
    endloop
  endfacet
  facet normal 0 -1 0
    outer loop
      vertex 5.899999618530273 11.699999809265137 5.59999942779541
      vertex -5.899999618530273 11.699999809265137 0
      vertex 5.899999618530273 11.699999809265137 0
    endloop
  endfacet
  facet normal 0 -1 0
    outer loop
      vertex -5.899999618530273 11.699999809265137 6
      vertex 5.899999618530273 11.699999809265137 6.199999809265137
      vertex -5.899999618530273 11.699999809265137 6.199999809265137
    endloop
  endfacet
  facet normal 0 -1 0
    outer loop
      vertex 5.899999618530273 11.699999809265137 6.199999809265137
      vertex -5.899999618530273 11.699999809265137 6
      vertex 5.899999618530273 11.699999809265137 6
    endloop
  endfacet
  facet normal 0 1 0
    outer loop
      vertex -5.899999618530273 11.699999809265137 5.59999942779541
      vertex -6 11.699999809265137 6
      vertex -5.899999618530273 11.699999809265137 6
    endloop
  endfacet
  facet normal 0 1 0
    outer loop
      vertex -6 11.699999809265137 6
      vertex -5.899999618530273 11.699999809265137 5.59999942779541
      vertex -6 11.699999809265137 5.59999942779541
    endloop
  endfacet
  facet normal 0 1 0
    outer loop
      vertex 6 11.699999809265137 5.59999942779541
      vertex 5.899999618530273 11.699999809265137 6
      vertex 6 11.699999809265137 6
    endloop
  endfacet
  facet normal 0 1 0
    outer loop
      vertex 5.899999618530273 11.699999809265137 6
      vertex 6 11.699999809265137 5.59999942779541
      vertex 5.899999618530273 11.699999809265137 5.59999942779541
    endloop
  endfacet
  facet normal 0.9876910575159983 0.1564173101128164 0
    outer loop
      vertex -6.194685935974121 11.343785285949707 6.199999809265137
      vertex -6.197633743286133 11.362399101257324 0
      vertex -6.197633743286133 11.362399101257324 6.199999809265137
    endloop
  endfacet
  facet normal 0.9876910575159983 0.1564173101128164 0
    outer loop
      vertex -6.197633743286133 11.362399101257324 0
      vertex -6.194685935974121 11.343785285949707 6.199999809265137
      vertex -6.194685935974121 11.343785285949707 0
    endloop
  endfacet
  facet normal -0.03142432711320473 0.9995061338808694 0
    outer loop
      vertex 5.91883659362793 11.100591659545898 0
      vertex 5.899999618530273 11.09999942779541 6.199999809265137
      vertex 5.91883659362793 11.100591659545898 6.199999809265137
    endloop
  endfacet
  facet normal -0.03142432711320473 0.9995061338808694 0
    outer loop
      vertex 5.899999618530273 11.09999942779541 6.199999809265137
      vertex 5.91883659362793 11.100591659545898 0
      vertex 5.899999618530273 11.09999942779541 0
    endloop
  endfacet
  facet normal -0.860757235581964 0.5090156985725441 0
    outer loop
      vertex 6.153298377990723 11.239251136779785 0
      vertex 6.162891387939453 11.255473136901855 6.199999809265137
      vertex 6.162891387939453 11.255473136901855 0
    endloop
  endfacet
  facet normal -0.860757235581964 0.5090156985725441 0
    outer loop
      vertex 6.162891387939453 11.255473136901855 6.199999809265137
      vertex 6.153298377990723 11.239251136779785 0
      vertex 6.153298377990723 11.239251136779785 6.199999809265137
    endloop
  endfacet
  facet normal -0.5090378705197731 0.8607441236376202 0
    outer loop
      vertex 6.060747146606445 11.146700859069824 0
      vertex 6.044526100158691 11.137107849121094 6.199999809265137
      vertex 6.060747146606445 11.146700859069824 6.199999809265137
    endloop
  endfacet
  facet normal -0.5090378705197731 0.8607441236376202 0
    outer loop
      vertex 6.044526100158691 11.137107849121094 6.199999809265137
      vertex 6.060747146606445 11.146700859069824 0
      vertex 6.044526100158691 11.137107849121094 0
    endloop
  endfacet
  facet normal -0.3971415818131048 -0.9177573557291627 0
    outer loop
      vertex 6.01043701171875 11.678932189941406 0
      vertex 6.027732849121094 11.67144775390625 6.199999809265137
      vertex 6.01043701171875 11.678932189941406 6.199999809265137
    endloop
  endfacet
  facet normal -0.3971415818131048 -0.9177573557291627 0
    outer loop
      vertex 6.027732849121094 11.67144775390625 6.199999809265137
      vertex 6.01043701171875 11.678932189941406 0
      vertex 6.027732849121094 11.67144775390625 0
    endloop
  endfacet
  facet normal 0.9177653365366644 0.39712313839883895 0
    outer loop
      vertex -6.17144775390625 11.272265434265137 6.199999809265137
      vertex -6.178932189941406 11.289562225341797 0
      vertex -6.178932189941406 11.289562225341797 6.199999809265137
    endloop
  endfacet
  facet normal 0.9177653365366644 0.39712313839883895 0
    outer loop
      vertex -6.178932189941406 11.289562225341797 0
      vertex -6.17144775390625 11.272265434265137 6.199999809265137
      vertex -6.17144775390625 11.272265434265137 0
    endloop
  endfacet
  facet normal 0.9995061338808694 -0.03142432711320473 0
    outer loop
      vertex -6.199999809265137 11.399999618530273 6.199999809265137
      vertex -6.199407577514648 11.41883659362793 0
      vertex -6.199407577514648 11.41883659362793 6.199999809265137
    endloop
  endfacet
  facet normal 0.9995061338808694 -0.03142432711320473 0
    outer loop
      vertex -6.199407577514648 11.41883659362793 0
      vertex -6.199999809265137 11.399999618530273 6.199999809265137
      vertex -6.199999809265137 11.399999618530273 0
    endloop
  endfacet
  facet normal -0.5620816287937686 -0.8270817629306938 0
    outer loop
      vertex 6.060747146606445 11.653298377990723 0
      vertex 6.0763349533081055 11.642704963684082 6.199999809265137
      vertex 6.060747146606445 11.653298377990723 6.199999809265137
    endloop
  endfacet
  facet normal -0.5620816287937686 -0.8270817629306938 0
    outer loop
      vertex 6.0763349533081055 11.642704963684082 6.199999809265137
      vertex 6.060747146606445 11.653298377990723 0
      vertex 6.0763349533081055 11.642704963684082 0
    endloop
  endfacet
  facet normal 0.03142432711320473 0.9995061338808694 0
    outer loop
      vertex -5.899999618530273 11.09999942779541 0
      vertex -5.91883659362793 11.100591659545898 6.199999809265137
      vertex -5.899999618530273 11.09999942779541 6.199999809265137
    endloop
  endfacet
  facet normal 0.03142432711320473 0.9995061338808694 0
    outer loop
      vertex -5.91883659362793 11.100591659545898 6.199999809265137
      vertex -5.899999618530273 11.09999942779541 0
      vertex -5.91883659362793 11.100591659545898 0
    endloop
  endfacet
  facet normal -0.9995061338808694 -0.03142432711320473 0
    outer loop
      vertex 6.199999809265137 11.399999618530273 0
      vertex 6.199407577514648 11.41883659362793 6.199999809265137
      vertex 6.199407577514648 11.41883659362793 0
    endloop
  endfacet
  facet normal -0.9995061338808694 -0.03142432711320473 0
    outer loop
      vertex 6.199407577514648 11.41883659362793 6.199999809265137
      vertex 6.199999809265137 11.399999618530273 0
      vertex 6.199999809265137 11.399999618530273 6.199999809265137
    endloop
  endfacet
  facet normal 0.5620816287937686 -0.8270817629306938 0
    outer loop
      vertex -6.0763349533081055 11.642704963684082 0
      vertex -6.060747146606445 11.653298377990723 6.199999809265137
      vertex -6.0763349533081055 11.642704963684082 6.199999809265137
    endloop
  endfacet
  facet normal 0.5620816287937686 -0.8270817629306938 0
    outer loop
      vertex -6.060747146606445 11.653298377990723 6.199999809265137
      vertex -6.0763349533081055 11.642704963684082 0
      vertex -6.060747146606445 11.653298377990723 0
    endloop
  endfacet
  facet normal -0.21814653069828524 0.9759160266868775 0
    outer loop
      vertex 5.974606513977051 11.109424591064453 0
      vertex 5.95621395111084 11.105313301086426 6.199999809265137
      vertex 5.974606513977051 11.109424591064453 6.199999809265137
    endloop
  endfacet
  facet normal -0.21814653069828524 0.9759160266868775 0
    outer loop
      vertex 5.95621395111084 11.105313301086426 6.199999809265137
      vertex 5.974606513977051 11.109424591064453 0
      vertex 5.95621395111084 11.105313301086426 0
    endloop
  endfacet
  facet normal -0.15640949256927125 0.9876922955223569 0
    outer loop
      vertex 5.95621395111084 11.105313301086426 0
      vertex 5.937599182128906 11.102365493774414 6.199999809265137
      vertex 5.95621395111084 11.105313301086426 6.199999809265137
    endloop
  endfacet
  facet normal -0.15640949256927125 0.9876922955223569 0
    outer loop
      vertex 5.937599182128906 11.102365493774414 6.199999809265137
      vertex 5.95621395111084 11.105313301086426 0
      vertex 5.937599182128906 11.102365493774414 0
    endloop
  endfacet
  facet normal -0.9955607344645038 -0.09412132591765665 0
    outer loop
      vertex 6.199407577514648 11.41883659362793 0
      vertex 6.197633743286133 11.437599182128906 6.199999809265137
      vertex 6.197633743286133 11.437599182128906 0
    endloop
  endfacet
  facet normal -0.9955607344645038 -0.09412132591765665 0
    outer loop
      vertex 6.197633743286133 11.437599182128906 6.199999809265137
      vertex 6.199407577514648 11.41883659362793 0
      vertex 6.199407577514648 11.41883659362793 6.199999809265137
    endloop
  endfacet
  facet normal -0.9759160266868775 0.21814653069828524 0
    outer loop
      vertex 6.190574645996094 11.325392723083496 0
      vertex 6.194685935974121 11.343785285949707 6.199999809265137
      vertex 6.194685935974121 11.343785285949707 0
    endloop
  endfacet
  facet normal -0.9759160266868775 0.21814653069828524 0
    outer loop
      vertex 6.194685935974121 11.343785285949707 6.199999809265137
      vertex 6.190574645996094 11.325392723083496 0
      vertex 6.190574645996094 11.325392723083496 6.199999809265137
    endloop
  endfacet
  facet normal -0.15640949256927125 -0.9876922955223569 0
    outer loop
      vertex 5.937599182128906 11.697633743286133 0
      vertex 5.95621395111084 11.694685935974121 6.199999809265137
      vertex 5.937599182128906 11.697633743286133 6.199999809265137
    endloop
  endfacet
  facet normal -0.15640949256927125 -0.9876922955223569 0
    outer loop
      vertex 5.95621395111084 11.694685935974121 6.199999809265137
      vertex 5.937599182128906 11.697633743286133 0
      vertex 5.95621395111084 11.694685935974121 0
    endloop
  endfacet
  facet normal 0.7071067811865476 -0.7071067811865476 0
    outer loop
      vertex -6.118690490722656 11.605363845825195 6.199999809265137
      vertex -6.105363845825195 11.618690490722656 0
      vertex -6.105363845825195 11.618690490722656 6.199999809265137
    endloop
  endfacet
  facet normal 0.7071067811865476 -0.7071067811865476 0
    outer loop
      vertex -6.105363845825195 11.618690490722656 0
      vertex -6.118690490722656 11.605363845825195 6.199999809265137
      vertex -6.118690490722656 11.605363845825195 0
    endloop
  endfacet
  facet normal -0.8910113062938652 -0.45398111420685777 0
    outer loop
      vertex 6.17144775390625 11.527732849121094 0
      vertex 6.162891387939453 11.544526100158691 6.199999809265137
      vertex 6.162891387939453 11.544526100158691 0
    endloop
  endfacet
  facet normal -0.8910113062938652 -0.45398111420685777 0
    outer loop
      vertex 6.162891387939453 11.544526100158691 6.199999809265137
      vertex 6.17144775390625 11.527732849121094 0
      vertex 6.17144775390625 11.527732849121094 6.199999809265137
    endloop
  endfacet
  facet normal -0.7071067811865476 0.7071067811865476 0
    outer loop
      vertex 6.105363845825195 11.18130874633789 0
      vertex 6.118690490722656 11.194635391235352 6.199999809265137
      vertex 6.118690490722656 11.194635391235352 0
    endloop
  endfacet
  facet normal -0.7071067811865476 0.7071067811865476 0
    outer loop
      vertex 6.118690490722656 11.194635391235352 6.199999809265137
      vertex 6.105363845825195 11.18130874633789 0
      vertex 6.105363845825195 11.18130874633789 6.199999809265137
    endloop
  endfacet
  facet normal -0.7901362790005535 0.6129312038125971 0
    outer loop
      vertex 6.131153106689453 11.208772659301758 0
      vertex 6.142704963684082 11.223664283752441 6.199999809265137
      vertex 6.142704963684082 11.223664283752441 0
    endloop
  endfacet
  facet normal -0.7901362790005535 0.6129312038125971 0
    outer loop
      vertex 6.142704963684082 11.223664283752441 6.199999809265137
      vertex 6.131153106689453 11.208772659301758 0
      vertex 6.131153106689453 11.208772659301758 6.199999809265137
    endloop
  endfacet
  facet normal 0.15640949256927125 -0.9876922955223569 0
    outer loop
      vertex -5.95621395111084 11.694685935974121 0
      vertex -5.937599182128906 11.697633743286133 6.199999809265137
      vertex -5.95621395111084 11.694685935974121 6.199999809265137
    endloop
  endfacet
  facet normal 0.15640949256927125 -0.9876922955223569 0
    outer loop
      vertex -5.937599182128906 11.697633743286133 6.199999809265137
      vertex -5.95621395111084 11.694685935974121 0
      vertex -5.937599182128906 11.697633743286133 0
    endloop
  endfacet
  facet normal -0.9408848315934861 0.3387266356183068 0
    outer loop
      vertex 6.178932189941406 11.289562225341797 0
      vertex 6.18531608581543 11.307294845581055 6.199999809265137
      vertex 6.18531608581543 11.307294845581055 0
    endloop
  endfacet
  facet normal -0.9408848315934861 0.3387266356183068 0
    outer loop
      vertex 6.18531608581543 11.307294845581055 6.199999809265137
      vertex 6.178932189941406 11.289562225341797 0
      vertex 6.178932189941406 11.289562225341797 6.199999809265137
    endloop
  endfacet
  facet normal -0.9177573557291627 -0.3971415818131048 0
    outer loop
      vertex 6.178932189941406 11.51043701171875 0
      vertex 6.17144775390625 11.527732849121094 6.199999809265137
      vertex 6.17144775390625 11.527732849121094 0
    endloop
  endfacet
  facet normal -0.9177573557291627 -0.3971415818131048 0
    outer loop
      vertex 6.17144775390625 11.527732849121094 6.199999809265137
      vertex 6.178932189941406 11.51043701171875 0
      vertex 6.178932189941406 11.51043701171875 6.199999809265137
    endloop
  endfacet
  facet normal 0.5090378705197731 0.8607441236376202 0
    outer loop
      vertex -6.044526100158691 11.137107849121094 0
      vertex -6.060747146606445 11.146700859069824 6.199999809265137
      vertex -6.044526100158691 11.137107849121094 6.199999809265137
    endloop
  endfacet
  facet normal 0.5090378705197731 0.8607441236376202 0
    outer loop
      vertex -6.060747146606445 11.146700859069824 6.199999809265137
      vertex -6.044526100158691 11.137107849121094 0
      vertex -6.060747146606445 11.146700859069824 0
    endloop
  endfacet
  facet normal 0.8607441236376202 -0.5090378705197731 0
    outer loop
      vertex -6.162891387939453 11.544526100158691 6.199999809265137
      vertex -6.153298377990723 11.560747146606445 0
      vertex -6.153298377990723 11.560747146606445 6.199999809265137
    endloop
  endfacet
  facet normal 0.8607441236376202 -0.5090378705197731 0
    outer loop
      vertex -6.153298377990723 11.560747146606445 0
      vertex -6.162891387939453 11.544526100158691 6.199999809265137
      vertex -6.162891387939453 11.544526100158691 0
    endloop
  endfacet
  facet normal 0.5090378705197731 -0.8607441236376202 0
    outer loop
      vertex -6.060747146606445 11.653298377990723 0
      vertex -6.044526100158691 11.662891387939453 6.199999809265137
      vertex -6.060747146606445 11.653298377990723 6.199999809265137
    endloop
  endfacet
  facet normal 0.5090378705197731 -0.8607441236376202 0
    outer loop
      vertex -6.044526100158691 11.662891387939453 6.199999809265137
      vertex -6.060747146606445 11.653298377990723 0
      vertex -6.044526100158691 11.662891387939453 0
    endloop
  endfacet
  facet normal -0.8270657750990595 0.5621051535609614 0
    outer loop
      vertex 6.142704963684082 11.223664283752441 0
      vertex 6.153298377990723 11.239251136779785 6.199999809265137
      vertex 6.153298377990723 11.239251136779785 0
    endloop
  endfacet
  facet normal -0.8270657750990595 0.5621051535609614 0
    outer loop
      vertex 6.153298377990723 11.239251136779785 6.199999809265137
      vertex 6.142704963684082 11.223664283752441 0
      vertex 6.142704963684082 11.223664283752441 6.199999809265137
    endloop
  endfacet
  facet normal 0.7071067811865476 0.7071067811865476 0
    outer loop
      vertex -6.105363845825195 11.18130874633789 6.199999809265137
      vertex -6.118690490722656 11.194635391235352 0
      vertex -6.118690490722656 11.194635391235352 6.199999809265137
    endloop
  endfacet
  facet normal 0.7071067811865476 0.7071067811865476 0
    outer loop
      vertex -6.118690490722656 11.194635391235352 0
      vertex -6.105363845825195 11.18130874633789 6.199999809265137
      vertex -6.105363845825195 11.18130874633789 0
    endloop
  endfacet
  facet normal -0.8607441236376202 -0.5090378705197731 0
    outer loop
      vertex 6.162891387939453 11.544526100158691 0
      vertex 6.153298377990723 11.560747146606445 6.199999809265137
      vertex 6.153298377990723 11.560747146606445 0
    endloop
  endfacet
  facet normal -0.8607441236376202 -0.5090378705197731 0
    outer loop
      vertex 6.153298377990723 11.560747146606445 6.199999809265137
      vertex 6.162891387939453 11.544526100158691 0
      vertex 6.162891387939453 11.544526100158691 6.199999809265137
    endloop
  endfacet
  facet normal 0.9602845769652638 -0.2790224565203385 0
    outer loop
      vertex -6.190574645996094 11.47460651397705 6.199999809265137
      vertex -6.18531608581543 11.492704391479492 0
      vertex -6.18531608581543 11.492704391479492 6.199999809265137
    endloop
  endfacet
  facet normal 0.9602845769652638 -0.2790224565203385 0
    outer loop
      vertex -6.18531608581543 11.492704391479492 0
      vertex -6.190574645996094 11.47460651397705 6.199999809265137
      vertex -6.190574645996094 11.47460651397705 0
    endloop
  endfacet
  facet normal -0.9177653365366644 0.39712313839883895 0
    outer loop
      vertex 6.17144775390625 11.272265434265137 0
      vertex 6.178932189941406 11.289562225341797 6.199999809265137
      vertex 6.178932189941406 11.289562225341797 0
    endloop
  endfacet
  facet normal -0.9177653365366644 0.39712313839883895 0
    outer loop
      vertex 6.178932189941406 11.289562225341797 6.199999809265137
      vertex 6.17144775390625 11.272265434265137 0
      vertex 6.17144775390625 11.272265434265137 6.199999809265137
    endloop
  endfacet
  facet normal -0.8910008770345683 0.45400158273251634 0
    outer loop
      vertex 6.162891387939453 11.255473136901855 0
      vertex 6.17144775390625 11.272265434265137 6.199999809265137
      vertex 6.17144775390625 11.272265434265137 0
    endloop
  endfacet
  facet normal -0.8910008770345683 0.45400158273251634 0
    outer loop
      vertex 6.17144775390625 11.272265434265137 6.199999809265137
      vertex 6.162891387939453 11.255473136901855 0
      vertex 6.162891387939453 11.255473136901855 6.199999809265137
    endloop
  endfacet
  facet normal 0.9955607344645038 -0.09412132591765665 0
    outer loop
      vertex -6.199407577514648 11.41883659362793 6.199999809265137
      vertex -6.197633743286133 11.437599182128906 0
      vertex -6.197633743286133 11.437599182128906 6.199999809265137
    endloop
  endfacet
  facet normal 0.9955607344645038 -0.09412132591765665 0
    outer loop
      vertex -6.197633743286133 11.437599182128906 0
      vertex -6.199407577514648 11.41883659362793 6.199999809265137
      vertex -6.199407577514648 11.41883659362793 0
    endloop
  endfacet
  facet normal 0.3387266356183068 -0.9408848315934861 0
    outer loop
      vertex -6.01043701171875 11.678932189941406 0
      vertex -5.992704391479492 11.68531608581543 6.199999809265137
      vertex -6.01043701171875 11.678932189941406 6.199999809265137
    endloop
  endfacet
  facet normal 0.3387266356183068 -0.9408848315934861 0
    outer loop
      vertex -5.992704391479492 11.68531608581543 6.199999809265137
      vertex -6.01043701171875 11.678932189941406 0
      vertex -5.992704391479492 11.68531608581543 0
    endloop
  endfacet
  facet normal -0.5090378705197731 -0.8607441236376202 0
    outer loop
      vertex 6.044526100158691 11.662891387939453 0
      vertex 6.060747146606445 11.653298377990723 6.199999809265137
      vertex 6.044526100158691 11.662891387939453 6.199999809265137
    endloop
  endfacet
  facet normal -0.5090378705197731 -0.8607441236376202 0
    outer loop
      vertex 6.060747146606445 11.653298377990723 6.199999809265137
      vertex 6.044526100158691 11.662891387939453 0
      vertex 6.060747146606445 11.653298377990723 0
    endloop
  endfacet
  facet normal 0.9759160266868775 -0.21814653069828524 0
    outer loop
      vertex -6.194685935974121 11.45621395111084 6.199999809265137
      vertex -6.190574645996094 11.47460651397705 0
      vertex -6.190574645996094 11.47460651397705 6.199999809265137
    endloop
  endfacet
  facet normal 0.9759160266868775 -0.21814653069828524 0
    outer loop
      vertex -6.190574645996094 11.47460651397705 0
      vertex -6.194685935974121 11.45621395111084 6.199999809265137
      vertex -6.194685935974121 11.45621395111084 0
    endloop
  endfacet
  facet normal 0.21814653069828524 -0.9759160266868775 0
    outer loop
      vertex -5.974606513977051 11.690574645996094 0
      vertex -5.95621395111084 11.694685935974121 6.199999809265137
      vertex -5.974606513977051 11.690574645996094 6.199999809265137
    endloop
  endfacet
  facet normal 0.21814653069828524 -0.9759160266868775 0
    outer loop
      vertex -5.95621395111084 11.694685935974121 6.199999809265137
      vertex -5.974606513977051 11.690574645996094 0
      vertex -5.95621395111084 11.694685935974121 0
    endloop
  endfacet
  facet normal -0.9876922955223569 -0.15640949256927125 0
    outer loop
      vertex 6.197633743286133 11.437599182128906 0
      vertex 6.194685935974121 11.45621395111084 6.199999809265137
      vertex 6.194685935974121 11.45621395111084 0
    endloop
  endfacet
  facet normal -0.9876922955223569 -0.15640949256927125 0
    outer loop
      vertex 6.194685935974121 11.45621395111084 6.199999809265137
      vertex 6.197633743286133 11.437599182128906 0
      vertex 6.197633743286133 11.437599182128906 6.199999809265137
    endloop
  endfacet
  facet normal -0.9995061338808694 0.03142432711320473 0
    outer loop
      vertex 6.199407577514648 11.381162643432617 0
      vertex 6.199999809265137 11.399999618530273 6.199999809265137
      vertex 6.199999809265137 11.399999618530273 0
    endloop
  endfacet
  facet normal -0.9995061338808694 0.03142432711320473 0
    outer loop
      vertex 6.199999809265137 11.399999618530273 6.199999809265137
      vertex 6.199407577514648 11.381162643432617 0
      vertex 6.199407577514648 11.381162643432617 6.199999809265137
    endloop
  endfacet
  facet normal -0.7901362790005535 -0.6129312038125971 0
    outer loop
      vertex 6.142704963684082 11.576334953308105 0
      vertex 6.131153106689453 11.591226577758789 6.199999809265137
      vertex 6.131153106689453 11.591226577758789 0
    endloop
  endfacet
  facet normal -0.7901362790005535 -0.6129312038125971 0
    outer loop
      vertex 6.131153106689453 11.591226577758789 6.199999809265137
      vertex 6.142704963684082 11.576334953308105 0
      vertex 6.142704963684082 11.576334953308105 6.199999809265137
    endloop
  endfacet
  facet normal 0.860757235581964 0.5090156985725441 0
    outer loop
      vertex -6.153298377990723 11.239251136779785 6.199999809265137
      vertex -6.162891387939453 11.255473136901855 0
      vertex -6.162891387939453 11.255473136901855 6.199999809265137
    endloop
  endfacet
  facet normal 0.860757235581964 0.5090156985725441 0
    outer loop
      vertex -6.162891387939453 11.255473136901855 0
      vertex -6.153298377990723 11.239251136779785 6.199999809265137
      vertex -6.153298377990723 11.239251136779785 0
    endloop
  endfacet
  facet normal 0.33877143019208855 0.9408687039569372 0
    outer loop
      vertex -5.992704391479492 11.1146821975708 0
      vertex -6.01043701171875 11.12106704711914 6.199999809265137
      vertex -5.992704391479492 11.1146821975708 6.199999809265137
    endloop
  endfacet
  facet normal 0.33877143019208855 0.9408687039569372 0
    outer loop
      vertex -6.01043701171875 11.12106704711914 6.199999809265137
      vertex -5.992704391479492 11.1146821975708 0
      vertex -6.01043701171875 11.12106704711914 0
    endloop
  endfacet
  facet normal 0.7901362790005535 0.6129312038125971 0
    outer loop
      vertex -6.131153106689453 11.208772659301758 6.199999809265137
      vertex -6.142704963684082 11.223664283752441 0
      vertex -6.142704963684082 11.223664283752441 6.199999809265137
    endloop
  endfacet
  facet normal 0.7901362790005535 0.6129312038125971 0
    outer loop
      vertex -6.142704963684082 11.223664283752441 0
      vertex -6.131153106689453 11.208772659301758 6.199999809265137
      vertex -6.131153106689453 11.208772659301758 0
    endloop
  endfacet
  facet normal -0.2790224565203385 -0.9602845769652638 0
    outer loop
      vertex 5.974606513977051 11.690574645996094 0
      vertex 5.992704391479492 11.68531608581543 6.199999809265137
      vertex 5.974606513977051 11.690574645996094 6.199999809265137
    endloop
  endfacet
  facet normal -0.2790224565203385 -0.9602845769652638 0
    outer loop
      vertex 5.992704391479492 11.68531608581543 6.199999809265137
      vertex 5.974606513977051 11.690574645996094 0
      vertex 5.992704391479492 11.68531608581543 0
    endloop
  endfacet
  facet normal 0.5620816287937686 0.8270817629306938 0
    outer loop
      vertex -6.060747146606445 11.146700859069824 0
      vertex -6.0763349533081055 11.157294273376465 6.199999809265137
      vertex -6.060747146606445 11.146700859069824 6.199999809265137
    endloop
  endfacet
  facet normal 0.5620816287937686 0.8270817629306938 0
    outer loop
      vertex -6.0763349533081055 11.157294273376465 6.199999809265137
      vertex -6.060747146606445 11.146700859069824 0
      vertex -6.0763349533081055 11.157294273376465 0
    endloop
  endfacet
  facet normal -0.6612801458526502 -0.7501390329139643 0
    outer loop
      vertex 6.091226577758789 11.631153106689453 0
      vertex 6.105363845825195 11.618690490722656 6.199999809265137
      vertex 6.091226577758789 11.631153106689453 6.199999809265137
    endloop
  endfacet
  facet normal -0.6612801458526502 -0.7501390329139643 0
    outer loop
      vertex 6.105363845825195 11.618690490722656 6.199999809265137
      vertex 6.091226577758789 11.631153106689453 0
      vertex 6.105363845825195 11.618690490722656 0
    endloop
  endfacet
  facet normal 0.9995061338808694 0.03142432711320473 0
    outer loop
      vertex -6.199407577514648 11.381162643432617 6.199999809265137
      vertex -6.199999809265137 11.399999618530273 0
      vertex -6.199999809265137 11.399999618530273 6.199999809265137
    endloop
  endfacet
  facet normal 0.9995061338808694 0.03142432711320473 0
    outer loop
      vertex -6.199999809265137 11.399999618530273 0
      vertex -6.199407577514648 11.381162643432617 6.199999809265137
      vertex -6.199407577514648 11.381162643432617 0
    endloop
  endfacet
  facet normal 0.45398111420685777 -0.8910113062938652 0
    outer loop
      vertex -6.044526100158691 11.662891387939453 0
      vertex -6.027732849121094 11.67144775390625 6.199999809265137
      vertex -6.044526100158691 11.662891387939453 6.199999809265137
    endloop
  endfacet
  facet normal 0.45398111420685777 -0.8910113062938652 0
    outer loop
      vertex -6.027732849121094 11.67144775390625 6.199999809265137
      vertex -6.044526100158691 11.662891387939453 0
      vertex -6.027732849121094 11.67144775390625 0
    endloop
  endfacet
  facet normal 0.9876922955223569 -0.15640949256927125 0
    outer loop
      vertex -6.197633743286133 11.437599182128906 6.199999809265137
      vertex -6.194685935974121 11.45621395111084 0
      vertex -6.194685935974121 11.45621395111084 6.199999809265137
    endloop
  endfacet
  facet normal 0.9876922955223569 -0.15640949256927125 0
    outer loop
      vertex -6.194685935974121 11.45621395111084 0
      vertex -6.197633743286133 11.437599182128906 6.199999809265137
      vertex -6.197633743286133 11.437599182128906 0
    endloop
  endfacet
  facet normal -0.8270817629306938 -0.5620816287937686 0
    outer loop
      vertex 6.153298377990723 11.560747146606445 0
      vertex 6.142704963684082 11.576334953308105 6.199999809265137
      vertex 6.142704963684082 11.576334953308105 0
    endloop
  endfacet
  facet normal -0.8270817629306938 -0.5620816287937686 0
    outer loop
      vertex 6.142704963684082 11.576334953308105 6.199999809265137
      vertex 6.153298377990723 11.560747146606445 0
      vertex 6.153298377990723 11.560747146606445 6.199999809265137
    endloop
  endfacet
  facet normal 0.09412132591765665 0.9955607344645038 0
    outer loop
      vertex -5.91883659362793 11.100591659545898 0
      vertex -5.937599182128906 11.102365493774414 6.199999809265137
      vertex -5.91883659362793 11.100591659545898 6.199999809265137
    endloop
  endfacet
  facet normal 0.09412132591765665 0.9955607344645038 0
    outer loop
      vertex -5.937599182128906 11.102365493774414 6.199999809265137
      vertex -5.91883659362793 11.100591659545898 0
      vertex -5.937599182128906 11.102365493774414 0
    endloop
  endfacet
  facet normal 0.03142432711320473 -0.9995061338808694 0
    outer loop
      vertex -5.91883659362793 11.699407577514648 6.199999809265137
      vertex -5.899999618530273 11.699999809265137 6
      vertex -5.899999618530273 11.699999809265137 6.199999809265137
    endloop
  endfacet
  facet normal 0.03142432711320473 -0.9995061338808693 0
    outer loop
      vertex -5.91883659362793 11.699407577514648 6.199999809265137
      vertex -5.899999618530273 11.699999809265137 5.59999942779541
      vertex -5.899999618530273 11.699999809265137 6
    endloop
  endfacet
  facet normal 0.03142432711320473 -0.9995061338808694 0
    outer loop
      vertex -5.91883659362793 11.699407577514648 0
      vertex -5.899999618530273 11.699999809265137 5.59999942779541
      vertex -5.91883659362793 11.699407577514648 6.199999809265137
    endloop
  endfacet
  facet normal 0.03142432711320473 -0.9995061338808694 0
    outer loop
      vertex -5.899999618530273 11.699999809265137 5.59999942779541
      vertex -5.91883659362793 11.699407577514648 0
      vertex -5.899999618530273 11.699999809265137 0
    endloop
  endfacet
  facet normal 0.6613086191712378 0.7501139314862981 0
    outer loop
      vertex -6.091226577758789 11.168845176696777 0
      vertex -6.105363845825195 11.18130874633789 6.199999809265137
      vertex -6.091226577758789 11.168845176696777 6.199999809265137
    endloop
  endfacet
  facet normal 0.6613086191712378 0.7501139314862981 0
    outer loop
      vertex -6.105363845825195 11.18130874633789 6.199999809265137
      vertex -6.091226577758789 11.168845176696777 0
      vertex -6.105363845825195 11.18130874633789 0
    endloop
  endfacet
  facet normal 0.8270657750990595 0.5621051535609614 0
    outer loop
      vertex -6.142704963684082 11.223664283752441 6.199999809265137
      vertex -6.153298377990723 11.239251136779785 0
      vertex -6.153298377990723 11.239251136779785 6.199999809265137
    endloop
  endfacet
  facet normal 0.8270657750990595 0.5621051535609614 0
    outer loop
      vertex -6.153298377990723 11.239251136779785 0
      vertex -6.142704963684082 11.223664283752441 6.199999809265137
      vertex -6.142704963684082 11.223664283752441 0
    endloop
  endfacet
  facet normal 0.3971415818131048 -0.9177573557291627 0
    outer loop
      vertex -6.027732849121094 11.67144775390625 0
      vertex -6.01043701171875 11.678932189941406 6.199999809265137
      vertex -6.027732849121094 11.67144775390625 6.199999809265137
    endloop
  endfacet
  facet normal 0.3971415818131048 -0.9177573557291627 0
    outer loop
      vertex -6.01043701171875 11.678932189941406 6.199999809265137
      vertex -6.027732849121094 11.67144775390625 0
      vertex -6.01043701171875 11.678932189941406 0
    endloop
  endfacet
  facet normal -0.09412132591765665 0.9955607344645038 0
    outer loop
      vertex 5.937599182128906 11.102365493774414 0
      vertex 5.91883659362793 11.100591659545898 6.199999809265137
      vertex 5.937599182128906 11.102365493774414 6.199999809265137
    endloop
  endfacet
  facet normal -0.09412132591765665 0.9955607344645038 0
    outer loop
      vertex 5.91883659362793 11.100591659545898 6.199999809265137
      vertex 5.937599182128906 11.102365493774414 0
      vertex 5.91883659362793 11.100591659545898 0
    endloop
  endfacet
  facet normal -0.33877143019208855 0.9408687039569372 0
    outer loop
      vertex 6.01043701171875 11.12106704711914 0
      vertex 5.992704391479492 11.1146821975708 6.199999809265137
      vertex 6.01043701171875 11.12106704711914 6.199999809265137
    endloop
  endfacet
  facet normal -0.33877143019208855 0.9408687039569372 0
    outer loop
      vertex 5.992704391479492 11.1146821975708 6.199999809265137
      vertex 6.01043701171875 11.12106704711914 0
      vertex 5.992704391479492 11.1146821975708 0
    endloop
  endfacet
  facet normal 0.8270817629306938 -0.5620816287937686 0
    outer loop
      vertex -6.153298377990723 11.560747146606445 6.199999809265137
      vertex -6.142704963684082 11.576334953308105 0
      vertex -6.142704963684082 11.576334953308105 6.199999809265137
    endloop
  endfacet
  facet normal 0.8270817629306938 -0.5620816287937686 0
    outer loop
      vertex -6.142704963684082 11.576334953308105 0
      vertex -6.153298377990723 11.560747146606445 6.199999809265137
      vertex -6.153298377990723 11.560747146606445 0
    endloop
  endfacet
  facet normal -0.6613086191712378 0.7501139314862981 0
    outer loop
      vertex 6.105363845825195 11.18130874633789 0
      vertex 6.091226577758789 11.168845176696777 6.199999809265137
      vertex 6.105363845825195 11.18130874633789 6.199999809265137
    endloop
  endfacet
  facet normal -0.6613086191712378 0.7501139314862981 0
    outer loop
      vertex 6.091226577758789 11.168845176696777 6.199999809265137
      vertex 6.105363845825195 11.18130874633789 0
      vertex 6.091226577758789 11.168845176696777 0
    endloop
  endfacet
  facet normal -0.7501390329139643 0.6612801458526502 0
    outer loop
      vertex 6.118690490722656 11.194635391235352 0
      vertex 6.131153106689453 11.208772659301758 6.199999809265137
      vertex 6.131153106689453 11.208772659301758 0
    endloop
  endfacet
  facet normal -0.7501390329139643 0.6612801458526502 0
    outer loop
      vertex 6.131153106689453 11.208772659301758 6.199999809265137
      vertex 6.118690490722656 11.194635391235352 0
      vertex 6.118690490722656 11.194635391235352 6.199999809265137
    endloop
  endfacet
  facet normal -0.7071067811865476 -0.7071067811865476 0
    outer loop
      vertex 6.118690490722656 11.605363845825195 0
      vertex 6.105363845825195 11.618690490722656 6.199999809265137
      vertex 6.105363845825195 11.618690490722656 0
    endloop
  endfacet
  facet normal -0.7071067811865476 -0.7071067811865476 0
    outer loop
      vertex 6.105363845825195 11.618690490722656 6.199999809265137
      vertex 6.118690490722656 11.605363845825195 0
      vertex 6.118690490722656 11.605363845825195 6.199999809265137
    endloop
  endfacet
  facet normal 0.6612801458526502 -0.7501390329139643 0
    outer loop
      vertex -6.105363845825195 11.618690490722656 0
      vertex -6.091226577758789 11.631153106689453 6.199999809265137
      vertex -6.105363845825195 11.618690490722656 6.199999809265137
    endloop
  endfacet
  facet normal 0.6612801458526502 -0.7501390329139643 0
    outer loop
      vertex -6.091226577758789 11.631153106689453 6.199999809265137
      vertex -6.105363845825195 11.618690490722656 0
      vertex -6.091226577758789 11.631153106689453 0
    endloop
  endfacet
  facet normal -0.9759160266868775 -0.21814653069828524 0
    outer loop
      vertex 6.194685935974121 11.45621395111084 0
      vertex 6.190574645996094 11.47460651397705 6.199999809265137
      vertex 6.190574645996094 11.47460651397705 0
    endloop
  endfacet
  facet normal -0.9759160266868775 -0.21814653069828524 0
    outer loop
      vertex 6.190574645996094 11.47460651397705 6.199999809265137
      vertex 6.194685935974121 11.45621395111084 0
      vertex 6.194685935974121 11.45621395111084 6.199999809265137
    endloop
  endfacet
  facet normal 0.7901362790005535 -0.6129312038125971 0
    outer loop
      vertex -6.142704963684082 11.576334953308105 6.199999809265137
      vertex -6.131153106689453 11.591226577758789 0
      vertex -6.131153106689453 11.591226577758789 6.199999809265137
    endloop
  endfacet
  facet normal 0.7901362790005535 -0.6129312038125971 0
    outer loop
      vertex -6.131153106689453 11.591226577758789 0
      vertex -6.142704963684082 11.576334953308105 6.199999809265137
      vertex -6.142704963684082 11.576334953308105 0
    endloop
  endfacet
  facet normal 0.7501390329139643 -0.6612801458526502 0
    outer loop
      vertex -6.131153106689453 11.591226577758789 6.199999809265137
      vertex -6.118690490722656 11.605363845825195 0
      vertex -6.118690490722656 11.605363845825195 6.199999809265137
    endloop
  endfacet
  facet normal 0.7501390329139643 -0.6612801458526502 0
    outer loop
      vertex -6.118690490722656 11.605363845825195 0
      vertex -6.131153106689453 11.591226577758789 6.199999809265137
      vertex -6.131153106689453 11.591226577758789 0
    endloop
  endfacet
  facet normal -0.9602845769652638 -0.2790224565203385 0
    outer loop
      vertex 6.190574645996094 11.47460651397705 0
      vertex 6.18531608581543 11.492704391479492 6.199999809265137
      vertex 6.18531608581543 11.492704391479492 0
    endloop
  endfacet
  facet normal -0.9602845769652638 -0.2790224565203385 0
    outer loop
      vertex 6.18531608581543 11.492704391479492 6.199999809265137
      vertex 6.190574645996094 11.47460651397705 0
      vertex 6.190574645996094 11.47460651397705 6.199999809265137
    endloop
  endfacet
  facet normal -0.09412132591765665 -0.9955607344645038 0
    outer loop
      vertex 5.91883659362793 11.699407577514648 0
      vertex 5.937599182128906 11.697633743286133 6.199999809265137
      vertex 5.91883659362793 11.699407577514648 6.199999809265137
    endloop
  endfacet
  facet normal -0.09412132591765665 -0.9955607344645038 0
    outer loop
      vertex 5.937599182128906 11.697633743286133 6.199999809265137
      vertex 5.91883659362793 11.699407577514648 0
      vertex 5.937599182128906 11.697633743286133 0
    endloop
  endfacet
  facet normal -0.7501390329139643 -0.6612801458526502 0
    outer loop
      vertex 6.131153106689453 11.591226577758789 0
      vertex 6.118690490722656 11.605363845825195 6.199999809265137
      vertex 6.118690490722656 11.605363845825195 0
    endloop
  endfacet
  facet normal -0.7501390329139643 -0.6612801458526502 0
    outer loop
      vertex 6.118690490722656 11.605363845825195 6.199999809265137
      vertex 6.131153106689453 11.591226577758789 0
      vertex 6.131153106689453 11.591226577758789 6.199999809265137
    endloop
  endfacet
  facet normal -0.45398111420685777 0.8910113062938652 0
    outer loop
      vertex 6.044526100158691 11.137107849121094 0
      vertex 6.027732849121094 11.128551483154297 6.199999809265137
      vertex 6.044526100158691 11.137107849121094 6.199999809265137
    endloop
  endfacet
  facet normal -0.45398111420685777 0.8910113062938652 0
    outer loop
      vertex 6.027732849121094 11.128551483154297 6.199999809265137
      vertex 6.044526100158691 11.137107849121094 0
      vertex 6.027732849121094 11.128551483154297 0
    endloop
  endfacet
  facet normal 0.9177573557291627 -0.3971415818131048 0
    outer loop
      vertex -6.178932189941406 11.51043701171875 6.199999809265137
      vertex -6.17144775390625 11.527732849121094 0
      vertex -6.17144775390625 11.527732849121094 6.199999809265137
    endloop
  endfacet
  facet normal 0.9177573557291627 -0.3971415818131048 0
    outer loop
      vertex -6.17144775390625 11.527732849121094 0
      vertex -6.178932189941406 11.51043701171875 6.199999809265137
      vertex -6.178932189941406 11.51043701171875 0
    endloop
  endfacet
  facet normal -0.9876910575159983 0.1564173101128164 0
    outer loop
      vertex 6.194685935974121 11.343785285949707 0
      vertex 6.197633743286133 11.362399101257324 6.199999809265137
      vertex 6.197633743286133 11.362399101257324 0
    endloop
  endfacet
  facet normal -0.9876910575159983 0.1564173101128164 0
    outer loop
      vertex 6.197633743286133 11.362399101257324 6.199999809265137
      vertex 6.194685935974121 11.343785285949707 0
      vertex 6.194685935974121 11.343785285949707 6.199999809265137
    endloop
  endfacet
  facet normal -0.9602845769652638 0.2790224565203385 0
    outer loop
      vertex 6.18531608581543 11.307294845581055 0
      vertex 6.190574645996094 11.325392723083496 6.199999809265137
      vertex 6.190574645996094 11.325392723083496 0
    endloop
  endfacet
  facet normal -0.9602845769652638 0.2790224565203385 0
    outer loop
      vertex 6.190574645996094 11.325392723083496 6.199999809265137
      vertex 6.18531608581543 11.307294845581055 0
      vertex 6.18531608581543 11.307294845581055 6.199999809265137
    endloop
  endfacet
  facet normal -0.21814653069828524 -0.9759160266868775 0
    outer loop
      vertex 5.95621395111084 11.694685935974121 0
      vertex 5.974606513977051 11.690574645996094 6.199999809265137
      vertex 5.95621395111084 11.694685935974121 6.199999809265137
    endloop
  endfacet
  facet normal -0.21814653069828524 -0.9759160266868775 0
    outer loop
      vertex 5.974606513977051 11.690574645996094 6.199999809265137
      vertex 5.95621395111084 11.694685935974121 0
      vertex 5.974606513977051 11.690574645996094 0
    endloop
  endfacet
  facet normal -0.9955611827124909 0.09411658449022786 0
    outer loop
      vertex 6.197633743286133 11.362399101257324 0
      vertex 6.199407577514648 11.381162643432617 6.199999809265137
      vertex 6.199407577514648 11.381162643432617 0
    endloop
  endfacet
  facet normal -0.9955611827124909 0.09411658449022786 0
    outer loop
      vertex 6.199407577514648 11.381162643432617 6.199999809265137
      vertex 6.197633743286133 11.362399101257324 0
      vertex 6.197633743286133 11.362399101257324 6.199999809265137
    endloop
  endfacet
  facet normal -0.6129312038125971 -0.7901362790005535 0
    outer loop
      vertex 6.0763349533081055 11.642704963684082 0
      vertex 6.091226577758789 11.631153106689453 6.199999809265137
      vertex 6.0763349533081055 11.642704963684082 6.199999809265137
    endloop
  endfacet
  facet normal -0.6129312038125971 -0.7901362790005535 0
    outer loop
      vertex 6.091226577758789 11.631153106689453 6.199999809265137
      vertex 6.0763349533081055 11.642704963684082 0
      vertex 6.091226577758789 11.631153106689453 0
    endloop
  endfacet
  facet normal -0.03142432711320473 -0.9995061338808694 0
    outer loop
      vertex 5.899999618530273 11.699999809265137 6
      vertex 5.91883659362793 11.699407577514648 6.199999809265137
      vertex 5.899999618530273 11.699999809265137 6.199999809265137
    endloop
  endfacet
  facet normal -0.03142432711320473 -0.9995061338808693 0
    outer loop
      vertex 5.899999618530273 11.699999809265137 5.59999942779541
      vertex 5.91883659362793 11.699407577514648 6.199999809265137
      vertex 5.899999618530273 11.699999809265137 6
    endloop
  endfacet
  facet normal -0.03142432711320473 -0.9995061338808694 0
    outer loop
      vertex 5.91883659362793 11.699407577514648 0
      vertex 5.899999618530273 11.699999809265137 5.59999942779541
      vertex 5.899999618530273 11.699999809265137 0
    endloop
  endfacet
  facet normal -0.03142432711320473 -0.9995061338808694 0
    outer loop
      vertex 5.899999618530273 11.699999809265137 5.59999942779541
      vertex 5.91883659362793 11.699407577514648 0
      vertex 5.91883659362793 11.699407577514648 6.199999809265137
    endloop
  endfacet
  facet normal 0.45398111420685777 0.8910113062938652 0
    outer loop
      vertex -6.027732849121094 11.128551483154297 0
      vertex -6.044526100158691 11.137107849121094 6.199999809265137
      vertex -6.027732849121094 11.128551483154297 6.199999809265137
    endloop
  endfacet
  facet normal 0.45398111420685777 0.8910113062938652 0
    outer loop
      vertex -6.044526100158691 11.137107849121094 6.199999809265137
      vertex -6.027732849121094 11.128551483154297 0
      vertex -6.044526100158691 11.137107849121094 0
    endloop
  endfacet
  facet normal 0.9759160266868775 0.21814653069828524 0
    outer loop
      vertex -6.190574645996094 11.325392723083496 6.199999809265137
      vertex -6.194685935974121 11.343785285949707 0
      vertex -6.194685935974121 11.343785285949707 6.199999809265137
    endloop
  endfacet
  facet normal 0.9759160266868775 0.21814653069828524 0
    outer loop
      vertex -6.194685935974121 11.343785285949707 0
      vertex -6.190574645996094 11.325392723083496 6.199999809265137
      vertex -6.190574645996094 11.325392723083496 0
    endloop
  endfacet
  facet normal 0.21814653069828524 0.9759160266868775 0
    outer loop
      vertex -5.95621395111084 11.105313301086426 0
      vertex -5.974606513977051 11.109424591064453 6.199999809265137
      vertex -5.95621395111084 11.105313301086426 6.199999809265137
    endloop
  endfacet
  facet normal 0.21814653069828524 0.9759160266868775 0
    outer loop
      vertex -5.974606513977051 11.109424591064453 6.199999809265137
      vertex -5.95621395111084 11.105313301086426 0
      vertex -5.974606513977051 11.109424591064453 0
    endloop
  endfacet
  facet normal 0.3971415818131048 0.9177573557291627 0
    outer loop
      vertex -6.01043701171875 11.12106704711914 0
      vertex -6.027732849121094 11.128551483154297 6.199999809265137
      vertex -6.01043701171875 11.12106704711914 6.199999809265137
    endloop
  endfacet
  facet normal 0.3971415818131048 0.9177573557291627 0
    outer loop
      vertex -6.027732849121094 11.128551483154297 6.199999809265137
      vertex -6.01043701171875 11.12106704711914 0
      vertex -6.027732849121094 11.128551483154297 0
    endloop
  endfacet
  facet normal -0.9408848315934861 -0.3387266356183068 0
    outer loop
      vertex 6.18531608581543 11.492704391479492 0
      vertex 6.178932189941406 11.51043701171875 6.199999809265137
      vertex 6.178932189941406 11.51043701171875 0
    endloop
  endfacet
  facet normal -0.9408848315934861 -0.3387266356183068 0
    outer loop
      vertex 6.178932189941406 11.51043701171875 6.199999809265137
      vertex 6.18531608581543 11.492704391479492 0
      vertex 6.18531608581543 11.492704391479492 6.199999809265137
    endloop
  endfacet
  facet normal -0.3971415818131048 0.9177573557291627 0
    outer loop
      vertex 6.027732849121094 11.128551483154297 0
      vertex 6.01043701171875 11.12106704711914 6.199999809265137
      vertex 6.027732849121094 11.128551483154297 6.199999809265137
    endloop
  endfacet
  facet normal -0.3971415818131048 0.9177573557291627 0
    outer loop
      vertex 6.01043701171875 11.12106704711914 6.199999809265137
      vertex 6.027732849121094 11.128551483154297 0
      vertex 6.01043701171875 11.12106704711914 0
    endloop
  endfacet
  facet normal 0.15640949256927125 0.9876922955223569 0
    outer loop
      vertex -5.937599182128906 11.102365493774414 0
      vertex -5.95621395111084 11.105313301086426 6.199999809265137
      vertex -5.937599182128906 11.102365493774414 6.199999809265137
    endloop
  endfacet
  facet normal 0.15640949256927125 0.9876922955223569 0
    outer loop
      vertex -5.95621395111084 11.105313301086426 6.199999809265137
      vertex -5.937599182128906 11.102365493774414 0
      vertex -5.95621395111084 11.105313301086426 0
    endloop
  endfacet
  facet normal 0.9955611827124909 0.09411658449022786 0
    outer loop
      vertex -6.197633743286133 11.362399101257324 6.199999809265137
      vertex -6.199407577514648 11.381162643432617 0
      vertex -6.199407577514648 11.381162643432617 6.199999809265137
    endloop
  endfacet
  facet normal 0.9955611827124909 0.09411658449022786 0
    outer loop
      vertex -6.199407577514648 11.381162643432617 0
      vertex -6.197633743286133 11.362399101257324 6.199999809265137
      vertex -6.197633743286133 11.362399101257324 0
    endloop
  endfacet
  facet normal 0.9408848315934861 0.3387266356183068 0
    outer loop
      vertex -6.178932189941406 11.289562225341797 6.199999809265137
      vertex -6.18531608581543 11.307294845581055 0
      vertex -6.18531608581543 11.307294845581055 6.199999809265137
    endloop
  endfacet
  facet normal 0.9408848315934861 0.3387266356183068 0
    outer loop
      vertex -6.18531608581543 11.307294845581055 0
      vertex -6.178932189941406 11.289562225341797 6.199999809265137
      vertex -6.178932189941406 11.289562225341797 0
    endloop
  endfacet
  facet normal -0.45398111420685777 -0.8910113062938652 0
    outer loop
      vertex 6.027732849121094 11.67144775390625 0
      vertex 6.044526100158691 11.662891387939453 6.199999809265137
      vertex 6.027732849121094 11.67144775390625 6.199999809265137
    endloop
  endfacet
  facet normal -0.45398111420685777 -0.8910113062938652 0
    outer loop
      vertex 6.044526100158691 11.662891387939453 6.199999809265137
      vertex 6.027732849121094 11.67144775390625 0
      vertex 6.044526100158691 11.662891387939453 0
    endloop
  endfacet
  facet normal -0.6128996112958489 0.7901607852034909 0
    outer loop
      vertex 6.091226577758789 11.168845176696777 0
      vertex 6.0763349533081055 11.157294273376465 6.199999809265137
      vertex 6.091226577758789 11.168845176696777 6.199999809265137
    endloop
  endfacet
  facet normal -0.6128996112958489 0.7901607852034909 0
    outer loop
      vertex 6.0763349533081055 11.157294273376465 6.199999809265137
      vertex 6.091226577758789 11.168845176696777 0
      vertex 6.0763349533081055 11.157294273376465 0
    endloop
  endfacet
  facet normal 0.2790224565203385 -0.9602845769652638 0
    outer loop
      vertex -5.992704391479492 11.68531608581543 0
      vertex -5.974606513977051 11.690574645996094 6.199999809265137
      vertex -5.992704391479492 11.68531608581543 6.199999809265137
    endloop
  endfacet
  facet normal 0.2790224565203385 -0.9602845769652638 0
    outer loop
      vertex -5.974606513977051 11.690574645996094 6.199999809265137
      vertex -5.992704391479492 11.68531608581543 0
      vertex -5.974606513977051 11.690574645996094 0
    endloop
  endfacet
  facet normal 0.9602845769652638 0.2790224565203385 0
    outer loop
      vertex -6.18531608581543 11.307294845581055 6.199999809265137
      vertex -6.190574645996094 11.325392723083496 0
      vertex -6.190574645996094 11.325392723083496 6.199999809265137
    endloop
  endfacet
  facet normal 0.9602845769652638 0.2790224565203385 0
    outer loop
      vertex -6.190574645996094 11.325392723083496 0
      vertex -6.18531608581543 11.307294845581055 6.199999809265137
      vertex -6.18531608581543 11.307294845581055 0
    endloop
  endfacet
  facet normal -0.3387266356183068 -0.9408848315934861 0
    outer loop
      vertex 5.992704391479492 11.68531608581543 0
      vertex 6.01043701171875 11.678932189941406 6.199999809265137
      vertex 5.992704391479492 11.68531608581543 6.199999809265137
    endloop
  endfacet
  facet normal -0.3387266356183068 -0.9408848315934861 0
    outer loop
      vertex 6.01043701171875 11.678932189941406 6.199999809265137
      vertex 5.992704391479492 11.68531608581543 0
      vertex 6.01043701171875 11.678932189941406 0
    endloop
  endfacet
  facet normal 0.7501390329139643 0.6612801458526502 0
    outer loop
      vertex -6.118690490722656 11.194635391235352 6.199999809265137
      vertex -6.131153106689453 11.208772659301758 0
      vertex -6.131153106689453 11.208772659301758 6.199999809265137
    endloop
  endfacet
  facet normal 0.7501390329139643 0.6612801458526502 0
    outer loop
      vertex -6.131153106689453 11.208772659301758 0
      vertex -6.118690490722656 11.194635391235352 6.199999809265137
      vertex -6.118690490722656 11.194635391235352 0
    endloop
  endfacet
  facet normal -0.27897579257001254 0.9602981345186156 0
    outer loop
      vertex 5.992704391479492 11.1146821975708 0
      vertex 5.974606513977051 11.109424591064453 6.199999809265137
      vertex 5.992704391479492 11.1146821975708 6.199999809265137
    endloop
  endfacet
  facet normal -0.27897579257001254 0.9602981345186156 0
    outer loop
      vertex 5.974606513977051 11.109424591064453 6.199999809265137
      vertex 5.992704391479492 11.1146821975708 0
      vertex 5.974606513977051 11.109424591064453 0
    endloop
  endfacet
  facet normal -0.5620816287937686 0.8270817629306938 0
    outer loop
      vertex 6.0763349533081055 11.157294273376465 0
      vertex 6.060747146606445 11.146700859069824 6.199999809265137
      vertex 6.0763349533081055 11.157294273376465 6.199999809265137
    endloop
  endfacet
  facet normal -0.5620816287937686 0.8270817629306938 0
    outer loop
      vertex 6.060747146606445 11.146700859069824 6.199999809265137
      vertex 6.0763349533081055 11.157294273376465 0
      vertex 6.060747146606445 11.146700859069824 0
    endloop
  endfacet
  facet normal 0.6128996112958489 0.7901607852034909 0
    outer loop
      vertex -6.0763349533081055 11.157294273376465 0
      vertex -6.091226577758789 11.168845176696777 6.199999809265137
      vertex -6.0763349533081055 11.157294273376465 6.199999809265137
    endloop
  endfacet
  facet normal 0.6128996112958489 0.7901607852034909 0
    outer loop
      vertex -6.091226577758789 11.168845176696777 6.199999809265137
      vertex -6.0763349533081055 11.157294273376465 0
      vertex -6.091226577758789 11.168845176696777 0
    endloop
  endfacet
  facet normal 0.8910113062938652 -0.45398111420685777 0
    outer loop
      vertex -6.17144775390625 11.527732849121094 6.199999809265137
      vertex -6.162891387939453 11.544526100158691 0
      vertex -6.162891387939453 11.544526100158691 6.199999809265137
    endloop
  endfacet
  facet normal 0.8910113062938652 -0.45398111420685777 0
    outer loop
      vertex -6.162891387939453 11.544526100158691 0
      vertex -6.17144775390625 11.527732849121094 6.199999809265137
      vertex -6.17144775390625 11.527732849121094 0
    endloop
  endfacet
  facet normal 0.27897579257001254 0.9602981345186156 0
    outer loop
      vertex -5.974606513977051 11.109424591064453 0
      vertex -5.992704391479492 11.1146821975708 6.199999809265137
      vertex -5.974606513977051 11.109424591064453 6.199999809265137
    endloop
  endfacet
  facet normal 0.27897579257001254 0.9602981345186156 0
    outer loop
      vertex -5.992704391479492 11.1146821975708 6.199999809265137
      vertex -5.974606513977051 11.109424591064453 0
      vertex -5.992704391479492 11.1146821975708 0
    endloop
  endfacet
  facet normal 0.9408848315934861 -0.3387266356183068 0
    outer loop
      vertex -6.18531608581543 11.492704391479492 6.199999809265137
      vertex -6.178932189941406 11.51043701171875 0
      vertex -6.178932189941406 11.51043701171875 6.199999809265137
    endloop
  endfacet
  facet normal 0.9408848315934861 -0.3387266356183068 0
    outer loop
      vertex -6.178932189941406 11.51043701171875 0
      vertex -6.18531608581543 11.492704391479492 6.199999809265137
      vertex -6.18531608581543 11.492704391479492 0
    endloop
  endfacet
  facet normal 0.8910008770345683 0.45400158273251634 0
    outer loop
      vertex -6.162891387939453 11.255473136901855 6.199999809265137
      vertex -6.17144775390625 11.272265434265137 0
      vertex -6.17144775390625 11.272265434265137 6.199999809265137
    endloop
  endfacet
  facet normal 0.8910008770345683 0.45400158273251634 0
    outer loop
      vertex -6.17144775390625 11.272265434265137 0
      vertex -6.162891387939453 11.255473136901855 6.199999809265137
      vertex -6.162891387939453 11.255473136901855 0
    endloop
  endfacet
  facet normal 0.09412132591765665 -0.9955607344645038 0
    outer loop
      vertex -5.937599182128906 11.697633743286133 0
      vertex -5.91883659362793 11.699407577514648 6.199999809265137
      vertex -5.937599182128906 11.697633743286133 6.199999809265137
    endloop
  endfacet
  facet normal 0.09412132591765665 -0.9955607344645038 0
    outer loop
      vertex -5.91883659362793 11.699407577514648 6.199999809265137
      vertex -5.937599182128906 11.697633743286133 0
      vertex -5.91883659362793 11.699407577514648 0
    endloop
  endfacet
  facet normal 0 0 -1
    outer loop
      vertex 6.199407577514648 11.381162643432617 6.199999809265137
      vertex 6.199407577514648 11.41883659362793 6.199999809265137
      vertex 6.199999809265137 11.399999618530273 6.199999809265137
    endloop
  endfacet
  facet normal 0 0 -1
    outer loop
      vertex 6.197633743286133 11.362399101257324 6.199999809265137
      vertex 6.199407577514648 11.41883659362793 6.199999809265137
      vertex 6.199407577514648 11.381162643432617 6.199999809265137
    endloop
  endfacet
  facet normal 0 0 -1
    outer loop
      vertex 6.197633743286133 11.362399101257324 6.199999809265137
      vertex 6.197633743286133 11.437599182128906 6.199999809265137
      vertex 6.199407577514648 11.41883659362793 6.199999809265137
    endloop
  endfacet
  facet normal 0 0 -1
    outer loop
      vertex 6.194685935974121 11.343785285949707 6.199999809265137
      vertex 6.197633743286133 11.437599182128906 6.199999809265137
      vertex 6.197633743286133 11.362399101257324 6.199999809265137
    endloop
  endfacet
  facet normal 0 0 -1
    outer loop
      vertex 6.194685935974121 11.343785285949707 6.199999809265137
      vertex 6.194685935974121 11.45621395111084 6.199999809265137
      vertex 6.197633743286133 11.437599182128906 6.199999809265137
    endloop
  endfacet
  facet normal 0 0 -1
    outer loop
      vertex 6.190574645996094 11.325392723083496 6.199999809265137
      vertex 6.194685935974121 11.45621395111084 6.199999809265137
      vertex 6.194685935974121 11.343785285949707 6.199999809265137
    endloop
  endfacet
  facet normal 0 0 -1
    outer loop
      vertex 6.190574645996094 11.325392723083496 6.199999809265137
      vertex 6.190574645996094 11.47460651397705 6.199999809265137
      vertex 6.194685935974121 11.45621395111084 6.199999809265137
    endloop
  endfacet
  facet normal 0 0 -1
    outer loop
      vertex 6.18531608581543 11.307294845581055 6.199999809265137
      vertex 6.190574645996094 11.47460651397705 6.199999809265137
      vertex 6.190574645996094 11.325392723083496 6.199999809265137
    endloop
  endfacet
  facet normal 0 0 -1
    outer loop
      vertex 6.18531608581543 11.307294845581055 6.199999809265137
      vertex 6.18531608581543 11.492704391479492 6.199999809265137
      vertex 6.190574645996094 11.47460651397705 6.199999809265137
    endloop
  endfacet
  facet normal 0 0 -1
    outer loop
      vertex 6.178932189941406 11.289562225341797 6.199999809265137
      vertex 6.18531608581543 11.492704391479492 6.199999809265137
      vertex 6.18531608581543 11.307294845581055 6.199999809265137
    endloop
  endfacet
  facet normal 0 0 -1
    outer loop
      vertex 6.178932189941406 11.289562225341797 6.199999809265137
      vertex 6.178932189941406 11.51043701171875 6.199999809265137
      vertex 6.18531608581543 11.492704391479492 6.199999809265137
    endloop
  endfacet
  facet normal 0 0 -1
    outer loop
      vertex 6.17144775390625 11.272265434265137 6.199999809265137
      vertex 6.178932189941406 11.51043701171875 6.199999809265137
      vertex 6.178932189941406 11.289562225341797 6.199999809265137
    endloop
  endfacet
  facet normal 0 0 -1
    outer loop
      vertex 6.17144775390625 11.272265434265137 6.199999809265137
      vertex 6.17144775390625 11.527732849121094 6.199999809265137
      vertex 6.178932189941406 11.51043701171875 6.199999809265137
    endloop
  endfacet
  facet normal 0 0 -1
    outer loop
      vertex 6.162891387939453 11.255473136901855 6.199999809265137
      vertex 6.17144775390625 11.527732849121094 6.199999809265137
      vertex 6.17144775390625 11.272265434265137 6.199999809265137
    endloop
  endfacet
  facet normal 0 0 -1
    outer loop
      vertex 6.162891387939453 11.255473136901855 6.199999809265137
      vertex 6.162891387939453 11.544526100158691 6.199999809265137
      vertex 6.17144775390625 11.527732849121094 6.199999809265137
    endloop
  endfacet
  facet normal 0 0 -1
    outer loop
      vertex 6.153298377990723 11.239251136779785 6.199999809265137
      vertex 6.162891387939453 11.544526100158691 6.199999809265137
      vertex 6.162891387939453 11.255473136901855 6.199999809265137
    endloop
  endfacet
  facet normal 0 0 -1
    outer loop
      vertex 6.153298377990723 11.239251136779785 6.199999809265137
      vertex 6.153298377990723 11.560747146606445 6.199999809265137
      vertex 6.162891387939453 11.544526100158691 6.199999809265137
    endloop
  endfacet
  facet normal 0 0 -1
    outer loop
      vertex 6.142704963684082 11.223664283752441 6.199999809265137
      vertex 6.153298377990723 11.560747146606445 6.199999809265137
      vertex 6.153298377990723 11.239251136779785 6.199999809265137
    endloop
  endfacet
  facet normal 0 0 -1
    outer loop
      vertex 6.142704963684082 11.223664283752441 6.199999809265137
      vertex 6.142704963684082 11.576334953308105 6.199999809265137
      vertex 6.153298377990723 11.560747146606445 6.199999809265137
    endloop
  endfacet
  facet normal 0 0 -1
    outer loop
      vertex 6.131153106689453 11.208772659301758 6.199999809265137
      vertex 6.142704963684082 11.576334953308105 6.199999809265137
      vertex 6.142704963684082 11.223664283752441 6.199999809265137
    endloop
  endfacet
  facet normal 0 0 -1
    outer loop
      vertex 6.131153106689453 11.208772659301758 6.199999809265137
      vertex 6.131153106689453 11.591226577758789 6.199999809265137
      vertex 6.142704963684082 11.576334953308105 6.199999809265137
    endloop
  endfacet
  facet normal 0 0 -1
    outer loop
      vertex 6.118690490722656 11.194635391235352 6.199999809265137
      vertex 6.131153106689453 11.591226577758789 6.199999809265137
      vertex 6.131153106689453 11.208772659301758 6.199999809265137
    endloop
  endfacet
  facet normal 0 0 -1
    outer loop
      vertex 6.118690490722656 11.194635391235352 6.199999809265137
      vertex 6.118690490722656 11.605363845825195 6.199999809265137
      vertex 6.131153106689453 11.591226577758789 6.199999809265137
    endloop
  endfacet
  facet normal 0 0 -1
    outer loop
      vertex 6.105363845825195 11.18130874633789 6.199999809265137
      vertex 6.118690490722656 11.605363845825195 6.199999809265137
      vertex 6.118690490722656 11.194635391235352 6.199999809265137
    endloop
  endfacet
  facet normal 0 0 -1
    outer loop
      vertex 6.105363845825195 11.18130874633789 6.199999809265137
      vertex 6.105363845825195 11.618690490722656 6.199999809265137
      vertex 6.118690490722656 11.605363845825195 6.199999809265137
    endloop
  endfacet
  facet normal 0 0 -1
    outer loop
      vertex 6.091226577758789 11.168845176696777 6.199999809265137
      vertex 6.105363845825195 11.618690490722656 6.199999809265137
      vertex 6.105363845825195 11.18130874633789 6.199999809265137
    endloop
  endfacet
  facet normal 0 0 -1
    outer loop
      vertex 6.091226577758789 11.168845176696777 6.199999809265137
      vertex 6.091226577758789 11.631153106689453 6.199999809265137
      vertex 6.105363845825195 11.618690490722656 6.199999809265137
    endloop
  endfacet
  facet normal 0 0 -1
    outer loop
      vertex 6.0763349533081055 11.157294273376465 6.199999809265137
      vertex 6.091226577758789 11.631153106689453 6.199999809265137
      vertex 6.091226577758789 11.168845176696777 6.199999809265137
    endloop
  endfacet
  facet normal 0 0 -1
    outer loop
      vertex 6.0763349533081055 11.157294273376465 6.199999809265137
      vertex 6.0763349533081055 11.642704963684082 6.199999809265137
      vertex 6.091226577758789 11.631153106689453 6.199999809265137
    endloop
  endfacet
  facet normal 0 0 -1
    outer loop
      vertex 6.060747146606445 11.146700859069824 6.199999809265137
      vertex 6.0763349533081055 11.642704963684082 6.199999809265137
      vertex 6.0763349533081055 11.157294273376465 6.199999809265137
    endloop
  endfacet
  facet normal 0 0 -1
    outer loop
      vertex 6.060747146606445 11.146700859069824 6.199999809265137
      vertex 6.060747146606445 11.653298377990723 6.199999809265137
      vertex 6.0763349533081055 11.642704963684082 6.199999809265137
    endloop
  endfacet
  facet normal 0 0 -1
    outer loop
      vertex 6.044526100158691 11.137107849121094 6.199999809265137
      vertex 6.060747146606445 11.653298377990723 6.199999809265137
      vertex 6.060747146606445 11.146700859069824 6.199999809265137
    endloop
  endfacet
  facet normal 0 0 -1
    outer loop
      vertex 6.044526100158691 11.137107849121094 6.199999809265137
      vertex 6.044526100158691 11.662891387939453 6.199999809265137
      vertex 6.060747146606445 11.653298377990723 6.199999809265137
    endloop
  endfacet
  facet normal 0 0 -1
    outer loop
      vertex 6.027732849121094 11.128551483154297 6.199999809265137
      vertex 6.044526100158691 11.662891387939453 6.199999809265137
      vertex 6.044526100158691 11.137107849121094 6.199999809265137
    endloop
  endfacet
  facet normal 0 0 -1
    outer loop
      vertex 6.027732849121094 11.128551483154297 6.199999809265137
      vertex 6.027732849121094 11.67144775390625 6.199999809265137
      vertex 6.044526100158691 11.662891387939453 6.199999809265137
    endloop
  endfacet
  facet normal 0 0 -1
    outer loop
      vertex 6.01043701171875 11.12106704711914 6.199999809265137
      vertex 6.027732849121094 11.67144775390625 6.199999809265137
      vertex 6.027732849121094 11.128551483154297 6.199999809265137
    endloop
  endfacet
  facet normal 0 0 -1
    outer loop
      vertex 6.01043701171875 11.12106704711914 6.199999809265137
      vertex 6.01043701171875 11.678932189941406 6.199999809265137
      vertex 6.027732849121094 11.67144775390625 6.199999809265137
    endloop
  endfacet
  facet normal 0 0 -1
    outer loop
      vertex 5.992704391479492 11.1146821975708 6.199999809265137
      vertex 6.01043701171875 11.678932189941406 6.199999809265137
      vertex 6.01043701171875 11.12106704711914 6.199999809265137
    endloop
  endfacet
  facet normal 0 0 -1
    outer loop
      vertex 5.992704391479492 11.1146821975708 6.199999809265137
      vertex 5.992704391479492 11.68531608581543 6.199999809265137
      vertex 6.01043701171875 11.678932189941406 6.199999809265137
    endloop
  endfacet
  facet normal 0 0 -1
    outer loop
      vertex 5.974606513977051 11.109424591064453 6.199999809265137
      vertex 5.992704391479492 11.68531608581543 6.199999809265137
      vertex 5.992704391479492 11.1146821975708 6.199999809265137
    endloop
  endfacet
  facet normal 0 0 -1
    outer loop
      vertex 5.974606513977051 11.109424591064453 6.199999809265137
      vertex 5.974606513977051 11.690574645996094 6.199999809265137
      vertex 5.992704391479492 11.68531608581543 6.199999809265137
    endloop
  endfacet
  facet normal 0 0 -1
    outer loop
      vertex 5.95621395111084 11.105313301086426 6.199999809265137
      vertex 5.974606513977051 11.690574645996094 6.199999809265137
      vertex 5.974606513977051 11.109424591064453 6.199999809265137
    endloop
  endfacet
  facet normal 0 0 -1
    outer loop
      vertex 5.95621395111084 11.105313301086426 6.199999809265137
      vertex 5.95621395111084 11.694685935974121 6.199999809265137
      vertex 5.974606513977051 11.690574645996094 6.199999809265137
    endloop
  endfacet
  facet normal 0 0 -1
    outer loop
      vertex 5.937599182128906 11.102365493774414 6.199999809265137
      vertex 5.95621395111084 11.694685935974121 6.199999809265137
      vertex 5.95621395111084 11.105313301086426 6.199999809265137
    endloop
  endfacet
  facet normal 0 0 -1
    outer loop
      vertex 5.937599182128906 11.102365493774414 6.199999809265137
      vertex 5.937599182128906 11.697633743286133 6.199999809265137
      vertex 5.95621395111084 11.694685935974121 6.199999809265137
    endloop
  endfacet
  facet normal 0 0 -1
    outer loop
      vertex 5.91883659362793 11.100591659545898 6.199999809265137
      vertex 5.937599182128906 11.697633743286133 6.199999809265137
      vertex 5.937599182128906 11.102365493774414 6.199999809265137
    endloop
  endfacet
  facet normal 0 0 -1
    outer loop
      vertex 5.91883659362793 11.100591659545898 6.199999809265137
      vertex 5.91883659362793 11.699407577514648 6.199999809265137
      vertex 5.937599182128906 11.697633743286133 6.199999809265137
    endloop
  endfacet
  facet normal 0 0 -1
    outer loop
      vertex 5.899999618530273 11.09999942779541 6.199999809265137
      vertex 5.91883659362793 11.699407577514648 6.199999809265137
      vertex 5.91883659362793 11.100591659545898 6.199999809265137
    endloop
  endfacet
  facet normal 0 0 -1
    outer loop
      vertex 5.899999618530273 11.09999942779541 6.199999809265137
      vertex 5.899999618530273 11.699999809265137 6.199999809265137
      vertex 5.91883659362793 11.699407577514648 6.199999809265137
    endloop
  endfacet
  facet normal 0 0 -1
    outer loop
      vertex -5.899999618530273 11.09999942779541 6.199999809265137
      vertex 5.899999618530273 11.699999809265137 6.199999809265137
      vertex 5.899999618530273 11.09999942779541 6.199999809265137
    endloop
  endfacet
  facet normal 0 0 -1
    outer loop
      vertex -5.899999618530273 11.09999942779541 6.199999809265137
      vertex -5.899999618530273 11.699999809265137 6.199999809265137
      vertex 5.899999618530273 11.699999809265137 6.199999809265137
    endloop
  endfacet
  facet normal 0 0 -1
    outer loop
      vertex -5.91883659362793 11.100591659545898 6.199999809265137
      vertex -5.899999618530273 11.699999809265137 6.199999809265137
      vertex -5.899999618530273 11.09999942779541 6.199999809265137
    endloop
  endfacet
  facet normal 0 0 -1
    outer loop
      vertex -5.91883659362793 11.100591659545898 6.199999809265137
      vertex -5.91883659362793 11.699407577514648 6.199999809265137
      vertex -5.899999618530273 11.699999809265137 6.199999809265137
    endloop
  endfacet
  facet normal 0 0 -1
    outer loop
      vertex -5.937599182128906 11.102365493774414 6.199999809265137
      vertex -5.91883659362793 11.699407577514648 6.199999809265137
      vertex -5.91883659362793 11.100591659545898 6.199999809265137
    endloop
  endfacet
  facet normal 0 0 -1
    outer loop
      vertex -5.937599182128906 11.102365493774414 6.199999809265137
      vertex -5.937599182128906 11.697633743286133 6.199999809265137
      vertex -5.91883659362793 11.699407577514648 6.199999809265137
    endloop
  endfacet
  facet normal 0 0 -1
    outer loop
      vertex -5.95621395111084 11.105313301086426 6.199999809265137
      vertex -5.937599182128906 11.697633743286133 6.199999809265137
      vertex -5.937599182128906 11.102365493774414 6.199999809265137
    endloop
  endfacet
  facet normal 0 0 -1
    outer loop
      vertex -5.95621395111084 11.105313301086426 6.199999809265137
      vertex -5.95621395111084 11.694685935974121 6.199999809265137
      vertex -5.937599182128906 11.697633743286133 6.199999809265137
    endloop
  endfacet
  facet normal 0 0 -1
    outer loop
      vertex -5.974606513977051 11.109424591064453 6.199999809265137
      vertex -5.95621395111084 11.694685935974121 6.199999809265137
      vertex -5.95621395111084 11.105313301086426 6.199999809265137
    endloop
  endfacet
  facet normal 0 0 -1
    outer loop
      vertex -5.974606513977051 11.109424591064453 6.199999809265137
      vertex -5.974606513977051 11.690574645996094 6.199999809265137
      vertex -5.95621395111084 11.694685935974121 6.199999809265137
    endloop
  endfacet
  facet normal 0 0 -1
    outer loop
      vertex -5.992704391479492 11.1146821975708 6.199999809265137
      vertex -5.974606513977051 11.690574645996094 6.199999809265137
      vertex -5.974606513977051 11.109424591064453 6.199999809265137
    endloop
  endfacet
  facet normal 0 0 -1
    outer loop
      vertex -5.992704391479492 11.1146821975708 6.199999809265137
      vertex -5.992704391479492 11.68531608581543 6.199999809265137
      vertex -5.974606513977051 11.690574645996094 6.199999809265137
    endloop
  endfacet
  facet normal 0 0 -1
    outer loop
      vertex -6.01043701171875 11.12106704711914 6.199999809265137
      vertex -5.992704391479492 11.68531608581543 6.199999809265137
      vertex -5.992704391479492 11.1146821975708 6.199999809265137
    endloop
  endfacet
  facet normal 0 0 -1
    outer loop
      vertex -6.01043701171875 11.12106704711914 6.199999809265137
      vertex -6.01043701171875 11.678932189941406 6.199999809265137
      vertex -5.992704391479492 11.68531608581543 6.199999809265137
    endloop
  endfacet
  facet normal 0 0 -1
    outer loop
      vertex -6.027732849121094 11.128551483154297 6.199999809265137
      vertex -6.01043701171875 11.678932189941406 6.199999809265137
      vertex -6.01043701171875 11.12106704711914 6.199999809265137
    endloop
  endfacet
  facet normal 0 0 -1
    outer loop
      vertex -6.027732849121094 11.128551483154297 6.199999809265137
      vertex -6.027732849121094 11.67144775390625 6.199999809265137
      vertex -6.01043701171875 11.678932189941406 6.199999809265137
    endloop
  endfacet
  facet normal 0 0 -1
    outer loop
      vertex -6.044526100158691 11.137107849121094 6.199999809265137
      vertex -6.027732849121094 11.67144775390625 6.199999809265137
      vertex -6.027732849121094 11.128551483154297 6.199999809265137
    endloop
  endfacet
  facet normal 0 0 -1
    outer loop
      vertex -6.044526100158691 11.137107849121094 6.199999809265137
      vertex -6.044526100158691 11.662891387939453 6.199999809265137
      vertex -6.027732849121094 11.67144775390625 6.199999809265137
    endloop
  endfacet
  facet normal 0 0 -1
    outer loop
      vertex -6.060747146606445 11.146700859069824 6.199999809265137
      vertex -6.044526100158691 11.662891387939453 6.199999809265137
      vertex -6.044526100158691 11.137107849121094 6.199999809265137
    endloop
  endfacet
  facet normal 0 0 -1
    outer loop
      vertex -6.060747146606445 11.146700859069824 6.199999809265137
      vertex -6.060747146606445 11.653298377990723 6.199999809265137
      vertex -6.044526100158691 11.662891387939453 6.199999809265137
    endloop
  endfacet
  facet normal 0 0 -1
    outer loop
      vertex -6.0763349533081055 11.157294273376465 6.199999809265137
      vertex -6.060747146606445 11.653298377990723 6.199999809265137
      vertex -6.060747146606445 11.146700859069824 6.199999809265137
    endloop
  endfacet
  facet normal 0 0 -1
    outer loop
      vertex -6.0763349533081055 11.157294273376465 6.199999809265137
      vertex -6.0763349533081055 11.642704963684082 6.199999809265137
      vertex -6.060747146606445 11.653298377990723 6.199999809265137
    endloop
  endfacet
  facet normal 0 0 -1
    outer loop
      vertex -6.091226577758789 11.168845176696777 6.199999809265137
      vertex -6.0763349533081055 11.642704963684082 6.199999809265137
      vertex -6.0763349533081055 11.157294273376465 6.199999809265137
    endloop
  endfacet
  facet normal 0 0 -1
    outer loop
      vertex -6.091226577758789 11.168845176696777 6.199999809265137
      vertex -6.091226577758789 11.631153106689453 6.199999809265137
      vertex -6.0763349533081055 11.642704963684082 6.199999809265137
    endloop
  endfacet
  facet normal 0 0 -1
    outer loop
      vertex -6.105363845825195 11.18130874633789 6.199999809265137
      vertex -6.091226577758789 11.631153106689453 6.199999809265137
      vertex -6.091226577758789 11.168845176696777 6.199999809265137
    endloop
  endfacet
  facet normal 0 0 -1
    outer loop
      vertex -6.105363845825195 11.18130874633789 6.199999809265137
      vertex -6.105363845825195 11.618690490722656 6.199999809265137
      vertex -6.091226577758789 11.631153106689453 6.199999809265137
    endloop
  endfacet
  facet normal 0 0 -1
    outer loop
      vertex -6.118690490722656 11.194635391235352 6.199999809265137
      vertex -6.105363845825195 11.618690490722656 6.199999809265137
      vertex -6.105363845825195 11.18130874633789 6.199999809265137
    endloop
  endfacet
  facet normal 0 0 -1
    outer loop
      vertex -6.118690490722656 11.194635391235352 6.199999809265137
      vertex -6.118690490722656 11.605363845825195 6.199999809265137
      vertex -6.105363845825195 11.618690490722656 6.199999809265137
    endloop
  endfacet
  facet normal 0 0 -1
    outer loop
      vertex -6.131153106689453 11.208772659301758 6.199999809265137
      vertex -6.118690490722656 11.605363845825195 6.199999809265137
      vertex -6.118690490722656 11.194635391235352 6.199999809265137
    endloop
  endfacet
  facet normal 0 0 -1
    outer loop
      vertex -6.131153106689453 11.208772659301758 6.199999809265137
      vertex -6.131153106689453 11.591226577758789 6.199999809265137
      vertex -6.118690490722656 11.605363845825195 6.199999809265137
    endloop
  endfacet
  facet normal 0 0 -1
    outer loop
      vertex -6.142704963684082 11.223664283752441 6.199999809265137
      vertex -6.131153106689453 11.591226577758789 6.199999809265137
      vertex -6.131153106689453 11.208772659301758 6.199999809265137
    endloop
  endfacet
  facet normal 0 0 -1
    outer loop
      vertex -6.142704963684082 11.223664283752441 6.199999809265137
      vertex -6.142704963684082 11.576334953308105 6.199999809265137
      vertex -6.131153106689453 11.591226577758789 6.199999809265137
    endloop
  endfacet
  facet normal 0 0 -1
    outer loop
      vertex -6.153298377990723 11.239251136779785 6.199999809265137
      vertex -6.142704963684082 11.576334953308105 6.199999809265137
      vertex -6.142704963684082 11.223664283752441 6.199999809265137
    endloop
  endfacet
  facet normal 0 0 -1
    outer loop
      vertex -6.153298377990723 11.239251136779785 6.199999809265137
      vertex -6.153298377990723 11.560747146606445 6.199999809265137
      vertex -6.142704963684082 11.576334953308105 6.199999809265137
    endloop
  endfacet
  facet normal 0 0 -1
    outer loop
      vertex -6.162891387939453 11.255473136901855 6.199999809265137
      vertex -6.153298377990723 11.560747146606445 6.199999809265137
      vertex -6.153298377990723 11.239251136779785 6.199999809265137
    endloop
  endfacet
  facet normal 0 0 -1
    outer loop
      vertex -6.162891387939453 11.255473136901855 6.199999809265137
      vertex -6.162891387939453 11.544526100158691 6.199999809265137
      vertex -6.153298377990723 11.560747146606445 6.199999809265137
    endloop
  endfacet
  facet normal 0 0 -1
    outer loop
      vertex -6.17144775390625 11.272265434265137 6.199999809265137
      vertex -6.162891387939453 11.544526100158691 6.199999809265137
      vertex -6.162891387939453 11.255473136901855 6.199999809265137
    endloop
  endfacet
  facet normal 0 0 -1
    outer loop
      vertex -6.17144775390625 11.272265434265137 6.199999809265137
      vertex -6.17144775390625 11.527732849121094 6.199999809265137
      vertex -6.162891387939453 11.544526100158691 6.199999809265137
    endloop
  endfacet
  facet normal 0 0 -1
    outer loop
      vertex -6.178932189941406 11.289562225341797 6.199999809265137
      vertex -6.17144775390625 11.527732849121094 6.199999809265137
      vertex -6.17144775390625 11.272265434265137 6.199999809265137
    endloop
  endfacet
  facet normal 0 0 -1
    outer loop
      vertex -6.178932189941406 11.289562225341797 6.199999809265137
      vertex -6.178932189941406 11.51043701171875 6.199999809265137
      vertex -6.17144775390625 11.527732849121094 6.199999809265137
    endloop
  endfacet
  facet normal 0 0 -1
    outer loop
      vertex -6.18531608581543 11.307294845581055 6.199999809265137
      vertex -6.178932189941406 11.51043701171875 6.199999809265137
      vertex -6.178932189941406 11.289562225341797 6.199999809265137
    endloop
  endfacet
  facet normal 0 0 -1
    outer loop
      vertex -6.18531608581543 11.307294845581055 6.199999809265137
      vertex -6.18531608581543 11.492704391479492 6.199999809265137
      vertex -6.178932189941406 11.51043701171875 6.199999809265137
    endloop
  endfacet
  facet normal 0 0 -1
    outer loop
      vertex -6.190574645996094 11.325392723083496 6.199999809265137
      vertex -6.18531608581543 11.492704391479492 6.199999809265137
      vertex -6.18531608581543 11.307294845581055 6.199999809265137
    endloop
  endfacet
  facet normal 0 0 -1
    outer loop
      vertex -6.190574645996094 11.325392723083496 6.199999809265137
      vertex -6.190574645996094 11.47460651397705 6.199999809265137
      vertex -6.18531608581543 11.492704391479492 6.199999809265137
    endloop
  endfacet
  facet normal 0 0 -1
    outer loop
      vertex -6.194685935974121 11.343785285949707 6.199999809265137
      vertex -6.190574645996094 11.47460651397705 6.199999809265137
      vertex -6.190574645996094 11.325392723083496 6.199999809265137
    endloop
  endfacet
  facet normal 0 0 -1
    outer loop
      vertex -6.194685935974121 11.343785285949707 6.199999809265137
      vertex -6.194685935974121 11.45621395111084 6.199999809265137
      vertex -6.190574645996094 11.47460651397705 6.199999809265137
    endloop
  endfacet
  facet normal 0 0 -1
    outer loop
      vertex -6.197633743286133 11.362399101257324 6.199999809265137
      vertex -6.194685935974121 11.45621395111084 6.199999809265137
      vertex -6.194685935974121 11.343785285949707 6.199999809265137
    endloop
  endfacet
  facet normal 0 0 -1
    outer loop
      vertex -6.197633743286133 11.362399101257324 6.199999809265137
      vertex -6.197633743286133 11.437599182128906 6.199999809265137
      vertex -6.194685935974121 11.45621395111084 6.199999809265137
    endloop
  endfacet
  facet normal 0 0 -1
    outer loop
      vertex -6.199407577514648 11.381162643432617 6.199999809265137
      vertex -6.197633743286133 11.437599182128906 6.199999809265137
      vertex -6.197633743286133 11.362399101257324 6.199999809265137
    endloop
  endfacet
  facet normal 0 0 -1
    outer loop
      vertex -6.199407577514648 11.381162643432617 6.199999809265137
      vertex -6.199407577514648 11.41883659362793 6.199999809265137
      vertex -6.197633743286133 11.437599182128906 6.199999809265137
    endloop
  endfacet
  facet normal 0 0 -1
    outer loop
      vertex -6.199407577514648 11.41883659362793 6.199999809265137
      vertex -6.199407577514648 11.381162643432617 6.199999809265137
      vertex -6.199999809265137 11.399999618530273 6.199999809265137
    endloop
  endfacet
  facet normal 0 -1 0
    outer loop
      vertex -5.899999618530273 -11.09999942779541 0
      vertex 5.899999618530273 -11.09999942779541 6.199999809265137
      vertex -5.899999618530273 -11.09999942779541 6.199999809265137
    endloop
  endfacet
  facet normal 0 -1 0
    outer loop
      vertex 5.899999618530273 -11.09999942779541 6.199999809265137
      vertex -5.899999618530273 -11.09999942779541 0
      vertex 5.899999618530273 -11.09999942779541 0
    endloop
  endfacet
  facet normal -0.9876910575159983 -0.1564173101128164 0
    outer loop
      vertex 6.197633743286133 -11.362399101257324 0
      vertex 6.194685935974121 -11.343785285949707 6.199999809265137
      vertex 6.194685935974121 -11.343785285949707 0
    endloop
  endfacet
  facet normal -0.9876910575159983 -0.1564173101128164 0
    outer loop
      vertex 6.194685935974121 -11.343785285949707 6.199999809265137
      vertex 6.197633743286133 -11.362399101257324 0
      vertex 6.197633743286133 -11.362399101257324 6.199999809265137
    endloop
  endfacet
  facet normal 0.9955607344645038 0.09412132591765665 0
    outer loop
      vertex -6.197633743286133 -11.437599182128906 6.199999809265137
      vertex -6.199407577514648 -11.41883659362793 0
      vertex -6.199407577514648 -11.41883659362793 6.199999809265137
    endloop
  endfacet
  facet normal 0.9955607344645038 0.09412132591765665 0
    outer loop
      vertex -6.199407577514648 -11.41883659362793 0
      vertex -6.197633743286133 -11.437599182128906 6.199999809265137
      vertex -6.197633743286133 -11.437599182128906 0
    endloop
  endfacet
  facet normal 0.9602845769652638 0.2790224565203385 0
    outer loop
      vertex -6.18531608581543 -11.492704391479492 6.199999809265137
      vertex -6.190574645996094 -11.47460651397705 0
      vertex -6.190574645996094 -11.47460651397705 6.199999809265137
    endloop
  endfacet
  facet normal 0.9602845769652638 0.2790224565203385 0
    outer loop
      vertex -6.190574645996094 -11.47460651397705 0
      vertex -6.18531608581543 -11.492704391479492 6.199999809265137
      vertex -6.18531608581543 -11.492704391479492 0
    endloop
  endfacet
  facet normal 0.860757235581964 -0.5090156985725441 0
    outer loop
      vertex -6.162891387939453 -11.255473136901855 6.199999809265137
      vertex -6.153298377990723 -11.239251136779785 0
      vertex -6.153298377990723 -11.239251136779785 6.199999809265137
    endloop
  endfacet
  facet normal 0.860757235581964 -0.5090156985725441 0
    outer loop
      vertex -6.153298377990723 -11.239251136779785 0
      vertex -6.162891387939453 -11.255473136901855 6.199999809265137
      vertex -6.162891387939453 -11.255473136901855 0
    endloop
  endfacet
  facet normal 0.5090378705197731 -0.8607441236376202 0
    outer loop
      vertex -6.060747146606445 -11.146700859069824 0
      vertex -6.044526100158691 -11.137107849121094 6.199999809265137
      vertex -6.060747146606445 -11.146700859069824 6.199999809265137
    endloop
  endfacet
  facet normal 0.5090378705197731 -0.8607441236376202 0
    outer loop
      vertex -6.044526100158691 -11.137107849121094 6.199999809265137
      vertex -6.060747146606445 -11.146700859069824 0
      vertex -6.044526100158691 -11.137107849121094 0
    endloop
  endfacet
  facet normal 0.8910113062938652 0.45398111420685777 0
    outer loop
      vertex -6.162891387939453 -11.544526100158691 6.199999809265137
      vertex -6.17144775390625 -11.527732849121094 0
      vertex -6.17144775390625 -11.527732849121094 6.199999809265137
    endloop
  endfacet
  facet normal 0.8910113062938652 0.45398111420685777 0
    outer loop
      vertex -6.17144775390625 -11.527732849121094 0
      vertex -6.162891387939453 -11.544526100158691 6.199999809265137
      vertex -6.162891387939453 -11.544526100158691 0
    endloop
  endfacet
  facet normal 0.3971415818131048 0.9177573557291627 0
    outer loop
      vertex -6.01043701171875 -11.678932189941406 0
      vertex -6.027732849121094 -11.67144775390625 6.199999809265137
      vertex -6.01043701171875 -11.678932189941406 6.199999809265137
    endloop
  endfacet
  facet normal 0.3971415818131048 0.9177573557291627 0
    outer loop
      vertex -6.027732849121094 -11.67144775390625 6.199999809265137
      vertex -6.01043701171875 -11.678932189941406 0
      vertex -6.027732849121094 -11.67144775390625 0
    endloop
  endfacet
  facet normal 0.9408848315934861 -0.3387266356183068 0
    outer loop
      vertex -6.18531608581543 -11.307294845581055 6.199999809265137
      vertex -6.178932189941406 -11.289562225341797 0
      vertex -6.178932189941406 -11.289562225341797 6.199999809265137
    endloop
  endfacet
  facet normal 0.9408848315934861 -0.3387266356183068 0
    outer loop
      vertex -6.178932189941406 -11.289562225341797 0
      vertex -6.18531608581543 -11.307294845581055 6.199999809265137
      vertex -6.18531608581543 -11.307294845581055 0
    endloop
  endfacet
  facet normal 0 1 0
    outer loop
      vertex 5.899999618530273 -11.699999809265137 0
      vertex -5.899999618530273 -11.699999809265137 5.59999942779541
      vertex 5.899999618530273 -11.699999809265137 5.59999942779541
    endloop
  endfacet
  facet normal 0 1 0
    outer loop
      vertex -5.899999618530273 -11.699999809265137 5.59999942779541
      vertex 5.899999618530273 -11.699999809265137 0
      vertex -5.899999618530273 -11.699999809265137 0
    endloop
  endfacet
  facet normal 0 1 0
    outer loop
      vertex 5.899999618530273 -11.699999809265137 6
      vertex -5.899999618530273 -11.699999809265137 6.199999809265137
      vertex 5.899999618530273 -11.699999809265137 6.199999809265137
    endloop
  endfacet
  facet normal 0 1 0
    outer loop
      vertex -5.899999618530273 -11.699999809265137 6.199999809265137
      vertex 5.899999618530273 -11.699999809265137 6
      vertex -5.899999618530273 -11.699999809265137 6
    endloop
  endfacet
  facet normal 0 -1 0
    outer loop
      vertex 5.899999618530273 -11.699999809265137 5.59999942779541
      vertex 6 -11.699999809265137 6
      vertex 5.899999618530273 -11.699999809265137 6
    endloop
  endfacet
  facet normal 0 -1 0
    outer loop
      vertex 6 -11.699999809265137 6
      vertex 5.899999618530273 -11.699999809265137 5.59999942779541
      vertex 6 -11.699999809265137 5.59999942779541
    endloop
  endfacet
  facet normal 0 -1 0
    outer loop
      vertex -6 -11.699999809265137 5.59999942779541
      vertex -5.899999618530273 -11.699999809265137 6
      vertex -6 -11.699999809265137 6
    endloop
  endfacet
  facet normal 0 -1 0
    outer loop
      vertex -5.899999618530273 -11.699999809265137 6
      vertex -6 -11.699999809265137 5.59999942779541
      vertex -5.899999618530273 -11.699999809265137 5.59999942779541
    endloop
  endfacet
  facet normal 0.15640949256927125 0.9876922955223569 0
    outer loop
      vertex -5.937599182128906 -11.697633743286133 0
      vertex -5.95621395111084 -11.694685935974121 6.199999809265137
      vertex -5.937599182128906 -11.697633743286133 6.199999809265137
    endloop
  endfacet
  facet normal 0.15640949256927125 0.9876922955223569 0
    outer loop
      vertex -5.95621395111084 -11.694685935974121 6.199999809265137
      vertex -5.937599182128906 -11.697633743286133 0
      vertex -5.95621395111084 -11.694685935974121 0
    endloop
  endfacet
  facet normal -0.9995061338808694 0.03142432711320473 0
    outer loop
      vertex 6.199407577514648 -11.41883659362793 0
      vertex 6.199999809265137 -11.399999618530273 6.199999809265137
      vertex 6.199999809265137 -11.399999618530273 0
    endloop
  endfacet
  facet normal -0.9995061338808694 0.03142432711320473 0
    outer loop
      vertex 6.199999809265137 -11.399999618530273 6.199999809265137
      vertex 6.199407577514648 -11.41883659362793 0
      vertex 6.199407577514648 -11.41883659362793 6.199999809265137
    endloop
  endfacet
  facet normal 0.5620816287937686 0.8270817629306938 0
    outer loop
      vertex -6.060747146606445 -11.653298377990723 0
      vertex -6.0763349533081055 -11.642704963684082 6.199999809265137
      vertex -6.060747146606445 -11.653298377990723 6.199999809265137
    endloop
  endfacet
  facet normal 0.5620816287937686 0.8270817629306938 0
    outer loop
      vertex -6.0763349533081055 -11.642704963684082 6.199999809265137
      vertex -6.060747146606445 -11.653298377990723 0
      vertex -6.0763349533081055 -11.642704963684082 0
    endloop
  endfacet
  facet normal -0.03142432711320473 -0.9995061338808694 0
    outer loop
      vertex 5.899999618530273 -11.09999942779541 0
      vertex 5.91883659362793 -11.100591659545898 6.199999809265137
      vertex 5.899999618530273 -11.09999942779541 6.199999809265137
    endloop
  endfacet
  facet normal -0.03142432711320473 -0.9995061338808694 0
    outer loop
      vertex 5.91883659362793 -11.100591659545898 6.199999809265137
      vertex 5.899999618530273 -11.09999942779541 0
      vertex 5.91883659362793 -11.100591659545898 0
    endloop
  endfacet
  facet normal 0.9995061338808694 0.03142432711320473 0
    outer loop
      vertex -6.199407577514648 -11.41883659362793 6.199999809265137
      vertex -6.199999809265137 -11.399999618530273 0
      vertex -6.199999809265137 -11.399999618530273 6.199999809265137
    endloop
  endfacet
  facet normal 0.9995061338808694 0.03142432711320473 0
    outer loop
      vertex -6.199999809265137 -11.399999618530273 0
      vertex -6.199407577514648 -11.41883659362793 6.199999809265137
      vertex -6.199407577514648 -11.41883659362793 0
    endloop
  endfacet
  facet normal -0.5620816287937686 0.8270817629306938 0
    outer loop
      vertex 6.0763349533081055 -11.642704963684082 0
      vertex 6.060747146606445 -11.653298377990723 6.199999809265137
      vertex 6.0763349533081055 -11.642704963684082 6.199999809265137
    endloop
  endfacet
  facet normal -0.5620816287937686 0.8270817629306938 0
    outer loop
      vertex 6.060747146606445 -11.653298377990723 6.199999809265137
      vertex 6.0763349533081055 -11.642704963684082 0
      vertex 6.060747146606445 -11.653298377990723 0
    endloop
  endfacet
  facet normal 0.21814653069828524 -0.9759160266868775 0
    outer loop
      vertex -5.974606513977051 -11.109424591064453 0
      vertex -5.95621395111084 -11.105313301086426 6.199999809265137
      vertex -5.974606513977051 -11.109424591064453 6.199999809265137
    endloop
  endfacet
  facet normal 0.21814653069828524 -0.9759160266868775 0
    outer loop
      vertex -5.95621395111084 -11.105313301086426 6.199999809265137
      vertex -5.974606513977051 -11.109424591064453 0
      vertex -5.95621395111084 -11.105313301086426 0
    endloop
  endfacet
  facet normal -0.9759160266868775 0.21814653069828524 0
    outer loop
      vertex 6.190574645996094 -11.47460651397705 0
      vertex 6.194685935974121 -11.45621395111084 6.199999809265137
      vertex 6.194685935974121 -11.45621395111084 0
    endloop
  endfacet
  facet normal -0.9759160266868775 0.21814653069828524 0
    outer loop
      vertex 6.194685935974121 -11.45621395111084 6.199999809265137
      vertex 6.190574645996094 -11.47460651397705 0
      vertex 6.190574645996094 -11.47460651397705 6.199999809265137
    endloop
  endfacet
  facet normal 0.27897579257001254 -0.9602981345186156 0
    outer loop
      vertex -5.992704391479492 -11.1146821975708 0
      vertex -5.974606513977051 -11.109424591064453 6.199999809265137
      vertex -5.992704391479492 -11.1146821975708 6.199999809265137
    endloop
  endfacet
  facet normal 0.27897579257001254 -0.9602981345186156 0
    outer loop
      vertex -5.974606513977051 -11.109424591064453 6.199999809265137
      vertex -5.992704391479492 -11.1146821975708 0
      vertex -5.974606513977051 -11.109424591064453 0
    endloop
  endfacet
  facet normal 0.5620816287937686 -0.8270817629306938 0
    outer loop
      vertex -6.0763349533081055 -11.157294273376465 0
      vertex -6.060747146606445 -11.146700859069824 6.199999809265137
      vertex -6.0763349533081055 -11.157294273376465 6.199999809265137
    endloop
  endfacet
  facet normal 0.5620816287937686 -0.8270817629306938 0
    outer loop
      vertex -6.060747146606445 -11.146700859069824 6.199999809265137
      vertex -6.0763349533081055 -11.157294273376465 0
      vertex -6.060747146606445 -11.146700859069824 0
    endloop
  endfacet
  facet normal 0.03142432711320473 -0.9995061338808694 0
    outer loop
      vertex -5.91883659362793 -11.100591659545898 0
      vertex -5.899999618530273 -11.09999942779541 6.199999809265137
      vertex -5.91883659362793 -11.100591659545898 6.199999809265137
    endloop
  endfacet
  facet normal 0.03142432711320473 -0.9995061338808694 0
    outer loop
      vertex -5.899999618530273 -11.09999942779541 6.199999809265137
      vertex -5.91883659362793 -11.100591659545898 0
      vertex -5.899999618530273 -11.09999942779541 0
    endloop
  endfacet
  facet normal 0.9759160266868775 -0.21814653069828524 0
    outer loop
      vertex -6.194685935974121 -11.343785285949707 6.199999809265137
      vertex -6.190574645996094 -11.325392723083496 0
      vertex -6.190574645996094 -11.325392723083496 6.199999809265137
    endloop
  endfacet
  facet normal 0.9759160266868775 -0.21814653069828524 0
    outer loop
      vertex -6.190574645996094 -11.325392723083496 0
      vertex -6.194685935974121 -11.343785285949707 6.199999809265137
      vertex -6.194685935974121 -11.343785285949707 0
    endloop
  endfacet
  facet normal -0.7071067811865476 0.7071067811865476 0
    outer loop
      vertex 6.105363845825195 -11.618690490722656 0
      vertex 6.118690490722656 -11.605363845825195 6.199999809265137
      vertex 6.118690490722656 -11.605363845825195 0
    endloop
  endfacet
  facet normal -0.7071067811865476 0.7071067811865476 0
    outer loop
      vertex 6.118690490722656 -11.605363845825195 6.199999809265137
      vertex 6.105363845825195 -11.618690490722656 0
      vertex 6.105363845825195 -11.618690490722656 6.199999809265137
    endloop
  endfacet
  facet normal -0.8270817629306938 0.5620816287937686 0
    outer loop
      vertex 6.142704963684082 -11.576334953308105 0
      vertex 6.153298377990723 -11.560747146606445 6.199999809265137
      vertex 6.153298377990723 -11.560747146606445 0
    endloop
  endfacet
  facet normal -0.8270817629306938 0.5620816287937686 0
    outer loop
      vertex 6.153298377990723 -11.560747146606445 6.199999809265137
      vertex 6.142704963684082 -11.576334953308105 0
      vertex 6.142704963684082 -11.576334953308105 6.199999809265137
    endloop
  endfacet
  facet normal 0.7071067811865476 -0.7071067811865476 0
    outer loop
      vertex -6.118690490722656 -11.194635391235352 6.199999809265137
      vertex -6.105363845825195 -11.18130874633789 0
      vertex -6.105363845825195 -11.18130874633789 6.199999809265137
    endloop
  endfacet
  facet normal 0.7071067811865476 -0.7071067811865476 0
    outer loop
      vertex -6.105363845825195 -11.18130874633789 0
      vertex -6.118690490722656 -11.194635391235352 6.199999809265137
      vertex -6.118690490722656 -11.194635391235352 0
    endloop
  endfacet
  facet normal 0.7901362790005535 -0.6129312038125971 0
    outer loop
      vertex -6.142704963684082 -11.223664283752441 6.199999809265137
      vertex -6.131153106689453 -11.208772659301758 0
      vertex -6.131153106689453 -11.208772659301758 6.199999809265137
    endloop
  endfacet
  facet normal 0.7901362790005535 -0.6129312038125971 0
    outer loop
      vertex -6.131153106689453 -11.208772659301758 0
      vertex -6.142704963684082 -11.223664283752441 6.199999809265137
      vertex -6.142704963684082 -11.223664283752441 0
    endloop
  endfacet
  facet normal 0 0 -1
    outer loop
      vertex 6.199407577514648 -11.41883659362793 6.199999809265137
      vertex 6.199407577514648 -11.381162643432617 6.199999809265137
      vertex 6.199999809265137 -11.399999618530273 6.199999809265137
    endloop
  endfacet
  facet normal 0 0 -1
    outer loop
      vertex 6.197633743286133 -11.437599182128906 6.199999809265137
      vertex 6.199407577514648 -11.381162643432617 6.199999809265137
      vertex 6.199407577514648 -11.41883659362793 6.199999809265137
    endloop
  endfacet
  facet normal 0 0 -1
    outer loop
      vertex 6.197633743286133 -11.437599182128906 6.199999809265137
      vertex 6.197633743286133 -11.362399101257324 6.199999809265137
      vertex 6.199407577514648 -11.381162643432617 6.199999809265137
    endloop
  endfacet
  facet normal 0 0 -1
    outer loop
      vertex 6.194685935974121 -11.45621395111084 6.199999809265137
      vertex 6.197633743286133 -11.362399101257324 6.199999809265137
      vertex 6.197633743286133 -11.437599182128906 6.199999809265137
    endloop
  endfacet
  facet normal 0 0 -1
    outer loop
      vertex 6.194685935974121 -11.45621395111084 6.199999809265137
      vertex 6.194685935974121 -11.343785285949707 6.199999809265137
      vertex 6.197633743286133 -11.362399101257324 6.199999809265137
    endloop
  endfacet
  facet normal 0 0 -1
    outer loop
      vertex 6.190574645996094 -11.47460651397705 6.199999809265137
      vertex 6.194685935974121 -11.343785285949707 6.199999809265137
      vertex 6.194685935974121 -11.45621395111084 6.199999809265137
    endloop
  endfacet
  facet normal 0 0 -1
    outer loop
      vertex 6.190574645996094 -11.47460651397705 6.199999809265137
      vertex 6.190574645996094 -11.325392723083496 6.199999809265137
      vertex 6.194685935974121 -11.343785285949707 6.199999809265137
    endloop
  endfacet
  facet normal 0 0 -1
    outer loop
      vertex 6.18531608581543 -11.492704391479492 6.199999809265137
      vertex 6.190574645996094 -11.325392723083496 6.199999809265137
      vertex 6.190574645996094 -11.47460651397705 6.199999809265137
    endloop
  endfacet
  facet normal 0 0 -1
    outer loop
      vertex 6.18531608581543 -11.492704391479492 6.199999809265137
      vertex 6.18531608581543 -11.307294845581055 6.199999809265137
      vertex 6.190574645996094 -11.325392723083496 6.199999809265137
    endloop
  endfacet
  facet normal 0 0 -1
    outer loop
      vertex 6.178932189941406 -11.51043701171875 6.199999809265137
      vertex 6.18531608581543 -11.307294845581055 6.199999809265137
      vertex 6.18531608581543 -11.492704391479492 6.199999809265137
    endloop
  endfacet
  facet normal 0 0 -1
    outer loop
      vertex 6.178932189941406 -11.51043701171875 6.199999809265137
      vertex 6.178932189941406 -11.289562225341797 6.199999809265137
      vertex 6.18531608581543 -11.307294845581055 6.199999809265137
    endloop
  endfacet
  facet normal 0 0 -1
    outer loop
      vertex 6.17144775390625 -11.527732849121094 6.199999809265137
      vertex 6.178932189941406 -11.289562225341797 6.199999809265137
      vertex 6.178932189941406 -11.51043701171875 6.199999809265137
    endloop
  endfacet
  facet normal 0 0 -1
    outer loop
      vertex 6.17144775390625 -11.527732849121094 6.199999809265137
      vertex 6.17144775390625 -11.272265434265137 6.199999809265137
      vertex 6.178932189941406 -11.289562225341797 6.199999809265137
    endloop
  endfacet
  facet normal 0 0 -1
    outer loop
      vertex 6.162891387939453 -11.544526100158691 6.199999809265137
      vertex 6.17144775390625 -11.272265434265137 6.199999809265137
      vertex 6.17144775390625 -11.527732849121094 6.199999809265137
    endloop
  endfacet
  facet normal 0 0 -1
    outer loop
      vertex 6.162891387939453 -11.544526100158691 6.199999809265137
      vertex 6.162891387939453 -11.255473136901855 6.199999809265137
      vertex 6.17144775390625 -11.272265434265137 6.199999809265137
    endloop
  endfacet
  facet normal 0 0 -1
    outer loop
      vertex 6.153298377990723 -11.560747146606445 6.199999809265137
      vertex 6.162891387939453 -11.255473136901855 6.199999809265137
      vertex 6.162891387939453 -11.544526100158691 6.199999809265137
    endloop
  endfacet
  facet normal 0 0 -1
    outer loop
      vertex 6.153298377990723 -11.560747146606445 6.199999809265137
      vertex 6.153298377990723 -11.239251136779785 6.199999809265137
      vertex 6.162891387939453 -11.255473136901855 6.199999809265137
    endloop
  endfacet
  facet normal 0 0 -1
    outer loop
      vertex 6.142704963684082 -11.576334953308105 6.199999809265137
      vertex 6.153298377990723 -11.239251136779785 6.199999809265137
      vertex 6.153298377990723 -11.560747146606445 6.199999809265137
    endloop
  endfacet
  facet normal 0 0 -1
    outer loop
      vertex 6.142704963684082 -11.576334953308105 6.199999809265137
      vertex 6.142704963684082 -11.223664283752441 6.199999809265137
      vertex 6.153298377990723 -11.239251136779785 6.199999809265137
    endloop
  endfacet
  facet normal 0 0 -1
    outer loop
      vertex 6.131153106689453 -11.591226577758789 6.199999809265137
      vertex 6.142704963684082 -11.223664283752441 6.199999809265137
      vertex 6.142704963684082 -11.576334953308105 6.199999809265137
    endloop
  endfacet
  facet normal 0 0 -1
    outer loop
      vertex 6.131153106689453 -11.591226577758789 6.199999809265137
      vertex 6.131153106689453 -11.208772659301758 6.199999809265137
      vertex 6.142704963684082 -11.223664283752441 6.199999809265137
    endloop
  endfacet
  facet normal 0 0 -1
    outer loop
      vertex 6.118690490722656 -11.605363845825195 6.199999809265137
      vertex 6.131153106689453 -11.208772659301758 6.199999809265137
      vertex 6.131153106689453 -11.591226577758789 6.199999809265137
    endloop
  endfacet
  facet normal 0 0 -1
    outer loop
      vertex 6.118690490722656 -11.605363845825195 6.199999809265137
      vertex 6.118690490722656 -11.194635391235352 6.199999809265137
      vertex 6.131153106689453 -11.208772659301758 6.199999809265137
    endloop
  endfacet
  facet normal 0 0 -1
    outer loop
      vertex 6.105363845825195 -11.618690490722656 6.199999809265137
      vertex 6.118690490722656 -11.194635391235352 6.199999809265137
      vertex 6.118690490722656 -11.605363845825195 6.199999809265137
    endloop
  endfacet
  facet normal 0 0 -1
    outer loop
      vertex 6.105363845825195 -11.618690490722656 6.199999809265137
      vertex 6.105363845825195 -11.18130874633789 6.199999809265137
      vertex 6.118690490722656 -11.194635391235352 6.199999809265137
    endloop
  endfacet
  facet normal 0 0 -1
    outer loop
      vertex 6.091226577758789 -11.631153106689453 6.199999809265137
      vertex 6.105363845825195 -11.18130874633789 6.199999809265137
      vertex 6.105363845825195 -11.618690490722656 6.199999809265137
    endloop
  endfacet
  facet normal 0 0 -1
    outer loop
      vertex 6.091226577758789 -11.631153106689453 6.199999809265137
      vertex 6.091226577758789 -11.168845176696777 6.199999809265137
      vertex 6.105363845825195 -11.18130874633789 6.199999809265137
    endloop
  endfacet
  facet normal 0 0 -1
    outer loop
      vertex 6.0763349533081055 -11.642704963684082 6.199999809265137
      vertex 6.091226577758789 -11.168845176696777 6.199999809265137
      vertex 6.091226577758789 -11.631153106689453 6.199999809265137
    endloop
  endfacet
  facet normal 0 0 -1
    outer loop
      vertex 6.0763349533081055 -11.642704963684082 6.199999809265137
      vertex 6.0763349533081055 -11.157294273376465 6.199999809265137
      vertex 6.091226577758789 -11.168845176696777 6.199999809265137
    endloop
  endfacet
  facet normal 0 0 -1
    outer loop
      vertex 6.060747146606445 -11.653298377990723 6.199999809265137
      vertex 6.0763349533081055 -11.157294273376465 6.199999809265137
      vertex 6.0763349533081055 -11.642704963684082 6.199999809265137
    endloop
  endfacet
  facet normal 0 0 -1
    outer loop
      vertex 6.060747146606445 -11.653298377990723 6.199999809265137
      vertex 6.060747146606445 -11.146700859069824 6.199999809265137
      vertex 6.0763349533081055 -11.157294273376465 6.199999809265137
    endloop
  endfacet
  facet normal 0 0 -1
    outer loop
      vertex 6.044526100158691 -11.662891387939453 6.199999809265137
      vertex 6.060747146606445 -11.146700859069824 6.199999809265137
      vertex 6.060747146606445 -11.653298377990723 6.199999809265137
    endloop
  endfacet
  facet normal 0 0 -1
    outer loop
      vertex 6.044526100158691 -11.662891387939453 6.199999809265137
      vertex 6.044526100158691 -11.137107849121094 6.199999809265137
      vertex 6.060747146606445 -11.146700859069824 6.199999809265137
    endloop
  endfacet
  facet normal 0 0 -1
    outer loop
      vertex 6.027732849121094 -11.67144775390625 6.199999809265137
      vertex 6.044526100158691 -11.137107849121094 6.199999809265137
      vertex 6.044526100158691 -11.662891387939453 6.199999809265137
    endloop
  endfacet
  facet normal 0 0 -1
    outer loop
      vertex 6.027732849121094 -11.67144775390625 6.199999809265137
      vertex 6.027732849121094 -11.128551483154297 6.199999809265137
      vertex 6.044526100158691 -11.137107849121094 6.199999809265137
    endloop
  endfacet
  facet normal 0 0 -1
    outer loop
      vertex 6.01043701171875 -11.678932189941406 6.199999809265137
      vertex 6.027732849121094 -11.128551483154297 6.199999809265137
      vertex 6.027732849121094 -11.67144775390625 6.199999809265137
    endloop
  endfacet
  facet normal 0 0 -1
    outer loop
      vertex 6.01043701171875 -11.678932189941406 6.199999809265137
      vertex 6.01043701171875 -11.12106704711914 6.199999809265137
      vertex 6.027732849121094 -11.128551483154297 6.199999809265137
    endloop
  endfacet
  facet normal 0 0 -1
    outer loop
      vertex 5.992704391479492 -11.68531608581543 6.199999809265137
      vertex 6.01043701171875 -11.12106704711914 6.199999809265137
      vertex 6.01043701171875 -11.678932189941406 6.199999809265137
    endloop
  endfacet
  facet normal 0 0 -1
    outer loop
      vertex 5.992704391479492 -11.68531608581543 6.199999809265137
      vertex 5.992704391479492 -11.1146821975708 6.199999809265137
      vertex 6.01043701171875 -11.12106704711914 6.199999809265137
    endloop
  endfacet
  facet normal 0 0 -1
    outer loop
      vertex 5.974606513977051 -11.690574645996094 6.199999809265137
      vertex 5.992704391479492 -11.1146821975708 6.199999809265137
      vertex 5.992704391479492 -11.68531608581543 6.199999809265137
    endloop
  endfacet
  facet normal 0 0 -1
    outer loop
      vertex 5.974606513977051 -11.690574645996094 6.199999809265137
      vertex 5.974606513977051 -11.109424591064453 6.199999809265137
      vertex 5.992704391479492 -11.1146821975708 6.199999809265137
    endloop
  endfacet
  facet normal 0 0 -1
    outer loop
      vertex 5.95621395111084 -11.694685935974121 6.199999809265137
      vertex 5.974606513977051 -11.109424591064453 6.199999809265137
      vertex 5.974606513977051 -11.690574645996094 6.199999809265137
    endloop
  endfacet
  facet normal 0 0 -1
    outer loop
      vertex 5.95621395111084 -11.694685935974121 6.199999809265137
      vertex 5.95621395111084 -11.105313301086426 6.199999809265137
      vertex 5.974606513977051 -11.109424591064453 6.199999809265137
    endloop
  endfacet
  facet normal 0 0 -1
    outer loop
      vertex 5.937599182128906 -11.697633743286133 6.199999809265137
      vertex 5.95621395111084 -11.105313301086426 6.199999809265137
      vertex 5.95621395111084 -11.694685935974121 6.199999809265137
    endloop
  endfacet
  facet normal 0 0 -1
    outer loop
      vertex 5.937599182128906 -11.697633743286133 6.199999809265137
      vertex 5.937599182128906 -11.102365493774414 6.199999809265137
      vertex 5.95621395111084 -11.105313301086426 6.199999809265137
    endloop
  endfacet
  facet normal 0 0 -1
    outer loop
      vertex 5.91883659362793 -11.699407577514648 6.199999809265137
      vertex 5.937599182128906 -11.102365493774414 6.199999809265137
      vertex 5.937599182128906 -11.697633743286133 6.199999809265137
    endloop
  endfacet
  facet normal 0 0 -1
    outer loop
      vertex 5.91883659362793 -11.699407577514648 6.199999809265137
      vertex 5.91883659362793 -11.100591659545898 6.199999809265137
      vertex 5.937599182128906 -11.102365493774414 6.199999809265137
    endloop
  endfacet
  facet normal 0 0 -1
    outer loop
      vertex 5.899999618530273 -11.699999809265137 6.199999809265137
      vertex 5.91883659362793 -11.100591659545898 6.199999809265137
      vertex 5.91883659362793 -11.699407577514648 6.199999809265137
    endloop
  endfacet
  facet normal 0 0 -1
    outer loop
      vertex 5.899999618530273 -11.699999809265137 6.199999809265137
      vertex 5.899999618530273 -11.09999942779541 6.199999809265137
      vertex 5.91883659362793 -11.100591659545898 6.199999809265137
    endloop
  endfacet
  facet normal 0 0 -1
    outer loop
      vertex -5.899999618530273 -11.699999809265137 6.199999809265137
      vertex 5.899999618530273 -11.09999942779541 6.199999809265137
      vertex 5.899999618530273 -11.699999809265137 6.199999809265137
    endloop
  endfacet
  facet normal 0 0 -1
    outer loop
      vertex -5.899999618530273 -11.699999809265137 6.199999809265137
      vertex -5.899999618530273 -11.09999942779541 6.199999809265137
      vertex 5.899999618530273 -11.09999942779541 6.199999809265137
    endloop
  endfacet
  facet normal 0 0 -1
    outer loop
      vertex -5.91883659362793 -11.699407577514648 6.199999809265137
      vertex -5.899999618530273 -11.09999942779541 6.199999809265137
      vertex -5.899999618530273 -11.699999809265137 6.199999809265137
    endloop
  endfacet
  facet normal 0 0 -1
    outer loop
      vertex -5.91883659362793 -11.699407577514648 6.199999809265137
      vertex -5.91883659362793 -11.100591659545898 6.199999809265137
      vertex -5.899999618530273 -11.09999942779541 6.199999809265137
    endloop
  endfacet
  facet normal 0 0 -1
    outer loop
      vertex -5.937599182128906 -11.697633743286133 6.199999809265137
      vertex -5.91883659362793 -11.100591659545898 6.199999809265137
      vertex -5.91883659362793 -11.699407577514648 6.199999809265137
    endloop
  endfacet
  facet normal 0 0 -1
    outer loop
      vertex -5.937599182128906 -11.697633743286133 6.199999809265137
      vertex -5.937599182128906 -11.102365493774414 6.199999809265137
      vertex -5.91883659362793 -11.100591659545898 6.199999809265137
    endloop
  endfacet
  facet normal 0 0 -1
    outer loop
      vertex -5.95621395111084 -11.694685935974121 6.199999809265137
      vertex -5.937599182128906 -11.102365493774414 6.199999809265137
      vertex -5.937599182128906 -11.697633743286133 6.199999809265137
    endloop
  endfacet
  facet normal 0 0 -1
    outer loop
      vertex -5.95621395111084 -11.694685935974121 6.199999809265137
      vertex -5.95621395111084 -11.105313301086426 6.199999809265137
      vertex -5.937599182128906 -11.102365493774414 6.199999809265137
    endloop
  endfacet
  facet normal 0 0 -1
    outer loop
      vertex -5.974606513977051 -11.690574645996094 6.199999809265137
      vertex -5.95621395111084 -11.105313301086426 6.199999809265137
      vertex -5.95621395111084 -11.694685935974121 6.199999809265137
    endloop
  endfacet
  facet normal 0 0 -1
    outer loop
      vertex -5.974606513977051 -11.690574645996094 6.199999809265137
      vertex -5.974606513977051 -11.109424591064453 6.199999809265137
      vertex -5.95621395111084 -11.105313301086426 6.199999809265137
    endloop
  endfacet
  facet normal 0 0 -1
    outer loop
      vertex -5.992704391479492 -11.68531608581543 6.199999809265137
      vertex -5.974606513977051 -11.109424591064453 6.199999809265137
      vertex -5.974606513977051 -11.690574645996094 6.199999809265137
    endloop
  endfacet
  facet normal 0 0 -1
    outer loop
      vertex -5.992704391479492 -11.68531608581543 6.199999809265137
      vertex -5.992704391479492 -11.1146821975708 6.199999809265137
      vertex -5.974606513977051 -11.109424591064453 6.199999809265137
    endloop
  endfacet
  facet normal 0 0 -1
    outer loop
      vertex -6.01043701171875 -11.678932189941406 6.199999809265137
      vertex -5.992704391479492 -11.1146821975708 6.199999809265137
      vertex -5.992704391479492 -11.68531608581543 6.199999809265137
    endloop
  endfacet
  facet normal 0 0 -1
    outer loop
      vertex -6.01043701171875 -11.678932189941406 6.199999809265137
      vertex -6.01043701171875 -11.12106704711914 6.199999809265137
      vertex -5.992704391479492 -11.1146821975708 6.199999809265137
    endloop
  endfacet
  facet normal 0 0 -1
    outer loop
      vertex -6.027732849121094 -11.67144775390625 6.199999809265137
      vertex -6.01043701171875 -11.12106704711914 6.199999809265137
      vertex -6.01043701171875 -11.678932189941406 6.199999809265137
    endloop
  endfacet
  facet normal 0 0 -1
    outer loop
      vertex -6.027732849121094 -11.67144775390625 6.199999809265137
      vertex -6.027732849121094 -11.128551483154297 6.199999809265137
      vertex -6.01043701171875 -11.12106704711914 6.199999809265137
    endloop
  endfacet
  facet normal 0 0 -1
    outer loop
      vertex -6.044526100158691 -11.662891387939453 6.199999809265137
      vertex -6.027732849121094 -11.128551483154297 6.199999809265137
      vertex -6.027732849121094 -11.67144775390625 6.199999809265137
    endloop
  endfacet
  facet normal 0 0 -1
    outer loop
      vertex -6.044526100158691 -11.662891387939453 6.199999809265137
      vertex -6.044526100158691 -11.137107849121094 6.199999809265137
      vertex -6.027732849121094 -11.128551483154297 6.199999809265137
    endloop
  endfacet
  facet normal 0 0 -1
    outer loop
      vertex -6.060747146606445 -11.653298377990723 6.199999809265137
      vertex -6.044526100158691 -11.137107849121094 6.199999809265137
      vertex -6.044526100158691 -11.662891387939453 6.199999809265137
    endloop
  endfacet
  facet normal 0 0 -1
    outer loop
      vertex -6.060747146606445 -11.653298377990723 6.199999809265137
      vertex -6.060747146606445 -11.146700859069824 6.199999809265137
      vertex -6.044526100158691 -11.137107849121094 6.199999809265137
    endloop
  endfacet
  facet normal 0 0 -1
    outer loop
      vertex -6.0763349533081055 -11.642704963684082 6.199999809265137
      vertex -6.060747146606445 -11.146700859069824 6.199999809265137
      vertex -6.060747146606445 -11.653298377990723 6.199999809265137
    endloop
  endfacet
  facet normal 0 0 -1
    outer loop
      vertex -6.0763349533081055 -11.642704963684082 6.199999809265137
      vertex -6.0763349533081055 -11.157294273376465 6.199999809265137
      vertex -6.060747146606445 -11.146700859069824 6.199999809265137
    endloop
  endfacet
  facet normal 0 0 -1
    outer loop
      vertex -6.091226577758789 -11.631153106689453 6.199999809265137
      vertex -6.0763349533081055 -11.157294273376465 6.199999809265137
      vertex -6.0763349533081055 -11.642704963684082 6.199999809265137
    endloop
  endfacet
  facet normal 0 0 -1
    outer loop
      vertex -6.091226577758789 -11.631153106689453 6.199999809265137
      vertex -6.091226577758789 -11.168845176696777 6.199999809265137
      vertex -6.0763349533081055 -11.157294273376465 6.199999809265137
    endloop
  endfacet
  facet normal 0 0 -1
    outer loop
      vertex -6.105363845825195 -11.618690490722656 6.199999809265137
      vertex -6.091226577758789 -11.168845176696777 6.199999809265137
      vertex -6.091226577758789 -11.631153106689453 6.199999809265137
    endloop
  endfacet
  facet normal 0 0 -1
    outer loop
      vertex -6.105363845825195 -11.618690490722656 6.199999809265137
      vertex -6.105363845825195 -11.18130874633789 6.199999809265137
      vertex -6.091226577758789 -11.168845176696777 6.199999809265137
    endloop
  endfacet
  facet normal 0 0 -1
    outer loop
      vertex -6.118690490722656 -11.605363845825195 6.199999809265137
      vertex -6.105363845825195 -11.18130874633789 6.199999809265137
      vertex -6.105363845825195 -11.618690490722656 6.199999809265137
    endloop
  endfacet
  facet normal 0 0 -1
    outer loop
      vertex -6.118690490722656 -11.605363845825195 6.199999809265137
      vertex -6.118690490722656 -11.194635391235352 6.199999809265137
      vertex -6.105363845825195 -11.18130874633789 6.199999809265137
    endloop
  endfacet
  facet normal 0 0 -1
    outer loop
      vertex -6.131153106689453 -11.591226577758789 6.199999809265137
      vertex -6.118690490722656 -11.194635391235352 6.199999809265137
      vertex -6.118690490722656 -11.605363845825195 6.199999809265137
    endloop
  endfacet
  facet normal 0 0 -1
    outer loop
      vertex -6.131153106689453 -11.591226577758789 6.199999809265137
      vertex -6.131153106689453 -11.208772659301758 6.199999809265137
      vertex -6.118690490722656 -11.194635391235352 6.199999809265137
    endloop
  endfacet
  facet normal 0 0 -1
    outer loop
      vertex -6.142704963684082 -11.576334953308105 6.199999809265137
      vertex -6.131153106689453 -11.208772659301758 6.199999809265137
      vertex -6.131153106689453 -11.591226577758789 6.199999809265137
    endloop
  endfacet
  facet normal 0 0 -1
    outer loop
      vertex -6.142704963684082 -11.576334953308105 6.199999809265137
      vertex -6.142704963684082 -11.223664283752441 6.199999809265137
      vertex -6.131153106689453 -11.208772659301758 6.199999809265137
    endloop
  endfacet
  facet normal 0 0 -1
    outer loop
      vertex -6.153298377990723 -11.560747146606445 6.199999809265137
      vertex -6.142704963684082 -11.223664283752441 6.199999809265137
      vertex -6.142704963684082 -11.576334953308105 6.199999809265137
    endloop
  endfacet
  facet normal 0 0 -1
    outer loop
      vertex -6.153298377990723 -11.560747146606445 6.199999809265137
      vertex -6.153298377990723 -11.239251136779785 6.199999809265137
      vertex -6.142704963684082 -11.223664283752441 6.199999809265137
    endloop
  endfacet
  facet normal 0 0 -1
    outer loop
      vertex -6.162891387939453 -11.544526100158691 6.199999809265137
      vertex -6.153298377990723 -11.239251136779785 6.199999809265137
      vertex -6.153298377990723 -11.560747146606445 6.199999809265137
    endloop
  endfacet
  facet normal 0 0 -1
    outer loop
      vertex -6.162891387939453 -11.544526100158691 6.199999809265137
      vertex -6.162891387939453 -11.255473136901855 6.199999809265137
      vertex -6.153298377990723 -11.239251136779785 6.199999809265137
    endloop
  endfacet
  facet normal 0 0 -1
    outer loop
      vertex -6.17144775390625 -11.527732849121094 6.199999809265137
      vertex -6.162891387939453 -11.255473136901855 6.199999809265137
      vertex -6.162891387939453 -11.544526100158691 6.199999809265137
    endloop
  endfacet
  facet normal 0 0 -1
    outer loop
      vertex -6.17144775390625 -11.527732849121094 6.199999809265137
      vertex -6.17144775390625 -11.272265434265137 6.199999809265137
      vertex -6.162891387939453 -11.255473136901855 6.199999809265137
    endloop
  endfacet
  facet normal 0 0 -1
    outer loop
      vertex -6.178932189941406 -11.51043701171875 6.199999809265137
      vertex -6.17144775390625 -11.272265434265137 6.199999809265137
      vertex -6.17144775390625 -11.527732849121094 6.199999809265137
    endloop
  endfacet
  facet normal 0 0 -1
    outer loop
      vertex -6.178932189941406 -11.51043701171875 6.199999809265137
      vertex -6.178932189941406 -11.289562225341797 6.199999809265137
      vertex -6.17144775390625 -11.272265434265137 6.199999809265137
    endloop
  endfacet
  facet normal 0 0 -1
    outer loop
      vertex -6.18531608581543 -11.492704391479492 6.199999809265137
      vertex -6.178932189941406 -11.289562225341797 6.199999809265137
      vertex -6.178932189941406 -11.51043701171875 6.199999809265137
    endloop
  endfacet
  facet normal 0 0 -1
    outer loop
      vertex -6.18531608581543 -11.492704391479492 6.199999809265137
      vertex -6.18531608581543 -11.307294845581055 6.199999809265137
      vertex -6.178932189941406 -11.289562225341797 6.199999809265137
    endloop
  endfacet
  facet normal 0 0 -1
    outer loop
      vertex -6.190574645996094 -11.47460651397705 6.199999809265137
      vertex -6.18531608581543 -11.307294845581055 6.199999809265137
      vertex -6.18531608581543 -11.492704391479492 6.199999809265137
    endloop
  endfacet
  facet normal 0 0 -1
    outer loop
      vertex -6.190574645996094 -11.47460651397705 6.199999809265137
      vertex -6.190574645996094 -11.325392723083496 6.199999809265137
      vertex -6.18531608581543 -11.307294845581055 6.199999809265137
    endloop
  endfacet
  facet normal 0 0 -1
    outer loop
      vertex -6.194685935974121 -11.45621395111084 6.199999809265137
      vertex -6.190574645996094 -11.325392723083496 6.199999809265137
      vertex -6.190574645996094 -11.47460651397705 6.199999809265137
    endloop
  endfacet
  facet normal 0 0 -1
    outer loop
      vertex -6.194685935974121 -11.45621395111084 6.199999809265137
      vertex -6.194685935974121 -11.343785285949707 6.199999809265137
      vertex -6.190574645996094 -11.325392723083496 6.199999809265137
    endloop
  endfacet
  facet normal 0 0 -1
    outer loop
      vertex -6.197633743286133 -11.437599182128906 6.199999809265137
      vertex -6.194685935974121 -11.343785285949707 6.199999809265137
      vertex -6.194685935974121 -11.45621395111084 6.199999809265137
    endloop
  endfacet
  facet normal 0 0 -1
    outer loop
      vertex -6.197633743286133 -11.437599182128906 6.199999809265137
      vertex -6.197633743286133 -11.362399101257324 6.199999809265137
      vertex -6.194685935974121 -11.343785285949707 6.199999809265137
    endloop
  endfacet
  facet normal 0 0 -1
    outer loop
      vertex -6.199407577514648 -11.41883659362793 6.199999809265137
      vertex -6.197633743286133 -11.362399101257324 6.199999809265137
      vertex -6.197633743286133 -11.437599182128906 6.199999809265137
    endloop
  endfacet
  facet normal 0 0 -1
    outer loop
      vertex -6.199407577514648 -11.41883659362793 6.199999809265137
      vertex -6.199407577514648 -11.381162643432617 6.199999809265137
      vertex -6.197633743286133 -11.362399101257324 6.199999809265137
    endloop
  endfacet
  facet normal 0 0 -1
    outer loop
      vertex -6.199407577514648 -11.381162643432617 6.199999809265137
      vertex -6.199407577514648 -11.41883659362793 6.199999809265137
      vertex -6.199999809265137 -11.399999618530273 6.199999809265137
    endloop
  endfacet
  facet normal 0.9177573557291627 0.3971415818131048 0
    outer loop
      vertex -6.17144775390625 -11.527732849121094 6.199999809265137
      vertex -6.178932189941406 -11.51043701171875 0
      vertex -6.178932189941406 -11.51043701171875 6.199999809265137
    endloop
  endfacet
  facet normal 0.9177573557291627 0.3971415818131048 0
    outer loop
      vertex -6.178932189941406 -11.51043701171875 0
      vertex -6.17144775390625 -11.527732849121094 6.199999809265137
      vertex -6.17144775390625 -11.527732849121094 0
    endloop
  endfacet
  facet normal -0.21814653069828524 0.9759160266868775 0
    outer loop
      vertex 5.974606513977051 -11.690574645996094 0
      vertex 5.95621395111084 -11.694685935974121 6.199999809265137
      vertex 5.974606513977051 -11.690574645996094 6.199999809265137
    endloop
  endfacet
  facet normal -0.21814653069828524 0.9759160266868775 0
    outer loop
      vertex 5.95621395111084 -11.694685935974121 6.199999809265137
      vertex 5.974606513977051 -11.690574645996094 0
      vertex 5.95621395111084 -11.694685935974121 0
    endloop
  endfacet
  facet normal -0.09412132591765665 -0.9955607344645038 0
    outer loop
      vertex 5.91883659362793 -11.100591659545898 0
      vertex 5.937599182128906 -11.102365493774414 6.199999809265137
      vertex 5.91883659362793 -11.100591659545898 6.199999809265137
    endloop
  endfacet
  facet normal -0.09412132591765665 -0.9955607344645038 0
    outer loop
      vertex 5.937599182128906 -11.102365493774414 6.199999809265137
      vertex 5.91883659362793 -11.100591659545898 0
      vertex 5.937599182128906 -11.102365493774414 0
    endloop
  endfacet
  facet normal -0.8607441236376202 0.5090378705197731 0
    outer loop
      vertex 6.153298377990723 -11.560747146606445 0
      vertex 6.162891387939453 -11.544526100158691 6.199999809265137
      vertex 6.162891387939453 -11.544526100158691 0
    endloop
  endfacet
  facet normal -0.8607441236376202 0.5090378705197731 0
    outer loop
      vertex 6.162891387939453 -11.544526100158691 6.199999809265137
      vertex 6.153298377990723 -11.560747146606445 0
      vertex 6.153298377990723 -11.560747146606445 6.199999809265137
    endloop
  endfacet
  facet normal -0.9759160266868775 -0.21814653069828524 0
    outer loop
      vertex 6.194685935974121 -11.343785285949707 0
      vertex 6.190574645996094 -11.325392723083496 6.199999809265137
      vertex 6.190574645996094 -11.325392723083496 0
    endloop
  endfacet
  facet normal -0.9759160266868775 -0.21814653069828524 0
    outer loop
      vertex 6.190574645996094 -11.325392723083496 6.199999809265137
      vertex 6.194685935974121 -11.343785285949707 0
      vertex 6.194685935974121 -11.343785285949707 6.199999809265137
    endloop
  endfacet
  facet normal -0.7901362790005535 -0.6129312038125971 0
    outer loop
      vertex 6.142704963684082 -11.223664283752441 0
      vertex 6.131153106689453 -11.208772659301758 6.199999809265137
      vertex 6.131153106689453 -11.208772659301758 0
    endloop
  endfacet
  facet normal -0.7901362790005535 -0.6129312038125971 0
    outer loop
      vertex 6.131153106689453 -11.208772659301758 6.199999809265137
      vertex 6.142704963684082 -11.223664283752441 0
      vertex 6.142704963684082 -11.223664283752441 6.199999809265137
    endloop
  endfacet
  facet normal 0.8270657750990595 -0.5621051535609614 0
    outer loop
      vertex -6.153298377990723 -11.239251136779785 6.199999809265137
      vertex -6.142704963684082 -11.223664283752441 0
      vertex -6.142704963684082 -11.223664283752441 6.199999809265137
    endloop
  endfacet
  facet normal 0.8270657750990595 -0.5621051535609614 0
    outer loop
      vertex -6.142704963684082 -11.223664283752441 0
      vertex -6.153298377990723 -11.239251136779785 6.199999809265137
      vertex -6.153298377990723 -11.239251136779785 0
    endloop
  endfacet
  facet normal -0.3971415818131048 -0.9177573557291627 0
    outer loop
      vertex 6.01043701171875 -11.12106704711914 0
      vertex 6.027732849121094 -11.128551483154297 6.199999809265137
      vertex 6.01043701171875 -11.12106704711914 6.199999809265137
    endloop
  endfacet
  facet normal -0.3971415818131048 -0.9177573557291627 0
    outer loop
      vertex 6.027732849121094 -11.128551483154297 6.199999809265137
      vertex 6.01043701171875 -11.12106704711914 0
      vertex 6.027732849121094 -11.128551483154297 0
    endloop
  endfacet
  facet normal -0.9602845769652638 0.2790224565203385 0
    outer loop
      vertex 6.18531608581543 -11.492704391479492 0
      vertex 6.190574645996094 -11.47460651397705 6.199999809265137
      vertex 6.190574645996094 -11.47460651397705 0
    endloop
  endfacet
  facet normal -0.9602845769652638 0.2790224565203385 0
    outer loop
      vertex 6.190574645996094 -11.47460651397705 6.199999809265137
      vertex 6.18531608581543 -11.492704391479492 0
      vertex 6.18531608581543 -11.492704391479492 6.199999809265137
    endloop
  endfacet
  facet normal -0.9955607344645038 0.09412132591765665 0
    outer loop
      vertex 6.197633743286133 -11.437599182128906 0
      vertex 6.199407577514648 -11.41883659362793 6.199999809265137
      vertex 6.199407577514648 -11.41883659362793 0
    endloop
  endfacet
  facet normal -0.9955607344645038 0.09412132591765665 0
    outer loop
      vertex 6.199407577514648 -11.41883659362793 6.199999809265137
      vertex 6.197633743286133 -11.437599182128906 0
      vertex 6.197633743286133 -11.437599182128906 6.199999809265137
    endloop
  endfacet
  facet normal -0.9177653365366644 -0.39712313839883895 0
    outer loop
      vertex 6.178932189941406 -11.289562225341797 0
      vertex 6.17144775390625 -11.272265434265137 6.199999809265137
      vertex 6.17144775390625 -11.272265434265137 0
    endloop
  endfacet
  facet normal -0.9177653365366644 -0.39712313839883895 0
    outer loop
      vertex 6.17144775390625 -11.272265434265137 6.199999809265137
      vertex 6.178932189941406 -11.289562225341797 0
      vertex 6.178932189941406 -11.289562225341797 6.199999809265137
    endloop
  endfacet
  facet normal -0.3387266356183068 0.9408848315934861 0
    outer loop
      vertex 6.01043701171875 -11.678932189941406 0
      vertex 5.992704391479492 -11.68531608581543 6.199999809265137
      vertex 6.01043701171875 -11.678932189941406 6.199999809265137
    endloop
  endfacet
  facet normal -0.3387266356183068 0.9408848315934861 0
    outer loop
      vertex 5.992704391479492 -11.68531608581543 6.199999809265137
      vertex 6.01043701171875 -11.678932189941406 0
      vertex 5.992704391479492 -11.68531608581543 0
    endloop
  endfacet
  facet normal 0.5090378705197731 0.8607441236376202 0
    outer loop
      vertex -6.044526100158691 -11.662891387939453 0
      vertex -6.060747146606445 -11.653298377990723 6.199999809265137
      vertex -6.044526100158691 -11.662891387939453 6.199999809265137
    endloop
  endfacet
  facet normal 0.5090378705197731 0.8607441236376202 0
    outer loop
      vertex -6.060747146606445 -11.653298377990723 6.199999809265137
      vertex -6.044526100158691 -11.662891387939453 0
      vertex -6.060747146606445 -11.653298377990723 0
    endloop
  endfacet
  facet normal 0.8910008770345683 -0.45400158273251634 0
    outer loop
      vertex -6.17144775390625 -11.272265434265137 6.199999809265137
      vertex -6.162891387939453 -11.255473136901855 0
      vertex -6.162891387939453 -11.255473136901855 6.199999809265137
    endloop
  endfacet
  facet normal 0.8910008770345683 -0.45400158273251634 0
    outer loop
      vertex -6.162891387939453 -11.255473136901855 0
      vertex -6.17144775390625 -11.272265434265137 6.199999809265137
      vertex -6.17144775390625 -11.272265434265137 0
    endloop
  endfacet
  facet normal -0.6129312038125971 0.7901362790005535 0
    outer loop
      vertex 6.091226577758789 -11.631153106689453 0
      vertex 6.0763349533081055 -11.642704963684082 6.199999809265137
      vertex 6.091226577758789 -11.631153106689453 6.199999809265137
    endloop
  endfacet
  facet normal -0.6129312038125971 0.7901362790005535 0
    outer loop
      vertex 6.0763349533081055 -11.642704963684082 6.199999809265137
      vertex 6.091226577758789 -11.631153106689453 0
      vertex 6.0763349533081055 -11.642704963684082 0
    endloop
  endfacet
  facet normal -0.9408848315934861 -0.3387266356183068 0
    outer loop
      vertex 6.18531608581543 -11.307294845581055 0
      vertex 6.178932189941406 -11.289562225341797 6.199999809265137
      vertex 6.178932189941406 -11.289562225341797 0
    endloop
  endfacet
  facet normal -0.9408848315934861 -0.3387266356183068 0
    outer loop
      vertex 6.178932189941406 -11.289562225341797 6.199999809265137
      vertex 6.18531608581543 -11.307294845581055 0
      vertex 6.18531608581543 -11.307294845581055 6.199999809265137
    endloop
  endfacet
  facet normal 0.7501390329139643 -0.6612801458526502 0
    outer loop
      vertex -6.131153106689453 -11.208772659301758 6.199999809265137
      vertex -6.118690490722656 -11.194635391235352 0
      vertex -6.118690490722656 -11.194635391235352 6.199999809265137
    endloop
  endfacet
  facet normal 0.7501390329139643 -0.6612801458526502 0
    outer loop
      vertex -6.118690490722656 -11.194635391235352 0
      vertex -6.131153106689453 -11.208772659301758 6.199999809265137
      vertex -6.131153106689453 -11.208772659301758 0
    endloop
  endfacet
  facet normal 0.9876922955223569 0.15640949256927125 0
    outer loop
      vertex -6.194685935974121 -11.45621395111084 6.199999809265137
      vertex -6.197633743286133 -11.437599182128906 0
      vertex -6.197633743286133 -11.437599182128906 6.199999809265137
    endloop
  endfacet
  facet normal 0.9876922955223569 0.15640949256927125 0
    outer loop
      vertex -6.197633743286133 -11.437599182128906 0
      vertex -6.194685935974121 -11.45621395111084 6.199999809265137
      vertex -6.194685935974121 -11.45621395111084 0
    endloop
  endfacet
  facet normal -0.45398111420685777 0.8910113062938652 0
    outer loop
      vertex 6.044526100158691 -11.662891387939453 0
      vertex 6.027732849121094 -11.67144775390625 6.199999809265137
      vertex 6.044526100158691 -11.662891387939453 6.199999809265137
    endloop
  endfacet
  facet normal -0.45398111420685777 0.8910113062938652 0
    outer loop
      vertex 6.027732849121094 -11.67144775390625 6.199999809265137
      vertex 6.044526100158691 -11.662891387939453 0
      vertex 6.027732849121094 -11.67144775390625 0
    endloop
  endfacet
  facet normal 0.7901362790005535 0.6129312038125971 0
    outer loop
      vertex -6.131153106689453 -11.591226577758789 6.199999809265137
      vertex -6.142704963684082 -11.576334953308105 0
      vertex -6.142704963684082 -11.576334953308105 6.199999809265137
    endloop
  endfacet
  facet normal 0.7901362790005535 0.6129312038125971 0
    outer loop
      vertex -6.142704963684082 -11.576334953308105 0
      vertex -6.131153106689453 -11.591226577758789 6.199999809265137
      vertex -6.131153106689453 -11.591226577758789 0
    endloop
  endfacet
  facet normal -0.33877143019208855 -0.9408687039569372 0
    outer loop
      vertex 5.992704391479492 -11.1146821975708 0
      vertex 6.01043701171875 -11.12106704711914 6.199999809265137
      vertex 5.992704391479492 -11.1146821975708 6.199999809265137
    endloop
  endfacet
  facet normal -0.33877143019208855 -0.9408687039569372 0
    outer loop
      vertex 6.01043701171875 -11.12106704711914 6.199999809265137
      vertex 5.992704391479492 -11.1146821975708 0
      vertex 6.01043701171875 -11.12106704711914 0
    endloop
  endfacet
  facet normal 0.8607441236376202 0.5090378705197731 0
    outer loop
      vertex -6.153298377990723 -11.560747146606445 6.199999809265137
      vertex -6.162891387939453 -11.544526100158691 0
      vertex -6.162891387939453 -11.544526100158691 6.199999809265137
    endloop
  endfacet
  facet normal 0.8607441236376202 0.5090378705197731 0
    outer loop
      vertex -6.162891387939453 -11.544526100158691 0
      vertex -6.153298377990723 -11.560747146606445 6.199999809265137
      vertex -6.153298377990723 -11.560747146606445 0
    endloop
  endfacet
  facet normal 0.9995061338808694 -0.03142432711320473 0
    outer loop
      vertex -6.199999809265137 -11.399999618530273 6.199999809265137
      vertex -6.199407577514648 -11.381162643432617 0
      vertex -6.199407577514648 -11.381162643432617 6.199999809265137
    endloop
  endfacet
  facet normal 0.9995061338808694 -0.03142432711320473 0
    outer loop
      vertex -6.199407577514648 -11.381162643432617 0
      vertex -6.199999809265137 -11.399999618530273 6.199999809265137
      vertex -6.199999809265137 -11.399999618530273 0
    endloop
  endfacet
  facet normal 0.2790224565203385 0.9602845769652638 0
    outer loop
      vertex -5.974606513977051 -11.690574645996094 0
      vertex -5.992704391479492 -11.68531608581543 6.199999809265137
      vertex -5.974606513977051 -11.690574645996094 6.199999809265137
    endloop
  endfacet
  facet normal 0.2790224565203385 0.9602845769652638 0
    outer loop
      vertex -5.992704391479492 -11.68531608581543 6.199999809265137
      vertex -5.974606513977051 -11.690574645996094 0
      vertex -5.992704391479492 -11.68531608581543 0
    endloop
  endfacet
  facet normal -0.9995061338808694 -0.03142432711320473 0
    outer loop
      vertex 6.199999809265137 -11.399999618530273 0
      vertex 6.199407577514648 -11.381162643432617 6.199999809265137
      vertex 6.199407577514648 -11.381162643432617 0
    endloop
  endfacet
  facet normal -0.9995061338808694 -0.03142432711320473 0
    outer loop
      vertex 6.199407577514648 -11.381162643432617 6.199999809265137
      vertex 6.199999809265137 -11.399999618530273 0
      vertex 6.199999809265137 -11.399999618530273 6.199999809265137
    endloop
  endfacet
  facet normal -0.5090378705197731 0.8607441236376202 0
    outer loop
      vertex 6.060747146606445 -11.653298377990723 0
      vertex 6.044526100158691 -11.662891387939453 6.199999809265137
      vertex 6.060747146606445 -11.653298377990723 6.199999809265137
    endloop
  endfacet
  facet normal -0.5090378705197731 0.8607441236376202 0
    outer loop
      vertex 6.044526100158691 -11.662891387939453 6.199999809265137
      vertex 6.060747146606445 -11.653298377990723 0
      vertex 6.044526100158691 -11.662891387939453 0
    endloop
  endfacet
  facet normal -0.9876922955223569 0.15640949256927125 0
    outer loop
      vertex 6.194685935974121 -11.45621395111084 0
      vertex 6.197633743286133 -11.437599182128906 6.199999809265137
      vertex 6.197633743286133 -11.437599182128906 0
    endloop
  endfacet
  facet normal -0.9876922955223569 0.15640949256927125 0
    outer loop
      vertex 6.197633743286133 -11.437599182128906 6.199999809265137
      vertex 6.194685935974121 -11.45621395111084 0
      vertex 6.194685935974121 -11.45621395111084 6.199999809265137
    endloop
  endfacet
  facet normal 0.8270817629306938 0.5620816287937686 0
    outer loop
      vertex -6.142704963684082 -11.576334953308105 6.199999809265137
      vertex -6.153298377990723 -11.560747146606445 0
      vertex -6.153298377990723 -11.560747146606445 6.199999809265137
    endloop
  endfacet
  facet normal 0.8270817629306938 0.5620816287937686 0
    outer loop
      vertex -6.153298377990723 -11.560747146606445 0
      vertex -6.142704963684082 -11.576334953308105 6.199999809265137
      vertex -6.142704963684082 -11.576334953308105 0
    endloop
  endfacet
  facet normal -0.03142432711320473 0.9995061338808694 0
    outer loop
      vertex 5.91883659362793 -11.699407577514648 6.199999809265137
      vertex 5.899999618530273 -11.699999809265137 6
      vertex 5.899999618530273 -11.699999809265137 6.199999809265137
    endloop
  endfacet
  facet normal -0.03142432711320473 0.9995061338808693 0
    outer loop
      vertex 5.91883659362793 -11.699407577514648 6.199999809265137
      vertex 5.899999618530273 -11.699999809265137 5.59999942779541
      vertex 5.899999618530273 -11.699999809265137 6
    endloop
  endfacet
  facet normal -0.03142432711320473 0.9995061338808694 0
    outer loop
      vertex 5.91883659362793 -11.699407577514648 0
      vertex 5.899999618530273 -11.699999809265137 5.59999942779541
      vertex 5.91883659362793 -11.699407577514648 6.199999809265137
    endloop
  endfacet
  facet normal -0.03142432711320473 0.9995061338808694 0
    outer loop
      vertex 5.899999618530273 -11.699999809265137 5.59999942779541
      vertex 5.91883659362793 -11.699407577514648 0
      vertex 5.899999618530273 -11.699999809265137 0
    endloop
  endfacet
  facet normal -0.6613086191712378 -0.7501139314862981 0
    outer loop
      vertex 6.091226577758789 -11.168845176696777 0
      vertex 6.105363845825195 -11.18130874633789 6.199999809265137
      vertex 6.091226577758789 -11.168845176696777 6.199999809265137
    endloop
  endfacet
  facet normal -0.6613086191712378 -0.7501139314862981 0
    outer loop
      vertex 6.105363845825195 -11.18130874633789 6.199999809265137
      vertex 6.091226577758789 -11.168845176696777 0
      vertex 6.105363845825195 -11.18130874633789 0
    endloop
  endfacet
  facet normal 0.9177653365366644 -0.39712313839883895 0
    outer loop
      vertex -6.178932189941406 -11.289562225341797 6.199999809265137
      vertex -6.17144775390625 -11.272265434265137 0
      vertex -6.17144775390625 -11.272265434265137 6.199999809265137
    endloop
  endfacet
  facet normal 0.9177653365366644 -0.39712313839883895 0
    outer loop
      vertex -6.17144775390625 -11.272265434265137 0
      vertex -6.178932189941406 -11.289562225341797 6.199999809265137
      vertex -6.178932189941406 -11.289562225341797 0
    endloop
  endfacet
  facet normal -0.3971415818131048 0.9177573557291627 0
    outer loop
      vertex 6.027732849121094 -11.67144775390625 0
      vertex 6.01043701171875 -11.678932189941406 6.199999809265137
      vertex 6.027732849121094 -11.67144775390625 6.199999809265137
    endloop
  endfacet
  facet normal -0.3971415818131048 0.9177573557291627 0
    outer loop
      vertex 6.01043701171875 -11.678932189941406 6.199999809265137
      vertex 6.027732849121094 -11.67144775390625 0
      vertex 6.01043701171875 -11.678932189941406 0
    endloop
  endfacet
  facet normal 0.09412132591765665 -0.9955607344645038 0
    outer loop
      vertex -5.937599182128906 -11.102365493774414 0
      vertex -5.91883659362793 -11.100591659545898 6.199999809265137
      vertex -5.937599182128906 -11.102365493774414 6.199999809265137
    endloop
  endfacet
  facet normal 0.09412132591765665 -0.9955607344645038 0
    outer loop
      vertex -5.91883659362793 -11.100591659545898 6.199999809265137
      vertex -5.937599182128906 -11.102365493774414 0
      vertex -5.91883659362793 -11.100591659545898 0
    endloop
  endfacet
  facet normal -0.860757235581964 -0.5090156985725441 0
    outer loop
      vertex 6.162891387939453 -11.255473136901855 0
      vertex 6.153298377990723 -11.239251136779785 6.199999809265137
      vertex 6.153298377990723 -11.239251136779785 0
    endloop
  endfacet
  facet normal -0.860757235581964 -0.5090156985725441 0
    outer loop
      vertex 6.153298377990723 -11.239251136779785 6.199999809265137
      vertex 6.162891387939453 -11.255473136901855 0
      vertex 6.162891387939453 -11.255473136901855 6.199999809265137
    endloop
  endfacet
  facet normal 0.7071067811865476 0.7071067811865476 0
    outer loop
      vertex -6.105363845825195 -11.618690490722656 6.199999809265137
      vertex -6.118690490722656 -11.605363845825195 0
      vertex -6.118690490722656 -11.605363845825195 6.199999809265137
    endloop
  endfacet
  facet normal 0.7071067811865476 0.7071067811865476 0
    outer loop
      vertex -6.118690490722656 -11.605363845825195 0
      vertex -6.105363845825195 -11.618690490722656 6.199999809265137
      vertex -6.105363845825195 -11.618690490722656 0
    endloop
  endfacet
  facet normal -0.6612801458526502 0.7501390329139643 0
    outer loop
      vertex 6.105363845825195 -11.618690490722656 0
      vertex 6.091226577758789 -11.631153106689453 6.199999809265137
      vertex 6.105363845825195 -11.618690490722656 6.199999809265137
    endloop
  endfacet
  facet normal -0.6612801458526502 0.7501390329139643 0
    outer loop
      vertex 6.091226577758789 -11.631153106689453 6.199999809265137
      vertex 6.105363845825195 -11.618690490722656 0
      vertex 6.091226577758789 -11.631153106689453 0
    endloop
  endfacet
  facet normal 0.9759160266868775 0.21814653069828524 0
    outer loop
      vertex -6.190574645996094 -11.47460651397705 6.199999809265137
      vertex -6.194685935974121 -11.45621395111084 0
      vertex -6.194685935974121 -11.45621395111084 6.199999809265137
    endloop
  endfacet
  facet normal 0.9759160266868775 0.21814653069828524 0
    outer loop
      vertex -6.194685935974121 -11.45621395111084 0
      vertex -6.190574645996094 -11.47460651397705 6.199999809265137
      vertex -6.190574645996094 -11.47460651397705 0
    endloop
  endfacet
  facet normal -0.7901362790005535 0.6129312038125971 0
    outer loop
      vertex 6.131153106689453 -11.591226577758789 0
      vertex 6.142704963684082 -11.576334953308105 6.199999809265137
      vertex 6.142704963684082 -11.576334953308105 0
    endloop
  endfacet
  facet normal -0.7901362790005535 0.6129312038125971 0
    outer loop
      vertex 6.142704963684082 -11.576334953308105 6.199999809265137
      vertex 6.131153106689453 -11.591226577758789 0
      vertex 6.131153106689453 -11.591226577758789 6.199999809265137
    endloop
  endfacet
  facet normal -0.8270657750990595 -0.5621051535609614 0
    outer loop
      vertex 6.153298377990723 -11.239251136779785 0
      vertex 6.142704963684082 -11.223664283752441 6.199999809265137
      vertex 6.142704963684082 -11.223664283752441 0
    endloop
  endfacet
  facet normal -0.8270657750990595 -0.5621051535609614 0
    outer loop
      vertex 6.142704963684082 -11.223664283752441 6.199999809265137
      vertex 6.153298377990723 -11.239251136779785 0
      vertex 6.153298377990723 -11.239251136779785 6.199999809265137
    endloop
  endfacet
  facet normal -0.7071067811865476 -0.7071067811865476 0
    outer loop
      vertex 6.118690490722656 -11.194635391235352 0
      vertex 6.105363845825195 -11.18130874633789 6.199999809265137
      vertex 6.105363845825195 -11.18130874633789 0
    endloop
  endfacet
  facet normal -0.7071067811865476 -0.7071067811865476 0
    outer loop
      vertex 6.105363845825195 -11.18130874633789 6.199999809265137
      vertex 6.118690490722656 -11.194635391235352 0
      vertex 6.118690490722656 -11.194635391235352 6.199999809265137
    endloop
  endfacet
  facet normal -0.7501390329139643 0.6612801458526502 0
    outer loop
      vertex 6.118690490722656 -11.605363845825195 0
      vertex 6.131153106689453 -11.591226577758789 6.199999809265137
      vertex 6.131153106689453 -11.591226577758789 0
    endloop
  endfacet
  facet normal -0.7501390329139643 0.6612801458526502 0
    outer loop
      vertex 6.131153106689453 -11.591226577758789 6.199999809265137
      vertex 6.118690490722656 -11.605363845825195 0
      vertex 6.118690490722656 -11.605363845825195 6.199999809265137
    endloop
  endfacet
  facet normal 0.09412132591765665 0.9955607344645038 0
    outer loop
      vertex -5.91883659362793 -11.699407577514648 0
      vertex -5.937599182128906 -11.697633743286133 6.199999809265137
      vertex -5.91883659362793 -11.699407577514648 6.199999809265137
    endloop
  endfacet
  facet normal 0.09412132591765665 0.9955607344645038 0
    outer loop
      vertex -5.937599182128906 -11.697633743286133 6.199999809265137
      vertex -5.91883659362793 -11.699407577514648 0
      vertex -5.937599182128906 -11.697633743286133 0
    endloop
  endfacet
  facet normal 0.45398111420685777 -0.8910113062938652 0
    outer loop
      vertex -6.044526100158691 -11.137107849121094 0
      vertex -6.027732849121094 -11.128551483154297 6.199999809265137
      vertex -6.044526100158691 -11.137107849121094 6.199999809265137
    endloop
  endfacet
  facet normal 0.45398111420685777 -0.8910113062938652 0
    outer loop
      vertex -6.027732849121094 -11.128551483154297 6.199999809265137
      vertex -6.044526100158691 -11.137107849121094 0
      vertex -6.027732849121094 -11.128551483154297 0
    endloop
  endfacet
  facet normal 0.15640949256927125 -0.9876922955223569 0
    outer loop
      vertex -5.95621395111084 -11.105313301086426 0
      vertex -5.937599182128906 -11.102365493774414 6.199999809265137
      vertex -5.95621395111084 -11.105313301086426 6.199999809265137
    endloop
  endfacet
  facet normal 0.15640949256927125 -0.9876922955223569 0
    outer loop
      vertex -5.937599182128906 -11.102365493774414 6.199999809265137
      vertex -5.95621395111084 -11.105313301086426 0
      vertex -5.937599182128906 -11.102365493774414 0
    endloop
  endfacet
  facet normal 0.9602845769652638 -0.2790224565203385 0
    outer loop
      vertex -6.190574645996094 -11.325392723083496 6.199999809265137
      vertex -6.18531608581543 -11.307294845581055 0
      vertex -6.18531608581543 -11.307294845581055 6.199999809265137
    endloop
  endfacet
  facet normal 0.9602845769652638 -0.2790224565203385 0
    outer loop
      vertex -6.18531608581543 -11.307294845581055 0
      vertex -6.190574645996094 -11.325392723083496 6.199999809265137
      vertex -6.190574645996094 -11.325392723083496 0
    endloop
  endfacet
  facet normal 0.6613086191712378 -0.7501139314862981 0
    outer loop
      vertex -6.105363845825195 -11.18130874633789 0
      vertex -6.091226577758789 -11.168845176696777 6.199999809265137
      vertex -6.105363845825195 -11.18130874633789 6.199999809265137
    endloop
  endfacet
  facet normal 0.6613086191712378 -0.7501139314862981 0
    outer loop
      vertex -6.091226577758789 -11.168845176696777 6.199999809265137
      vertex -6.105363845825195 -11.18130874633789 0
      vertex -6.091226577758789 -11.168845176696777 0
    endloop
  endfacet
  facet normal 0.45398111420685777 0.8910113062938652 0
    outer loop
      vertex -6.027732849121094 -11.67144775390625 0
      vertex -6.044526100158691 -11.662891387939453 6.199999809265137
      vertex -6.027732849121094 -11.67144775390625 6.199999809265137
    endloop
  endfacet
  facet normal 0.45398111420685777 0.8910113062938652 0
    outer loop
      vertex -6.044526100158691 -11.662891387939453 6.199999809265137
      vertex -6.027732849121094 -11.67144775390625 0
      vertex -6.044526100158691 -11.662891387939453 0
    endloop
  endfacet
  facet normal 0.21814653069828524 0.9759160266868775 0
    outer loop
      vertex -5.95621395111084 -11.694685935974121 0
      vertex -5.974606513977051 -11.690574645996094 6.199999809265137
      vertex -5.95621395111084 -11.694685935974121 6.199999809265137
    endloop
  endfacet
  facet normal 0.21814653069828524 0.9759160266868775 0
    outer loop
      vertex -5.974606513977051 -11.690574645996094 6.199999809265137
      vertex -5.95621395111084 -11.694685935974121 0
      vertex -5.974606513977051 -11.690574645996094 0
    endloop
  endfacet
  facet normal 0.9876910575159983 -0.1564173101128164 0
    outer loop
      vertex -6.197633743286133 -11.362399101257324 6.199999809265137
      vertex -6.194685935974121 -11.343785285949707 0
      vertex -6.194685935974121 -11.343785285949707 6.199999809265137
    endloop
  endfacet
  facet normal 0.9876910575159983 -0.1564173101128164 0
    outer loop
      vertex -6.194685935974121 -11.343785285949707 0
      vertex -6.197633743286133 -11.362399101257324 6.199999809265137
      vertex -6.197633743286133 -11.362399101257324 0
    endloop
  endfacet
  facet normal 0.9955611827124909 -0.09411658449022786 0
    outer loop
      vertex -6.199407577514648 -11.381162643432617 6.199999809265137
      vertex -6.197633743286133 -11.362399101257324 0
      vertex -6.197633743286133 -11.362399101257324 6.199999809265137
    endloop
  endfacet
  facet normal 0.9955611827124909 -0.09411658449022786 0
    outer loop
      vertex -6.197633743286133 -11.362399101257324 0
      vertex -6.199407577514648 -11.381162643432617 6.199999809265137
      vertex -6.199407577514648 -11.381162643432617 0
    endloop
  endfacet
  facet normal 0.6129312038125971 0.7901362790005535 0
    outer loop
      vertex -6.0763349533081055 -11.642704963684082 0
      vertex -6.091226577758789 -11.631153106689453 6.199999809265137
      vertex -6.0763349533081055 -11.642704963684082 6.199999809265137
    endloop
  endfacet
  facet normal 0.6129312038125971 0.7901362790005535 0
    outer loop
      vertex -6.091226577758789 -11.631153106689453 6.199999809265137
      vertex -6.0763349533081055 -11.642704963684082 0
      vertex -6.091226577758789 -11.631153106689453 0
    endloop
  endfacet
  facet normal 0.6612801458526502 0.7501390329139643 0
    outer loop
      vertex -6.091226577758789 -11.631153106689453 0
      vertex -6.105363845825195 -11.618690490722656 6.199999809265137
      vertex -6.091226577758789 -11.631153106689453 6.199999809265137
    endloop
  endfacet
  facet normal 0.6612801458526502 0.7501390329139643 0
    outer loop
      vertex -6.105363845825195 -11.618690490722656 6.199999809265137
      vertex -6.091226577758789 -11.631153106689453 0
      vertex -6.105363845825195 -11.618690490722656 0
    endloop
  endfacet
  facet normal 0.03142432711320473 0.9995061338808694 0
    outer loop
      vertex -5.899999618530273 -11.699999809265137 6
      vertex -5.91883659362793 -11.699407577514648 6.199999809265137
      vertex -5.899999618530273 -11.699999809265137 6.199999809265137
    endloop
  endfacet
  facet normal 0.03142432711320473 0.9995061338808693 0
    outer loop
      vertex -5.899999618530273 -11.699999809265137 5.59999942779541
      vertex -5.91883659362793 -11.699407577514648 6.199999809265137
      vertex -5.899999618530273 -11.699999809265137 6
    endloop
  endfacet
  facet normal 0.03142432711320473 0.9995061338808694 0
    outer loop
      vertex -5.91883659362793 -11.699407577514648 0
      vertex -5.899999618530273 -11.699999809265137 5.59999942779541
      vertex -5.899999618530273 -11.699999809265137 0
    endloop
  endfacet
  facet normal 0.03142432711320473 0.9995061338808694 0
    outer loop
      vertex -5.899999618530273 -11.699999809265137 5.59999942779541
      vertex -5.91883659362793 -11.699407577514648 0
      vertex -5.91883659362793 -11.699407577514648 6.199999809265137
    endloop
  endfacet
  facet normal -0.45398111420685777 -0.8910113062938652 0
    outer loop
      vertex 6.027732849121094 -11.128551483154297 0
      vertex 6.044526100158691 -11.137107849121094 6.199999809265137
      vertex 6.027732849121094 -11.128551483154297 6.199999809265137
    endloop
  endfacet
  facet normal -0.45398111420685777 -0.8910113062938652 0
    outer loop
      vertex 6.044526100158691 -11.137107849121094 6.199999809265137
      vertex 6.027732849121094 -11.128551483154297 0
      vertex 6.044526100158691 -11.137107849121094 0
    endloop
  endfacet
  facet normal 0.7501390329139643 0.6612801458526502 0
    outer loop
      vertex -6.118690490722656 -11.605363845825195 6.199999809265137
      vertex -6.131153106689453 -11.591226577758789 0
      vertex -6.131153106689453 -11.591226577758789 6.199999809265137
    endloop
  endfacet
  facet normal 0.7501390329139643 0.6612801458526502 0
    outer loop
      vertex -6.131153106689453 -11.591226577758789 0
      vertex -6.118690490722656 -11.605363845825195 6.199999809265137
      vertex -6.118690490722656 -11.605363845825195 0
    endloop
  endfacet
  facet normal -0.21814653069828524 -0.9759160266868775 0
    outer loop
      vertex 5.95621395111084 -11.105313301086426 0
      vertex 5.974606513977051 -11.109424591064453 6.199999809265137
      vertex 5.95621395111084 -11.105313301086426 6.199999809265137
    endloop
  endfacet
  facet normal -0.21814653069828524 -0.9759160266868775 0
    outer loop
      vertex 5.974606513977051 -11.109424591064453 6.199999809265137
      vertex 5.95621395111084 -11.105313301086426 0
      vertex 5.974606513977051 -11.109424591064453 0
    endloop
  endfacet
  facet normal 0.9408848315934861 0.3387266356183068 0
    outer loop
      vertex -6.178932189941406 -11.51043701171875 6.199999809265137
      vertex -6.18531608581543 -11.492704391479492 0
      vertex -6.18531608581543 -11.492704391479492 6.199999809265137
    endloop
  endfacet
  facet normal 0.9408848315934861 0.3387266356183068 0
    outer loop
      vertex -6.18531608581543 -11.492704391479492 0
      vertex -6.178932189941406 -11.51043701171875 6.199999809265137
      vertex -6.178932189941406 -11.51043701171875 0
    endloop
  endfacet
  facet normal 0.3971415818131048 -0.9177573557291627 0
    outer loop
      vertex -6.027732849121094 -11.128551483154297 0
      vertex -6.01043701171875 -11.12106704711914 6.199999809265137
      vertex -6.027732849121094 -11.128551483154297 6.199999809265137
    endloop
  endfacet
  facet normal 0.3971415818131048 -0.9177573557291627 0
    outer loop
      vertex -6.01043701171875 -11.12106704711914 6.199999809265137
      vertex -6.027732849121094 -11.128551483154297 0
      vertex -6.01043701171875 -11.12106704711914 0
    endloop
  endfacet
  facet normal 0.3387266356183068 0.9408848315934861 0
    outer loop
      vertex -5.992704391479492 -11.68531608581543 0
      vertex -6.01043701171875 -11.678932189941406 6.199999809265137
      vertex -5.992704391479492 -11.68531608581543 6.199999809265137
    endloop
  endfacet
  facet normal 0.3387266356183068 0.9408848315934861 0
    outer loop
      vertex -6.01043701171875 -11.678932189941406 6.199999809265137
      vertex -5.992704391479492 -11.68531608581543 0
      vertex -6.01043701171875 -11.678932189941406 0
    endloop
  endfacet
  facet normal -0.15640949256927125 -0.9876922955223569 0
    outer loop
      vertex 5.937599182128906 -11.102365493774414 0
      vertex 5.95621395111084 -11.105313301086426 6.199999809265137
      vertex 5.937599182128906 -11.102365493774414 6.199999809265137
    endloop
  endfacet
  facet normal -0.15640949256927125 -0.9876922955223569 0
    outer loop
      vertex 5.95621395111084 -11.105313301086426 6.199999809265137
      vertex 5.937599182128906 -11.102365493774414 0
      vertex 5.95621395111084 -11.105313301086426 0
    endloop
  endfacet
  facet normal -0.9955611827124909 -0.09411658449022786 0
    outer loop
      vertex 6.199407577514648 -11.381162643432617 0
      vertex 6.197633743286133 -11.362399101257324 6.199999809265137
      vertex 6.197633743286133 -11.362399101257324 0
    endloop
  endfacet
  facet normal -0.9955611827124909 -0.09411658449022786 0
    outer loop
      vertex 6.197633743286133 -11.362399101257324 6.199999809265137
      vertex 6.199407577514648 -11.381162643432617 0
      vertex 6.199407577514648 -11.381162643432617 6.199999809265137
    endloop
  endfacet
  facet normal -0.5620816287937686 -0.8270817629306938 0
    outer loop
      vertex 6.060747146606445 -11.146700859069824 0
      vertex 6.0763349533081055 -11.157294273376465 6.199999809265137
      vertex 6.060747146606445 -11.146700859069824 6.199999809265137
    endloop
  endfacet
  facet normal -0.5620816287937686 -0.8270817629306938 0
    outer loop
      vertex 6.0763349533081055 -11.157294273376465 6.199999809265137
      vertex 6.060747146606445 -11.146700859069824 0
      vertex 6.0763349533081055 -11.157294273376465 0
    endloop
  endfacet
  facet normal 0.6128996112958489 -0.7901607852034909 0
    outer loop
      vertex -6.091226577758789 -11.168845176696777 0
      vertex -6.0763349533081055 -11.157294273376465 6.199999809265137
      vertex -6.091226577758789 -11.168845176696777 6.199999809265137
    endloop
  endfacet
  facet normal 0.6128996112958489 -0.7901607852034909 0
    outer loop
      vertex -6.0763349533081055 -11.157294273376465 6.199999809265137
      vertex -6.091226577758789 -11.168845176696777 0
      vertex -6.0763349533081055 -11.157294273376465 0
    endloop
  endfacet
  facet normal -0.9177573557291627 0.3971415818131048 0
    outer loop
      vertex 6.17144775390625 -11.527732849121094 0
      vertex 6.178932189941406 -11.51043701171875 6.199999809265137
      vertex 6.178932189941406 -11.51043701171875 0
    endloop
  endfacet
  facet normal -0.9177573557291627 0.3971415818131048 0
    outer loop
      vertex 6.178932189941406 -11.51043701171875 6.199999809265137
      vertex 6.17144775390625 -11.527732849121094 0
      vertex 6.17144775390625 -11.527732849121094 6.199999809265137
    endloop
  endfacet
  facet normal -0.2790224565203385 0.9602845769652638 0
    outer loop
      vertex 5.992704391479492 -11.68531608581543 0
      vertex 5.974606513977051 -11.690574645996094 6.199999809265137
      vertex 5.992704391479492 -11.68531608581543 6.199999809265137
    endloop
  endfacet
  facet normal -0.2790224565203385 0.9602845769652638 0
    outer loop
      vertex 5.974606513977051 -11.690574645996094 6.199999809265137
      vertex 5.992704391479492 -11.68531608581543 0
      vertex 5.974606513977051 -11.690574645996094 0
    endloop
  endfacet
  facet normal 0.33877143019208855 -0.9408687039569372 0
    outer loop
      vertex -6.01043701171875 -11.12106704711914 0
      vertex -5.992704391479492 -11.1146821975708 6.199999809265137
      vertex -6.01043701171875 -11.12106704711914 6.199999809265137
    endloop
  endfacet
  facet normal 0.33877143019208855 -0.9408687039569372 0
    outer loop
      vertex -5.992704391479492 -11.1146821975708 6.199999809265137
      vertex -6.01043701171875 -11.12106704711914 0
      vertex -5.992704391479492 -11.1146821975708 0
    endloop
  endfacet
  facet normal -0.9602845769652638 -0.2790224565203385 0
    outer loop
      vertex 6.190574645996094 -11.325392723083496 0
      vertex 6.18531608581543 -11.307294845581055 6.199999809265137
      vertex 6.18531608581543 -11.307294845581055 0
    endloop
  endfacet
  facet normal -0.9602845769652638 -0.2790224565203385 0
    outer loop
      vertex 6.18531608581543 -11.307294845581055 6.199999809265137
      vertex 6.190574645996094 -11.325392723083496 0
      vertex 6.190574645996094 -11.325392723083496 6.199999809265137
    endloop
  endfacet
  facet normal -0.7501390329139643 -0.6612801458526502 0
    outer loop
      vertex 6.131153106689453 -11.208772659301758 0
      vertex 6.118690490722656 -11.194635391235352 6.199999809265137
      vertex 6.118690490722656 -11.194635391235352 0
    endloop
  endfacet
  facet normal -0.7501390329139643 -0.6612801458526502 0
    outer loop
      vertex 6.118690490722656 -11.194635391235352 6.199999809265137
      vertex 6.131153106689453 -11.208772659301758 0
      vertex 6.131153106689453 -11.208772659301758 6.199999809265137
    endloop
  endfacet
  facet normal -0.6128996112958489 -0.7901607852034909 0
    outer loop
      vertex 6.0763349533081055 -11.157294273376465 0
      vertex 6.091226577758789 -11.168845176696777 6.199999809265137
      vertex 6.0763349533081055 -11.157294273376465 6.199999809265137
    endloop
  endfacet
  facet normal -0.6128996112958489 -0.7901607852034909 0
    outer loop
      vertex 6.091226577758789 -11.168845176696777 6.199999809265137
      vertex 6.0763349533081055 -11.157294273376465 0
      vertex 6.091226577758789 -11.168845176696777 0
    endloop
  endfacet
  facet normal -0.8910113062938652 0.45398111420685777 0
    outer loop
      vertex 6.162891387939453 -11.544526100158691 0
      vertex 6.17144775390625 -11.527732849121094 6.199999809265137
      vertex 6.17144775390625 -11.527732849121094 0
    endloop
  endfacet
  facet normal -0.8910113062938652 0.45398111420685777 0
    outer loop
      vertex 6.17144775390625 -11.527732849121094 6.199999809265137
      vertex 6.162891387939453 -11.544526100158691 0
      vertex 6.162891387939453 -11.544526100158691 6.199999809265137
    endloop
  endfacet
  facet normal -0.15640949256927125 0.9876922955223569 0
    outer loop
      vertex 5.95621395111084 -11.694685935974121 0
      vertex 5.937599182128906 -11.697633743286133 6.199999809265137
      vertex 5.95621395111084 -11.694685935974121 6.199999809265137
    endloop
  endfacet
  facet normal -0.15640949256927125 0.9876922955223569 0
    outer loop
      vertex 5.937599182128906 -11.697633743286133 6.199999809265137
      vertex 5.95621395111084 -11.694685935974121 0
      vertex 5.937599182128906 -11.697633743286133 0
    endloop
  endfacet
  facet normal -0.27897579257001254 -0.9602981345186156 0
    outer loop
      vertex 5.974606513977051 -11.109424591064453 0
      vertex 5.992704391479492 -11.1146821975708 6.199999809265137
      vertex 5.974606513977051 -11.109424591064453 6.199999809265137
    endloop
  endfacet
  facet normal -0.27897579257001254 -0.9602981345186156 0
    outer loop
      vertex 5.992704391479492 -11.1146821975708 6.199999809265137
      vertex 5.974606513977051 -11.109424591064453 0
      vertex 5.992704391479492 -11.1146821975708 0
    endloop
  endfacet
  facet normal -0.5090378705197731 -0.8607441236376202 0
    outer loop
      vertex 6.044526100158691 -11.137107849121094 0
      vertex 6.060747146606445 -11.146700859069824 6.199999809265137
      vertex 6.044526100158691 -11.137107849121094 6.199999809265137
    endloop
  endfacet
  facet normal -0.5090378705197731 -0.8607441236376202 0
    outer loop
      vertex 6.060747146606445 -11.146700859069824 6.199999809265137
      vertex 6.044526100158691 -11.137107849121094 0
      vertex 6.060747146606445 -11.146700859069824 0
    endloop
  endfacet
  facet normal -0.9408848315934861 0.3387266356183068 0
    outer loop
      vertex 6.178932189941406 -11.51043701171875 0
      vertex 6.18531608581543 -11.492704391479492 6.199999809265137
      vertex 6.18531608581543 -11.492704391479492 0
    endloop
  endfacet
  facet normal -0.9408848315934861 0.3387266356183068 0
    outer loop
      vertex 6.18531608581543 -11.492704391479492 6.199999809265137
      vertex 6.178932189941406 -11.51043701171875 0
      vertex 6.178932189941406 -11.51043701171875 6.199999809265137
    endloop
  endfacet
  facet normal -0.8910008770345683 -0.45400158273251634 0
    outer loop
      vertex 6.17144775390625 -11.272265434265137 0
      vertex 6.162891387939453 -11.255473136901855 6.199999809265137
      vertex 6.162891387939453 -11.255473136901855 0
    endloop
  endfacet
  facet normal -0.8910008770345683 -0.45400158273251634 0
    outer loop
      vertex 6.162891387939453 -11.255473136901855 6.199999809265137
      vertex 6.17144775390625 -11.272265434265137 0
      vertex 6.17144775390625 -11.272265434265137 6.199999809265137
    endloop
  endfacet
  facet normal -0.09412132591765665 0.9955607344645038 0
    outer loop
      vertex 5.937599182128906 -11.697633743286133 0
      vertex 5.91883659362793 -11.699407577514648 6.199999809265137
      vertex 5.937599182128906 -11.697633743286133 6.199999809265137
    endloop
  endfacet
  facet normal -0.09412132591765665 0.9955607344645038 0
    outer loop
      vertex 5.91883659362793 -11.699407577514648 6.199999809265137
      vertex 5.937599182128906 -11.697633743286133 0
      vertex 5.91883659362793 -11.699407577514648 0
    endloop
  endfacet
  facet normal -1 0 0
    outer loop
      vertex -11.09999942779541 -5.899999618530273 0.5999994277954102
      vertex -11.09999942779541 5.899999618530273 6.198999404907227
      vertex -11.09999942779541 5.899999618530273 0.5999994277954102
    endloop
  endfacet
  facet normal -1 0 0
    outer loop
      vertex -11.09999942779541 5.899999618530273 6.198999404907227
      vertex -11.09999942779541 -5.899999618530273 0.5999994277954102
      vertex -11.09999942779541 -5.899999618530273 6.198999404907227
    endloop
  endfacet
  facet normal 1 0 0
    outer loop
      vertex -11.699999809265137 -5.899999618530273 5.59999942779541
      vertex -11.699999809265137 5.899999618530273 0.5989999771118164
      vertex -11.699999809265137 5.899999618530273 5.59999942779541
    endloop
  endfacet
  facet normal 1 0 0
    outer loop
      vertex -11.699999809265137 5.899999618530273 0.5989999771118164
      vertex -11.699999809265137 -5.899999618530273 5.59999942779541
      vertex -11.699999809265137 -5.899999618530273 0.5989999771118164
    endloop
  endfacet
  facet normal 1 0 0
    outer loop
      vertex -11.699999809265137 -5.899999618530273 6.198999404907227
      vertex -11.699999809265137 5.899999618530273 6
      vertex -11.699999809265137 5.899999618530273 6.198999404907227
    endloop
  endfacet
  facet normal 1 0 0
    outer loop
      vertex -11.699999809265137 5.899999618530273 6
      vertex -11.699999809265137 -5.899999618530273 6.198999404907227
      vertex -11.699999809265137 -5.899999618530273 6
    endloop
  endfacet
  facet normal -1 0 0
    outer loop
      vertex -11.699999809265137 -6 5.59999942779541
      vertex -11.699999809265137 -5.899999618530273 6
      vertex -11.699999809265137 -5.899999618530273 5.59999942779541
    endloop
  endfacet
  facet normal -1 0 0
    outer loop
      vertex -11.699999809265137 -5.899999618530273 6
      vertex -11.699999809265137 -6 5.59999942779541
      vertex -11.699999809265137 -6 6
    endloop
  endfacet
  facet normal -1 0 0
    outer loop
      vertex -11.699999809265137 5.899999618530273 5.59999942779541
      vertex -11.699999809265137 6 6
      vertex -11.699999809265137 6 5.59999942779541
    endloop
  endfacet
  facet normal -1 0 0
    outer loop
      vertex -11.699999809265137 6 6
      vertex -11.699999809265137 5.899999618530273 5.59999942779541
      vertex -11.699999809265137 5.899999618530273 6
    endloop
  endfacet
  facet normal -0.15641731011281643 0.9876910575159984 0
    outer loop
      vertex -11.343785285949707 -6.194685935974121 0.5999994277954102
      vertex -11.362399101257324 -6.197633743286133 6.198999404907227
      vertex -11.343785285949707 -6.194685935974121 6.198999404907227
    endloop
  endfacet
  facet normal -0.15641731011281643 0.9876910575159984 0
    outer loop
      vertex -11.362399101257324 -6.197633743286133 6.198999404907227
      vertex -11.343785285949707 -6.194685935974121 0.5999994277954102
      vertex -11.362399101257324 -6.197633743286133 0.5999994277954102
    endloop
  endfacet
  facet normal -0.5090156985725441 -0.860757235581964 0
    outer loop
      vertex -11.255473136901855 6.162891387939453 0.5999994277954102
      vertex -11.239251136779785 6.153298377990723 6.198999404907227
      vertex -11.255473136901855 6.162891387939453 6.198999404907227
    endloop
  endfacet
  facet normal -0.5090156985725441 -0.860757235581964 0
    outer loop
      vertex -11.239251136779785 6.153298377990723 6.198999404907227
      vertex -11.255473136901855 6.162891387939453 0.5999994277954102
      vertex -11.239251136779785 6.153298377990723 0.5999945998191833
    endloop
  endfacet
  facet normal 0.9177573557291627 -0.3971415818131048 0
    outer loop
      vertex -11.678932189941406 6.01043701171875 6.198999404907227
      vertex -11.67144775390625 6.027732849121094 0.5989999771118164
      vertex -11.67144775390625 6.027732849121094 6.198999404907227
    endloop
  endfacet
  facet normal 0.9177573557291627 -0.3971415818131048 0
    outer loop
      vertex -11.67144775390625 6.027732849121094 0.5989999771118164
      vertex -11.678932189941406 6.01043701171875 6.198999404907227
      vertex -11.678932189941406 6.01043701171875 0.5989999771118164
    endloop
  endfacet
  facet normal -0.3387266356183068 -0.9408848315934861 0
    outer loop
      vertex -11.307294845581055 6.18531608581543 0.5999994277954102
      vertex -11.289562225341797 6.178932189941406 6.198999404907227
      vertex -11.307294845581055 6.18531608581543 6.198999404907227
    endloop
  endfacet
  facet normal -0.3387266356183068 -0.9408848315934861 0
    outer loop
      vertex -11.289562225341797 6.178932189941406 6.198999404907227
      vertex -11.307294845581055 6.18531608581543 0.5999994277954102
      vertex -11.289562225341797 6.178932189941406 0.5999994277954102
    endloop
  endfacet
  facet normal -0.3971231383988389 0.9177653365366643 0
    outer loop
      vertex -11.272265434265137 -6.17144775390625 0.5999994277954102
      vertex -11.289562225341797 -6.178932189941406 6.198999404907227
      vertex -11.272265434265137 -6.17144775390625 6.198999404907227
    endloop
  endfacet
  facet normal -0.3971231383988389 0.9177653365366643 0
    outer loop
      vertex -11.289562225341797 -6.178932189941406 6.198999404907227
      vertex -11.272265434265137 -6.17144775390625 0.5999994277954102
      vertex -11.289562225341797 -6.178932189941406 0.5999994277954102
    endloop
  endfacet
  facet normal 0.03142432711320473 0.9995061338808693 0
    outer loop
      vertex -11.399999618530273 -6.199999809265137 0.5999994277954102
      vertex -11.41883659362793 -6.199407577514648 6.198999404907227
      vertex -11.399999618530273 -6.199999809265137 6.198999404907227
    endloop
  endfacet
  facet normal 0.03142432711320473 0.9995061338808694 0
    outer loop
      vertex -11.41883659362793 -6.199407577514648 0.5989999771118164
      vertex -11.399999618530273 -6.199999809265137 0.5999994277954102
      vertex -11.399999618530273 -6.199999809265137 0.5989999771118164
    endloop
  endfacet
  facet normal 0.03142432711320473 0.9995061338808694 0
    outer loop
      vertex -11.399999618530273 -6.199999809265137 0.5999994277954102
      vertex -11.41883659362793 -6.199407577514648 0.5989999771118164
      vertex -11.41883659362793 -6.199407577514648 6.198999404907227
    endloop
  endfacet
  facet normal 0.8270817629306937 -0.5620816287937684 0
    outer loop
      vertex -11.653298377990723 6.060747146606445 6.198999404907227
      vertex -11.642704963684082 6.0763349533081055 0.5989999771118164
      vertex -11.642704963684082 6.0763349533081055 6.198999404907227
    endloop
  endfacet
  facet normal 0.8270817629306937 -0.5620816287937684 0
    outer loop
      vertex -11.642704963684082 6.0763349533081055 0.5989999771118164
      vertex -11.653298377990723 6.060747146606445 6.198999404907227
      vertex -11.653298377990723 6.060747146606445 0.5989999771118164
    endloop
  endfacet
  facet normal -0.9995061338808693 0.03142432711320473 0
    outer loop
      vertex -11.100591659545898 -5.91883659362793 0.5999994277954102
      vertex -11.09999942779541 -5.899999618530273 6.198999404907227
      vertex -11.09999942779541 -5.899999618530273 0.5999994277954102
    endloop
  endfacet
  facet normal -0.9995061338808693 0.03142432711320473 0
    outer loop
      vertex -11.09999942779541 -5.899999618530273 6.198999404907227
      vertex -11.100591659545898 -5.91883659362793 0.5999994277954102
      vertex -11.100591659545898 -5.91883659362793 6.198999404907227
    endloop
  endfacet
  facet normal 0.03142432711320473 -0.9995061338808693 0
    outer loop
      vertex -11.41883659362793 6.199407577514648 6.198999404907227
      vertex -11.399999618530273 6.199999809265137 0.5999994277954102
      vertex -11.399999618530273 6.199999809265137 6.198999404907227
    endloop
  endfacet
  facet normal 0.03142432711320473 -0.9995061338808694 0
    outer loop
      vertex -11.41883659362793 6.199407577514648 0.5989999771118164
      vertex -11.399999618530273 6.199999809265137 0.5999994277954102
      vertex -11.41883659362793 6.199407577514648 6.198999404907227
    endloop
  endfacet
  facet normal 0.03142432711320473 -0.9995061338808694 0
    outer loop
      vertex -11.399999618530273 6.199999809265137 0.5999994277954102
      vertex -11.41883659362793 6.199407577514648 0.5989999771118164
      vertex -11.399999618530273 6.199999809265137 0.5989999771118164
    endloop
  endfacet
  facet normal 0.8270817629306937 0.5620816287937684 0
    outer loop
      vertex -11.642704963684082 -6.0763349533081055 6.198999404907227
      vertex -11.653298377990723 -6.060747146606445 0.5989999771118164
      vertex -11.653298377990723 -6.060747146606445 6.198999404907227
    endloop
  endfacet
  facet normal 0.8270817629306937 0.5620816287937684 0
    outer loop
      vertex -11.653298377990723 -6.060747146606445 0.5989999771118164
      vertex -11.642704963684082 -6.0763349533081055 6.198999404907227
      vertex -11.642704963684082 -6.0763349533081055 0.5989999771118164
    endloop
  endfacet
  facet normal -0.9759160266868775 -0.21814653069828524 0
    outer loop
      vertex -11.105313301086426 5.95621395111084 0.5999994277954102
      vertex -11.109424591064453 5.974606513977051 6.198999404907227
      vertex -11.109424591064453 5.974606513977051 0.5999994277954102
    endloop
  endfacet
  facet normal -0.9759160266868775 -0.21814653069828524 0
    outer loop
      vertex -11.109424591064453 5.974606513977051 6.198999404907227
      vertex -11.105313301086426 5.95621395111084 0.5999994277954102
      vertex -11.105313301086426 5.95621395111084 6.198999404907227
    endloop
  endfacet
  facet normal 0.2181465306982852 0.9759160266868774 0
    outer loop
      vertex -11.45621395111084 -6.194685935974121 0.5989999771118164
      vertex -11.47460651397705 -6.190574645996094 6.198999404907227
      vertex -11.45621395111084 -6.194685935974121 6.198999404907227
    endloop
  endfacet
  facet normal 0.2181465306982852 0.9759160266868774 0
    outer loop
      vertex -11.47460651397705 -6.190574645996094 6.198999404907227
      vertex -11.45621395111084 -6.194685935974121 0.5989999771118164
      vertex -11.47460651397705 -6.190574645996094 0.5989999771118164
    endloop
  endfacet
  facet normal -0.9602981345186157 -0.27897579257001254 0
    outer loop
      vertex -11.109424591064453 5.974606513977051 0.5999994277954102
      vertex -11.1146821975708 5.992704391479492 6.198999404907227
      vertex -11.1146821975708 5.992704391479492 0.5999994277954102
    endloop
  endfacet
  facet normal -0.9602981345186157 -0.27897579257001254 0
    outer loop
      vertex -11.1146821975708 5.992704391479492 6.198999404907227
      vertex -11.109424591064453 5.974606513977051 0.5999994277954102
      vertex -11.109424591064453 5.974606513977051 6.198999404907227
    endloop
  endfacet
  facet normal -0.8270817629306937 -0.5620816287937684 0
    outer loop
      vertex -11.146700859069824 6.060747146606445 0.5999994277954102
      vertex -11.157294273376465 6.0763349533081055 6.198999404907227
      vertex -11.157294273376465 6.0763349533081055 0.5999994277954102
    endloop
  endfacet
  facet normal -0.8270817629306937 -0.5620816287937684 0
    outer loop
      vertex -11.157294273376465 6.0763349533081055 6.198999404907227
      vertex -11.146700859069824 6.060747146606445 0.5999994277954102
      vertex -11.146700859069824 6.060747146606445 6.198999404907227
    endloop
  endfacet
  facet normal -0.9995061338808693 -0.03142432711320473 0
    outer loop
      vertex -11.09999942779541 5.899999618530273 0.5999994277954102
      vertex -11.100591659545898 5.91883659362793 6.198999404907227
      vertex -11.100591659545898 5.91883659362793 0.5999994277954102
    endloop
  endfacet
  facet normal -0.9995061338808693 -0.03142432711320473 0
    outer loop
      vertex -11.100591659545898 5.91883659362793 6.198999404907227
      vertex -11.09999942779541 5.899999618530273 0.5999994277954102
      vertex -11.09999942779541 5.899999618530273 6.198999404907227
    endloop
  endfacet
  facet normal 0.09412132591765665 -0.9955607344645038 0
    outer loop
      vertex -11.437599182128906 6.197633743286133 0.5989999771118164
      vertex -11.41883659362793 6.199407577514648 6.198999404907227
      vertex -11.437599182128906 6.197633743286133 6.198999404907227
    endloop
  endfacet
  facet normal 0.09412132591765665 -0.9955607344645038 0
    outer loop
      vertex -11.41883659362793 6.199407577514648 6.198999404907227
      vertex -11.437599182128906 6.197633743286133 0.5989999771118164
      vertex -11.41883659362793 6.199407577514648 0.5989999771118164
    endloop
  endfacet
  facet normal -0.21814653069828524 -0.9759160266868775 0
    outer loop
      vertex -11.343785285949707 6.194685935974121 0.5999994277954102
      vertex -11.325392723083496 6.190574645996094 6.198999404907227
      vertex -11.343785285949707 6.194685935974121 6.198999404907227
    endloop
  endfacet
  facet normal -0.21814653069828524 -0.9759160266868775 0
    outer loop
      vertex -11.325392723083496 6.190574645996094 6.198999404907227
      vertex -11.343785285949707 6.194685935974121 0.5999994277954102
      vertex -11.325392723083496 6.190574645996094 0.5999994277954102
    endloop
  endfacet
  facet normal 0.987692295522357 -0.15640949256927125 0
    outer loop
      vertex -11.697633743286133 5.937599182128906 6.198999404907227
      vertex -11.694685935974121 5.95621395111084 0.5989999771118164
      vertex -11.694685935974121 5.95621395111084 6.198999404907227
    endloop
  endfacet
  facet normal 0.987692295522357 -0.15640949256927125 0
    outer loop
      vertex -11.694685935974121 5.95621395111084 0.5989999771118164
      vertex -11.697633743286133 5.937599182128906 6.198999404907227
      vertex -11.697633743286133 5.937599182128906 0.5989999771118164
    endloop
  endfacet
  facet normal 0.7071067811865475 0.7071067811865475 0
    outer loop
      vertex -11.605363845825195 -6.118690490722656 6.198999404907227
      vertex -11.618690490722656 -6.105363845825195 0.5989999771118164
      vertex -11.618690490722656 -6.105363845825195 6.198999404907227
    endloop
  endfacet
  facet normal 0.7071067811865475 0.7071067811865475 0
    outer loop
      vertex -11.618690490722656 -6.105363845825195 0.5989999771118164
      vertex -11.605363845825195 -6.118690490722656 6.198999404907227
      vertex -11.605363845825195 -6.118690490722656 0.5989999771118164
    endloop
  endfacet
  facet normal 0.4539811142068577 -0.8910113062938652 0
    outer loop
      vertex -11.544526100158691 6.162891387939453 0.5989999771118164
      vertex -11.527732849121094 6.17144775390625 6.198999404907227
      vertex -11.544526100158691 6.162891387939453 6.198999404907227
    endloop
  endfacet
  facet normal 0.4539811142068577 -0.8910113062938652 0
    outer loop
      vertex -11.527732849121094 6.17144775390625 6.198999404907227
      vertex -11.544526100158691 6.162891387939453 0.5989999771118164
      vertex -11.527732849121094 6.17144775390625 0.5989999771118164
    endloop
  endfacet
  facet normal 0.5620816287937684 0.8270817629306937 0
    outer loop
      vertex -11.560747146606445 -6.153298377990723 0.5989999771118164
      vertex -11.576334953308105 -6.142704963684082 6.198999404907227
      vertex -11.560747146606445 -6.153298377990723 6.198999404907227
    endloop
  endfacet
  facet normal 0.5620816287937684 0.8270817629306937 0
    outer loop
      vertex -11.576334953308105 -6.142704963684082 6.198999404907227
      vertex -11.560747146606445 -6.153298377990723 0.5989999771118164
      vertex -11.576334953308105 -6.142704963684082 0.5989999771118164
    endloop
  endfacet
  facet normal -0.7071067811865475 -0.7071067811865475 0
    outer loop
      vertex -11.18130874633789 6.105363845825195 0.5999994277954102
      vertex -11.194635391235352 6.118690490722656 6.198999404907227
      vertex -11.194635391235352 6.118690490722656 0.5999994277954102
    endloop
  endfacet
  facet normal -0.7071067811865475 -0.7071067811865475 0
    outer loop
      vertex -11.194635391235352 6.118690490722656 6.198999404907227
      vertex -11.18130874633789 6.105363845825195 0.5999994277954102
      vertex -11.18130874633789 6.105363845825195 6.198999404907227
    endloop
  endfacet
  facet normal -0.6129312038125972 -0.7901362790005536 0
    outer loop
      vertex -11.223664283752441 6.142704963684082 0.5999994277954102
      vertex -11.208772659301758 6.131153106689453 6.198999404907227
      vertex -11.223664283752441 6.142704963684082 6.198999404907227
    endloop
  endfacet
  facet normal -0.6129312038125972 -0.7901362790005536 0
    outer loop
      vertex -11.208772659301758 6.131153106689453 6.198999404907227
      vertex -11.223664283752441 6.142704963684082 0.5999994277954102
      vertex -11.208772659301758 6.131153106689453 0.5999994277954102
    endloop
  endfacet
  facet normal 0.3971415818131048 -0.9177573557291627 0
    outer loop
      vertex -11.527732849121094 6.17144775390625 0.5989999771118164
      vertex -11.51043701171875 6.178932189941406 6.198999404907227
      vertex -11.527732849121094 6.17144775390625 6.198999404907227
    endloop
  endfacet
  facet normal 0.3971415818131048 -0.9177573557291627 0
    outer loop
      vertex -11.51043701171875 6.178932189941406 6.198999404907227
      vertex -11.527732849121094 6.17144775390625 0.5989999771118164
      vertex -11.51043701171875 6.178932189941406 0.5989999771118164
    endloop
  endfacet
  facet normal -0.8607441236376202 0.5090378705197731 0
    outer loop
      vertex -11.146700859069824 -6.060747146606445 0.5999994277954102
      vertex -11.137107849121094 -6.044526100158691 6.198999404907227
      vertex -11.137107849121094 -6.044526100158691 0.5999994277954102
    endloop
  endfacet
  facet normal -0.8607441236376202 0.5090378705197731 0
    outer loop
      vertex -11.137107849121094 -6.044526100158691 6.198999404907227
      vertex -11.146700859069824 -6.060747146606445 0.5999994277954102
      vertex -11.146700859069824 -6.060747146606445 6.198999404907227
    endloop
  endfacet
  facet normal 0.9759160266868774 0.2181465306982852 0
    outer loop
      vertex -11.690574645996094 -5.974606513977051 6.198999404907227
      vertex -11.694685935974121 -5.95621395111084 0.5989999771118164
      vertex -11.694685935974121 -5.95621395111084 6.198999404907227
    endloop
  endfacet
  facet normal 0.9759160266868774 0.2181465306982852 0
    outer loop
      vertex -11.694685935974121 -5.95621395111084 0.5989999771118164
      vertex -11.690574645996094 -5.974606513977051 6.198999404907227
      vertex -11.690574645996094 -5.974606513977051 0.5989999771118164
    endloop
  endfacet
  facet normal 0.5090378705197731 0.8607441236376201 0
    outer loop
      vertex -11.544526100158691 -6.162891387939453 0.5989999771118164
      vertex -11.560747146606445 -6.153298377990723 6.198999404907227
      vertex -11.544526100158691 -6.162891387939453 6.198999404907227
    endloop
  endfacet
  facet normal 0.5090378705197731 0.8607441236376201 0
    outer loop
      vertex -11.560747146606445 -6.153298377990723 6.198999404907227
      vertex -11.544526100158691 -6.162891387939453 0.5989999771118164
      vertex -11.560747146606445 -6.153298377990723 0.5989999771118164
    endloop
  endfacet
  facet normal -0.5621051535609614 -0.8270657750990594 0
    outer loop
      vertex -11.239251136779785 6.153298377990723 6.198999404907227
      vertex -11.223664283752441 6.142704963684082 0.5999994277954102
      vertex -11.223664283752441 6.142704963684082 6.198999404907227
    endloop
  endfacet
  facet normal -0.5620940634661055 -0.8270733122378933 4.513372280131448e-8
    outer loop
      vertex -11.239251136779785 6.153298377990723 6.198999404907227
      vertex -11.239250183105469 6.153297424316406 0.5999951958656311
      vertex -11.223664283752441 6.142704963684082 0.5999994277954102
    endloop
  endfacet
  facet normal -0.7071067811865475 -0.7071067811865475 0
    outer loop
      vertex -11.239250183105469 6.153297424316406 0.5999951958656311
      vertex -11.239251136779785 6.153298377990723 6.198999404907227
      vertex -11.239251136779785 6.153298377990723 0.5999945998191833
    endloop
  endfacet
  facet normal 0 -0.0003995227915590642 -0.9999999201907664
    outer loop
      vertex -11.223664283752441 6.142704963684082 0.5999994277954102
      vertex -11.239250183105469 6.153297424316406 0.5999951958656311
      vertex -11.239249229431152 6.153297424316406 0.5999951958656311
    endloop
  endfacet
  facet normal -0.7071067811865475 0.7071067811865475 0
    outer loop
      vertex -11.194635391235352 -6.118690490722656 0.5999994277954102
      vertex -11.18130874633789 -6.105363845825195 6.198999404907227
      vertex -11.18130874633789 -6.105363845825195 0.5999994277954102
    endloop
  endfacet
  facet normal -0.7071067811865475 0.7071067811865475 0
    outer loop
      vertex -11.18130874633789 -6.105363845825195 6.198999404907227
      vertex -11.194635391235352 -6.118690490722656 0.5999994277954102
      vertex -11.194635391235352 -6.118690490722656 6.198999404907227
    endloop
  endfacet
  facet normal 0.5090378705197731 -0.8607441236376201 0
    outer loop
      vertex -11.560747146606445 6.153298377990723 0.5989999771118164
      vertex -11.544526100158691 6.162891387939453 6.198999404907227
      vertex -11.560747146606445 6.153298377990723 6.198999404907227
    endloop
  endfacet
  facet normal 0.5090378705197731 -0.8607441236376201 0
    outer loop
      vertex -11.544526100158691 6.162891387939453 6.198999404907227
      vertex -11.560747146606445 6.153298377990723 0.5989999771118164
      vertex -11.544526100158691 6.162891387939453 0.5989999771118164
    endloop
  endfacet
  facet normal 0.2790224565203386 0.9602845769652639 0
    outer loop
      vertex -11.47460651397705 -6.190574645996094 0.5989999771118164
      vertex -11.492704391479492 -6.18531608581543 6.198999404907227
      vertex -11.47460651397705 -6.190574645996094 6.198999404907227
    endloop
  endfacet
  facet normal 0.2790224565203386 0.9602845769652639 0
    outer loop
      vertex -11.492704391479492 -6.18531608581543 6.198999404907227
      vertex -11.47460651397705 -6.190574645996094 0.5989999771118164
      vertex -11.492704391479492 -6.18531608581543 0.5989999771118164
    endloop
  endfacet
  facet normal 0.09412132591765665 0.9955607344645038 0
    outer loop
      vertex -11.41883659362793 -6.199407577514648 0.5989999771118164
      vertex -11.437599182128906 -6.197633743286133 6.198999404907227
      vertex -11.41883659362793 -6.199407577514648 6.198999404907227
    endloop
  endfacet
  facet normal 0.09412132591765665 0.9955607344645038 0
    outer loop
      vertex -11.437599182128906 -6.197633743286133 6.198999404907227
      vertex -11.41883659362793 -6.199407577514648 0.5989999771118164
      vertex -11.437599182128906 -6.197633743286133 0.5989999771118164
    endloop
  endfacet
  facet normal 0.9408848315934861 0.3387266356183068 0
    outer loop
      vertex -11.678932189941406 -6.01043701171875 6.198999404907227
      vertex -11.68531608581543 -5.992704391479492 0.5989999771118164
      vertex -11.68531608581543 -5.992704391479492 6.198999404907227
    endloop
  endfacet
  facet normal 0.9408848315934861 0.3387266356183068 0
    outer loop
      vertex -11.68531608581543 -5.992704391479492 0.5989999771118164
      vertex -11.678932189941406 -6.01043701171875 6.198999404907227
      vertex -11.678932189941406 -6.01043701171875 0.5989999771118164
    endloop
  endfacet
  facet normal 0.8607441236376201 -0.5090378705197731 0
    outer loop
      vertex -11.662891387939453 6.044526100158691 6.198999404907227
      vertex -11.653298377990723 6.060747146606445 0.5989999771118164
      vertex -11.653298377990723 6.060747146606445 6.198999404907227
    endloop
  endfacet
  facet normal 0.8607441236376201 -0.5090378705197731 0
    outer loop
      vertex -11.653298377990723 6.060747146606445 0.5989999771118164
      vertex -11.662891387939453 6.044526100158691 6.198999404907227
      vertex -11.662891387939453 6.044526100158691 0.5989999771118164
    endloop
  endfacet
  facet normal -0.45400158273251634 -0.8910008770345684 0
    outer loop
      vertex -11.272265434265137 6.17144775390625 0.5999994277954102
      vertex -11.255473136901855 6.162891387939453 6.198999404907227
      vertex -11.272265434265137 6.17144775390625 6.198999404907227
    endloop
  endfacet
  facet normal -0.45400158273251634 -0.8910008770345684 0
    outer loop
      vertex -11.255473136901855 6.162891387939453 6.198999404907227
      vertex -11.272265434265137 6.17144775390625 0.5999994277954102
      vertex -11.255473136901855 6.162891387939453 0.5999994277954102
    endloop
  endfacet
  facet normal 0.7901362790005534 0.6129312038125971 0
    outer loop
      vertex -11.631153106689453 -6.091226577758789 6.198999404907227
      vertex -11.642704963684082 -6.0763349533081055 0.5989999771118164
      vertex -11.642704963684082 -6.0763349533081055 6.198999404907227
    endloop
  endfacet
  facet normal 0.7901362790005534 0.6129312038125971 0
    outer loop
      vertex -11.642704963684082 -6.0763349533081055 0.5989999771118164
      vertex -11.631153106689453 -6.091226577758789 6.198999404907227
      vertex -11.631153106689453 -6.091226577758789 0.5989999771118164
    endloop
  endfacet
  facet normal -0.6612801458526502 -0.7501390329139643 0
    outer loop
      vertex -11.208772659301758 6.131153106689453 0.5999994277954102
      vertex -11.194635391235352 6.118690490722656 6.198999404907227
      vertex -11.208772659301758 6.131153106689453 6.198999404907227
    endloop
  endfacet
  facet normal -0.6612801458526502 -0.7501390329139643 0
    outer loop
      vertex -11.194635391235352 6.118690490722656 6.198999404907227
      vertex -11.208772659301758 6.131153106689453 0.5999994277954102
      vertex -11.194635391235352 6.118690490722656 0.5999994277954102
    endloop
  endfacet
  facet normal 0.15640949256927125 -0.987692295522357 0
    outer loop
      vertex -11.45621395111084 6.194685935974121 0.5989999771118164
      vertex -11.437599182128906 6.197633743286133 6.198999404907227
      vertex -11.45621395111084 6.194685935974121 6.198999404907227
    endloop
  endfacet
  facet normal 0.15640949256927125 -0.987692295522357 0
    outer loop
      vertex -11.437599182128906 6.197633743286133 6.198999404907227
      vertex -11.45621395111084 6.194685935974121 0.5989999771118164
      vertex -11.437599182128906 6.197633743286133 0.5989999771118164
    endloop
  endfacet
  facet normal 0.8910113062938652 0.4539811142068577 0
    outer loop
      vertex -11.662891387939453 -6.044526100158691 6.198999404907227
      vertex -11.67144775390625 -6.027732849121094 0.5989999771118164
      vertex -11.67144775390625 -6.027732849121094 6.198999404907227
    endloop
  endfacet
  facet normal 0.8910113062938652 0.4539811142068577 0
    outer loop
      vertex -11.67144775390625 -6.027732849121094 0.5989999771118164
      vertex -11.662891387939453 -6.044526100158691 6.198999404907227
      vertex -11.662891387939453 -6.044526100158691 0.5989999771118164
    endloop
  endfacet
  facet normal 0.6129312038125971 -0.7901362790005534 0
    outer loop
      vertex -11.591226577758789 6.131153106689453 0.5989999771118164
      vertex -11.576334953308105 6.142704963684082 6.198999404907227
      vertex -11.591226577758789 6.131153106689453 6.198999404907227
    endloop
  endfacet
  facet normal 0.6129312038125971 -0.7901362790005534 0
    outer loop
      vertex -11.576334953308105 6.142704963684082 6.198999404907227
      vertex -11.591226577758789 6.131153106689453 0.5989999771118164
      vertex -11.576334953308105 6.142704963684082 0.5989999771118164
    endloop
  endfacet
  facet normal -0.5090156985725441 0.860757235581964 0
    outer loop
      vertex -11.239251136779785 -6.153298377990723 6.198999404907227
      vertex -11.255473136901855 -6.162891387939453 0.5999994277954102
      vertex -11.255473136901855 -6.162891387939453 6.198999404907227
    endloop
  endfacet
  facet normal -0.5090156985725441 0.860757235581964 0
    outer loop
      vertex -11.255473136901855 -6.162891387939453 0.5999994277954102
      vertex -11.239251136779785 -6.153298377990723 6.198999404907227
      vertex -11.239251136779785 -6.153298377990723 0.5999945998191833
    endloop
  endfacet
  facet normal -0.9408687039569372 0.33877143019208855 0
    outer loop
      vertex -11.12106704711914 -6.01043701171875 0.5999994277954102
      vertex -11.1146821975708 -5.992704391479492 6.198999404907227
      vertex -11.1146821975708 -5.992704391479492 0.5999994277954102
    endloop
  endfacet
  facet normal -0.9408687039569372 0.33877143019208855 0
    outer loop
      vertex -11.1146821975708 -5.992704391479492 6.198999404907227
      vertex -11.12106704711914 -6.01043701171875 0.5999994277954102
      vertex -11.12106704711914 -6.01043701171875 6.198999404907227
    endloop
  endfacet
  facet normal -0.6129312038125972 0.7901362790005536 0
    outer loop
      vertex -11.208772659301758 -6.131153106689453 0.5999994277954102
      vertex -11.223664283752441 -6.142704963684082 6.198999404907227
      vertex -11.208772659301758 -6.131153106689453 6.198999404907227
    endloop
  endfacet
  facet normal -0.6129312038125972 0.7901362790005536 0
    outer loop
      vertex -11.223664283752441 -6.142704963684082 6.198999404907227
      vertex -11.208772659301758 -6.131153106689453 0.5999994277954102
      vertex -11.223664283752441 -6.142704963684082 0.5999994277954102
    endloop
  endfacet
  facet normal -0.03142432711320473 -0.9995061338808693 0
    outer loop
      vertex -11.399999618530273 6.199999809265137 0.5999994277954102
      vertex -11.381162643432617 6.199407577514648 6.198999404907227
      vertex -11.399999618530273 6.199999809265137 6.198999404907227
    endloop
  endfacet
  facet normal -0.03142432711320473 -0.9995061338808693 0
    outer loop
      vertex -11.381162643432617 6.199407577514648 6.198999404907227
      vertex -11.399999618530273 6.199999809265137 0.5999994277954102
      vertex -11.381162643432617 6.199407577514648 0.5999994277954102
    endloop
  endfacet
  facet normal -0.031413061052077015 -0.9995064880206322 0
    outer loop
      vertex -11.399832725524902 6.1999945640563965 0.5989999771118164
      vertex -11.399999618530273 6.199999809265137 0.5999994277954102
      vertex -11.399999618530273 6.199999809265137 0.5989999771118164
    endloop
  endfacet
  facet normal 0.9602845769652639 -0.2790224565203386 0
    outer loop
      vertex -11.690574645996094 5.974606513977051 6.198999404907227
      vertex -11.68531608581543 5.992704391479492 0.5989999771118164
      vertex -11.68531608581543 5.992704391479492 6.198999404907227
    endloop
  endfacet
  facet normal 0.9602845769652639 -0.2790224565203386 0
    outer loop
      vertex -11.68531608581543 5.992704391479492 0.5989999771118164
      vertex -11.690574645996094 5.974606513977051 6.198999404907227
      vertex -11.690574645996094 5.974606513977051 0.5989999771118164
    endloop
  endfacet
  facet normal 0 0 -1
    outer loop
      vertex -11.699999809265137 -5.899999618530273 6.198999404907227
      vertex -11.09999942779541 -5.899999618530273 6.198999404907227
      vertex -11.100591659545898 -5.91883659362793 6.198999404907227
    endloop
  endfacet
  facet normal 0 0 -1
    outer loop
      vertex -11.09999942779541 -5.899999618530273 6.198999404907227
      vertex -11.699999809265137 -5.899999618530273 6.198999404907227
      vertex -11.09999942779541 5.899999618530273 6.198999404907227
    endloop
  endfacet
  facet normal 0 0 -1
    outer loop
      vertex -11.699999809265137 -5.899999618530273 6.198999404907227
      vertex -11.100591659545898 -5.91883659362793 6.198999404907227
      vertex -11.102365493774414 -5.937599182128906 6.198999404907227
    endloop
  endfacet
  facet normal 0 0 -1
    outer loop
      vertex -11.699999809265137 5.899999618530273 6.198999404907227
      vertex -11.09999942779541 5.899999618530273 6.198999404907227
      vertex -11.699999809265137 -5.899999618530273 6.198999404907227
    endloop
  endfacet
  facet normal 0 0 -1
    outer loop
      vertex -11.699999809265137 -5.899999618530273 6.198999404907227
      vertex -11.102365493774414 -5.937599182128906 6.198999404907227
      vertex -11.105313301086426 -5.95621395111084 6.198999404907227
    endloop
  endfacet
  facet normal 0 0 -1
    outer loop
      vertex -11.09999942779541 5.899999618530273 6.198999404907227
      vertex -11.699999809265137 5.899999618530273 6.198999404907227
      vertex -11.100591659545898 5.91883659362793 6.198999404907227
    endloop
  endfacet
  facet normal 0 0 -1
    outer loop
      vertex -11.699999809265137 -5.899999618530273 6.198999404907227
      vertex -11.105313301086426 -5.95621395111084 6.198999404907227
      vertex -11.109424591064453 -5.974606513977051 6.198999404907227
    endloop
  endfacet
  facet normal 0 0 -1
    outer loop
      vertex -11.100591659545898 5.91883659362793 6.198999404907227
      vertex -11.699999809265137 5.899999618530273 6.198999404907227
      vertex -11.102365493774414 5.937599182128906 6.198999404907227
    endloop
  endfacet
  facet normal 0 0 -1
    outer loop
      vertex -11.699999809265137 -5.899999618530273 6.198999404907227
      vertex -11.109424591064453 -5.974606513977051 6.198999404907227
      vertex -11.1146821975708 -5.992704391479492 6.198999404907227
    endloop
  endfacet
  facet normal 0 0 -1
    outer loop
      vertex -11.102365493774414 5.937599182128906 6.198999404907227
      vertex -11.699999809265137 5.899999618530273 6.198999404907227
      vertex -11.105313301086426 5.95621395111084 6.198999404907227
    endloop
  endfacet
  facet normal 0 0 -1
    outer loop
      vertex -11.699999809265137 -5.899999618530273 6.198999404907227
      vertex -11.1146821975708 -5.992704391479492 6.198999404907227
      vertex -11.12106704711914 -6.01043701171875 6.198999404907227
    endloop
  endfacet
  facet normal 0 0 -1
    outer loop
      vertex -11.105313301086426 5.95621395111084 6.198999404907227
      vertex -11.699999809265137 5.899999618530273 6.198999404907227
      vertex -11.109424591064453 5.974606513977051 6.198999404907227
    endloop
  endfacet
  facet normal 0 0 -1
    outer loop
      vertex -11.699999809265137 -5.899999618530273 6.198999404907227
      vertex -11.12106704711914 -6.01043701171875 6.198999404907227
      vertex -11.128551483154297 -6.027732849121094 6.198999404907227
    endloop
  endfacet
  facet normal 0 0 -1
    outer loop
      vertex -11.109424591064453 5.974606513977051 6.198999404907227
      vertex -11.699999809265137 5.899999618530273 6.198999404907227
      vertex -11.1146821975708 5.992704391479492 6.198999404907227
    endloop
  endfacet
  facet normal 0 0 -1
    outer loop
      vertex -11.699999809265137 -5.899999618530273 6.198999404907227
      vertex -11.128551483154297 -6.027732849121094 6.198999404907227
      vertex -11.137107849121094 -6.044526100158691 6.198999404907227
    endloop
  endfacet
  facet normal 0 0 -1
    outer loop
      vertex -11.1146821975708 5.992704391479492 6.198999404907227
      vertex -11.699999809265137 5.899999618530273 6.198999404907227
      vertex -11.12106704711914 6.01043701171875 6.198999404907227
    endloop
  endfacet
  facet normal 0 0 -1
    outer loop
      vertex -11.699999809265137 -5.899999618530273 6.198999404907227
      vertex -11.137107849121094 -6.044526100158691 6.198999404907227
      vertex -11.146700859069824 -6.060747146606445 6.198999404907227
    endloop
  endfacet
  facet normal 0 0 -1
    outer loop
      vertex -11.12106704711914 6.01043701171875 6.198999404907227
      vertex -11.699999809265137 5.899999618530273 6.198999404907227
      vertex -11.128551483154297 6.027732849121094 6.198999404907227
    endloop
  endfacet
  facet normal 0 0 -1
    outer loop
      vertex -11.699999809265137 -5.899999618530273 6.198999404907227
      vertex -11.146700859069824 -6.060747146606445 6.198999404907227
      vertex -11.157294273376465 -6.0763349533081055 6.198999404907227
    endloop
  endfacet
  facet normal 0 0 -1
    outer loop
      vertex -11.128551483154297 6.027732849121094 6.198999404907227
      vertex -11.699999809265137 5.899999618530273 6.198999404907227
      vertex -11.137107849121094 6.044526100158691 6.198999404907227
    endloop
  endfacet
  facet normal 0 0 -1
    outer loop
      vertex -11.699999809265137 -5.899999618530273 6.198999404907227
      vertex -11.157294273376465 -6.0763349533081055 6.198999404907227
      vertex -11.168845176696777 -6.091226577758789 6.198999404907227
    endloop
  endfacet
  facet normal 0 0 -1
    outer loop
      vertex -11.137107849121094 6.044526100158691 6.198999404907227
      vertex -11.699999809265137 5.899999618530273 6.198999404907227
      vertex -11.146700859069824 6.060747146606445 6.198999404907227
    endloop
  endfacet
  facet normal 0 0 -1
    outer loop
      vertex -11.699999809265137 -5.899999618530273 6.198999404907227
      vertex -11.168845176696777 -6.091226577758789 6.198999404907227
      vertex -11.18130874633789 -6.105363845825195 6.198999404907227
    endloop
  endfacet
  facet normal 0 0 -1
    outer loop
      vertex -11.146700859069824 6.060747146606445 6.198999404907227
      vertex -11.699999809265137 5.899999618530273 6.198999404907227
      vertex -11.157294273376465 6.0763349533081055 6.198999404907227
    endloop
  endfacet
  facet normal 0 0 -1
    outer loop
      vertex -11.699999809265137 -5.899999618530273 6.198999404907227
      vertex -11.18130874633789 -6.105363845825195 6.198999404907227
      vertex -11.194635391235352 -6.118690490722656 6.198999404907227
    endloop
  endfacet
  facet normal 0 0 -1
    outer loop
      vertex -11.157294273376465 6.0763349533081055 6.198999404907227
      vertex -11.699999809265137 5.899999618530273 6.198999404907227
      vertex -11.168845176696777 6.091226577758789 6.198999404907227
    endloop
  endfacet
  facet normal 0 0 -1
    outer loop
      vertex -11.699999809265137 -5.899999618530273 6.198999404907227
      vertex -11.194635391235352 -6.118690490722656 6.198999404907227
      vertex -11.208772659301758 -6.131153106689453 6.198999404907227
    endloop
  endfacet
  facet normal 0 0 -1
    outer loop
      vertex -11.168845176696777 6.091226577758789 6.198999404907227
      vertex -11.699999809265137 5.899999618530273 6.198999404907227
      vertex -11.18130874633789 6.105363845825195 6.198999404907227
    endloop
  endfacet
  facet normal 0 0 -1
    outer loop
      vertex -11.699999809265137 -5.899999618530273 6.198999404907227
      vertex -11.208772659301758 -6.131153106689453 6.198999404907227
      vertex -11.223664283752441 -6.142704963684082 6.198999404907227
    endloop
  endfacet
  facet normal 0 0 -1
    outer loop
      vertex -11.18130874633789 6.105363845825195 6.198999404907227
      vertex -11.699999809265137 5.899999618530273 6.198999404907227
      vertex -11.194635391235352 6.118690490722656 6.198999404907227
    endloop
  endfacet
  facet normal 0 0 -1
    outer loop
      vertex -11.699999809265137 -5.899999618530273 6.198999404907227
      vertex -11.223664283752441 -6.142704963684082 6.198999404907227
      vertex -11.239251136779785 -6.153298377990723 6.198999404907227
    endloop
  endfacet
  facet normal 0 0 -1
    outer loop
      vertex -11.194635391235352 6.118690490722656 6.198999404907227
      vertex -11.699999809265137 5.899999618530273 6.198999404907227
      vertex -11.208772659301758 6.131153106689453 6.198999404907227
    endloop
  endfacet
  facet normal 0 0 -1
    outer loop
      vertex -11.699999809265137 -5.899999618530273 6.198999404907227
      vertex -11.239251136779785 -6.153298377990723 6.198999404907227
      vertex -11.255473136901855 -6.162891387939453 6.198999404907227
    endloop
  endfacet
  facet normal 0 0 -1
    outer loop
      vertex -11.208772659301758 6.131153106689453 6.198999404907227
      vertex -11.699999809265137 5.899999618530273 6.198999404907227
      vertex -11.223664283752441 6.142704963684082 6.198999404907227
    endloop
  endfacet
  facet normal 0 0 -1
    outer loop
      vertex -11.699999809265137 -5.899999618530273 6.198999404907227
      vertex -11.255473136901855 -6.162891387939453 6.198999404907227
      vertex -11.272265434265137 -6.17144775390625 6.198999404907227
    endloop
  endfacet
  facet normal 0 0 -1
    outer loop
      vertex -11.223664283752441 6.142704963684082 6.198999404907227
      vertex -11.699999809265137 5.899999618530273 6.198999404907227
      vertex -11.239251136779785 6.153298377990723 6.198999404907227
    endloop
  endfacet
  facet normal 0 0 -1
    outer loop
      vertex -11.699999809265137 -5.899999618530273 6.198999404907227
      vertex -11.272265434265137 -6.17144775390625 6.198999404907227
      vertex -11.289562225341797 -6.178932189941406 6.198999404907227
    endloop
  endfacet
  facet normal 0 0 -1
    outer loop
      vertex -11.239251136779785 6.153298377990723 6.198999404907227
      vertex -11.699999809265137 5.899999618530273 6.198999404907227
      vertex -11.255473136901855 6.162891387939453 6.198999404907227
    endloop
  endfacet
  facet normal 0 0 -1
    outer loop
      vertex -11.699999809265137 -5.899999618530273 6.198999404907227
      vertex -11.289562225341797 -6.178932189941406 6.198999404907227
      vertex -11.307294845581055 -6.18531608581543 6.198999404907227
    endloop
  endfacet
  facet normal 0 0 -1
    outer loop
      vertex -11.255473136901855 6.162891387939453 6.198999404907227
      vertex -11.699999809265137 5.899999618530273 6.198999404907227
      vertex -11.272265434265137 6.17144775390625 6.198999404907227
    endloop
  endfacet
  facet normal 0 0 -1
    outer loop
      vertex -11.699999809265137 -5.899999618530273 6.198999404907227
      vertex -11.307294845581055 -6.18531608581543 6.198999404907227
      vertex -11.325392723083496 -6.190574645996094 6.198999404907227
    endloop
  endfacet
  facet normal 0 0 -1
    outer loop
      vertex -11.272265434265137 6.17144775390625 6.198999404907227
      vertex -11.699999809265137 5.899999618530273 6.198999404907227
      vertex -11.289562225341797 6.178932189941406 6.198999404907227
    endloop
  endfacet
  facet normal 0 0 -1
    outer loop
      vertex -11.699999809265137 -5.899999618530273 6.198999404907227
      vertex -11.325392723083496 -6.190574645996094 6.198999404907227
      vertex -11.343785285949707 -6.194685935974121 6.198999404907227
    endloop
  endfacet
  facet normal 0 0 -1
    outer loop
      vertex -11.289562225341797 6.178932189941406 6.198999404907227
      vertex -11.699999809265137 5.899999618530273 6.198999404907227
      vertex -11.307294845581055 6.18531608581543 6.198999404907227
    endloop
  endfacet
  facet normal 0 0 -1
    outer loop
      vertex -11.699999809265137 -5.899999618530273 6.198999404907227
      vertex -11.343785285949707 -6.194685935974121 6.198999404907227
      vertex -11.362399101257324 -6.197633743286133 6.198999404907227
    endloop
  endfacet
  facet normal 0 0 -1
    outer loop
      vertex -11.307294845581055 6.18531608581543 6.198999404907227
      vertex -11.699999809265137 5.899999618530273 6.198999404907227
      vertex -11.325392723083496 6.190574645996094 6.198999404907227
    endloop
  endfacet
  facet normal 0 0 -1
    outer loop
      vertex -11.699999809265137 -5.899999618530273 6.198999404907227
      vertex -11.362399101257324 -6.197633743286133 6.198999404907227
      vertex -11.381162643432617 -6.199407577514648 6.198999404907227
    endloop
  endfacet
  facet normal 0 0 -1
    outer loop
      vertex -11.325392723083496 6.190574645996094 6.198999404907227
      vertex -11.699999809265137 5.899999618530273 6.198999404907227
      vertex -11.343785285949707 6.194685935974121 6.198999404907227
    endloop
  endfacet
  facet normal 0 0 -1
    outer loop
      vertex -11.699999809265137 -5.899999618530273 6.198999404907227
      vertex -11.381162643432617 -6.199407577514648 6.198999404907227
      vertex -11.399999618530273 -6.199999809265137 6.198999404907227
    endloop
  endfacet
  facet normal 0 0 -1
    outer loop
      vertex -11.343785285949707 6.194685935974121 6.198999404907227
      vertex -11.699999809265137 5.899999618530273 6.198999404907227
      vertex -11.362399101257324 6.197633743286133 6.198999404907227
    endloop
  endfacet
  facet normal 0 0 -1
    outer loop
      vertex -11.699999809265137 -5.899999618530273 6.198999404907227
      vertex -11.399999618530273 -6.199999809265137 6.198999404907227
      vertex -11.41883659362793 -6.199407577514648 6.198999404907227
    endloop
  endfacet
  facet normal 0 0 -1
    outer loop
      vertex -11.362399101257324 6.197633743286133 6.198999404907227
      vertex -11.699999809265137 5.899999618530273 6.198999404907227
      vertex -11.381162643432617 6.199407577514648 6.198999404907227
    endloop
  endfacet
  facet normal 0 0 -1
    outer loop
      vertex -11.699999809265137 -5.899999618530273 6.198999404907227
      vertex -11.41883659362793 -6.199407577514648 6.198999404907227
      vertex -11.437599182128906 -6.197633743286133 6.198999404907227
    endloop
  endfacet
  facet normal 0 0 -1
    outer loop
      vertex -11.381162643432617 6.199407577514648 6.198999404907227
      vertex -11.699999809265137 5.899999618530273 6.198999404907227
      vertex -11.399999618530273 6.199999809265137 6.198999404907227
    endloop
  endfacet
  facet normal 0 0 -1
    outer loop
      vertex -11.699999809265137 -5.899999618530273 6.198999404907227
      vertex -11.437599182128906 -6.197633743286133 6.198999404907227
      vertex -11.45621395111084 -6.194685935974121 6.198999404907227
    endloop
  endfacet
  facet normal 0 0 -1
    outer loop
      vertex -11.399999618530273 6.199999809265137 6.198999404907227
      vertex -11.699999809265137 5.899999618530273 6.198999404907227
      vertex -11.41883659362793 6.199407577514648 6.198999404907227
    endloop
  endfacet
  facet normal 0 0 -1
    outer loop
      vertex -11.699999809265137 -5.899999618530273 6.198999404907227
      vertex -11.45621395111084 -6.194685935974121 6.198999404907227
      vertex -11.47460651397705 -6.190574645996094 6.198999404907227
    endloop
  endfacet
  facet normal 0 0 -1
    outer loop
      vertex -11.41883659362793 6.199407577514648 6.198999404907227
      vertex -11.699999809265137 5.899999618530273 6.198999404907227
      vertex -11.437599182128906 6.197633743286133 6.198999404907227
    endloop
  endfacet
  facet normal 0 0 -1
    outer loop
      vertex -11.699999809265137 -5.899999618530273 6.198999404907227
      vertex -11.47460651397705 -6.190574645996094 6.198999404907227
      vertex -11.492704391479492 -6.18531608581543 6.198999404907227
    endloop
  endfacet
  facet normal 0 0 -1
    outer loop
      vertex -11.437599182128906 6.197633743286133 6.198999404907227
      vertex -11.699999809265137 5.899999618530273 6.198999404907227
      vertex -11.45621395111084 6.194685935974121 6.198999404907227
    endloop
  endfacet
  facet normal 0 0 -1
    outer loop
      vertex -11.699999809265137 -5.899999618530273 6.198999404907227
      vertex -11.492704391479492 -6.18531608581543 6.198999404907227
      vertex -11.51043701171875 -6.178932189941406 6.198999404907227
    endloop
  endfacet
  facet normal 0 0 -1
    outer loop
      vertex -11.45621395111084 6.194685935974121 6.198999404907227
      vertex -11.699999809265137 5.899999618530273 6.198999404907227
      vertex -11.47460651397705 6.190574645996094 6.198999404907227
    endloop
  endfacet
  facet normal 0 0 -1
    outer loop
      vertex -11.699999809265137 -5.899999618530273 6.198999404907227
      vertex -11.51043701171875 -6.178932189941406 6.198999404907227
      vertex -11.527732849121094 -6.17144775390625 6.198999404907227
    endloop
  endfacet
  facet normal 0 0 -1
    outer loop
      vertex -11.47460651397705 6.190574645996094 6.198999404907227
      vertex -11.699999809265137 5.899999618530273 6.198999404907227
      vertex -11.492704391479492 6.18531608581543 6.198999404907227
    endloop
  endfacet
  facet normal 0 0 -1
    outer loop
      vertex -11.699999809265137 -5.899999618530273 6.198999404907227
      vertex -11.527732849121094 -6.17144775390625 6.198999404907227
      vertex -11.544526100158691 -6.162891387939453 6.198999404907227
    endloop
  endfacet
  facet normal 0 0 -1
    outer loop
      vertex -11.492704391479492 6.18531608581543 6.198999404907227
      vertex -11.699999809265137 5.899999618530273 6.198999404907227
      vertex -11.51043701171875 6.178932189941406 6.198999404907227
    endloop
  endfacet
  facet normal 0 0 -1
    outer loop
      vertex -11.699999809265137 -5.899999618530273 6.198999404907227
      vertex -11.544526100158691 -6.162891387939453 6.198999404907227
      vertex -11.560747146606445 -6.153298377990723 6.198999404907227
    endloop
  endfacet
  facet normal 0 0 -1
    outer loop
      vertex -11.51043701171875 6.178932189941406 6.198999404907227
      vertex -11.699999809265137 5.899999618530273 6.198999404907227
      vertex -11.527732849121094 6.17144775390625 6.198999404907227
    endloop
  endfacet
  facet normal 0 0 -1
    outer loop
      vertex -11.699999809265137 -5.899999618530273 6.198999404907227
      vertex -11.560747146606445 -6.153298377990723 6.198999404907227
      vertex -11.576334953308105 -6.142704963684082 6.198999404907227
    endloop
  endfacet
  facet normal 0 0 -1
    outer loop
      vertex -11.527732849121094 6.17144775390625 6.198999404907227
      vertex -11.699999809265137 5.899999618530273 6.198999404907227
      vertex -11.544526100158691 6.162891387939453 6.198999404907227
    endloop
  endfacet
  facet normal 0 0 -1
    outer loop
      vertex -11.699999809265137 -5.899999618530273 6.198999404907227
      vertex -11.576334953308105 -6.142704963684082 6.198999404907227
      vertex -11.591226577758789 -6.131153106689453 6.198999404907227
    endloop
  endfacet
  facet normal 0 0 -1
    outer loop
      vertex -11.544526100158691 6.162891387939453 6.198999404907227
      vertex -11.699999809265137 5.899999618530273 6.198999404907227
      vertex -11.560747146606445 6.153298377990723 6.198999404907227
    endloop
  endfacet
  facet normal 0 0 -1
    outer loop
      vertex -11.699999809265137 -5.899999618530273 6.198999404907227
      vertex -11.591226577758789 -6.131153106689453 6.198999404907227
      vertex -11.605363845825195 -6.118690490722656 6.198999404907227
    endloop
  endfacet
  facet normal 0 0 -1
    outer loop
      vertex -11.560747146606445 6.153298377990723 6.198999404907227
      vertex -11.699999809265137 5.899999618530273 6.198999404907227
      vertex -11.576334953308105 6.142704963684082 6.198999404907227
    endloop
  endfacet
  facet normal 0 0 -1
    outer loop
      vertex -11.699999809265137 -5.899999618530273 6.198999404907227
      vertex -11.605363845825195 -6.118690490722656 6.198999404907227
      vertex -11.618690490722656 -6.105363845825195 6.198999404907227
    endloop
  endfacet
  facet normal 0 0 -1
    outer loop
      vertex -11.576334953308105 6.142704963684082 6.198999404907227
      vertex -11.699999809265137 5.899999618530273 6.198999404907227
      vertex -11.591226577758789 6.131153106689453 6.198999404907227
    endloop
  endfacet
  facet normal 0 0 -1
    outer loop
      vertex -11.699999809265137 -5.899999618530273 6.198999404907227
      vertex -11.618690490722656 -6.105363845825195 6.198999404907227
      vertex -11.631153106689453 -6.091226577758789 6.198999404907227
    endloop
  endfacet
  facet normal 0 0 -1
    outer loop
      vertex -11.591226577758789 6.131153106689453 6.198999404907227
      vertex -11.699999809265137 5.899999618530273 6.198999404907227
      vertex -11.605363845825195 6.118690490722656 6.198999404907227
    endloop
  endfacet
  facet normal 0 0 -1
    outer loop
      vertex -11.699999809265137 -5.899999618530273 6.198999404907227
      vertex -11.631153106689453 -6.091226577758789 6.198999404907227
      vertex -11.642704963684082 -6.0763349533081055 6.198999404907227
    endloop
  endfacet
  facet normal 0 0 -1
    outer loop
      vertex -11.605363845825195 6.118690490722656 6.198999404907227
      vertex -11.699999809265137 5.899999618530273 6.198999404907227
      vertex -11.618690490722656 6.105363845825195 6.198999404907227
    endloop
  endfacet
  facet normal 0 0 -1
    outer loop
      vertex -11.699999809265137 -5.899999618530273 6.198999404907227
      vertex -11.642704963684082 -6.0763349533081055 6.198999404907227
      vertex -11.653298377990723 -6.060747146606445 6.198999404907227
    endloop
  endfacet
  facet normal 0 0 -1
    outer loop
      vertex -11.618690490722656 6.105363845825195 6.198999404907227
      vertex -11.699999809265137 5.899999618530273 6.198999404907227
      vertex -11.631153106689453 6.091226577758789 6.198999404907227
    endloop
  endfacet
  facet normal 0 0 -1
    outer loop
      vertex -11.699999809265137 -5.899999618530273 6.198999404907227
      vertex -11.653298377990723 -6.060747146606445 6.198999404907227
      vertex -11.662891387939453 -6.044526100158691 6.198999404907227
    endloop
  endfacet
  facet normal 0 0 -1
    outer loop
      vertex -11.631153106689453 6.091226577758789 6.198999404907227
      vertex -11.699999809265137 5.899999618530273 6.198999404907227
      vertex -11.642704963684082 6.0763349533081055 6.198999404907227
    endloop
  endfacet
  facet normal 0 0 -1
    outer loop
      vertex -11.699999809265137 -5.899999618530273 6.198999404907227
      vertex -11.662891387939453 -6.044526100158691 6.198999404907227
      vertex -11.67144775390625 -6.027732849121094 6.198999404907227
    endloop
  endfacet
  facet normal 0 0 -1
    outer loop
      vertex -11.642704963684082 6.0763349533081055 6.198999404907227
      vertex -11.699999809265137 5.899999618530273 6.198999404907227
      vertex -11.653298377990723 6.060747146606445 6.198999404907227
    endloop
  endfacet
  facet normal 0 0 -1
    outer loop
      vertex -11.699999809265137 -5.899999618530273 6.198999404907227
      vertex -11.67144775390625 -6.027732849121094 6.198999404907227
      vertex -11.678932189941406 -6.01043701171875 6.198999404907227
    endloop
  endfacet
  facet normal 0 0 -1
    outer loop
      vertex -11.653298377990723 6.060747146606445 6.198999404907227
      vertex -11.699999809265137 5.899999618530273 6.198999404907227
      vertex -11.662891387939453 6.044526100158691 6.198999404907227
    endloop
  endfacet
  facet normal 0 0 -1
    outer loop
      vertex -11.699999809265137 -5.899999618530273 6.198999404907227
      vertex -11.678932189941406 -6.01043701171875 6.198999404907227
      vertex -11.68531608581543 -5.992704391479492 6.198999404907227
    endloop
  endfacet
  facet normal 0 0 -1
    outer loop
      vertex -11.662891387939453 6.044526100158691 6.198999404907227
      vertex -11.699999809265137 5.899999618530273 6.198999404907227
      vertex -11.67144775390625 6.027732849121094 6.198999404907227
    endloop
  endfacet
  facet normal 0 0 -1
    outer loop
      vertex -11.699999809265137 -5.899999618530273 6.198999404907227
      vertex -11.68531608581543 -5.992704391479492 6.198999404907227
      vertex -11.690574645996094 -5.974606513977051 6.198999404907227
    endloop
  endfacet
  facet normal 0 0 -1
    outer loop
      vertex -11.67144775390625 6.027732849121094 6.198999404907227
      vertex -11.699999809265137 5.899999618530273 6.198999404907227
      vertex -11.678932189941406 6.01043701171875 6.198999404907227
    endloop
  endfacet
  facet normal 0 0 -1
    outer loop
      vertex -11.699999809265137 -5.899999618530273 6.198999404907227
      vertex -11.690574645996094 -5.974606513977051 6.198999404907227
      vertex -11.694685935974121 -5.95621395111084 6.198999404907227
    endloop
  endfacet
  facet normal 0 0 -1
    outer loop
      vertex -11.678932189941406 6.01043701171875 6.198999404907227
      vertex -11.699999809265137 5.899999618530273 6.198999404907227
      vertex -11.68531608581543 5.992704391479492 6.198999404907227
    endloop
  endfacet
  facet normal 0 0 -1
    outer loop
      vertex -11.699999809265137 -5.899999618530273 6.198999404907227
      vertex -11.694685935974121 -5.95621395111084 6.198999404907227
      vertex -11.697633743286133 -5.937599182128906 6.198999404907227
    endloop
  endfacet
  facet normal 0 0 -1
    outer loop
      vertex -11.68531608581543 5.992704391479492 6.198999404907227
      vertex -11.699999809265137 5.899999618530273 6.198999404907227
      vertex -11.690574645996094 5.974606513977051 6.198999404907227
    endloop
  endfacet
  facet normal 0 0 -1
    outer loop
      vertex -11.699999809265137 -5.899999618530273 6.198999404907227
      vertex -11.697633743286133 -5.937599182128906 6.198999404907227
      vertex -11.699407577514648 -5.91883659362793 6.198999404907227
    endloop
  endfacet
  facet normal 0 0 -1
    outer loop
      vertex -11.690574645996094 5.974606513977051 6.198999404907227
      vertex -11.699999809265137 5.899999618530273 6.198999404907227
      vertex -11.694685935974121 5.95621395111084 6.198999404907227
    endloop
  endfacet
  facet normal 0 0 -1
    outer loop
      vertex -11.694685935974121 5.95621395111084 6.198999404907227
      vertex -11.699999809265137 5.899999618530273 6.198999404907227
      vertex -11.697633743286133 5.937599182128906 6.198999404907227
    endloop
  endfacet
  facet normal 0 0 -1
    outer loop
      vertex -11.697633743286133 5.937599182128906 6.198999404907227
      vertex -11.699999809265137 5.899999618530273 6.198999404907227
      vertex -11.699407577514648 5.91883659362793 6.198999404907227
    endloop
  endfacet
  facet normal -0.8270817629306937 0.5620816287937684 0
    outer loop
      vertex -11.157294273376465 -6.0763349533081055 0.5999994277954102
      vertex -11.146700859069824 -6.060747146606445 6.198999404907227
      vertex -11.146700859069824 -6.060747146606445 0.5999994277954102
    endloop
  endfacet
  facet normal -0.8270817629306937 0.5620816287937684 0
    outer loop
      vertex -11.146700859069824 -6.060747146606445 6.198999404907227
      vertex -11.157294273376465 -6.0763349533081055 0.5999994277954102
      vertex -11.157294273376465 -6.0763349533081055 6.198999404907227
    endloop
  endfacet
  facet normal 0.7501390329139644 -0.6612801458526503 0
    outer loop
      vertex -11.631153106689453 6.091226577758789 6.198999404907227
      vertex -11.618690490722656 6.105363845825195 0.5989999771118164
      vertex -11.618690490722656 6.105363845825195 6.198999404907227
    endloop
  endfacet
  facet normal 0.7501390329139644 -0.6612801458526503 0
    outer loop
      vertex -11.618690490722656 6.105363845825195 0.5989999771118164
      vertex -11.631153106689453 6.091226577758789 6.198999404907227
      vertex -11.631153106689453 6.091226577758789 0.5989999771118164
    endloop
  endfacet
  facet normal -0.03142432711320473 0.9995061338808693 0
    outer loop
      vertex -11.381162643432617 -6.199407577514648 0.5999994277954102
      vertex -11.399999618530273 -6.199999809265137 6.198999404907227
      vertex -11.381162643432617 -6.199407577514648 6.198999404907227
    endloop
  endfacet
  facet normal -0.03142432711320473 0.9995061338808693 0
    outer loop
      vertex -11.399999618530273 -6.199999809265137 6.198999404907227
      vertex -11.381162643432617 -6.199407577514648 0.5999994277954102
      vertex -11.399999618530273 -6.199999809265137 0.5999994277954102
    endloop
  endfacet
  facet normal -0.031413061052077015 0.9995064880206322 0
    outer loop
      vertex -11.399999618530273 -6.199999809265137 0.5999994277954102
      vertex -11.399832725524902 -6.1999945640563965 0.5989999771118164
      vertex -11.399999618530273 -6.199999809265137 0.5989999771118164
    endloop
  endfacet
  facet normal 0.8607441236376201 0.5090378705197731 0
    outer loop
      vertex -11.653298377990723 -6.060747146606445 6.198999404907227
      vertex -11.662891387939453 -6.044526100158691 0.5989999771118164
      vertex -11.662891387939453 -6.044526100158691 6.198999404907227
    endloop
  endfacet
  facet normal 0.8607441236376201 0.5090378705197731 0
    outer loop
      vertex -11.662891387939453 -6.044526100158691 0.5989999771118164
      vertex -11.653298377990723 -6.060747146606445 6.198999404907227
      vertex -11.653298377990723 -6.060747146606445 0.5989999771118164
    endloop
  endfacet
  facet normal 0.15640949256927125 0.987692295522357 0
    outer loop
      vertex -11.437599182128906 -6.197633743286133 0.5989999771118164
      vertex -11.45621395111084 -6.194685935974121 6.198999404907227
      vertex -11.437599182128906 -6.197633743286133 6.198999404907227
    endloop
  endfacet
  facet normal 0.15640949256927125 0.987692295522357 0
    outer loop
      vertex -11.45621395111084 -6.194685935974121 6.198999404907227
      vertex -11.437599182128906 -6.197633743286133 0.5989999771118164
      vertex -11.45621395111084 -6.194685935974121 0.5989999771118164
    endloop
  endfacet
  facet normal 0.5620816287937684 -0.8270817629306937 0
    outer loop
      vertex -11.576334953308105 6.142704963684082 0.5989999771118164
      vertex -11.560747146606445 6.153298377990723 6.198999404907227
      vertex -11.576334953308105 6.142704963684082 6.198999404907227
    endloop
  endfacet
  facet normal 0.5620816287937684 -0.8270817629306937 0
    outer loop
      vertex -11.560747146606445 6.153298377990723 6.198999404907227
      vertex -11.576334953308105 6.142704963684082 0.5989999771118164
      vertex -11.560747146606445 6.153298377990723 0.5989999771118164
    endloop
  endfacet
  facet normal -0.9955607344645038 0.09412132591765665 0
    outer loop
      vertex -11.102365493774414 -5.937599182128906 0.5999994277954102
      vertex -11.100591659545898 -5.91883659362793 6.198999404907227
      vertex -11.100591659545898 -5.91883659362793 0.5999994277954102
    endloop
  endfacet
  facet normal -0.9955607344645038 0.09412132591765665 0
    outer loop
      vertex -11.100591659545898 -5.91883659362793 6.198999404907227
      vertex -11.102365493774414 -5.937599182128906 0.5999994277954102
      vertex -11.102365493774414 -5.937599182128906 6.198999404907227
    endloop
  endfacet
  facet normal 0.9995061338808694 0.03142432711320473 0
    outer loop
      vertex -11.699407577514648 -5.91883659362793 6.198999404907227
      vertex -11.699999809265137 -5.899999618530273 6
      vertex -11.699999809265137 -5.899999618530273 6.198999404907227
    endloop
  endfacet
  facet normal 0.9995061338808693 0.03142432711320473 0
    outer loop
      vertex -11.699999809265137 -5.899999618530273 6
      vertex -11.699407577514648 -5.91883659362793 6.198999404907227
      vertex -11.699999809265137 -5.899999618530273 5.59999942779541
    endloop
  endfacet
  facet normal 0.9995061338808694 0.03142432711320473 0
    outer loop
      vertex -11.699407577514648 -5.91883659362793 0.5989999771118164
      vertex -11.699999809265137 -5.899999618530273 5.59999942779541
      vertex -11.699407577514648 -5.91883659362793 6.198999404907227
    endloop
  endfacet
  facet normal 0.9995061338808694 0.03142432711320473 0
    outer loop
      vertex -11.699999809265137 -5.899999618530273 5.59999942779541
      vertex -11.699407577514648 -5.91883659362793 0.5989999771118164
      vertex -11.699999809265137 -5.899999618530273 0.5989999771118164
    endloop
  endfacet
  facet normal -0.7501139314862981 0.6613086191712378 0
    outer loop
      vertex -11.18130874633789 -6.105363845825195 0.5999994277954102
      vertex -11.168845176696777 -6.091226577758789 6.198999404907227
      vertex -11.168845176696777 -6.091226577758789 0.5999994277954102
    endloop
  endfacet
  facet normal -0.7501139314862981 0.6613086191712378 0
    outer loop
      vertex -11.168845176696777 -6.091226577758789 6.198999404907227
      vertex -11.18130874633789 -6.105363845825195 0.5999994277954102
      vertex -11.18130874633789 -6.105363845825195 6.198999404907227
    endloop
  endfacet
  facet normal -0.5621051535609614 0.8270657750990594 0
    outer loop
      vertex -11.223664283752441 -6.142704963684082 0.5999994277954102
      vertex -11.239251136779785 -6.153298377990723 6.198999404907227
      vertex -11.223664283752441 -6.142704963684082 6.198999404907227
    endloop
  endfacet
  facet normal -0.5621175911341524 0.8270573219176137 -5.061808890290687e-8
    outer loop
      vertex -11.239249229431152 -6.153297424316406 0.5999951958656311
      vertex -11.239251136779785 -6.153298377990723 6.198999404907227
      vertex -11.223664283752441 -6.142704963684082 0.5999994277954102
    endloop
  endfacet
  facet normal 0 0.9999999999999856 1.7032927299218456e-7
    outer loop
      vertex -11.239250183105469 -6.153297424316406 0.5999951958656311
      vertex -11.239251136779785 -6.153298377990723 6.198999404907227
      vertex -11.239249229431152 -6.153297424316406 0.5999951958656311
    endloop
  endfacet
  facet normal -0.7071067811865475 0.7071067811865475 0
    outer loop
      vertex -11.239251136779785 -6.153298377990723 6.198999404907227
      vertex -11.239250183105469 -6.153297424316406 0.5999951958656311
      vertex -11.239251136779785 -6.153298377990723 0.5999945998191833
    endloop
  endfacet
  facet normal -0.3971231383988389 -0.9177653365366643 0
    outer loop
      vertex -11.289562225341797 6.178932189941406 0.5999994277954102
      vertex -11.272265434265137 6.17144775390625 6.198999404907227
      vertex -11.289562225341797 6.178932189941406 6.198999404907227
    endloop
  endfacet
  facet normal -0.3971231383988389 -0.9177653365366643 0
    outer loop
      vertex -11.272265434265137 6.17144775390625 6.198999404907227
      vertex -11.289562225341797 6.178932189941406 0.5999994277954102
      vertex -11.272265434265137 6.17144775390625 0.5999994277954102
    endloop
  endfacet
  facet normal 0.9177573557291627 0.3971415818131048 0
    outer loop
      vertex -11.67144775390625 -6.027732849121094 6.198999404907227
      vertex -11.678932189941406 -6.01043701171875 0.5989999771118164
      vertex -11.678932189941406 -6.01043701171875 6.198999404907227
    endloop
  endfacet
  facet normal 0.9177573557291627 0.3971415818131048 0
    outer loop
      vertex -11.678932189941406 -6.01043701171875 0.5989999771118164
      vertex -11.67144775390625 -6.027732849121094 6.198999404907227
      vertex -11.67144775390625 -6.027732849121094 0.5989999771118164
    endloop
  endfacet
  facet normal -0.9955607344645038 -0.09412132591765665 0
    outer loop
      vertex -11.100591659545898 5.91883659362793 0.5999994277954102
      vertex -11.102365493774414 5.937599182128906 6.198999404907227
      vertex -11.102365493774414 5.937599182128906 0.5999994277954102
    endloop
  endfacet
  facet normal -0.9955607344645038 -0.09412132591765665 0
    outer loop
      vertex -11.102365493774414 5.937599182128906 6.198999404907227
      vertex -11.100591659545898 5.91883659362793 0.5999994277954102
      vertex -11.100591659545898 5.91883659362793 6.198999404907227
    endloop
  endfacet
  facet normal 0.7071067811865475 -0.7071067811865475 0
    outer loop
      vertex -11.618690490722656 6.105363845825195 6.198999404907227
      vertex -11.605363845825195 6.118690490722656 0.5989999771118164
      vertex -11.605363845825195 6.118690490722656 6.198999404907227
    endloop
  endfacet
  facet normal 0.7071067811865475 -0.7071067811865475 0
    outer loop
      vertex -11.605363845825195 6.118690490722656 0.5989999771118164
      vertex -11.618690490722656 6.105363845825195 6.198999404907227
      vertex -11.618690490722656 6.105363845825195 0.5989999771118164
    endloop
  endfacet
  facet normal 0.7501390329139644 0.6612801458526503 0
    outer loop
      vertex -11.618690490722656 -6.105363845825195 6.198999404907227
      vertex -11.631153106689453 -6.091226577758789 0.5989999771118164
      vertex -11.631153106689453 -6.091226577758789 6.198999404907227
    endloop
  endfacet
  facet normal 0.7501390329139644 0.6612801458526503 0
    outer loop
      vertex -11.631153106689453 -6.091226577758789 0.5989999771118164
      vertex -11.618690490722656 -6.105363845825195 6.198999404907227
      vertex -11.618690490722656 -6.105363845825195 0.5989999771118164
    endloop
  endfacet
  facet normal 0.2181465306982852 -0.9759160266868774 0
    outer loop
      vertex -11.47460651397705 6.190574645996094 0.5989999771118164
      vertex -11.45621395111084 6.194685935974121 6.198999404907227
      vertex -11.47460651397705 6.190574645996094 6.198999404907227
    endloop
  endfacet
  facet normal 0.2181465306982852 -0.9759160266868774 0
    outer loop
      vertex -11.45621395111084 6.194685935974121 6.198999404907227
      vertex -11.47460651397705 6.190574645996094 0.5989999771118164
      vertex -11.45621395111084 6.194685935974121 0.5989999771118164
    endloop
  endfacet
  facet normal 0.6129312038125971 0.7901362790005534 0
    outer loop
      vertex -11.576334953308105 -6.142704963684082 0.5989999771118164
      vertex -11.591226577758789 -6.131153106689453 6.198999404907227
      vertex -11.576334953308105 -6.142704963684082 6.198999404907227
    endloop
  endfacet
  facet normal 0.6129312038125971 0.7901362790005534 0
    outer loop
      vertex -11.591226577758789 -6.131153106689453 6.198999404907227
      vertex -11.576334953308105 -6.142704963684082 0.5989999771118164
      vertex -11.591226577758789 -6.131153106689453 0.5989999771118164
    endloop
  endfacet
  facet normal 0.6612801458526503 0.7501390329139644 0
    outer loop
      vertex -11.591226577758789 -6.131153106689453 0.5989999771118164
      vertex -11.605363845825195 -6.118690490722656 6.198999404907227
      vertex -11.591226577758789 -6.131153106689453 6.198999404907227
    endloop
  endfacet
  facet normal 0.6612801458526503 0.7501390329139644 0
    outer loop
      vertex -11.605363845825195 -6.118690490722656 6.198999404907227
      vertex -11.591226577758789 -6.131153106689453 0.5989999771118164
      vertex -11.605363845825195 -6.118690490722656 0.5989999771118164
    endloop
  endfacet
  facet normal 0.2790224565203386 -0.9602845769652639 0
    outer loop
      vertex -11.492704391479492 6.18531608581543 0.5989999771118164
      vertex -11.47460651397705 6.190574645996094 6.198999404907227
      vertex -11.492704391479492 6.18531608581543 6.198999404907227
    endloop
  endfacet
  facet normal 0.2790224565203386 -0.9602845769652639 0
    outer loop
      vertex -11.47460651397705 6.190574645996094 6.198999404907227
      vertex -11.492704391479492 6.18531608581543 0.5989999771118164
      vertex -11.47460651397705 6.190574645996094 0.5989999771118164
    endloop
  endfacet
  facet normal 0.9955607344645038 -0.09412132591765665 0
    outer loop
      vertex -11.699407577514648 5.91883659362793 6.198999404907227
      vertex -11.697633743286133 5.937599182128906 0.5989999771118164
      vertex -11.697633743286133 5.937599182128906 6.198999404907227
    endloop
  endfacet
  facet normal 0.9955607344645038 -0.09412132591765665 0
    outer loop
      vertex -11.697633743286133 5.937599182128906 0.5989999771118164
      vertex -11.699407577514648 5.91883659362793 6.198999404907227
      vertex -11.699407577514648 5.91883659362793 0.5989999771118164
    endloop
  endfacet
  facet normal 0.6612801458526503 -0.7501390329139644 0
    outer loop
      vertex -11.605363845825195 6.118690490722656 0.5989999771118164
      vertex -11.591226577758789 6.131153106689453 6.198999404907227
      vertex -11.605363845825195 6.118690490722656 6.198999404907227
    endloop
  endfacet
  facet normal 0.6612801458526503 -0.7501390329139644 0
    outer loop
      vertex -11.591226577758789 6.131153106689453 6.198999404907227
      vertex -11.605363845825195 6.118690490722656 0.5989999771118164
      vertex -11.591226577758789 6.131153106689453 0.5989999771118164
    endloop
  endfacet
  facet normal -0.8910113062938652 -0.4539811142068577 0
    outer loop
      vertex -11.128551483154297 6.027732849121094 0.5999994277954102
      vertex -11.137107849121094 6.044526100158691 6.198999404907227
      vertex -11.137107849121094 6.044526100158691 0.5999994277954102
    endloop
  endfacet
  facet normal -0.8910113062938652 -0.4539811142068577 0
    outer loop
      vertex -11.137107849121094 6.044526100158691 6.198999404907227
      vertex -11.128551483154297 6.027732849121094 0.5999994277954102
      vertex -11.128551483154297 6.027732849121094 6.198999404907227
    endloop
  endfacet
  facet normal -0.987692295522357 -0.15640949256927125 0
    outer loop
      vertex -11.102365493774414 5.937599182128906 0.5999994277954102
      vertex -11.105313301086426 5.95621395111084 6.198999404907227
      vertex -11.105313301086426 5.95621395111084 0.5999994277954102
    endloop
  endfacet
  facet normal -0.987692295522357 -0.15640949256927125 0
    outer loop
      vertex -11.105313301086426 5.95621395111084 6.198999404907227
      vertex -11.102365493774414 5.937599182128906 0.5999994277954102
      vertex -11.102365493774414 5.937599182128906 6.198999404907227
    endloop
  endfacet
  facet normal -0.2790224565203385 -0.9602845769652638 0
    outer loop
      vertex -11.325392723083496 6.190574645996094 0.5999994277954102
      vertex -11.307294845581055 6.18531608581543 6.198999404907227
      vertex -11.325392723083496 6.190574645996094 6.198999404907227
    endloop
  endfacet
  facet normal -0.2790224565203385 -0.9602845769652638 0
    outer loop
      vertex -11.307294845581055 6.18531608581543 6.198999404907227
      vertex -11.325392723083496 6.190574645996094 0.5999994277954102
      vertex -11.307294845581055 6.18531608581543 0.5999994277954102
    endloop
  endfacet
  facet normal -0.7501139314862981 -0.6613086191712378 0
    outer loop
      vertex -11.168845176696777 6.091226577758789 0.5999994277954102
      vertex -11.18130874633789 6.105363845825195 6.198999404907227
      vertex -11.18130874633789 6.105363845825195 0.5999994277954102
    endloop
  endfacet
  facet normal -0.7501139314862981 -0.6613086191712378 0
    outer loop
      vertex -11.18130874633789 6.105363845825195 6.198999404907227
      vertex -11.168845176696777 6.091226577758789 0.5999994277954102
      vertex -11.168845176696777 6.091226577758789 6.198999404907227
    endloop
  endfacet
  facet normal 0.9759160266868774 -0.2181465306982852 0
    outer loop
      vertex -11.694685935974121 5.95621395111084 6.198999404907227
      vertex -11.690574645996094 5.974606513977051 0.5989999771118164
      vertex -11.690574645996094 5.974606513977051 6.198999404907227
    endloop
  endfacet
  facet normal 0.9759160266868774 -0.2181465306982852 0
    outer loop
      vertex -11.690574645996094 5.974606513977051 0.5989999771118164
      vertex -11.694685935974121 5.95621395111084 6.198999404907227
      vertex -11.694685935974121 5.95621395111084 0.5989999771118164
    endloop
  endfacet
  facet normal -0.15641731011281643 -0.9876910575159984 0
    outer loop
      vertex -11.362399101257324 6.197633743286133 0.5999994277954102
      vertex -11.343785285949707 6.194685935974121 6.198999404907227
      vertex -11.362399101257324 6.197633743286133 6.198999404907227
    endloop
  endfacet
  facet normal -0.15641731011281643 -0.9876910575159984 0
    outer loop
      vertex -11.343785285949707 6.194685935974121 6.198999404907227
      vertex -11.362399101257324 6.197633743286133 0.5999994277954102
      vertex -11.343785285949707 6.194685935974121 0.5999994277954102
    endloop
  endfacet
  facet normal -0.09411658449022786 -0.9955611827124909 0
    outer loop
      vertex -11.381162643432617 6.199407577514648 0.5999994277954102
      vertex -11.362399101257324 6.197633743286133 6.198999404907227
      vertex -11.381162643432617 6.199407577514648 6.198999404907227
    endloop
  endfacet
  facet normal -0.09411658449022786 -0.9955611827124909 0
    outer loop
      vertex -11.362399101257324 6.197633743286133 6.198999404907227
      vertex -11.381162643432617 6.199407577514648 0.5999994277954102
      vertex -11.362399101257324 6.197633743286133 0.5999994277954102
    endloop
  endfacet
  facet normal 0.7901362790005534 -0.6129312038125971 0
    outer loop
      vertex -11.642704963684082 6.0763349533081055 6.198999404907227
      vertex -11.631153106689453 6.091226577758789 0.5989999771118164
      vertex -11.631153106689453 6.091226577758789 6.198999404907227
    endloop
  endfacet
  facet normal 0.7901362790005534 -0.6129312038125971 0
    outer loop
      vertex -11.631153106689453 6.091226577758789 0.5989999771118164
      vertex -11.642704963684082 6.0763349533081055 6.198999404907227
      vertex -11.642704963684082 6.0763349533081055 0.5989999771118164
    endloop
  endfacet
  facet normal 0.9995061338808694 -0.03142432711320473 0
    outer loop
      vertex -11.699999809265137 5.899999618530273 6
      vertex -11.699407577514648 5.91883659362793 6.198999404907227
      vertex -11.699999809265137 5.899999618530273 6.198999404907227
    endloop
  endfacet
  facet normal 0.9995061338808693 -0.03142432711320473 0
    outer loop
      vertex -11.699999809265137 5.899999618530273 5.59999942779541
      vertex -11.699407577514648 5.91883659362793 6.198999404907227
      vertex -11.699999809265137 5.899999618530273 6
    endloop
  endfacet
  facet normal 0.9995061338808694 -0.03142432711320473 0
    outer loop
      vertex -11.699407577514648 5.91883659362793 6.198999404907227
      vertex -11.699999809265137 5.899999618530273 5.59999942779541
      vertex -11.699407577514648 5.91883659362793 0.5989999771118164
    endloop
  endfacet
  facet normal 0.9995061338808694 -0.03142432711320473 0
    outer loop
      vertex -11.699407577514648 5.91883659362793 0.5989999771118164
      vertex -11.699999809265137 5.899999618530273 5.59999942779541
      vertex -11.699999809265137 5.899999618530273 0.5989999771118164
    endloop
  endfacet
  facet normal -0.8910113062938652 0.4539811142068577 0
    outer loop
      vertex -11.137107849121094 -6.044526100158691 0.5999994277954102
      vertex -11.128551483154297 -6.027732849121094 6.198999404907227
      vertex -11.128551483154297 -6.027732849121094 0.5999994277954102
    endloop
  endfacet
  facet normal -0.8910113062938652 0.4539811142068577 0
    outer loop
      vertex -11.128551483154297 -6.027732849121094 6.198999404907227
      vertex -11.137107849121094 -6.044526100158691 0.5999994277954102
      vertex -11.137107849121094 -6.044526100158691 6.198999404907227
    endloop
  endfacet
  facet normal -0.21814653069828524 0.9759160266868775 0
    outer loop
      vertex -11.325392723083496 -6.190574645996094 0.5999994277954102
      vertex -11.343785285949707 -6.194685935974121 6.198999404907227
      vertex -11.325392723083496 -6.190574645996094 6.198999404907227
    endloop
  endfacet
  facet normal -0.21814653069828524 0.9759160266868775 0
    outer loop
      vertex -11.343785285949707 -6.194685935974121 6.198999404907227
      vertex -11.325392723083496 -6.190574645996094 0.5999994277954102
      vertex -11.343785285949707 -6.194685935974121 0.5999994277954102
    endloop
  endfacet
  facet normal -0.9759160266868775 0.21814653069828524 0
    outer loop
      vertex -11.109424591064453 -5.974606513977051 0.5999994277954102
      vertex -11.105313301086426 -5.95621395111084 6.198999404907227
      vertex -11.105313301086426 -5.95621395111084 0.5999994277954102
    endloop
  endfacet
  facet normal -0.9759160266868775 0.21814653069828524 0
    outer loop
      vertex -11.105313301086426 -5.95621395111084 6.198999404907227
      vertex -11.109424591064453 -5.974606513977051 0.5999994277954102
      vertex -11.109424591064453 -5.974606513977051 6.198999404907227
    endloop
  endfacet
  facet normal -0.9177573557291628 0.3971415818131048 0
    outer loop
      vertex -11.128551483154297 -6.027732849121094 0.5999994277954102
      vertex -11.12106704711914 -6.01043701171875 6.198999404907227
      vertex -11.12106704711914 -6.01043701171875 0.5999994277954102
    endloop
  endfacet
  facet normal -0.9177573557291628 0.3971415818131048 0
    outer loop
      vertex -11.12106704711914 -6.01043701171875 6.198999404907227
      vertex -11.128551483154297 -6.027732849121094 0.5999994277954102
      vertex -11.128551483154297 -6.027732849121094 6.198999404907227
    endloop
  endfacet
  facet normal 0.3387266356183068 -0.9408848315934861 0
    outer loop
      vertex -11.51043701171875 6.178932189941406 0.5989999771118164
      vertex -11.492704391479492 6.18531608581543 6.198999404907227
      vertex -11.51043701171875 6.178932189941406 6.198999404907227
    endloop
  endfacet
  facet normal 0.3387266356183068 -0.9408848315934861 0
    outer loop
      vertex -11.492704391479492 6.18531608581543 6.198999404907227
      vertex -11.51043701171875 6.178932189941406 0.5989999771118164
      vertex -11.492704391479492 6.18531608581543 0.5989999771118164
    endloop
  endfacet
  facet normal -0.9177573557291628 -0.3971415818131048 0
    outer loop
      vertex -11.12106704711914 6.01043701171875 0.5999994277954102
      vertex -11.128551483154297 6.027732849121094 6.198999404907227
      vertex -11.128551483154297 6.027732849121094 0.5999994277954102
    endloop
  endfacet
  facet normal -0.9177573557291628 -0.3971415818131048 0
    outer loop
      vertex -11.128551483154297 6.027732849121094 6.198999404907227
      vertex -11.12106704711914 6.01043701171875 0.5999994277954102
      vertex -11.12106704711914 6.01043701171875 6.198999404907227
    endloop
  endfacet
  facet normal -0.987692295522357 0.15640949256927125 0
    outer loop
      vertex -11.105313301086426 -5.95621395111084 0.5999994277954102
      vertex -11.102365493774414 -5.937599182128906 6.198999404907227
      vertex -11.102365493774414 -5.937599182128906 0.5999994277954102
    endloop
  endfacet
  facet normal -0.987692295522357 0.15640949256927125 0
    outer loop
      vertex -11.102365493774414 -5.937599182128906 6.198999404907227
      vertex -11.105313301086426 -5.95621395111084 0.5999994277954102
      vertex -11.105313301086426 -5.95621395111084 6.198999404907227
    endloop
  endfacet
  facet normal -0.09411658449022786 0.9955611827124909 0
    outer loop
      vertex -11.362399101257324 -6.197633743286133 0.5999994277954102
      vertex -11.381162643432617 -6.199407577514648 6.198999404907227
      vertex -11.362399101257324 -6.197633743286133 6.198999404907227
    endloop
  endfacet
  facet normal -0.09411658449022786 0.9955611827124909 0
    outer loop
      vertex -11.381162643432617 -6.199407577514648 6.198999404907227
      vertex -11.362399101257324 -6.197633743286133 0.5999994277954102
      vertex -11.381162643432617 -6.199407577514648 0.5999994277954102
    endloop
  endfacet
  facet normal -0.3387266356183068 0.9408848315934861 0
    outer loop
      vertex -11.289562225341797 -6.178932189941406 0.5999994277954102
      vertex -11.307294845581055 -6.18531608581543 6.198999404907227
      vertex -11.289562225341797 -6.178932189941406 6.198999404907227
    endloop
  endfacet
  facet normal -0.3387266356183068 0.9408848315934861 0
    outer loop
      vertex -11.307294845581055 -6.18531608581543 6.198999404907227
      vertex -11.289562225341797 -6.178932189941406 0.5999994277954102
      vertex -11.307294845581055 -6.18531608581543 0.5999994277954102
    endloop
  endfacet
  facet normal 0.8910113062938652 -0.4539811142068577 0
    outer loop
      vertex -11.67144775390625 6.027732849121094 6.198999404907227
      vertex -11.662891387939453 6.044526100158691 0.5989999771118164
      vertex -11.662891387939453 6.044526100158691 6.198999404907227
    endloop
  endfacet
  facet normal 0.8910113062938652 -0.4539811142068577 0
    outer loop
      vertex -11.662891387939453 6.044526100158691 0.5989999771118164
      vertex -11.67144775390625 6.027732849121094 6.198999404907227
      vertex -11.67144775390625 6.027732849121094 0.5989999771118164
    endloop
  endfacet
  facet normal -0.7901607852034909 -0.6128996112958489 0
    outer loop
      vertex -11.157294273376465 6.0763349533081055 0.5999994277954102
      vertex -11.168845176696777 6.091226577758789 6.198999404907227
      vertex -11.168845176696777 6.091226577758789 0.5999994277954102
    endloop
  endfacet
  facet normal -0.7901607852034909 -0.6128996112958489 0
    outer loop
      vertex -11.168845176696777 6.091226577758789 6.198999404907227
      vertex -11.157294273376465 6.0763349533081055 0.5999994277954102
      vertex -11.157294273376465 6.0763349533081055 6.198999404907227
    endloop
  endfacet
  facet normal 0.3971415818131048 0.9177573557291627 0
    outer loop
      vertex -11.51043701171875 -6.178932189941406 0.5989999771118164
      vertex -11.527732849121094 -6.17144775390625 6.198999404907227
      vertex -11.51043701171875 -6.178932189941406 6.198999404907227
    endloop
  endfacet
  facet normal 0.3971415818131048 0.9177573557291627 0
    outer loop
      vertex -11.527732849121094 -6.17144775390625 6.198999404907227
      vertex -11.51043701171875 -6.178932189941406 0.5989999771118164
      vertex -11.527732849121094 -6.17144775390625 0.5989999771118164
    endloop
  endfacet
  facet normal 0.9602845769652639 0.2790224565203386 0
    outer loop
      vertex -11.68531608581543 -5.992704391479492 6.198999404907227
      vertex -11.690574645996094 -5.974606513977051 0.5989999771118164
      vertex -11.690574645996094 -5.974606513977051 6.198999404907227
    endloop
  endfacet
  facet normal 0.9602845769652639 0.2790224565203386 0
    outer loop
      vertex -11.690574645996094 -5.974606513977051 0.5989999771118164
      vertex -11.68531608581543 -5.992704391479492 6.198999404907227
      vertex -11.68531608581543 -5.992704391479492 0.5989999771118164
    endloop
  endfacet
  facet normal -0.9408687039569372 -0.33877143019208855 0
    outer loop
      vertex -11.1146821975708 5.992704391479492 0.5999994277954102
      vertex -11.12106704711914 6.01043701171875 6.198999404907227
      vertex -11.12106704711914 6.01043701171875 0.5999994277954102
    endloop
  endfacet
  facet normal -0.9408687039569372 -0.33877143019208855 0
    outer loop
      vertex -11.12106704711914 6.01043701171875 6.198999404907227
      vertex -11.1146821975708 5.992704391479492 0.5999994277954102
      vertex -11.1146821975708 5.992704391479492 6.198999404907227
    endloop
  endfacet
  facet normal -0.2790224565203385 0.9602845769652638 0
    outer loop
      vertex -11.307294845581055 -6.18531608581543 0.5999994277954102
      vertex -11.325392723083496 -6.190574645996094 6.198999404907227
      vertex -11.307294845581055 -6.18531608581543 6.198999404907227
    endloop
  endfacet
  facet normal -0.2790224565203385 0.9602845769652638 0
    outer loop
      vertex -11.325392723083496 -6.190574645996094 6.198999404907227
      vertex -11.307294845581055 -6.18531608581543 0.5999994277954102
      vertex -11.325392723083496 -6.190574645996094 0.5999994277954102
    endloop
  endfacet
  facet normal 0.9408848315934861 -0.3387266356183068 0
    outer loop
      vertex -11.68531608581543 5.992704391479492 6.198999404907227
      vertex -11.678932189941406 6.01043701171875 0.5989999771118164
      vertex -11.678932189941406 6.01043701171875 6.198999404907227
    endloop
  endfacet
  facet normal 0.9408848315934861 -0.3387266356183068 0
    outer loop
      vertex -11.678932189941406 6.01043701171875 0.5989999771118164
      vertex -11.68531608581543 5.992704391479492 6.198999404907227
      vertex -11.68531608581543 5.992704391479492 0.5989999771118164
    endloop
  endfacet
  facet normal -0.6612801458526502 0.7501390329139643 0
    outer loop
      vertex -11.194635391235352 -6.118690490722656 0.5999994277954102
      vertex -11.208772659301758 -6.131153106689453 6.198999404907227
      vertex -11.194635391235352 -6.118690490722656 6.198999404907227
    endloop
  endfacet
  facet normal -0.6612801458526502 0.7501390329139643 0
    outer loop
      vertex -11.208772659301758 -6.131153106689453 6.198999404907227
      vertex -11.194635391235352 -6.118690490722656 0.5999994277954102
      vertex -11.208772659301758 -6.131153106689453 0.5999994277954102
    endloop
  endfacet
  facet normal -0.8607441236376202 -0.5090378705197731 0
    outer loop
      vertex -11.137107849121094 6.044526100158691 0.5999994277954102
      vertex -11.146700859069824 6.060747146606445 6.198999404907227
      vertex -11.146700859069824 6.060747146606445 0.5999994277954102
    endloop
  endfacet
  facet normal -0.8607441236376202 -0.5090378705197731 0
    outer loop
      vertex -11.146700859069824 6.060747146606445 6.198999404907227
      vertex -11.137107849121094 6.044526100158691 0.5999994277954102
      vertex -11.137107849121094 6.044526100158691 6.198999404907227
    endloop
  endfacet
  facet normal -0.7901607852034909 0.6128996112958489 0
    outer loop
      vertex -11.168845176696777 -6.091226577758789 0.5999994277954102
      vertex -11.157294273376465 -6.0763349533081055 6.198999404907227
      vertex -11.157294273376465 -6.0763349533081055 0.5999994277954102
    endloop
  endfacet
  facet normal -0.7901607852034909 0.6128996112958489 0
    outer loop
      vertex -11.157294273376465 -6.0763349533081055 6.198999404907227
      vertex -11.168845176696777 -6.091226577758789 0.5999994277954102
      vertex -11.168845176696777 -6.091226577758789 6.198999404907227
    endloop
  endfacet
  facet normal 0.4539811142068577 0.8910113062938652 0
    outer loop
      vertex -11.527732849121094 -6.17144775390625 0.5989999771118164
      vertex -11.544526100158691 -6.162891387939453 6.198999404907227
      vertex -11.527732849121094 -6.17144775390625 6.198999404907227
    endloop
  endfacet
  facet normal 0.4539811142068577 0.8910113062938652 0
    outer loop
      vertex -11.544526100158691 -6.162891387939453 6.198999404907227
      vertex -11.527732849121094 -6.17144775390625 0.5989999771118164
      vertex -11.544526100158691 -6.162891387939453 0.5989999771118164
    endloop
  endfacet
  facet normal 0.987692295522357 0.15640949256927125 0
    outer loop
      vertex -11.694685935974121 -5.95621395111084 6.198999404907227
      vertex -11.697633743286133 -5.937599182128906 0.5989999771118164
      vertex -11.697633743286133 -5.937599182128906 6.198999404907227
    endloop
  endfacet
  facet normal 0.987692295522357 0.15640949256927125 0
    outer loop
      vertex -11.697633743286133 -5.937599182128906 0.5989999771118164
      vertex -11.694685935974121 -5.95621395111084 6.198999404907227
      vertex -11.694685935974121 -5.95621395111084 0.5989999771118164
    endloop
  endfacet
  facet normal -0.9602981345186157 0.27897579257001254 0
    outer loop
      vertex -11.1146821975708 -5.992704391479492 0.5999994277954102
      vertex -11.109424591064453 -5.974606513977051 6.198999404907227
      vertex -11.109424591064453 -5.974606513977051 0.5999994277954102
    endloop
  endfacet
  facet normal -0.9602981345186157 0.27897579257001254 0
    outer loop
      vertex -11.109424591064453 -5.974606513977051 6.198999404907227
      vertex -11.1146821975708 -5.992704391479492 0.5999994277954102
      vertex -11.1146821975708 -5.992704391479492 6.198999404907227
    endloop
  endfacet
  facet normal 0.3387266356183068 0.9408848315934861 0
    outer loop
      vertex -11.492704391479492 -6.18531608581543 0.5989999771118164
      vertex -11.51043701171875 -6.178932189941406 6.198999404907227
      vertex -11.492704391479492 -6.18531608581543 6.198999404907227
    endloop
  endfacet
  facet normal 0.3387266356183068 0.9408848315934861 0
    outer loop
      vertex -11.51043701171875 -6.178932189941406 6.198999404907227
      vertex -11.492704391479492 -6.18531608581543 0.5989999771118164
      vertex -11.51043701171875 -6.178932189941406 0.5989999771118164
    endloop
  endfacet
  facet normal -0.45400158273251634 0.8910008770345684 0
    outer loop
      vertex -11.255473136901855 -6.162891387939453 0.5999994277954102
      vertex -11.272265434265137 -6.17144775390625 6.198999404907227
      vertex -11.255473136901855 -6.162891387939453 6.198999404907227
    endloop
  endfacet
  facet normal -0.45400158273251634 0.8910008770345684 0
    outer loop
      vertex -11.272265434265137 -6.17144775390625 6.198999404907227
      vertex -11.255473136901855 -6.162891387939453 0.5999994277954102
      vertex -11.272265434265137 -6.17144775390625 0.5999994277954102
    endloop
  endfacet
  facet normal 0.9955607344645038 0.09412132591765665 0
    outer loop
      vertex -11.697633743286133 -5.937599182128906 6.198999404907227
      vertex -11.699407577514648 -5.91883659362793 0.5989999771118164
      vertex -11.699407577514648 -5.91883659362793 6.198999404907227
    endloop
  endfacet
  facet normal 0.9955607344645038 0.09412132591765665 0
    outer loop
      vertex -11.699407577514648 -5.91883659362793 0.5989999771118164
      vertex -11.697633743286133 -5.937599182128906 6.198999404907227
      vertex -11.697633743286133 -5.937599182128906 0.5989999771118164
    endloop
  endfacet
  facet normal 0 0 1
    outer loop
      vertex -11.399999618530273 6.199999809265137 0.5989999771118164
      vertex -11.418503761291504 6.199407577514648 0.5989999771118164
      vertex -11.399832725524902 6.1999945640563965 0.5989999771118164
    endloop
  endfacet
  facet normal 0 0 1
    outer loop
      vertex -11.41883659362793 6.199407577514648 0.5989999771118164
      vertex -11.418503761291504 6.199407577514648 0.5989999771118164
      vertex -11.399999618530273 6.199999809265137 0.5989999771118164
    endloop
  endfacet
  facet normal 0 0 1
    outer loop
      vertex -11.41883659362793 6.199407577514648 0.5989999771118164
      vertex -11.43726634979248 6.197633743286133 0.5989999771118164
      vertex -11.418503761291504 6.199407577514648 0.5989999771118164
    endloop
  endfacet
  facet normal 0 0 1
    outer loop
      vertex -11.437599182128906 6.197633743286133 0.5989999771118164
      vertex -11.43726634979248 6.197633743286133 0.5989999771118164
      vertex -11.41883659362793 6.199407577514648 0.5989999771118164
    endloop
  endfacet
  facet normal 0 0 1
    outer loop
      vertex -11.437599182128906 6.197633743286133 0.5989999771118164
      vertex -11.455881118774414 6.194685935974121 0.5989999771118164
      vertex -11.43726634979248 6.197633743286133 0.5989999771118164
    endloop
  endfacet
  facet normal 0 0 1
    outer loop
      vertex -11.45621395111084 6.194685935974121 0.5989999771118164
      vertex -11.455881118774414 6.194685935974121 0.5989999771118164
      vertex -11.437599182128906 6.197633743286133 0.5989999771118164
    endloop
  endfacet
  facet normal 0 0 1
    outer loop
      vertex -11.45621395111084 6.194685935974121 0.5989999771118164
      vertex -11.474273681640625 6.190574645996094 0.5989999771118164
      vertex -11.455881118774414 6.194685935974121 0.5989999771118164
    endloop
  endfacet
  facet normal 0 0 1
    outer loop
      vertex -11.47460651397705 6.190574645996094 0.5989999771118164
      vertex -11.474273681640625 6.190574645996094 0.5989999771118164
      vertex -11.45621395111084 6.194685935974121 0.5989999771118164
    endloop
  endfacet
  facet normal 0 0 1
    outer loop
      vertex -11.47460651397705 6.190574645996094 0.5989999771118164
      vertex -11.492371559143066 6.18531608581543 0.5989999771118164
      vertex -11.474273681640625 6.190574645996094 0.5989999771118164
    endloop
  endfacet
  facet normal 0 0 1
    outer loop
      vertex -11.492704391479492 6.18531608581543 0.5989999771118164
      vertex -11.492371559143066 6.18531608581543 0.5989999771118164
      vertex -11.47460651397705 6.190574645996094 0.5989999771118164
    endloop
  endfacet
  facet normal 0 0 1
    outer loop
      vertex -11.492704391479492 6.18531608581543 0.5989999771118164
      vertex -11.510104179382324 6.178932189941406 0.5989999771118164
      vertex -11.492371559143066 6.18531608581543 0.5989999771118164
    endloop
  endfacet
  facet normal 0 0 1
    outer loop
      vertex -11.51043701171875 6.178932189941406 0.5989999771118164
      vertex -11.510104179382324 6.178932189941406 0.5989999771118164
      vertex -11.492704391479492 6.18531608581543 0.5989999771118164
    endloop
  endfacet
  facet normal 0 0 1
    outer loop
      vertex -11.51043701171875 6.178932189941406 0.5989999771118164
      vertex -11.527400016784668 6.17144775390625 0.5989999771118164
      vertex -11.510104179382324 6.178932189941406 0.5989999771118164
    endloop
  endfacet
  facet normal 0 0 1
    outer loop
      vertex -11.527732849121094 6.17144775390625 0.5989999771118164
      vertex -11.527400016784668 6.17144775390625 0.5989999771118164
      vertex -11.51043701171875 6.178932189941406 0.5989999771118164
    endloop
  endfacet
  facet normal 0 0 1
    outer loop
      vertex -11.527732849121094 6.17144775390625 0.5989999771118164
      vertex -11.544164657592773 6.162905693054199 0.5989999771118164
      vertex -11.527400016784668 6.17144775390625 0.5989999771118164
    endloop
  endfacet
  facet normal 0 0 1
    outer loop
      vertex -11.544526100158691 6.162891387939453 0.5989999771118164
      vertex -11.544164657592773 6.162905693054199 0.5989999771118164
      vertex -11.527732849121094 6.17144775390625 0.5989999771118164
    endloop
  endfacet
  facet normal 0 0 1
    outer loop
      vertex -11.544164657592773 6.162905693054199 0.5989999771118164
      vertex -11.544526100158691 6.162891387939453 0.5989999771118164
      vertex -11.544193267822266 6.162891387939453 0.5989999771118164
    endloop
  endfacet
  facet normal 0 0 1
    outer loop
      vertex -11.544526100158691 6.162891387939453 0.5989999771118164
      vertex -11.544219970703125 6.162875175476074 0.5989999771118164
      vertex -11.544193267822266 6.162891387939453 0.5989999771118164
    endloop
  endfacet
  facet normal 0 0 1
    outer loop
      vertex -11.544526100158691 6.162891387939453 0.5989999771118164
      vertex -11.56041431427002 6.153297424316406 0.5989999771118164
      vertex -11.544219970703125 6.162875175476074 0.5989999771118164
    endloop
  endfacet
  facet normal 0 0 1
    outer loop
      vertex -11.560747146606445 6.153298377990723 0.5989999771118164
      vertex -11.56041431427002 6.153297424316406 0.5989999771118164
      vertex -11.544526100158691 6.162891387939453 0.5989999771118164
    endloop
  endfacet
  facet normal 0 0 1
    outer loop
      vertex -11.560747146606445 6.153298377990723 0.5989999771118164
      vertex -11.57600212097168 6.142704963684082 0.5989999771118164
      vertex -11.56041431427002 6.153297424316406 0.5989999771118164
    endloop
  endfacet
  facet normal 0 0 1
    outer loop
      vertex -11.576334953308105 6.142704963684082 0.5989999771118164
      vertex -11.57600212097168 6.142704963684082 0.5989999771118164
      vertex -11.560747146606445 6.153298377990723 0.5989999771118164
    endloop
  endfacet
  facet normal 0 0 1
    outer loop
      vertex -11.576334953308105 6.142704963684082 0.5989999771118164
      vertex -11.590893745422363 6.131153106689453 0.5989999771118164
      vertex -11.57600212097168 6.142704963684082 0.5989999771118164
    endloop
  endfacet
  facet normal 0 0 1
    outer loop
      vertex -11.591226577758789 6.131153106689453 0.5989999771118164
      vertex -11.590893745422363 6.131153106689453 0.5989999771118164
      vertex -11.576334953308105 6.142704963684082 0.5989999771118164
    endloop
  endfacet
  facet normal 0 0 1
    outer loop
      vertex -11.591226577758789 6.131153106689453 0.5989999771118164
      vertex -11.60503101348877 6.118690490722656 0.5989999771118164
      vertex -11.590893745422363 6.131153106689453 0.5989999771118164
    endloop
  endfacet
  facet normal 0 0 1
    outer loop
      vertex -11.605363845825195 6.118690490722656 0.5989999771118164
      vertex -11.60503101348877 6.118690490722656 0.5989999771118164
      vertex -11.591226577758789 6.131153106689453 0.5989999771118164
    endloop
  endfacet
  facet normal 0 0 1
    outer loop
      vertex -11.605363845825195 6.118690490722656 0.5989999771118164
      vertex -11.618334770202637 6.105386257171631 0.5989999771118164
      vertex -11.60503101348877 6.118690490722656 0.5989999771118164
    endloop
  endfacet
  facet normal 0 0 1
    outer loop
      vertex -11.618690490722656 6.105363845825195 0.5989999771118164
      vertex -11.618334770202637 6.105386257171631 0.5989999771118164
      vertex -11.605363845825195 6.118690490722656 0.5989999771118164
    endloop
  endfacet
  facet normal 0 0 1
    outer loop
      vertex -11.618334770202637 6.105386257171631 0.5989999771118164
      vertex -11.618690490722656 6.105363845825195 0.5989999771118164
      vertex -11.61835765838623 6.105363845825195 0.5989999771118164
    endloop
  endfacet
  facet normal 0 0 1
    outer loop
      vertex -11.618690490722656 6.105363845825195 0.5989999771118164
      vertex -11.618377685546875 6.105340480804443 0.5989999771118164
      vertex -11.61835765838623 6.105363845825195 0.5989999771118164
    endloop
  endfacet
  facet normal 0 0 1
    outer loop
      vertex -11.618690490722656 6.105363845825195 0.5989999771118164
      vertex -11.630820274353027 6.091226577758789 0.5989999771118164
      vertex -11.618377685546875 6.105340480804443 0.5989999771118164
    endloop
  endfacet
  facet normal 0 0 1
    outer loop
      vertex -11.631153106689453 6.091226577758789 0.5989999771118164
      vertex -11.630820274353027 6.091226577758789 0.5989999771118164
      vertex -11.618690490722656 6.105363845825195 0.5989999771118164
    endloop
  endfacet
  facet normal 0 0 1
    outer loop
      vertex -11.631153106689453 6.091226577758789 0.5989999771118164
      vertex -11.642352104187012 6.076359748840332 0.5989999771118164
      vertex -11.630820274353027 6.091226577758789 0.5989999771118164
    endloop
  endfacet
  facet normal 0 0 1
    outer loop
      vertex -11.642704963684082 6.0763349533081055 0.5989999771118164
      vertex -11.642352104187012 6.076359748840332 0.5989999771118164
      vertex -11.631153106689453 6.091226577758789 0.5989999771118164
    endloop
  endfacet
  facet normal 0 0 1
    outer loop
      vertex -11.642352104187012 6.076359748840332 0.5989999771118164
      vertex -11.642704963684082 6.0763349533081055 0.5989999771118164
      vertex -11.642372131347656 6.0763349533081055 0.5989999771118164
    endloop
  endfacet
  facet normal 0 0 1
    outer loop
      vertex -11.642704963684082 6.0763349533081055 0.5989999771118164
      vertex -11.642389297485352 6.0763092041015625 0.5989999771118164
      vertex -11.642372131347656 6.0763349533081055 0.5989999771118164
    endloop
  endfacet
  facet normal 0 0 1
    outer loop
      vertex -11.642704963684082 6.0763349533081055 0.5989999771118164
      vertex -11.65296459197998 6.060747146606445 0.5989999771118164
      vertex -11.642389297485352 6.0763092041015625 0.5989999771118164
    endloop
  endfacet
  facet normal 0 0 1
    outer loop
      vertex -11.653298377990723 6.060747146606445 0.5989999771118164
      vertex -11.65296459197998 6.060747146606445 0.5989999771118164
      vertex -11.642704963684082 6.0763349533081055 0.5989999771118164
    endloop
  endfacet
  facet normal 0 0 1
    outer loop
      vertex -11.653298377990723 6.060747146606445 0.5989999771118164
      vertex -11.662558555603027 6.044526100158691 0.5989999771118164
      vertex -11.65296459197998 6.060747146606445 0.5989999771118164
    endloop
  endfacet
  facet normal 0 0 1
    outer loop
      vertex -11.662891387939453 6.044526100158691 0.5989999771118164
      vertex -11.662558555603027 6.044526100158691 0.5989999771118164
      vertex -11.653298377990723 6.060747146606445 0.5989999771118164
    endloop
  endfacet
  facet normal 0 0 1
    outer loop
      vertex -11.662891387939453 6.044526100158691 0.5989999771118164
      vertex -11.671114921569824 6.027732849121094 0.5989999771118164
      vertex -11.662558555603027 6.044526100158691 0.5989999771118164
    endloop
  endfacet
  facet normal 0 0 1
    outer loop
      vertex -11.67144775390625 6.027732849121094 0.5989999771118164
      vertex -11.671114921569824 6.027732849121094 0.5989999771118164
      vertex -11.662891387939453 6.044526100158691 0.5989999771118164
    endloop
  endfacet
  facet normal 0 0 1
    outer loop
      vertex -11.67144775390625 6.027732849121094 0.5989999771118164
      vertex -11.67859935760498 6.01043701171875 0.5989999771118164
      vertex -11.671114921569824 6.027732849121094 0.5989999771118164
    endloop
  endfacet
  facet normal 0 0 1
    outer loop
      vertex -11.678932189941406 6.01043701171875 0.5989999771118164
      vertex -11.67859935760498 6.01043701171875 0.5989999771118164
      vertex -11.67144775390625 6.027732849121094 0.5989999771118164
    endloop
  endfacet
  facet normal 0 0 1
    outer loop
      vertex -11.678932189941406 6.01043701171875 0.5989999771118164
      vertex -11.684983253479004 5.992704391479492 0.5989999771118164
      vertex -11.67859935760498 6.01043701171875 0.5989999771118164
    endloop
  endfacet
  facet normal 0 0 1
    outer loop
      vertex -11.68531608581543 5.992704391479492 0.5989999771118164
      vertex -11.684983253479004 5.992704391479492 0.5989999771118164
      vertex -11.678932189941406 6.01043701171875 0.5989999771118164
    endloop
  endfacet
  facet normal 0 0 1
    outer loop
      vertex -11.68531608581543 5.992704391479492 0.5989999771118164
      vertex -11.690241813659668 5.974606513977051 0.5989999771118164
      vertex -11.684983253479004 5.992704391479492 0.5989999771118164
    endloop
  endfacet
  facet normal 0 0 1
    outer loop
      vertex -11.690574645996094 5.974606513977051 0.5989999771118164
      vertex -11.690241813659668 5.974606513977051 0.5989999771118164
      vertex -11.68531608581543 5.992704391479492 0.5989999771118164
    endloop
  endfacet
  facet normal 0 0 1
    outer loop
      vertex -11.690574645996094 5.974606513977051 0.5989999771118164
      vertex -11.694353103637695 5.95621395111084 0.5989999771118164
      vertex -11.690241813659668 5.974606513977051 0.5989999771118164
    endloop
  endfacet
  facet normal 0 0 1
    outer loop
      vertex -11.694685935974121 5.95621395111084 0.5989999771118164
      vertex -11.694353103637695 5.95621395111084 0.5989999771118164
      vertex -11.690574645996094 5.974606513977051 0.5989999771118164
    endloop
  endfacet
  facet normal 0 0 1
    outer loop
      vertex -11.694685935974121 5.95621395111084 0.5989999771118164
      vertex -11.697300910949707 5.937599182128906 0.5989999771118164
      vertex -11.694353103637695 5.95621395111084 0.5989999771118164
    endloop
  endfacet
  facet normal 0 0 1
    outer loop
      vertex -11.697633743286133 5.937599182128906 0.5989999771118164
      vertex -11.697300910949707 5.937599182128906 0.5989999771118164
      vertex -11.694685935974121 5.95621395111084 0.5989999771118164
    endloop
  endfacet
  facet normal 0 0 1
    outer loop
      vertex -11.697633743286133 5.937599182128906 0.5989999771118164
      vertex -11.699074745178223 5.91883659362793 0.5989999771118164
      vertex -11.697300910949707 5.937599182128906 0.5989999771118164
    endloop
  endfacet
  facet normal 0 0 1
    outer loop
      vertex -11.699407577514648 5.91883659362793 0.5989999771118164
      vertex -11.699074745178223 5.91883659362793 0.5989999771118164
      vertex -11.697633743286133 5.937599182128906 0.5989999771118164
    endloop
  endfacet
  facet normal 0 0 1
    outer loop
      vertex -11.699407577514648 5.91883659362793 0.5989999771118164
      vertex -11.699666976928711 5.899999618530273 0.5989999771118164
      vertex -11.699074745178223 5.91883659362793 0.5989999771118164
    endloop
  endfacet
  facet normal 0 0 1
    outer loop
      vertex -11.699666976928711 5.899999618530273 0.5989999771118164
      vertex -11.699999809265137 5.899999618530273 0.5989999771118164
      vertex -11.699666976928711 -5.899999618530273 0.5989999771118164
    endloop
  endfacet
  facet normal 0 0 1
    outer loop
      vertex -11.699999809265137 5.899999618530273 0.5989999771118164
      vertex -11.699666976928711 5.899999618530273 0.5989999771118164
      vertex -11.699407577514648 5.91883659362793 0.5989999771118164
    endloop
  endfacet
  facet normal 0 0 1
    outer loop
      vertex -11.418503761291504 -6.199407577514648 0.5989999771118164
      vertex -11.399999618530273 -6.199999809265137 0.5989999771118164
      vertex -11.399832725524902 -6.1999945640563965 0.5989999771118164
    endloop
  endfacet
  facet normal 0 0 1
    outer loop
      vertex -11.418503761291504 -6.199407577514648 0.5989999771118164
      vertex -11.41883659362793 -6.199407577514648 0.5989999771118164
      vertex -11.399999618530273 -6.199999809265137 0.5989999771118164
    endloop
  endfacet
  facet normal 0 0 1
    outer loop
      vertex -11.43726634979248 -6.197633743286133 0.5989999771118164
      vertex -11.41883659362793 -6.199407577514648 0.5989999771118164
      vertex -11.418503761291504 -6.199407577514648 0.5989999771118164
    endloop
  endfacet
  facet normal 0 0 1
    outer loop
      vertex -11.43726634979248 -6.197633743286133 0.5989999771118164
      vertex -11.437599182128906 -6.197633743286133 0.5989999771118164
      vertex -11.41883659362793 -6.199407577514648 0.5989999771118164
    endloop
  endfacet
  facet normal 0 0 1
    outer loop
      vertex -11.455881118774414 -6.194685935974121 0.5989999771118164
      vertex -11.437599182128906 -6.197633743286133 0.5989999771118164
      vertex -11.43726634979248 -6.197633743286133 0.5989999771118164
    endloop
  endfacet
  facet normal 0 0 1
    outer loop
      vertex -11.455881118774414 -6.194685935974121 0.5989999771118164
      vertex -11.45621395111084 -6.194685935974121 0.5989999771118164
      vertex -11.437599182128906 -6.197633743286133 0.5989999771118164
    endloop
  endfacet
  facet normal 0 0 1
    outer loop
      vertex -11.474273681640625 -6.190574645996094 0.5989999771118164
      vertex -11.45621395111084 -6.194685935974121 0.5989999771118164
      vertex -11.455881118774414 -6.194685935974121 0.5989999771118164
    endloop
  endfacet
  facet normal 0 0 1
    outer loop
      vertex -11.474273681640625 -6.190574645996094 0.5989999771118164
      vertex -11.47460651397705 -6.190574645996094 0.5989999771118164
      vertex -11.45621395111084 -6.194685935974121 0.5989999771118164
    endloop
  endfacet
  facet normal 0 0 1
    outer loop
      vertex -11.492371559143066 -6.18531608581543 0.5989999771118164
      vertex -11.47460651397705 -6.190574645996094 0.5989999771118164
      vertex -11.474273681640625 -6.190574645996094 0.5989999771118164
    endloop
  endfacet
  facet normal 0 0 1
    outer loop
      vertex -11.492371559143066 -6.18531608581543 0.5989999771118164
      vertex -11.492704391479492 -6.18531608581543 0.5989999771118164
      vertex -11.47460651397705 -6.190574645996094 0.5989999771118164
    endloop
  endfacet
  facet normal 0 0 1
    outer loop
      vertex -11.510104179382324 -6.178932189941406 0.5989999771118164
      vertex -11.492704391479492 -6.18531608581543 0.5989999771118164
      vertex -11.492371559143066 -6.18531608581543 0.5989999771118164
    endloop
  endfacet
  facet normal 0 0 1
    outer loop
      vertex -11.510104179382324 -6.178932189941406 0.5989999771118164
      vertex -11.51043701171875 -6.178932189941406 0.5989999771118164
      vertex -11.492704391479492 -6.18531608581543 0.5989999771118164
    endloop
  endfacet
  facet normal 0 0 1
    outer loop
      vertex -11.527400016784668 -6.17144775390625 0.5989999771118164
      vertex -11.51043701171875 -6.178932189941406 0.5989999771118164
      vertex -11.510104179382324 -6.178932189941406 0.5989999771118164
    endloop
  endfacet
  facet normal 0 0 1
    outer loop
      vertex -11.527400016784668 -6.17144775390625 0.5989999771118164
      vertex -11.527732849121094 -6.17144775390625 0.5989999771118164
      vertex -11.51043701171875 -6.178932189941406 0.5989999771118164
    endloop
  endfacet
  facet normal 0 0 1
    outer loop
      vertex -11.544164657592773 -6.162905693054199 0.5989999771118164
      vertex -11.527732849121094 -6.17144775390625 0.5989999771118164
      vertex -11.527400016784668 -6.17144775390625 0.5989999771118164
    endloop
  endfacet
  facet normal 0 0 1
    outer loop
      vertex -11.544526100158691 -6.162891387939453 0.5989999771118164
      vertex -11.544164657592773 -6.162905693054199 0.5989999771118164
      vertex -11.544193267822266 -6.162891387939453 0.5989999771118164
    endloop
  endfacet
  facet normal 0 0 1
    outer loop
      vertex -11.544164657592773 -6.162905693054199 0.5989999771118164
      vertex -11.544526100158691 -6.162891387939453 0.5989999771118164
      vertex -11.527732849121094 -6.17144775390625 0.5989999771118164
    endloop
  endfacet
  facet normal 0 0 1
    outer loop
      vertex -11.544219970703125 -6.162875175476074 0.5989999771118164
      vertex -11.544526100158691 -6.162891387939453 0.5989999771118164
      vertex -11.544193267822266 -6.162891387939453 0.5989999771118164
    endloop
  endfacet
  facet normal 0 0 1
    outer loop
      vertex -11.56041431427002 -6.153297424316406 0.5989999771118164
      vertex -11.544526100158691 -6.162891387939453 0.5989999771118164
      vertex -11.544219970703125 -6.162875175476074 0.5989999771118164
    endloop
  endfacet
  facet normal 0 0 1
    outer loop
      vertex -11.56041431427002 -6.153297424316406 0.5989999771118164
      vertex -11.560747146606445 -6.153298377990723 0.5989999771118164
      vertex -11.544526100158691 -6.162891387939453 0.5989999771118164
    endloop
  endfacet
  facet normal 0 0 1
    outer loop
      vertex -11.57600212097168 -6.142704963684082 0.5989999771118164
      vertex -11.560747146606445 -6.153298377990723 0.5989999771118164
      vertex -11.56041431427002 -6.153297424316406 0.5989999771118164
    endloop
  endfacet
  facet normal 0 0 1
    outer loop
      vertex -11.57600212097168 -6.142704963684082 0.5989999771118164
      vertex -11.576334953308105 -6.142704963684082 0.5989999771118164
      vertex -11.560747146606445 -6.153298377990723 0.5989999771118164
    endloop
  endfacet
  facet normal 0 0 1
    outer loop
      vertex -11.590893745422363 -6.131153106689453 0.5989999771118164
      vertex -11.576334953308105 -6.142704963684082 0.5989999771118164
      vertex -11.57600212097168 -6.142704963684082 0.5989999771118164
    endloop
  endfacet
  facet normal 0 0 1
    outer loop
      vertex -11.590893745422363 -6.131153106689453 0.5989999771118164
      vertex -11.591226577758789 -6.131153106689453 0.5989999771118164
      vertex -11.576334953308105 -6.142704963684082 0.5989999771118164
    endloop
  endfacet
  facet normal 0 0 1
    outer loop
      vertex -11.60503101348877 -6.118690490722656 0.5989999771118164
      vertex -11.591226577758789 -6.131153106689453 0.5989999771118164
      vertex -11.590893745422363 -6.131153106689453 0.5989999771118164
    endloop
  endfacet
  facet normal 0 0 1
    outer loop
      vertex -11.60503101348877 -6.118690490722656 0.5989999771118164
      vertex -11.605363845825195 -6.118690490722656 0.5989999771118164
      vertex -11.591226577758789 -6.131153106689453 0.5989999771118164
    endloop
  endfacet
  facet normal 0 0 1
    outer loop
      vertex -11.618334770202637 -6.105386257171631 0.5989999771118164
      vertex -11.605363845825195 -6.118690490722656 0.5989999771118164
      vertex -11.60503101348877 -6.118690490722656 0.5989999771118164
    endloop
  endfacet
  facet normal 0 0 1
    outer loop
      vertex -11.618690490722656 -6.105363845825195 0.5989999771118164
      vertex -11.618334770202637 -6.105386257171631 0.5989999771118164
      vertex -11.61835765838623 -6.105363845825195 0.5989999771118164
    endloop
  endfacet
  facet normal 0 0 1
    outer loop
      vertex -11.618334770202637 -6.105386257171631 0.5989999771118164
      vertex -11.618690490722656 -6.105363845825195 0.5989999771118164
      vertex -11.605363845825195 -6.118690490722656 0.5989999771118164
    endloop
  endfacet
  facet normal 0 0 1
    outer loop
      vertex -11.618377685546875 -6.105340480804443 0.5989999771118164
      vertex -11.618690490722656 -6.105363845825195 0.5989999771118164
      vertex -11.61835765838623 -6.105363845825195 0.5989999771118164
    endloop
  endfacet
  facet normal 0 0 1
    outer loop
      vertex -11.630820274353027 -6.091226577758789 0.5989999771118164
      vertex -11.618690490722656 -6.105363845825195 0.5989999771118164
      vertex -11.618377685546875 -6.105340480804443 0.5989999771118164
    endloop
  endfacet
  facet normal 0 0 1
    outer loop
      vertex -11.630820274353027 -6.091226577758789 0.5989999771118164
      vertex -11.631153106689453 -6.091226577758789 0.5989999771118164
      vertex -11.618690490722656 -6.105363845825195 0.5989999771118164
    endloop
  endfacet
  facet normal 0 0 1
    outer loop
      vertex -11.642352104187012 -6.076359748840332 0.5989999771118164
      vertex -11.631153106689453 -6.091226577758789 0.5989999771118164
      vertex -11.630820274353027 -6.091226577758789 0.5989999771118164
    endloop
  endfacet
  facet normal 0 0 1
    outer loop
      vertex -11.642704963684082 -6.0763349533081055 0.5989999771118164
      vertex -11.642352104187012 -6.076359748840332 0.5989999771118164
      vertex -11.642372131347656 -6.0763349533081055 0.5989999771118164
    endloop
  endfacet
  facet normal 0 0 1
    outer loop
      vertex -11.642352104187012 -6.076359748840332 0.5989999771118164
      vertex -11.642704963684082 -6.0763349533081055 0.5989999771118164
      vertex -11.631153106689453 -6.091226577758789 0.5989999771118164
    endloop
  endfacet
  facet normal 0 0 1
    outer loop
      vertex -11.642389297485352 -6.0763092041015625 0.5989999771118164
      vertex -11.642704963684082 -6.0763349533081055 0.5989999771118164
      vertex -11.642372131347656 -6.0763349533081055 0.5989999771118164
    endloop
  endfacet
  facet normal 0 0 1
    outer loop
      vertex -11.65296459197998 -6.060747146606445 0.5989999771118164
      vertex -11.642704963684082 -6.0763349533081055 0.5989999771118164
      vertex -11.642389297485352 -6.0763092041015625 0.5989999771118164
    endloop
  endfacet
  facet normal 0 0 1
    outer loop
      vertex -11.65296459197998 -6.060747146606445 0.5989999771118164
      vertex -11.653298377990723 -6.060747146606445 0.5989999771118164
      vertex -11.642704963684082 -6.0763349533081055 0.5989999771118164
    endloop
  endfacet
  facet normal 0 0 1
    outer loop
      vertex -11.662558555603027 -6.044526100158691 0.5989999771118164
      vertex -11.653298377990723 -6.060747146606445 0.5989999771118164
      vertex -11.65296459197998 -6.060747146606445 0.5989999771118164
    endloop
  endfacet
  facet normal 0 0 1
    outer loop
      vertex -11.662558555603027 -6.044526100158691 0.5989999771118164
      vertex -11.662891387939453 -6.044526100158691 0.5989999771118164
      vertex -11.653298377990723 -6.060747146606445 0.5989999771118164
    endloop
  endfacet
  facet normal 0 0 1
    outer loop
      vertex -11.671114921569824 -6.027732849121094 0.5989999771118164
      vertex -11.662891387939453 -6.044526100158691 0.5989999771118164
      vertex -11.662558555603027 -6.044526100158691 0.5989999771118164
    endloop
  endfacet
  facet normal 0 0 1
    outer loop
      vertex -11.671114921569824 -6.027732849121094 0.5989999771118164
      vertex -11.67144775390625 -6.027732849121094 0.5989999771118164
      vertex -11.662891387939453 -6.044526100158691 0.5989999771118164
    endloop
  endfacet
  facet normal 0 0 1
    outer loop
      vertex -11.67859935760498 -6.01043701171875 0.5989999771118164
      vertex -11.67144775390625 -6.027732849121094 0.5989999771118164
      vertex -11.671114921569824 -6.027732849121094 0.5989999771118164
    endloop
  endfacet
  facet normal 0 0 1
    outer loop
      vertex -11.67859935760498 -6.01043701171875 0.5989999771118164
      vertex -11.678932189941406 -6.01043701171875 0.5989999771118164
      vertex -11.67144775390625 -6.027732849121094 0.5989999771118164
    endloop
  endfacet
  facet normal 0 0 1
    outer loop
      vertex -11.684983253479004 -5.992704391479492 0.5989999771118164
      vertex -11.678932189941406 -6.01043701171875 0.5989999771118164
      vertex -11.67859935760498 -6.01043701171875 0.5989999771118164
    endloop
  endfacet
  facet normal 0 0 1
    outer loop
      vertex -11.684983253479004 -5.992704391479492 0.5989999771118164
      vertex -11.68531608581543 -5.992704391479492 0.5989999771118164
      vertex -11.678932189941406 -6.01043701171875 0.5989999771118164
    endloop
  endfacet
  facet normal 0 0 1
    outer loop
      vertex -11.690241813659668 -5.974606513977051 0.5989999771118164
      vertex -11.68531608581543 -5.992704391479492 0.5989999771118164
      vertex -11.684983253479004 -5.992704391479492 0.5989999771118164
    endloop
  endfacet
  facet normal 0 0 1
    outer loop
      vertex -11.690241813659668 -5.974606513977051 0.5989999771118164
      vertex -11.690574645996094 -5.974606513977051 0.5989999771118164
      vertex -11.68531608581543 -5.992704391479492 0.5989999771118164
    endloop
  endfacet
  facet normal 0 0 1
    outer loop
      vertex -11.694353103637695 -5.95621395111084 0.5989999771118164
      vertex -11.690574645996094 -5.974606513977051 0.5989999771118164
      vertex -11.690241813659668 -5.974606513977051 0.5989999771118164
    endloop
  endfacet
  facet normal 0 0 1
    outer loop
      vertex -11.694353103637695 -5.95621395111084 0.5989999771118164
      vertex -11.694685935974121 -5.95621395111084 0.5989999771118164
      vertex -11.690574645996094 -5.974606513977051 0.5989999771118164
    endloop
  endfacet
  facet normal 0 0 1
    outer loop
      vertex -11.697300910949707 -5.937599182128906 0.5989999771118164
      vertex -11.694685935974121 -5.95621395111084 0.5989999771118164
      vertex -11.694353103637695 -5.95621395111084 0.5989999771118164
    endloop
  endfacet
  facet normal 0 0 1
    outer loop
      vertex -11.697300910949707 -5.937599182128906 0.5989999771118164
      vertex -11.697633743286133 -5.937599182128906 0.5989999771118164
      vertex -11.694685935974121 -5.95621395111084 0.5989999771118164
    endloop
  endfacet
  facet normal 0 0 1
    outer loop
      vertex -11.699074745178223 -5.91883659362793 0.5989999771118164
      vertex -11.697633743286133 -5.937599182128906 0.5989999771118164
      vertex -11.697300910949707 -5.937599182128906 0.5989999771118164
    endloop
  endfacet
  facet normal 0 0 1
    outer loop
      vertex -11.699074745178223 -5.91883659362793 0.5989999771118164
      vertex -11.699407577514648 -5.91883659362793 0.5989999771118164
      vertex -11.697633743286133 -5.937599182128906 0.5989999771118164
    endloop
  endfacet
  facet normal 0 0 1
    outer loop
      vertex -11.699666976928711 -5.899999618530273 0.5989999771118164
      vertex -11.699407577514648 -5.91883659362793 0.5989999771118164
      vertex -11.699074745178223 -5.91883659362793 0.5989999771118164
    endloop
  endfacet
  facet normal 0 0 1
    outer loop
      vertex -11.699666976928711 -5.899999618530273 0.5989999771118164
      vertex -11.699999809265137 -5.899999618530273 0.5989999771118164
      vertex -11.699407577514648 -5.91883659362793 0.5989999771118164
    endloop
  endfacet
  facet normal 0 0 1
    outer loop
      vertex -11.699999809265137 -5.899999618530273 0.5989999771118164
      vertex -11.699666976928711 -5.899999618530273 0.5989999771118164
      vertex -11.699999809265137 5.899999618530273 0.5989999771118164
    endloop
  endfacet
  facet normal 0.6813420826165777 -0.6958387226722496 0.22711547390161874
    outer loop
      vertex -11.418689727783203 6.105363845825195 0
      vertex -11.618334770202637 6.105386257171631 0.5989999771118164
      vertex -11.61835765838623 6.105363845825195 0.5989999771118164
    endloop
  endfacet
  facet normal 0.6882703879459077 -0.6882211343042913 0.2294243739747464
    outer loop
      vertex -11.618334770202637 6.105386257171631 0.5989999771118164
      vertex -11.418689727783203 6.105363845825195 0
      vertex -11.405364036560059 6.118690490722656 0
    endloop
  endfacet
  facet normal 0.9448903153940448 0.0893308928856828 0.314963939921365
    outer loop
      vertex -11.697300910949707 -5.937599182128906 0.5989999771118164
      vertex -11.499407768249512 -5.91883659362793 0
      vertex -11.699074745178223 -5.91883659362793 0.5989999771118164
    endloop
  endfacet
  facet normal 0.9448903153940448 0.0893308928856828 0.314963939921365
    outer loop
      vertex -11.499407768249512 -5.91883659362793 0
      vertex -11.697300910949707 -5.937599182128906 0.5989999771118164
      vertex -11.497633934020996 -5.937599182128906 0
    endloop
  endfacet
  facet normal -0.7277109017399647 0.6415578639260388 -0.2425703005799882
    outer loop
      vertex -10.981308937072754 -6.105363845825195 0
      vertex -11.168845176696777 -6.091226577758789 0.5999994277954102
      vertex -10.96884536743164 -6.091226577758789 0
    endloop
  endfacet
  facet normal -0.7277109017399647 0.6415578639260388 -0.2425703005799882
    outer loop
      vertex -11.168845176696777 -6.091226577758789 0.5999994277954102
      vertex -10.981308937072754 -6.105363845825195 0
      vertex -11.18130874633789 -6.105363845825195 0.5999994277954102
    endloop
  endfacet
  facet normal 0.9280459153253152 0.207446123663146 0.3093491309590715
    outer loop
      vertex -11.690241813659668 -5.974606513977051 0.5989999771118164
      vertex -11.494686126708984 -5.95621395111084 0
      vertex -11.694353103637695 -5.95621395111084 0.5989999771118164
    endloop
  endfacet
  facet normal 0.9280459153253152 0.207446123663146 0.3093491309590715
    outer loop
      vertex -11.494686126708984 -5.95621395111084 0
      vertex -11.690241813659668 -5.974606513977051 0.5989999771118164
      vertex -11.490574836730957 -5.974606513977051 0
    endloop
  endfacet
  facet normal -0.9482615965309626 -0.029813206330788163 -0.3160871988436542
    outer loop
      vertex -10.899999618530273 5.899999618530273 0
      vertex -11.100591659545898 5.91883659362793 0.5999994277954102
      vertex -10.900591850280762 5.91883659362793 0
    endloop
  endfacet
  facet normal -0.9482615965309626 -0.029813206330788163 -0.3160871988436542
    outer loop
      vertex -11.100591659545898 5.91883659362793 0.5999994277954102
      vertex -10.899999618530273 5.899999618530273 0
      vertex -11.09999942779541 5.899999618530273 0.5999994277954102
    endloop
  endfacet
  facet normal 0.6005255124674058 -0.7741439674051467 0.2001754895235145
    outer loop
      vertex -11.391226768493652 6.131153106689453 0
      vertex -11.57600212097168 6.142704963684082 0.5989999771118164
      vertex -11.590893745422363 6.131153106689453 0.5989999771118164
    endloop
  endfacet
  facet normal 0.6005255124674058 -0.7741439674051467 0.2001754895235145
    outer loop
      vertex -11.57600212097168 6.142704963684082 0.5989999771118164
      vertex -11.391226768493652 6.131153106689453 0
      vertex -11.376335144042969 6.142704963684082 0
    endloop
  endfacet
  facet normal 0.15619734702326013 -0.9863526420404447 0.05206586523557967
    outer loop
      vertex -11.256214141845703 6.194685935974121 0
      vertex -11.43726634979248 6.197633743286133 0.5989999771118164
      vertex -11.455881118774414 6.194685935974121 0.5989999771118164
    endloop
  endfacet
  facet normal 0.15619734702326013 -0.9863526420404447 0.05206586523557967
    outer loop
      vertex -11.43726634979248 6.197633743286133 0.5989999771118164
      vertex -11.256214141845703 6.194685935974121 0
      vertex -11.23759937286377 6.197633743286133 0
    endloop
  endfacet
  facet normal -0.944890017666074 0.08933086473817717 -0.31496484108569306
    outer loop
      vertex -11.100591659545898 -5.91883659362793 0.5999994277954102
      vertex -10.902364730834961 -5.937599182128906 0
      vertex -11.102365493774414 -5.937599182128906 0.5999994277954102
    endloop
  endfacet
  facet normal 0.15619734702326013 0.9863526420404447 0.05206586523557967
    outer loop
      vertex -11.256214141845703 -6.194685935974121 0
      vertex -11.43726634979248 -6.197633743286133 0.5989999771118164
      vertex -11.23759937286377 -6.197633743286133 0
    endloop
  endfacet
  facet normal 0.15619734702326013 0.9863526420404447 0.05206586523557967
    outer loop
      vertex -11.43726634979248 -6.197633743286133 0.5989999771118164
      vertex -11.256214141845703 -6.194685935974121 0
      vertex -11.455881118774414 -6.194685935974121 0.5989999771118164
    endloop
  endfacet
  facet normal 0.9381552894209032 0.14856488547569097 0.31271892768934867
    outer loop
      vertex -11.694353103637695 -5.95621395111084 0.5989999771118164
      vertex -11.497633934020996 -5.937599182128906 0
      vertex -11.697300910949707 -5.937599182128906 0.5989999771118164
    endloop
  endfacet
  facet normal 0.9381552894209032 0.14856488547569097 0.31271892768934867
    outer loop
      vertex -11.497633934020996 -5.937599182128906 0
      vertex -11.694353103637695 -5.95621395111084 0.5989999771118164
      vertex -11.494686126708984 -5.95621395111084 0
    endloop
  endfacet
  facet normal 0.9486831470095397 0 0.3162282191393993
    outer loop
      vertex -11.699666976928711 -5.899999618530273 0.5989999771118164
      vertex -11.5 5.899999618530273 0
      vertex -11.699666976928711 5.899999618530273 0.5989999771118164
    endloop
  endfacet
  facet normal 0.9486831470095397 0 0.3162282191393993
    outer loop
      vertex -11.5 5.899999618530273 0
      vertex -11.699666976928711 -5.899999618530273 0.5989999771118164
      vertex -11.5 -5.899999618530273 0
    endloop
  endfacet
  facet normal -0.6005254360363332 0.77414386887702 -0.2001760998558292
    outer loop
      vertex -11.023663520812988 -6.142704963684082 0
      vertex -11.208772659301758 -6.131153106689453 0.5999994277954102
      vertex -11.008771896362305 -6.131153106689453 0
    endloop
  endfacet
  facet normal -0.6005254360363332 0.77414386887702 -0.2001760998558292
    outer loop
      vertex -11.208772659301758 -6.131153106689453 0.5999994277954102
      vertex -11.023663520812988 -6.142704963684082 0
      vertex -11.223664283752441 -6.142704963684082 0.5999994277954102
    endloop
  endfacet
  facet normal 0.7640974949850687 -0.592691443284332 0.2546995705043073
    outer loop
      vertex -11.431153297424316 6.091226577758789 0
      vertex -11.630820274353027 6.091226577758789 0.5989999771118164
      vertex -11.642352104187012 6.076359748840332 0.5989999771118164
    endloop
  endfacet
  facet normal -0.5524693635827104 0.8129352244379499 -0.184157332654812
    outer loop
      vertex -11.223664283752441 -6.142704963684082 0.5999994277954102
      vertex -11.023663520812988 -6.142704963684082 0
      vertex -11.239249229431152 -6.153297424316406 0.5999951958656311
    endloop
  endfacet
  facet normal -0.9486832980505138 0 -0.31622776601683794
    outer loop
      vertex -10.899999618530273 -5.899999618530273 0
      vertex -11.09999942779541 5.899999618530273 0.5999994277954102
      vertex -10.899999618530273 5.899999618530273 0
    endloop
  endfacet
  facet normal -0.9486832980505138 0 -0.31622776601683794
    outer loop
      vertex -11.09999942779541 5.899999618530273 0.5999994277954102
      vertex -10.899999618530273 -5.899999618530273 0
      vertex -11.09999942779541 -5.899999618530273 0.5999994277954102
    endloop
  endfacet
  facet normal -0.9448945174574438 0.08928326257768568 -0.31496483915248125
    outer loop
      vertex -10.900591850280762 -5.91883659362793 0
      vertex -10.902364730834961 -5.937599182128906 0
      vertex -11.100591659545898 -5.91883659362793 0.5999994277954102
    endloop
  endfacet
  facet normal 0.5018846247640312 -0.8486012957401188 0.1672951412733163
    outer loop
      vertex -11.360747337341309 6.153297424316406 0
      vertex -11.544219970703125 6.162875175476074 0.5989999771118164
      vertex -11.56041431427002 6.153297424316406 0.5989999771118164
    endloop
  endfacet
  facet normal 0.8541350730034201 -0.43519222414598696 0.28471214429369035
    outer loop
      vertex -11.671114921569824 6.027732849121094 0.5989999771118164
      vertex -11.462891578674316 6.044526100158691 0
      vertex -11.662558555603027 6.044526100158691 0.5989999771118164
    endloop
  endfacet
  facet normal 0.8541350730034201 -0.43519222414598696 0.28471214429369035
    outer loop
      vertex -11.462891578674316 6.044526100158691 0
      vertex -11.671114921569824 6.027732849121094 0.5989999771118164
      vertex -11.471447944641113 6.027732849121094 0
    endloop
  endfacet
  facet normal -0.9280460567221237 -0.2074461552695777 -0.3093486855740412
    outer loop
      vertex -10.905313491821289 5.95621395111084 0
      vertex -11.109424591064453 5.974606513977051 0.5999994277954102
      vertex -10.909424781799316 5.974606513977051 0
    endloop
  endfacet
  facet normal -0.9280460567221237 -0.2074461552695777 -0.3093486855740412
    outer loop
      vertex -11.109424591064453 5.974606513977051 0.5999994277954102
      vertex -10.905313491821289 5.95621395111084 0
      vertex -11.105313301086426 5.95621395111084 0.5999994277954102
    endloop
  endfacet
  facet normal -0.9145847450153148 0.2656956157068784 -0.30486158167177163
    outer loop
      vertex -10.914682388305664 -5.992704391479492 0
      vertex -11.109424591064453 -5.974606513977051 0.5999994277954102
      vertex -10.909424781799316 -5.974606513977051 0
    endloop
  endfacet
  facet normal -0.9145847450153148 0.2656956157068784 -0.30486158167177163
    outer loop
      vertex -11.109424591064453 -5.974606513977051 0.5999994277954102
      vertex -10.914682388305664 -5.992704391479492 0
      vertex -11.1146821975708 -5.992704391479492 0.5999994277954102
    endloop
  endfacet
  facet normal -0.9482615965309626 0.029813206330788163 -0.3160871988436542
    outer loop
      vertex -10.900591850280762 -5.91883659362793 0
      vertex -11.09999942779541 -5.899999618530273 0.5999994277954102
      vertex -10.899999618530273 -5.899999618530273 0
    endloop
  endfacet
  facet normal -0.9482615965309626 0.029813206330788163 -0.3160871988436542
    outer loop
      vertex -11.09999942779541 -5.899999618530273 0.5999994277954102
      vertex -10.900591850280762 -5.91883659362793 0
      vertex -11.100591659545898 -5.91883659362793 0.5999994277954102
    endloop
  endfacet
  facet normal 0.5018846247640312 0.8486012957401188 0.1672951412733163
    outer loop
      vertex -11.544219970703125 -6.162875175476074 0.5989999771118164
      vertex -11.360747337341309 -6.153297424316406 0
      vertex -11.56041431427002 -6.153297424316406 0.5989999771118164
    endloop
  endfacet
  facet normal 0.09407503748032019 0.9950711222515158 0.0313583957527336
    outer loop
      vertex -11.23759937286377 -6.197633743286133 0
      vertex -11.418503761291504 -6.199407577514648 0.5989999771118164
      vertex -11.218836784362793 -6.199407577514648 0
    endloop
  endfacet
  facet normal 0.09407503748032019 0.9950711222515158 0.0313583957527336
    outer loop
      vertex -11.418503761291504 -6.199407577514648 0.5989999771118164
      vertex -11.23759937286377 -6.197633743286133 0
      vertex -11.43726634979248 -6.197633743286133 0.5989999771118164
    endloop
  endfacet
  facet normal 0.8977667526449848 0.3232037561689539 0.2992560606630344
    outer loop
      vertex -11.67859935760498 -6.01043701171875 0.5989999771118164
      vertex -11.485316276550293 -5.992704391479492 0
      vertex -11.684983253479004 -5.992704391479492 0.5989999771118164
    endloop
  endfacet
  facet normal 0.8977667526449848 0.3232037561689539 0.2992560606630344
    outer loop
      vertex -11.485316276550293 -5.992704391479492 0
      vertex -11.67859935760498 -6.01043701171875 0.5989999771118164
      vertex -11.47893238067627 -6.01043701171875 0
    endloop
  endfacet
  facet normal 0.9145728975605576 0.2657403676634302 0.3048581178873067
    outer loop
      vertex -11.684983253479004 -5.992704391479492 0.5989999771118164
      vertex -11.490574836730957 -5.974606513977051 0
      vertex -11.690241813659668 -5.974606513977051 0.5989999771118164
    endloop
  endfacet
  facet normal 0.9145728975605576 0.2657403676634302 0.3048581178873067
    outer loop
      vertex -11.490574836730957 -5.974606513977051 0
      vertex -11.684983253479004 -5.992704391479492 0.5989999771118164
      vertex -11.485316276550293 -5.992704391479492 0
    endloop
  endfacet
  facet normal -0.8776091149104006 0.3797682142598602 -0.2925377665602517
    outer loop
      vertex -11.12106704711914 -6.01043701171875 0.5999994277954102
      vertex -10.921066284179688 -6.01043701171875 0
      vertex -11.128551483154297 -6.027732849121094 0.5999994277954102
    endloop
  endfacet
  facet normal -0.6882472016116852 0.6882472016116852 -0.22941573387056174
    outer loop
      vertex -10.994635581970215 -6.118690490722656 0
      vertex -11.18130874633789 -6.105363845825195 0.5999994277954102
      vertex -10.981308937072754 -6.105363845825195 0
    endloop
  endfacet
  facet normal -0.6882472016116852 0.6882472016116852 -0.22941573387056174
    outer loop
      vertex -11.18130874633789 -6.105363845825195 0.5999994277954102
      vertex -10.994635581970215 -6.118690490722656 0
      vertex -11.194635391235352 -6.118690490722656 0.5999994277954102
    endloop
  endfacet
  facet normal 0.09407503748032019 -0.9950711222515158 0.0313583957527336
    outer loop
      vertex -11.23759937286377 6.197633743286133 0
      vertex -11.418503761291504 6.199407577514648 0.5989999771118164
      vertex -11.43726634979248 6.197633743286133 0.5989999771118164
    endloop
  endfacet
  facet normal 0.09407503748032019 -0.9950711222515158 0.0313583957527336
    outer loop
      vertex -11.418503761291504 6.199407577514648 0.5989999771118164
      vertex -11.23759937286377 6.197633743286133 0
      vertex -11.218836784362793 6.199407577514648 0
    endloop
  endfacet
  facet normal 0.03153132649444233 0.9994475003995963 0.01051044216481411
    outer loop
      vertex -11.199999809265137 -6.199999809265137 0
      vertex -11.399832725524902 -6.1999945640563965 0.5989999771118164
      vertex -11.399999618530273 -6.199999809265137 0.5999994277954102
    endloop
  endfacet
  facet normal 0.031422603311864264 0.9994513053396827 0.01047417089364966
    outer loop
      vertex -11.218836784362793 -6.199407577514648 0
      vertex -11.399832725524902 -6.1999945640563965 0.5989999771118164
      vertex -11.199999809265137 -6.199999809265137 0
    endloop
  endfacet
  facet normal 0.03142110074780655 0.9994513573364041 0.010473716924559848
    outer loop
      vertex -11.399832725524902 -6.1999945640563965 0.5989999771118164
      vertex -11.218836784362793 -6.199407577514648 0
      vertex -11.418503761291504 -6.199407577514648 0.5989999771118164
    endloop
  endfacet
  facet normal -0.8541532129677649 0.43515296005075926 -0.2847177376559217
    outer loop
      vertex -10.92855167388916 -6.027732849121094 0
      vertex -10.93710708618164 -6.044526100158691 0
      vertex -11.128551483154297 -6.027732849121094 0.5999994277954102
    endloop
  endfacet
  facet normal 0.9482614456913178 0.02981320158841172 0.3160876518095269
    outer loop
      vertex -11.699074745178223 -5.91883659362793 0.5989999771118164
      vertex -11.5 -5.899999618530273 0
      vertex -11.699666976928711 -5.899999618530273 0.5989999771118164
    endloop
  endfacet
  facet normal 0.9482614456913178 0.02981320158841172 0.3160876518095269
    outer loop
      vertex -11.5 -5.899999618530273 0
      vertex -11.699074745178223 -5.91883659362793 0.5989999771118164
      vertex -11.499407768249512 -5.91883659362793 0
    endloop
  endfacet
  facet normal 0.6457776690918672 0.7325534256671135 0.2152595657471503
    outer loop
      vertex -11.405364036560059 -6.118690490722656 0
      vertex -11.590893745422363 -6.131153106689453 0.5989999771118164
      vertex -11.391226768493652 -6.131153106689453 0
    endloop
  endfacet
  facet normal 0.6457776690918672 0.7325534256671135 0.2152595657471503
    outer loop
      vertex -11.590893745422363 -6.131153106689453 0.5989999771118164
      vertex -11.405364036560059 -6.118690490722656 0
      vertex -11.60503101348877 -6.118690490722656 0.5989999771118164
    endloop
  endfacet
  facet normal -0.2778233919227966 -0.9561578724190989 -0.09260823889640896
    outer loop
      vertex -11.107294082641602 6.18531608581543 0
      vertex -11.307294845581055 6.18531608581543 0.5999994277954102
      vertex -11.325392723083496 6.190574645996094 0.5999994277954102
    endloop
  endfacet
  facet normal 0.9482614456913178 -0.02981320158841172 0.3160876518095269
    outer loop
      vertex -11.699666976928711 5.899999618530273 0.5989999771118164
      vertex -11.499407768249512 5.91883659362793 0
      vertex -11.699074745178223 5.91883659362793 0.5989999771118164
    endloop
  endfacet
  facet normal 0.9482614456913178 -0.02981320158841172 0.3160876518095269
    outer loop
      vertex -11.499407768249512 5.91883659362793 0
      vertex -11.699666976928711 5.899999618530273 0.5989999771118164
      vertex -11.5 5.899999618530273 0
    endloop
  endfacet
  facet normal 0.9280459153253152 -0.207446123663146 0.3093491309590715
    outer loop
      vertex -11.694353103637695 5.95621395111084 0.5989999771118164
      vertex -11.490574836730957 5.974606513977051 0
      vertex -11.690241813659668 5.974606513977051 0.5989999771118164
    endloop
  endfacet
  facet normal 0.9280459153253152 -0.207446123663146 0.3093491309590715
    outer loop
      vertex -11.490574836730957 5.974606513977051 0
      vertex -11.694353103637695 5.95621395111084 0.5989999771118164
      vertex -11.494686126708984 5.95621395111084 0
    endloop
  endfacet
  facet normal -0.9280460567221237 0.2074461552695777 -0.3093486855740412
    outer loop
      vertex -10.909424781799316 -5.974606513977051 0
      vertex -11.105313301086426 -5.95621395111084 0.5999994277954102
      vertex -10.905313491821289 -5.95621395111084 0
    endloop
  endfacet
  facet normal -0.9280460567221237 0.2074461552695777 -0.3093486855740412
    outer loop
      vertex -11.105313301086426 -5.95621395111084 0.5999994277954102
      vertex -10.909424781799316 -5.974606513977051 0
      vertex -11.109424591064453 -5.974606513977051 0.5999994277954102
    endloop
  endfacet
  facet normal -0.8977668806484612 -0.32320380225130685 -0.2992556268828204
    outer loop
      vertex -10.921066284179688 6.01043701171875 0
      vertex -10.914682388305664 5.992704391479492 0
      vertex -11.1146821975708 5.992704391479492 0.5999994277954102
    endloop
  endfacet
  facet normal -0.9381549980141302 -0.14856483932894493 -0.31271982383000946
    outer loop
      vertex -10.902364730834961 5.937599182128906 0
      vertex -11.102365493774414 5.937599182128906 0.5999994277954102
      vertex -11.105313301086426 5.95621395111084 0.5999994277954102
    endloop
  endfacet
  facet normal -0.9381549980141302 0.14856483932894493 -0.31271982383000946
    outer loop
      vertex -11.102365493774414 -5.937599182128906 0.5999994277954102
      vertex -10.902364730834961 -5.937599182128906 0
      vertex -11.105313301086426 -5.95621395111084 0.5999994277954102
    endloop
  endfacet
  facet normal -0.8775933444741778 0.3798097794870876 -0.29253111482472594
    outer loop
      vertex -10.921066284179688 -6.01043701171875 0
      vertex -10.92855167388916 -6.027732849121094 0
      vertex -11.128551483154297 -6.027732849121094 0.5999994277954102
    endloop
  endfacet
  facet normal -0.938148735503439 0.1486119109676025 -0.31271624516781305
    outer loop
      vertex -10.902364730834961 -5.937599182128906 0
      vertex -10.905313491821289 -5.95621395111084 0
      vertex -11.105313301086426 -5.95621395111084 0.5999994277954102
    endloop
  endfacet
  facet normal -0.8273629274320552 0.48929647169375295 -0.27578895753656296
    outer loop
      vertex -11.137107849121094 -6.044526100158691 0.5999994277954102
      vertex -10.93710708618164 -6.044526100158691 0
      vertex -11.146700859069824 -6.060747146606445 0.5999994277954102
    endloop
  endfacet
  facet normal 0.3937067762466769 0.9098198386862554 0.13123580102382554
    outer loop
      vertex -11.327733039855957 -6.17144775390625 0
      vertex -11.510104179382324 -6.178932189941406 0.5989999771118164
      vertex -11.310437202453613 -6.178932189941406 0
    endloop
  endfacet
  facet normal 0.3937067762466769 0.9098198386862554 0.13123580102382554
    outer loop
      vertex -11.510104179382324 -6.178932189941406 0.5989999771118164
      vertex -11.327733039855957 -6.17144775390625 0
      vertex -11.527400016784668 -6.17144775390625 0.5989999771118164
    endloop
  endfacet
  facet normal -0.3365879286416397 -0.9349441208787943 -0.11219651120649471
    outer loop
      vertex -11.107294082641602 6.18531608581543 0
      vertex -11.289562225341797 6.178932189941406 0.5999994277954102
      vertex -11.307294845581055 6.18531608581543 0.5999994277954102
    endloop
  endfacet
  facet normal 0.727720028450782 0.6415462151557385 0.2425737290205596
    outer loop
      vertex -11.618377685546875 -6.105340480804443 0.5989999771118164
      vertex -11.431153297424316 -6.091226577758789 0
      vertex -11.630820274353027 -6.091226577758789 0.5989999771118164
    endloop
  endfacet
  facet normal 0.7530343822356446 0.6082200779595591 0.25101305929741774
    outer loop
      vertex -11.642352104187012 -6.076359748840332 0.5989999771118164
      vertex -11.442704200744629 -6.0763349533081055 0
      vertex -11.642372131347656 -6.0763349533081055 0.5989999771118164
    endloop
  endfacet
  facet normal 0.7641011685039587 0.5926860936868362 0.25470099850829664
    outer loop
      vertex -11.442704200744629 -6.0763349533081055 0
      vertex -11.642352104187012 -6.076359748840332 0.5989999771118164
      vertex -11.431153297424316 -6.091226577758789 0
    endloop
  endfacet
  facet normal -0.031422603301921266 -0.9994513050234282 -0.010474201100640422
    outer loop
      vertex -11.199999809265137 6.199999809265137 0
      vertex -11.381162643432617 6.199407577514648 0.5999994277954102
      vertex -11.399999618530273 6.199999809265137 0.5999994277954102
    endloop
  endfacet
  facet normal -0.031422603301921266 -0.9994513050234282 -0.010474201100640422
    outer loop
      vertex -11.381162643432617 6.199407577514648 0.5999994277954102
      vertex -11.199999809265137 6.199999809265137 0
      vertex -11.18116283416748 6.199407577514648 0
    endloop
  endfacet
  facet normal -0.944890017666074 -0.08933086473817717 -0.31496484108569306
    outer loop
      vertex -10.902364730834961 5.937599182128906 0
      vertex -11.100591659545898 5.91883659362793 0.5999994277954102
      vertex -11.102365493774414 5.937599182128906 0.5999994277954102
    endloop
  endfacet
  facet normal -0.5018791385868173 -0.8486049534064417 -0.16729304619560578
    outer loop
      vertex -11.255473136901855 6.162891387939453 0.5999994277954102
      vertex -11.055473327636719 6.162891387939453 0
      vertex -11.239251136779785 6.153298377990723 0.5999945998191833
    endloop
  endfacet
  facet normal -0.6256969999906585 -0.7530031358038966 -0.20368981730118071
    outer loop
      vertex -11.055473327636719 6.162891387939453 0
      vertex -11.239250183105469 6.153297424316406 0.5999951958656311
      vertex -11.239251136779785 6.153298377990723 0.5999945998191833
    endloop
  endfacet
  facet normal -0.5018791777828056 -0.8486048522947837 -0.16729344150265832
    outer loop
      vertex -11.239250183105469 6.153297424316406 0.5999951958656311
      vertex -11.055473327636719 6.162891387939453 0
      vertex -11.039251327514648 6.153297424316406 0
    endloop
  endfacet
  facet normal -0.031422603301921266 0.9994513050234282 -0.010474201100640422
    outer loop
      vertex -11.199999809265137 -6.199999809265137 0
      vertex -11.381162643432617 -6.199407577514648 0.5999994277954102
      vertex -11.18116283416748 -6.199407577514648 0
    endloop
  endfacet
  facet normal -0.031422603301921266 0.9994513050234282 -0.010474201100640422
    outer loop
      vertex -11.381162643432617 -6.199407577514648 0.5999994277954102
      vertex -11.199999809265137 -6.199999809265137 0
      vertex -11.399999618530273 -6.199999809265137 0.5999994277954102
    endloop
  endfacet
  facet normal -0.5524355263200793 0.8129610765914915 -0.18414471810687424
    outer loop
      vertex -11.039251327514648 -6.153297424316406 0
      vertex -11.239249229431152 -6.153297424316406 0.5999951958656311
      vertex -11.023663520812988 -6.142704963684082 0
    endloop
  endfacet
  facet normal 0 1 0
    outer loop
      vertex -11.239249229431152 -6.153297424316406 0.5999951958656311
      vertex -11.039251327514648 -6.153297424316406 0
      vertex -11.239250183105469 -6.153297424316406 0.5999951958656311
    endloop
  endfacet
  facet normal 0.03142110074780655 -0.9994513573364041 0.010473716924559848
    outer loop
      vertex -11.418503761291504 6.199407577514648 0.5989999771118164
      vertex -11.218836784362793 6.199407577514648 0
      vertex -11.399832725524902 6.1999945640563965 0.5989999771118164
    endloop
  endfacet
  facet normal 0.031422603311864264 -0.9994513053396827 0.01047417089364966
    outer loop
      vertex -11.199999809265137 6.199999809265137 0
      vertex -11.399832725524902 6.1999945640563965 0.5989999771118164
      vertex -11.218836784362793 6.199407577514648 0
    endloop
  endfacet
  facet normal 0.03153132649444233 -0.9994475003995963 0.01051044216481411
    outer loop
      vertex -11.399832725524902 6.1999945640563965 0.5989999771118164
      vertex -11.199999809265137 6.199999809265137 0
      vertex -11.399999618530273 6.199999809265137 0.5999994277954102
    endloop
  endfacet
  facet normal 0.8273434352195195 0.489333585649266 0.27578158414730514
    outer loop
      vertex -11.65296459197998 -6.060747146606445 0.5989999771118164
      vertex -11.462891578674316 -6.044526100158691 0
      vertex -11.662558555603027 -6.044526100158691 0.5989999771118164
    endloop
  endfacet
  facet normal 0.8273434352195195 0.489333585649266 0.27578158414730514
    outer loop
      vertex -11.462891578674316 -6.044526100158691 0
      vertex -11.65296459197998 -6.060747146606445 0.5989999771118164
      vertex -11.45329761505127 -6.060747146606445 0
    endloop
  endfacet
  facet normal 0.7530343822356446 -0.6082200779595591 0.25101305929741774
    outer loop
      vertex -11.442704200744629 6.0763349533081055 0
      vertex -11.642352104187012 6.076359748840332 0.5989999771118164
      vertex -11.642372131347656 6.0763349533081055 0.5989999771118164
    endloop
  endfacet
  facet normal 0.7641011685039587 -0.5926860936868362 0.25470099850829664
    outer loop
      vertex -11.642352104187012 6.076359748840332 0.5989999771118164
      vertex -11.442704200744629 6.0763349533081055 0
      vertex -11.431153297424316 6.091226577758789 0
    endloop
  endfacet
  facet normal -0.6458010946197356 0.7325305804674273 -0.21526703153991184
    outer loop
      vertex -10.994635581970215 -6.118690490722656 0
      vertex -11.008771896362305 -6.131153106689453 0
      vertex -11.194635391235352 -6.118690490722656 0.5999994277954102
    endloop
  endfacet
  facet normal 0.4488817487446437 0.8809749091416872 0.14962748780470386
    outer loop
      vertex -11.527400016784668 -6.17144775390625 0.5989999771118164
      vertex -11.327733039855957 -6.17144775390625 0
      vertex -11.544164657592773 -6.162905693054199 0.5989999771118164
    endloop
  endfacet
  facet normal -0.09407030319179813 0.9950716211282947 -0.03135676773059937
    outer loop
      vertex -11.18116283416748 -6.199407577514648 0
      vertex -11.362399101257324 -6.197633743286133 0.5999994277954102
      vertex -11.162399291992188 -6.197633743286133 0
    endloop
  endfacet
  facet normal -0.09407030319179813 0.9950716211282947 -0.03135676773059937
    outer loop
      vertex -11.362399101257324 -6.197633743286133 0.5999994277954102
      vertex -11.18116283416748 -6.199407577514648 0
      vertex -11.381162643432617 -6.199407577514648 0.5999994277954102
    endloop
  endfacet
  facet normal 0.8776093534602805 0.3797683174876644 0.2925369169038621
    outer loop
      vertex -11.671114921569824 -6.027732849121094 0.5989999771118164
      vertex -11.47893238067627 -6.01043701171875 0
      vertex -11.67859935760498 -6.01043701171875 0.5989999771118164
    endloop
  endfacet
  facet normal 0.8776093534602805 0.3797683174876644 0.2925369169038621
    outer loop
      vertex -11.47893238067627 -6.01043701171875 0
      vertex -11.671114921569824 -6.027732849121094 0.5989999771118164
      vertex -11.471447944641113 -6.027732849121094 0
    endloop
  endfacet
  facet normal -0.8541532129677649 -0.43515296005075926 -0.2847177376559217
    outer loop
      vertex -10.93710708618164 6.044526100158691 0
      vertex -10.92855167388916 6.027732849121094 0
      vertex -11.128551483154297 6.027732849121094 0.5999994277954102
    endloop
  endfacet
  facet normal -0.9145847450153148 -0.2656956157068784 -0.30486158167177163
    outer loop
      vertex -10.909424781799316 5.974606513977051 0
      vertex -11.1146821975708 5.992704391479492 0.5999994277954102
      vertex -10.914682388305664 5.992704391479492 0
    endloop
  endfacet
  facet normal -0.9145847450153148 -0.2656956157068784 -0.30486158167177163
    outer loop
      vertex -11.1146821975708 5.992704391479492 0.5999994277954102
      vertex -10.909424781799316 5.974606513977051 0
      vertex -11.109424591064453 5.974606513977051 0.5999994277954102
    endloop
  endfacet
  facet normal 0.797348725191545 0.5418433639936906 0.2657833315530133
    outer loop
      vertex -11.642389297485352 -6.0763092041015625 0.5989999771118164
      vertex -11.45329761505127 -6.060747146606445 0
      vertex -11.65296459197998 -6.060747146606445 0.5989999771118164
    endloop
  endfacet
  facet normal 0.6882588286180987 0.6882341607270333 0.22941997480079807
    outer loop
      vertex -11.60503101348877 -6.118690490722656 0.5989999771118164
      vertex -11.405364036560059 -6.118690490722656 0
      vertex -11.618334770202637 -6.105386257171631 0.5989999771118164
    endloop
  endfacet
  facet normal -0.6457775740478854 0.7325533178516875 -0.2152602177860848
    outer loop
      vertex -11.194635391235352 -6.118690490722656 0.5999994277954102
      vertex -11.008771896362305 -6.131153106689453 0
      vertex -11.208772659301758 -6.131153106689453 0.5999994277954102
    endloop
  endfacet
  facet normal -0.39368881801940775 -0.9098285031113656 -0.13122960600646924
    outer loop
      vertex -11.08956241607666 6.178932189941406 0
      vertex -11.272265434265137 6.17144775390625 0.5999994277954102
      vertex -11.289562225341797 6.178932189941406 0.5999994277954102
    endloop
  endfacet
  facet normal -0.39368881801940775 -0.9098285031113656 -0.13122960600646924
    outer loop
      vertex -11.272265434265137 6.17144775390625 0.5999994277954102
      vertex -11.08956241607666 6.178932189941406 0
      vertex -11.072265625 6.17144775390625 0
    endloop
  endfacet
  facet normal -0.336603772836693 0.9349378470798675 -0.112201257612231
    outer loop
      vertex -11.08956241607666 -6.178932189941406 0
      vertex -11.107294082641602 -6.18531608581543 0
      vertex -11.289562225341797 -6.178932189941406 0.5999994277954102
    endloop
  endfacet
  facet normal -0.8977524868135451 0.3232469021843974 -0.2992522558783578
    outer loop
      vertex -11.1146821975708 -5.992704391479492 0.5999994277954102
      vertex -10.921066284179688 -6.01043701171875 0
      vertex -11.12106704711914 -6.01043701171875 0.5999994277954102
    endloop
  endfacet
  facet normal -0.8273435354012828 0.4893336449019287 -0.27578117846709427
    outer loop
      vertex -10.93710708618164 -6.044526100158691 0
      vertex -10.946701049804688 -6.060747146606445 0
      vertex -11.146700859069824 -6.060747146606445 0.5999994277954102
    endloop
  endfacet
  facet normal -0.8541348530882704 0.4351921120965394 -0.28471297530817175
    outer loop
      vertex -11.128551483154297 -6.027732849121094 0.5999994277954102
      vertex -10.93710708618164 -6.044526100158691 0
      vertex -11.137107849121094 -6.044526100158691 0.5999994277954102
    endloop
  endfacet
  facet normal -0.6005254360363332 -0.77414386887702 -0.2001760998558292
    outer loop
      vertex -11.023663520812988 6.142704963684082 0
      vertex -11.208772659301758 6.131153106689453 0.5999994277954102
      vertex -11.223664283752441 6.142704963684082 0.5999994277954102
    endloop
  endfacet
  facet normal -0.6005254360363332 -0.77414386887702 -0.2001760998558292
    outer loop
      vertex -11.208772659301758 6.131153106689453 0.5999994277954102
      vertex -11.023663520812988 6.142704963684082 0
      vertex -11.008771896362305 6.131153106689453 0
    endloop
  endfacet
  facet normal 0.4488904132363605 0.8809699505423356 0.14963068918482036
    outer loop
      vertex -11.344525337219238 -6.162891387939453 0
      vertex -11.544164657592773 -6.162905693054199 0.5989999771118164
      vertex -11.327733039855957 -6.17144775390625 0
    endloop
  endfacet
  facet normal 0.442325807226963 0.884651614453926 0.14744287471789796
    outer loop
      vertex -11.544164657592773 -6.162905693054199 0.5989999771118164
      vertex -11.344525337219238 -6.162891387939453 0
      vertex -11.544193267822266 -6.162891387939453 0.5989999771118164
    endloop
  endfacet
  facet normal -0.2175720779353925 -0.9733461134451356 -0.07252402597846416
    outer loop
      vertex -11.14378547668457 6.194685935974121 0
      vertex -11.325392723083496 6.190574645996094 0.5999994277954102
      vertex -11.343785285949707 6.194685935974121 0.5999994277954102
    endloop
  endfacet
  facet normal -0.2175720779353925 -0.9733461134451356 -0.07252402597846416
    outer loop
      vertex -11.325392723083496 6.190574645996094 0.5999994277954102
      vertex -11.14378547668457 6.194685935974121 0
      vertex -11.12539291381836 6.190574645996094 0
    endloop
  endfacet
  facet normal 0.8776093534602805 -0.3797683174876644 0.2925369169038621
    outer loop
      vertex -11.67859935760498 6.01043701171875 0.5989999771118164
      vertex -11.471447944641113 6.027732849121094 0
      vertex -11.671114921569824 6.027732849121094 0.5989999771118164
    endloop
  endfacet
  facet normal 0.8776093534602805 -0.3797683174876644 0.2925369169038621
    outer loop
      vertex -11.471447944641113 6.027732849121094 0
      vertex -11.67859935760498 6.01043701171875 0.5989999771118164
      vertex -11.47893238067627 6.01043701171875 0
    endloop
  endfacet
  facet normal -0.8273435354012828 -0.4893336449019287 -0.27578117846709427
    outer loop
      vertex -10.946701049804688 6.060747146606445 0
      vertex -10.93710708618164 6.044526100158691 0
      vertex -11.146700859069824 6.060747146606445 0.5999994277954102
    endloop
  endfacet
  facet normal 0.9145728975605576 -0.2657403676634302 0.3048581178873067
    outer loop
      vertex -11.690241813659668 5.974606513977051 0.5989999771118164
      vertex -11.485316276550293 5.992704391479492 0
      vertex -11.684983253479004 5.992704391479492 0.5989999771118164
    endloop
  endfacet
  facet normal 0.9145728975605576 -0.2657403676634302 0.3048581178873067
    outer loop
      vertex -11.485316276550293 5.992704391479492 0
      vertex -11.690241813659668 5.974606513977051 0.5989999771118164
      vertex -11.490574836730957 5.974606513977051 0
    endloop
  endfacet
  facet normal 0.7640974949850687 0.592691443284332 0.2546995705043073
    outer loop
      vertex -11.630820274353027 -6.091226577758789 0.5989999771118164
      vertex -11.431153297424316 -6.091226577758789 0
      vertex -11.642352104187012 -6.076359748840332 0.5989999771118164
    endloop
  endfacet
  facet normal -0.7973350737837167 0.54186589168489 -0.2657783579279056
    outer loop
      vertex -10.957294464111328 -6.0763349533081055 0
      vertex -11.146700859069824 -6.060747146606445 0.5999994277954102
      vertex -10.946701049804688 -6.060747146606445 0
    endloop
  endfacet
  facet normal -0.7973350737837167 0.54186589168489 -0.2657783579279056
    outer loop
      vertex -11.146700859069824 -6.060747146606445 0.5999994277954102
      vertex -10.957294464111328 -6.0763349533081055 0
      vertex -11.157294273376465 -6.0763349533081055 0.5999994277954102
    endloop
  endfacet
  facet normal -0.39368881801940775 0.9098285031113656 -0.13122960600646924
    outer loop
      vertex -11.08956241607666 -6.178932189941406 0
      vertex -11.272265434265137 -6.17144775390625 0.5999994277954102
      vertex -11.072265625 -6.17144775390625 0
    endloop
  endfacet
  facet normal -0.39368881801940775 0.9098285031113656 -0.13122960600646924
    outer loop
      vertex -11.272265434265137 -6.17144775390625 0.5999994277954102
      vertex -11.08956241607666 -6.178932189941406 0
      vertex -11.289562225341797 -6.178932189941406 0.5999994277954102
    endloop
  endfacet
  facet normal -0.9448945174574438 -0.08928326257768568 -0.31496483915248125
    outer loop
      vertex -10.902364730834961 5.937599182128906 0
      vertex -10.900591850280762 5.91883659362793 0
      vertex -11.100591659545898 5.91883659362793 0.5999994277954102
    endloop
  endfacet
  facet normal -0.15620513347268736 0.9863512763247854 -0.052068377824229115
    outer loop
      vertex -11.162399291992188 -6.197633743286133 0
      vertex -11.343785285949707 -6.194685935974121 0.5999994277954102
      vertex -11.14378547668457 -6.194685935974121 0
    endloop
  endfacet
  facet normal -0.15620513347268736 0.9863512763247854 -0.052068377824229115
    outer loop
      vertex -11.343785285949707 -6.194685935974121 0.5999994277954102
      vertex -11.162399291992188 -6.197633743286133 0
      vertex -11.362399101257324 -6.197633743286133 0.5999994277954102
    endloop
  endfacet
  facet normal 0.6813420826165777 0.6958387226722496 0.22711547390161874
    outer loop
      vertex -11.618334770202637 -6.105386257171631 0.5989999771118164
      vertex -11.418689727783203 -6.105363845825195 0
      vertex -11.61835765838623 -6.105363845825195 0.5989999771118164
    endloop
  endfacet
  facet normal 0.6882703879459077 0.6882211343042913 0.2294243739747464
    outer loop
      vertex -11.418689727783203 -6.105363845825195 0
      vertex -11.618334770202637 -6.105386257171631 0.5989999771118164
      vertex -11.405364036560059 -6.118690490722656 0
    endloop
  endfacet
  facet normal 0.8541350730034201 0.43519222414598696 0.28471214429369035
    outer loop
      vertex -11.662558555603027 -6.044526100158691 0.5989999771118164
      vertex -11.471447944641113 -6.027732849121094 0
      vertex -11.671114921569824 -6.027732849121094 0.5989999771118164
    endloop
  endfacet
  facet normal 0.8541350730034201 0.43519222414598696 0.28471214429369035
    outer loop
      vertex -11.471447944641113 -6.027732849121094 0
      vertex -11.662558555603027 -6.044526100158691 0.5989999771118164
      vertex -11.462891578674316 -6.044526100158691 0
    endloop
  endfacet
  facet normal 0.21757207611342513 -0.9733461052942513 0.07252414083742378
    outer loop
      vertex -11.274606704711914 6.190574645996094 0
      vertex -11.455881118774414 6.194685935974121 0.5989999771118164
      vertex -11.474273681640625 6.190574645996094 0.5989999771118164
    endloop
  endfacet
  facet normal 0.21757207611342513 -0.9733461052942513 0.07252414083742378
    outer loop
      vertex -11.455881118774414 6.194685935974121 0.5989999771118164
      vertex -11.274606704711914 6.190574645996094 0
      vertex -11.256214141845703 6.194685935974121 0
    endloop
  endfacet
  facet normal -0.6882472016116852 -0.6882472016116852 -0.22941573387056174
    outer loop
      vertex -10.994635581970215 6.118690490722656 0
      vertex -11.18130874633789 6.105363845825195 0.5999994277954102
      vertex -11.194635391235352 6.118690490722656 0.5999994277954102
    endloop
  endfacet
  facet normal -0.6882472016116852 -0.6882472016116852 -0.22941573387056174
    outer loop
      vertex -11.18130874633789 6.105363845825195 0.5999994277954102
      vertex -10.994635581970215 6.118690490722656 0
      vertex -10.981308937072754 6.105363845825195 0
    endloop
  endfacet
  facet normal 0.6882588286180987 -0.6882341607270333 0.22941997480079807
    outer loop
      vertex -11.405364036560059 6.118690490722656 0
      vertex -11.60503101348877 6.118690490722656 0.5989999771118164
      vertex -11.618334770202637 6.105386257171631 0.5989999771118164
    endloop
  endfacet
  facet normal 0.33658794209935344 0.9349441582604389 0.112196159328214
    outer loop
      vertex -11.310437202453613 -6.178932189941406 0
      vertex -11.492371559143066 -6.18531608581543 0.5989999771118164
      vertex -11.292704582214355 -6.18531608581543 0
    endloop
  endfacet
  facet normal 0.33658794209935344 0.9349441582604389 0.112196159328214
    outer loop
      vertex -11.492371559143066 -6.18531608581543 0.5989999771118164
      vertex -11.310437202453613 -6.178932189941406 0
      vertex -11.510104179382324 -6.178932189941406 0.5989999771118164
    endloop
  endfacet
  facet normal 0.6457776690918672 -0.7325534256671135 0.2152595657471503
    outer loop
      vertex -11.405364036560059 6.118690490722656 0
      vertex -11.590893745422363 6.131153106689453 0.5989999771118164
      vertex -11.60503101348877 6.118690490722656 0.5989999771118164
    endloop
  endfacet
  facet normal 0.6457776690918672 -0.7325534256671135 0.2152595657471503
    outer loop
      vertex -11.590893745422363 6.131153106689453 0.5989999771118164
      vertex -11.405364036560059 6.118690490722656 0
      vertex -11.391226768493652 6.131153106689453 0
    endloop
  endfacet
  facet normal 0.21757207611342513 0.9733461052942513 0.07252414083742378
    outer loop
      vertex -11.274606704711914 -6.190574645996094 0
      vertex -11.455881118774414 -6.194685935974121 0.5989999771118164
      vertex -11.256214141845703 -6.194685935974121 0
    endloop
  endfacet
  facet normal 0.21757207611342513 0.9733461052942513 0.07252414083742378
    outer loop
      vertex -11.455881118774414 -6.194685935974121 0.5989999771118164
      vertex -11.274606704711914 -6.190574645996094 0
      vertex -11.474273681640625 -6.190574645996094 0.5989999771118164
    endloop
  endfacet
  facet normal 0.2778233994908135 0.9561578984652102 0.09260794727214693
    outer loop
      vertex -11.292704582214355 -6.18531608581543 0
      vertex -11.474273681640625 -6.190574645996094 0.5989999771118164
      vertex -11.274606704711914 -6.190574645996094 0
    endloop
  endfacet
  facet normal 0.2778233994908135 0.9561578984652102 0.09260794727214693
    outer loop
      vertex -11.474273681640625 -6.190574645996094 0.5989999771118164
      vertex -11.292704582214355 -6.18531608581543 0
      vertex -11.492371559143066 -6.18531608581543 0.5989999771118164
    endloop
  endfacet
  facet normal 0.5524354499717234 0.8129609642376717 0.18414544317005152
    outer loop
      vertex -11.376335144042969 -6.142704963684082 0
      vertex -11.56041431427002 -6.153297424316406 0.5989999771118164
      vertex -11.360747337341309 -6.153297424316406 0
    endloop
  endfacet
  facet normal 0.5524354499717234 0.8129609642376717 0.18414544317005152
    outer loop
      vertex -11.56041431427002 -6.153297424316406 0.5989999771118164
      vertex -11.376335144042969 -6.142704963684082 0
      vertex -11.57600212097168 -6.142704963684082 0.5989999771118164
    endloop
  endfacet
  facet normal -0.8775933444741778 -0.3798097794870876 -0.29253111482472594
    outer loop
      vertex -10.92855167388916 6.027732849121094 0
      vertex -10.921066284179688 6.01043701171875 0
      vertex -11.128551483154297 6.027732849121094 0.5999994277954102
    endloop
  endfacet
  facet normal -0.6458010946197356 -0.7325305804674273 -0.21526703153991184
    outer loop
      vertex -11.008771896362305 6.131153106689453 0
      vertex -10.994635581970215 6.118690490722656 0
      vertex -11.194635391235352 6.118690490722656 0.5999994277954102
    endloop
  endfacet
  facet normal -0.2778233919227966 0.9561578724190989 -0.09260823889640896
    outer loop
      vertex -11.307294845581055 -6.18531608581543 0.5999994277954102
      vertex -11.107294082641602 -6.18531608581543 0
      vertex -11.325392723083496 -6.190574645996094 0.5999994277954102
    endloop
  endfacet
  facet normal 0.9381552894209032 -0.14856488547569097 0.31271892768934867
    outer loop
      vertex -11.697300910949707 5.937599182128906 0.5989999771118164
      vertex -11.494686126708984 5.95621395111084 0
      vertex -11.694353103637695 5.95621395111084 0.5989999771118164
    endloop
  endfacet
  facet normal 0.9381552894209032 -0.14856488547569097 0.31271892768934867
    outer loop
      vertex -11.494686126708984 5.95621395111084 0
      vertex -11.697300910949707 5.937599182128906 0.5989999771118164
      vertex -11.497633934020996 5.937599182128906 0
    endloop
  endfacet
  facet normal 0.7360493369229038 -0.6308994316482033 0.245351341470406
    outer loop
      vertex -11.618377685546875 6.105340480804443 0.5989999771118164
      vertex -11.418689727783203 6.105363845825195 0
      vertex -11.61835765838623 6.105363845825195 0.5989999771118164
    endloop
  endfacet
  facet normal 0.7277107516518808 -0.6415577316067479 0.2425711008052254
    outer loop
      vertex -11.418689727783203 6.105363845825195 0
      vertex -11.618377685546875 6.105340480804443 0.5989999771118164
      vertex -11.431153297424316 6.091226577758789 0
    endloop
  endfacet
  facet normal 0.7360493369229038 0.6308994316482033 0.245351341470406
    outer loop
      vertex -11.418689727783203 -6.105363845825195 0
      vertex -11.618377685546875 -6.105340480804443 0.5989999771118164
      vertex -11.61835765838623 -6.105363845825195 0.5989999771118164
    endloop
  endfacet
  facet normal 0.7277107516518808 0.6415577316067479 0.2425711008052254
    outer loop
      vertex -11.618377685546875 -6.105340480804443 0.5989999771118164
      vertex -11.418689727783203 -6.105363845825195 0
      vertex -11.431153297424316 -6.091226577758789 0
    endloop
  endfacet
  facet normal -0.8977668806484612 0.32320380225130685 -0.2992556268828204
    outer loop
      vertex -10.914682388305664 -5.992704391479492 0
      vertex -10.921066284179688 -6.01043701171875 0
      vertex -11.1146821975708 -5.992704391479492 0.5999994277954102
    endloop
  endfacet
  facet normal -0.6256969999906585 0.7530031358038966 -0.20368981730118071
    outer loop
      vertex -11.239250183105469 -6.153297424316406 0.5999951958656311
      vertex -11.055473327636719 -6.162891387939453 0
      vertex -11.239251136779785 -6.153298377990723 0.5999945998191833
    endloop
  endfacet
  facet normal -0.5018791385868173 0.8486049534064417 -0.16729304619560578
    outer loop
      vertex -11.239251136779785 -6.153298377990723 0.5999945998191833
      vertex -11.055473327636719 -6.162891387939453 0
      vertex -11.255473136901855 -6.162891387939453 0.5999994277954102
    endloop
  endfacet
  facet normal -0.5018791777828056 0.8486048522947837 -0.16729344150265832
    outer loop
      vertex -11.055473327636719 -6.162891387939453 0
      vertex -11.239250183105469 -6.153297424316406 0.5999951958656311
      vertex -11.039251327514648 -6.153297424316406 0
    endloop
  endfacet
  facet normal -0.44889045027525587 -0.8809700232330256 -0.14963015009175196
    outer loop
      vertex -11.072265625 6.17144775390625 0
      vertex -11.255473136901855 6.162891387939453 0.5999994277954102
      vertex -11.272265434265137 6.17144775390625 0.5999994277954102
    endloop
  endfacet
  facet normal -0.44889045027525587 -0.8809700232330256 -0.14963015009175196
    outer loop
      vertex -11.255473136901855 6.162891387939453 0.5999994277954102
      vertex -11.072265625 6.17144775390625 0
      vertex -11.055473327636719 6.162891387939453 0
    endloop
  endfacet
  facet normal -0.8541348530882704 -0.4351921120965394 -0.28471297530817175
    outer loop
      vertex -10.93710708618164 6.044526100158691 0
      vertex -11.128551483154297 6.027732849121094 0.5999994277954102
      vertex -11.137107849121094 6.044526100158691 0.5999994277954102
    endloop
  endfacet
  facet normal -0.15620513347268736 -0.9863512763247854 -0.052068377824229115
    outer loop
      vertex -11.162399291992188 6.197633743286133 0
      vertex -11.343785285949707 6.194685935974121 0.5999994277954102
      vertex -11.362399101257324 6.197633743286133 0.5999994277954102
    endloop
  endfacet
  facet normal -0.15620513347268736 -0.9863512763247854 -0.052068377824229115
    outer loop
      vertex -11.343785285949707 6.194685935974121 0.5999994277954102
      vertex -11.162399291992188 6.197633743286133 0
      vertex -11.14378547668457 6.194685935974121 0
    endloop
  endfacet
  facet normal -0.7973350737837167 -0.54186589168489 -0.2657783579279056
    outer loop
      vertex -10.946701049804688 6.060747146606445 0
      vertex -11.157294273376465 6.0763349533081055 0.5999994277954102
      vertex -10.957294464111328 6.0763349533081055 0
    endloop
  endfacet
  facet normal -0.7973350737837167 -0.54186589168489 -0.2657783579279056
    outer loop
      vertex -11.157294273376465 6.0763349533081055 0.5999994277954102
      vertex -10.946701049804688 6.060747146606445 0
      vertex -11.146700859069824 6.060747146606445 0.5999994277954102
    endloop
  endfacet
  facet normal -0.8776091149104006 -0.3797682142598602 -0.2925377665602517
    outer loop
      vertex -10.921066284179688 6.01043701171875 0
      vertex -11.12106704711914 6.01043701171875 0.5999994277954102
      vertex -11.128551483154297 6.027732849121094 0.5999994277954102
    endloop
  endfacet
  facet normal -0.09407030319179813 -0.9950716211282947 -0.03135676773059937
    outer loop
      vertex -11.18116283416748 6.199407577514648 0
      vertex -11.362399101257324 6.197633743286133 0.5999994277954102
      vertex -11.381162643432617 6.199407577514648 0.5999994277954102
    endloop
  endfacet
  facet normal -0.09407030319179813 -0.9950716211282947 -0.03135676773059937
    outer loop
      vertex -11.362399101257324 6.197633743286133 0.5999994277954102
      vertex -11.18116283416748 6.199407577514648 0
      vertex -11.162399291992188 6.197633743286133 0
    endloop
  endfacet
  facet normal 0.5018791204242898 0.8486047553098578 0.16729410553763557
    outer loop
      vertex -11.360747337341309 -6.153297424316406 0
      vertex -11.544193267822266 -6.162891387939453 0.5989999771118164
      vertex -11.344525337219238 -6.162891387939453 0
    endloop
  endfacet
  facet normal 0.5114137472089575 0.8423285248147535 0.17011359572089957
    outer loop
      vertex -11.544193267822266 -6.162891387939453 0.5989999771118164
      vertex -11.360747337341309 -6.153297424316406 0
      vertex -11.544219970703125 -6.162875175476074 0.5989999771118164
    endloop
  endfacet
  facet normal 0.80178336101393 0.5345222406759533 0.26726282237521193
    outer loop
      vertex -11.442704200744629 -6.0763349533081055 0
      vertex -11.642389297485352 -6.0763092041015625 0.5989999771118164
      vertex -11.642372131347656 -6.0763349533081055 0.5989999771118164
    endloop
  endfacet
  facet normal 0.7973348090101828 0.5418657117458007 0.26577951910354614
    outer loop
      vertex -11.642389297485352 -6.0763092041015625 0.5989999771118164
      vertex -11.442704200744629 -6.0763349533081055 0
      vertex -11.45329761505127 -6.060747146606445 0
    endloop
  endfacet
  facet normal 0.727720028450782 -0.6415462151557385 0.2425737290205596
    outer loop
      vertex -11.431153297424316 6.091226577758789 0
      vertex -11.618377685546875 6.105340480804443 0.5989999771118164
      vertex -11.630820274353027 6.091226577758789 0.5989999771118164
    endloop
  endfacet
  facet normal -0.27781001944927863 -0.9561622323373974 -0.0926033398164262
    outer loop
      vertex -11.12539291381836 6.190574645996094 0
      vertex -11.107294082641602 6.18531608581543 0
      vertex -11.325392723083496 6.190574645996094 0.5999994277954102
    endloop
  endfacet
  facet normal 0.80178336101393 -0.5345222406759533 0.26726282237521193
    outer loop
      vertex -11.642389297485352 6.0763092041015625 0.5989999771118164
      vertex -11.442704200744629 6.0763349533081055 0
      vertex -11.642372131347656 6.0763349533081055 0.5989999771118164
    endloop
  endfacet
  facet normal 0.7973348090101828 -0.5418657117458007 0.26577951910354614
    outer loop
      vertex -11.442704200744629 6.0763349533081055 0
      vertex -11.642389297485352 6.0763092041015625 0.5989999771118164
      vertex -11.45329761505127 6.060747146606445 0
    endloop
  endfacet
  facet normal -0.8273629274320552 -0.48929647169375295 -0.27578895753656296
    outer loop
      vertex -10.93710708618164 6.044526100158691 0
      vertex -11.137107849121094 6.044526100158691 0.5999994277954102
      vertex -11.146700859069824 6.060747146606445 0.5999994277954102
    endloop
  endfacet
  facet normal 0.797348725191545 -0.5418433639936906 0.2657833315530133
    outer loop
      vertex -11.45329761505127 6.060747146606445 0
      vertex -11.642389297485352 6.0763092041015625 0.5989999771118164
      vertex -11.65296459197998 6.060747146606445 0.5989999771118164
    endloop
  endfacet
  facet normal 0.8273434352195195 -0.489333585649266 0.27578158414730514
    outer loop
      vertex -11.662558555603027 6.044526100158691 0.5989999771118164
      vertex -11.45329761505127 6.060747146606445 0
      vertex -11.65296459197998 6.060747146606445 0.5989999771118164
    endloop
  endfacet
  facet normal 0.8273434352195195 -0.489333585649266 0.27578158414730514
    outer loop
      vertex -11.45329761505127 6.060747146606445 0
      vertex -11.662558555603027 6.044526100158691 0.5989999771118164
      vertex -11.462891578674316 6.044526100158691 0
    endloop
  endfacet
  facet normal 0.6005255124674058 0.7741439674051467 0.2001754895235145
    outer loop
      vertex -11.391226768493652 -6.131153106689453 0
      vertex -11.57600212097168 -6.142704963684082 0.5989999771118164
      vertex -11.376335144042969 -6.142704963684082 0
    endloop
  endfacet
  facet normal 0.6005255124674058 0.7741439674051467 0.2001754895235145
    outer loop
      vertex -11.57600212097168 -6.142704963684082 0.5989999771118164
      vertex -11.391226768493652 -6.131153106689453 0
      vertex -11.590893745422363 -6.131153106689453 0.5989999771118164
    endloop
  endfacet
  facet normal -0.8977524868135451 -0.3232469021843974 -0.2992522558783578
    outer loop
      vertex -10.921066284179688 6.01043701171875 0
      vertex -11.1146821975708 5.992704391479492 0.5999994277954102
      vertex -11.12106704711914 6.01043701171875 0.5999994277954102
    endloop
  endfacet
  facet normal -0.27781001944927863 0.9561622323373974 -0.0926033398164262
    outer loop
      vertex -11.107294082641602 -6.18531608581543 0
      vertex -11.12539291381836 -6.190574645996094 0
      vertex -11.325392723083496 -6.190574645996094 0.5999994277954102
    endloop
  endfacet
  facet normal -0.2175720779353925 0.9733461134451356 -0.07252402597846416
    outer loop
      vertex -11.14378547668457 -6.194685935974121 0
      vertex -11.325392723083496 -6.190574645996094 0.5999994277954102
      vertex -11.12539291381836 -6.190574645996094 0
    endloop
  endfacet
  facet normal -0.2175720779353925 0.9733461134451356 -0.07252402597846416
    outer loop
      vertex -11.325392723083496 -6.190574645996094 0.5999994277954102
      vertex -11.14378547668457 -6.194685935974121 0
      vertex -11.343785285949707 -6.194685935974121 0.5999994277954102
    endloop
  endfacet
  facet normal -0.336603772836693 -0.9349378470798675 -0.112201257612231
    outer loop
      vertex -11.107294082641602 6.18531608581543 0
      vertex -11.08956241607666 6.178932189941406 0
      vertex -11.289562225341797 6.178932189941406 0.5999994277954102
    endloop
  endfacet
  facet normal -0.7277109017399647 -0.6415578639260388 -0.2425703005799882
    outer loop
      vertex -10.96884536743164 6.091226577758789 0
      vertex -11.18130874633789 6.105363845825195 0.5999994277954102
      vertex -10.981308937072754 6.105363845825195 0
    endloop
  endfacet
  facet normal -0.7277109017399647 -0.6415578639260388 -0.2425703005799882
    outer loop
      vertex -11.18130874633789 6.105363845825195 0.5999994277954102
      vertex -10.96884536743164 6.091226577758789 0
      vertex -11.168845176696777 6.091226577758789 0.5999994277954102
    endloop
  endfacet
  facet normal -0.7641012870271569 -0.5926861856210646 -0.25470042900905226
    outer loop
      vertex -10.957294464111328 6.0763349533081055 0
      vertex -11.168845176696777 6.091226577758789 0.5999994277954102
      vertex -10.96884536743164 6.091226577758789 0
    endloop
  endfacet
  facet normal -0.7641012870271569 -0.5926861856210646 -0.25470042900905226
    outer loop
      vertex -11.168845176696777 6.091226577758789 0.5999994277954102
      vertex -10.957294464111328 6.0763349533081055 0
      vertex -11.157294273376465 6.0763349533081055 0.5999994277954102
    endloop
  endfacet
  facet normal -0.938148735503439 -0.1486119109676025 -0.31271624516781305
    outer loop
      vertex -10.905313491821289 5.95621395111084 0
      vertex -10.902364730834961 5.937599182128906 0
      vertex -11.105313301086426 5.95621395111084 0.5999994277954102
    endloop
  endfacet
  facet normal 0.4488817487446437 -0.8809749091416872 0.14962748780470386
    outer loop
      vertex -11.327733039855957 6.17144775390625 0
      vertex -11.527400016784668 6.17144775390625 0.5989999771118164
      vertex -11.544164657592773 6.162905693054199 0.5989999771118164
    endloop
  endfacet
  facet normal 0.442325807226963 -0.884651614453926 0.14744287471789796
    outer loop
      vertex -11.344525337219238 6.162891387939453 0
      vertex -11.544164657592773 6.162905693054199 0.5989999771118164
      vertex -11.544193267822266 6.162891387939453 0.5989999771118164
    endloop
  endfacet
  facet normal 0.4488904132363605 -0.8809699505423356 0.14963068918482036
    outer loop
      vertex -11.544164657592773 6.162905693054199 0.5989999771118164
      vertex -11.344525337219238 6.162891387939453 0
      vertex -11.327733039855957 6.17144775390625 0
    endloop
  endfacet
  facet normal 0.3937067762466769 -0.9098198386862554 0.13123580102382554
    outer loop
      vertex -11.327733039855957 6.17144775390625 0
      vertex -11.510104179382324 6.178932189941406 0.5989999771118164
      vertex -11.527400016784668 6.17144775390625 0.5989999771118164
    endloop
  endfacet
  facet normal 0.3937067762466769 -0.9098198386862554 0.13123580102382554
    outer loop
      vertex -11.510104179382324 6.178932189941406 0.5989999771118164
      vertex -11.327733039855957 6.17144775390625 0
      vertex -11.310437202453613 6.178932189941406 0
    endloop
  endfacet
  facet normal -0.44889045027525587 0.8809700232330256 -0.14963015009175196
    outer loop
      vertex -11.072265625 -6.17144775390625 0
      vertex -11.255473136901855 -6.162891387939453 0.5999994277954102
      vertex -11.055473327636719 -6.162891387939453 0
    endloop
  endfacet
  facet normal -0.44889045027525587 0.8809700232330256 -0.14963015009175196
    outer loop
      vertex -11.255473136901855 -6.162891387939453 0.5999994277954102
      vertex -11.072265625 -6.17144775390625 0
      vertex -11.272265434265137 -6.17144775390625 0.5999994277954102
    endloop
  endfacet
  facet normal -0.3365879286416397 0.9349441208787943 -0.11219651120649471
    outer loop
      vertex -11.289562225341797 -6.178932189941406 0.5999994277954102
      vertex -11.107294082641602 -6.18531608581543 0
      vertex -11.307294845581055 -6.18531608581543 0.5999994277954102
    endloop
  endfacet
  facet normal -0.6457775740478854 -0.7325533178516875 -0.2152602177860848
    outer loop
      vertex -11.008771896362305 6.131153106689453 0
      vertex -11.194635391235352 6.118690490722656 0.5999994277954102
      vertex -11.208772659301758 6.131153106689453 0.5999994277954102
    endloop
  endfacet
  facet normal 0 -1 0
    outer loop
      vertex -11.039251327514648 6.153297424316406 0
      vertex -11.239249229431152 6.153297424316406 0.5999951958656311
      vertex -11.239250183105469 6.153297424316406 0.5999951958656311
    endloop
  endfacet
  facet normal -0.5524355263200793 -0.8129610765914915 -0.18414471810687424
    outer loop
      vertex -11.239249229431152 6.153297424316406 0.5999951958656311
      vertex -11.039251327514648 6.153297424316406 0
      vertex -11.023663520812988 6.142704963684082 0
    endloop
  endfacet
  facet normal -0.5524693635827104 -0.8129352244379499 -0.184157332654812
    outer loop
      vertex -11.023663520812988 6.142704963684082 0
      vertex -11.223664283752441 6.142704963684082 0.5999994277954102
      vertex -11.239249229431152 6.153297424316406 0.5999951958656311
    endloop
  endfacet
  facet normal 0.9448903153940448 -0.0893308928856828 0.314963939921365
    outer loop
      vertex -11.699074745178223 5.91883659362793 0.5989999771118164
      vertex -11.497633934020996 5.937599182128906 0
      vertex -11.697300910949707 5.937599182128906 0.5989999771118164
    endloop
  endfacet
  facet normal 0.9448903153940448 -0.0893308928856828 0.314963939921365
    outer loop
      vertex -11.497633934020996 5.937599182128906 0
      vertex -11.699074745178223 5.91883659362793 0.5989999771118164
      vertex -11.499407768249512 5.91883659362793 0
    endloop
  endfacet
  facet normal 0.8977667526449848 -0.3232037561689539 0.2992560606630344
    outer loop
      vertex -11.684983253479004 5.992704391479492 0.5989999771118164
      vertex -11.47893238067627 6.01043701171875 0
      vertex -11.67859935760498 6.01043701171875 0.5989999771118164
    endloop
  endfacet
  facet normal 0.8977667526449848 -0.3232037561689539 0.2992560606630344
    outer loop
      vertex -11.47893238067627 6.01043701171875 0
      vertex -11.684983253479004 5.992704391479492 0.5989999771118164
      vertex -11.485316276550293 5.992704391479492 0
    endloop
  endfacet
  facet normal -0.7641012870271569 0.5926861856210646 -0.25470042900905226
    outer loop
      vertex -10.96884536743164 -6.091226577758789 0
      vertex -11.157294273376465 -6.0763349533081055 0.5999994277954102
      vertex -10.957294464111328 -6.0763349533081055 0
    endloop
  endfacet
  facet normal -0.7641012870271569 0.5926861856210646 -0.25470042900905226
    outer loop
      vertex -11.157294273376465 -6.0763349533081055 0.5999994277954102
      vertex -10.96884536743164 -6.091226577758789 0
      vertex -11.168845176696777 -6.091226577758789 0.5999994277954102
    endloop
  endfacet
  facet normal 0.2778233994908135 -0.9561578984652102 0.09260794727214693
    outer loop
      vertex -11.292704582214355 6.18531608581543 0
      vertex -11.474273681640625 6.190574645996094 0.5989999771118164
      vertex -11.492371559143066 6.18531608581543 0.5989999771118164
    endloop
  endfacet
  facet normal 0.2778233994908135 -0.9561578984652102 0.09260794727214693
    outer loop
      vertex -11.474273681640625 6.190574645996094 0.5989999771118164
      vertex -11.292704582214355 6.18531608581543 0
      vertex -11.274606704711914 6.190574645996094 0
    endloop
  endfacet
  facet normal 0.33658794209935344 -0.9349441582604389 0.112196159328214
    outer loop
      vertex -11.310437202453613 6.178932189941406 0
      vertex -11.492371559143066 6.18531608581543 0.5989999771118164
      vertex -11.510104179382324 6.178932189941406 0.5989999771118164
    endloop
  endfacet
  facet normal 0.33658794209935344 -0.9349441582604389 0.112196159328214
    outer loop
      vertex -11.492371559143066 6.18531608581543 0.5989999771118164
      vertex -11.310437202453613 6.178932189941406 0
      vertex -11.292704582214355 6.18531608581543 0
    endloop
  endfacet
  facet normal 0.5114137472089575 -0.8423285248147535 0.17011359572089957
    outer loop
      vertex -11.360747337341309 6.153297424316406 0
      vertex -11.544193267822266 6.162891387939453 0.5989999771118164
      vertex -11.544219970703125 6.162875175476074 0.5989999771118164
    endloop
  endfacet
  facet normal 0.5018791204242898 -0.8486047553098578 0.16729410553763557
    outer loop
      vertex -11.544193267822266 6.162891387939453 0.5989999771118164
      vertex -11.360747337341309 6.153297424316406 0
      vertex -11.344525337219238 6.162891387939453 0
    endloop
  endfacet
  facet normal 0.5524354499717234 -0.8129609642376717 0.18414544317005152
    outer loop
      vertex -11.376335144042969 6.142704963684082 0
      vertex -11.56041431427002 6.153297424316406 0.5989999771118164
      vertex -11.57600212097168 6.142704963684082 0.5989999771118164
    endloop
  endfacet
  facet normal 0.5524354499717234 -0.8129609642376717 0.18414544317005152
    outer loop
      vertex -11.56041431427002 6.153297424316406 0.5989999771118164
      vertex -11.376335144042969 6.142704963684082 0
      vertex -11.360747337341309 6.153297424316406 0
    endloop
  endfacet
  facet normal -0.9486832980505138 0 -0.31622776601683794
    outer loop
      vertex -12.199999809265137 7.78162956237793 0
      vertex -12.399999618530273 -7.581629753112793 0.5999994277954102
      vertex -12.399999618530273 7.581629753112793 0.5999994277954102
    endloop
  endfacet
  facet normal -0.9486832980505139 0 -0.31622776601683794
    outer loop
      vertex -12.399999618530273 -7.581629753112793 0.5999994277954102
      vertex -12.199999809265137 7.78162956237793 0
      vertex -12.199999809265137 -7.78162956237793 0
    endloop
  endfacet
  facet normal 0 0 -1
    outer loop
      vertex 5.899999618530273 11.699999809265137 6
      vertex 6 12.399999618530273 6
      vertex 6 11.699999809265137 6
    endloop
  endfacet
  facet normal 0 0 -1
    outer loop
      vertex -5.899999618530273 11.699999809265137 6
      vertex 6 12.399999618530273 6
      vertex 5.899999618530273 11.699999809265137 6
    endloop
  endfacet
  facet normal 0 0 -1
    outer loop
      vertex -6 12.399999618530273 6
      vertex -5.899999618530273 11.699999809265137 6
      vertex -6 11.699999809265137 6
    endloop
  endfacet
  facet normal 0 0 -1
    outer loop
      vertex -5.899999618530273 11.699999809265137 6
      vertex -6 12.399999618530273 6
      vertex 6 12.399999618530273 6
    endloop
  endfacet
  facet normal 1 0 0
    outer loop
      vertex -6 11.699999809265137 6
      vertex -6 12.399999618530273 5.59999942779541
      vertex -6 12.399999618530273 6
    endloop
  endfacet
  facet normal 1 0 0
    outer loop
      vertex -6 12.399999618530273 5.59999942779541
      vertex -6 11.699999809265137 6
      vertex -6 11.699999809265137 5.59999942779541
    endloop
  endfacet
  facet normal 0 0 1
    outer loop
      vertex 6 12.399999618530273 5.59999942779541
      vertex 5.899999618530273 11.699999809265137 5.59999942779541
      vertex 6 11.699999809265137 5.59999942779541
    endloop
  endfacet
  facet normal 0 0 1
    outer loop
      vertex 6 12.399999618530273 5.59999942779541
      vertex -5.899999618530273 11.699999809265137 5.59999942779541
      vertex 5.899999618530273 11.699999809265137 5.59999942779541
    endloop
  endfacet
  facet normal 0 0 1
    outer loop
      vertex -6 12.399999618530273 5.59999942779541
      vertex -5.899999618530273 11.699999809265137 5.59999942779541
      vertex 6 12.399999618530273 5.59999942779541
    endloop
  endfacet
  facet normal 0 0 1
    outer loop
      vertex -5.899999618530273 11.699999809265137 5.59999942779541
      vertex -6 12.399999618530273 5.59999942779541
      vertex -6 11.699999809265137 5.59999942779541
    endloop
  endfacet
  facet normal -1 0 0
    outer loop
      vertex 6 11.699999809265137 5.59999942779541
      vertex 6 12.399999618530273 6
      vertex 6 12.399999618530273 5.59999942779541
    endloop
  endfacet
  facet normal -1 0 0
    outer loop
      vertex 6 12.399999618530273 6
      vertex 6 11.699999809265137 5.59999942779541
      vertex 6 11.699999809265137 6
    endloop
  endfacet
  facet normal 0 0 -1
    outer loop
      vertex -12.399999618530273 -6 6
      vertex -11.699999809265137 -5.899999618530273 6
      vertex -11.699999809265137 -6 6
    endloop
  endfacet
  facet normal 0 0 -1
    outer loop
      vertex -11.699999809265137 -5.899999618530273 6
      vertex -12.399999618530273 -6 6
      vertex -11.699999809265137 5.899999618530273 6
    endloop
  endfacet
  facet normal 0 0 -1
    outer loop
      vertex -12.399999618530273 6 6
      vertex -11.699999809265137 5.899999618530273 6
      vertex -12.399999618530273 -6 6
    endloop
  endfacet
  facet normal 0 0 -1
    outer loop
      vertex -11.699999809265137 5.899999618530273 6
      vertex -12.399999618530273 6 6
      vertex -11.699999809265137 6 6
    endloop
  endfacet
  facet normal 0 0 1
    outer loop
      vertex -12.399999618530273 6 5.59999942779541
      vertex -11.699999809265137 5.899999618530273 5.59999942779541
      vertex -11.699999809265137 6 5.59999942779541
    endloop
  endfacet
  facet normal 0 0 1
    outer loop
      vertex -11.699999809265137 5.899999618530273 5.59999942779541
      vertex -12.399999618530273 6 5.59999942779541
      vertex -11.699999809265137 -5.899999618530273 5.59999942779541
    endloop
  endfacet
  facet normal 0 0 1
    outer loop
      vertex -12.399999618530273 -6 5.59999942779541
      vertex -11.699999809265137 -5.899999618530273 5.59999942779541
      vertex -12.399999618530273 6 5.59999942779541
    endloop
  endfacet
  facet normal 0 0 1
    outer loop
      vertex -11.699999809265137 -5.899999618530273 5.59999942779541
      vertex -12.399999618530273 -6 5.59999942779541
      vertex -11.699999809265137 -6 5.59999942779541
    endloop
  endfacet
  facet normal 0 -1 0
    outer loop
      vertex -12.399999618530273 6 5.59999942779541
      vertex -11.699999809265137 6 6
      vertex -12.399999618530273 6 6
    endloop
  endfacet
  facet normal 0 -1 0
    outer loop
      vertex -11.699999809265137 6 6
      vertex -12.399999618530273 6 5.59999942779541
      vertex -11.699999809265137 6 5.59999942779541
    endloop
  endfacet
  facet normal 0 1 0
    outer loop
      vertex -11.699999809265137 -6 5.59999942779541
      vertex -12.399999618530273 -6 6
      vertex -11.699999809265137 -6 6
    endloop
  endfacet
  facet normal 0 1 0
    outer loop
      vertex -12.399999618530273 -6 6
      vertex -11.699999809265137 -6 5.59999942779541
      vertex -12.399999618530273 -6 5.59999942779541
    endloop
  endfacet
  facet normal 0 0 -1
    outer loop
      vertex 6 -12.399999618530273 6
      vertex 5.899999618530273 -11.699999809265137 6
      vertex 6 -11.699999809265137 6
    endloop
  endfacet
  facet normal 0 0 -1
    outer loop
      vertex 6 -12.399999618530273 6
      vertex -5.899999618530273 -11.699999809265137 6
      vertex 5.899999618530273 -11.699999809265137 6
    endloop
  endfacet
  facet normal 0 0 -1
    outer loop
      vertex -6 -12.399999618530273 6
      vertex -5.899999618530273 -11.699999809265137 6
      vertex 6 -12.399999618530273 6
    endloop
  endfacet
  facet normal 0 0 -1
    outer loop
      vertex -5.899999618530273 -11.699999809265137 6
      vertex -6 -12.399999618530273 6
      vertex -6 -11.699999809265137 6
    endloop
  endfacet
  facet normal 0 0 1
    outer loop
      vertex 5.899999618530273 -11.699999809265137 5.59999942779541
      vertex 6 -12.399999618530273 5.59999942779541
      vertex 6 -11.699999809265137 5.59999942779541
    endloop
  endfacet
  facet normal 0 0 1
    outer loop
      vertex -5.899999618530273 -11.699999809265137 5.59999942779541
      vertex 6 -12.399999618530273 5.59999942779541
      vertex 5.899999618530273 -11.699999809265137 5.59999942779541
    endloop
  endfacet
  facet normal 0 0 1
    outer loop
      vertex -6 -12.399999618530273 5.59999942779541
      vertex -5.899999618530273 -11.699999809265137 5.59999942779541
      vertex -6 -11.699999809265137 5.59999942779541
    endloop
  endfacet
  facet normal 0 0 1
    outer loop
      vertex -5.899999618530273 -11.699999809265137 5.59999942779541
      vertex -6 -12.399999618530273 5.59999942779541
      vertex 6 -12.399999618530273 5.59999942779541
    endloop
  endfacet
  facet normal 1 0 0
    outer loop
      vertex -6 -12.399999618530273 6
      vertex -6 -11.699999809265137 5.59999942779541
      vertex -6 -11.699999809265137 6
    endloop
  endfacet
  facet normal 1 0 0
    outer loop
      vertex -6 -11.699999809265137 5.59999942779541
      vertex -6 -12.399999618530273 6
      vertex -6 -12.399999618530273 5.59999942779541
    endloop
  endfacet
  facet normal -1 0 0
    outer loop
      vertex 6 -12.399999618530273 5.59999942779541
      vertex 6 -11.699999809265137 6
      vertex 6 -11.699999809265137 5.59999942779541
    endloop
  endfacet
  facet normal -1 0 0
    outer loop
      vertex 6 -11.699999809265137 6
      vertex 6 -12.399999618530273 5.59999942779541
      vertex 6 -12.399999618530273 6
    endloop
  endfacet
  facet normal -0.4239991208770853 -0.734388386717237 -0.5299985310831651
    outer loop
      vertex 11.5 0 0
      vertex 8.75 1.2990379333496094 0.39999961853027344
      vertex 8.5 1.7320499420166016 0
    endloop
  endfacet
  facet normal -0.42399900808372937 -0.7343879217818362 -0.5299992655513489
    outer loop
      vertex 11.5 0 0
      vertex 11 0 0.39999961853027344
      vertex 8.75 1.2990379333496094 0.39999961853027344
    endloop
  endfacet
  facet normal 0.8479980768379434 0 -0.5299993034704381
    outer loop
      vertex 8.75 -1.2990379333496094 0.39999961853027344
      vertex 8.5 1.7320499420166016 0
      vertex 8.75 1.2990379333496094 0.39999961853027344
    endloop
  endfacet
  facet normal 0.8479980768379434 0 -0.529999303470438
    outer loop
      vertex 8.5 1.7320499420166016 0
      vertex 8.75 -1.2990379333496094 0.39999961853027344
      vertex 8.5 -1.7320499420166016 0
    endloop
  endfacet
  facet normal -0.4239991208770853 0.734388386717237 -0.5299985310831651
    outer loop
      vertex 8.75 -1.2990379333496094 0.39999961853027344
      vertex 11.5 0 0
      vertex 8.5 -1.7320499420166016 0
    endloop
  endfacet
  facet normal 0 0 -1
    outer loop
      vertex 8.75 1.2990379333496094 0.39999961853027344
      vertex 11 0 0.39999961853027344
      vertex 8.75 -1.2990379333496094 0.39999961853027344
    endloop
  endfacet
  facet normal -0.42399900808372937 0.7343879217818362 -0.5299992655513489
    outer loop
      vertex 11 0 0.39999961853027344
      vertex 11.5 0 0
      vertex 8.75 -1.2990379333496094 0.39999961853027344
    endloop
  endfacet
endsolid OpenSCAD_Model
