solid OpenSCAD_Model
  facet normal 0.49999999642730675 0.49999999642730675 -0.7071067862390986
    outer loop
      vertex 12.399999618530273 7.582181930541992 1.8999996185302734
      vertex 9.123676300048828 12.399999618530273 2.9900007247924805
      vertex 12.399999618530273 9.123676300048828 2.9900007247924805
    endloop
  endfacet
  facet normal 0.4999999964273068 0.4999999964273068 -0.7071067862390987
    outer loop
      vertex 9.123676300048828 12.399999618530273 2.9900007247924805
      vertex 12.399999618530273 7.582181930541992 1.8999996185302734
      vertex 7.582181930541992 12.399999618530273 1.8999996185302734
    endloop
  endfacet
  facet normal -0.7071067811865475 -0.7071067811865475 0
    outer loop
      vertex 12.399999618530273 7.582181930541992 1.8999996185302734
      vertex 7.582181930541992 12.399999618530273 2.9900007247924805
      vertex 7.582181930541992 12.399999618530273 1.8999996185302734
    endloop
  endfacet
  facet normal -0.7071067811865475 -0.7071067811865475 0
    outer loop
      vertex 7.582181930541992 12.399999618530273 2.9900007247924805
      vertex 12.399999618530273 7.582181930541992 1.8999996185302734
      vertex 12.399999618530273 7.582181930541992 2.9900007247924805
    endloop
  endfacet
  facet normal -0.4999999964273068 0.4999999964273068 -0.7071067862390987
    outer loop
      vertex -12.399999618530273 7.582181930541992 1.8999996185302734
      vertex -9.123676300048828 12.399999618530273 2.9900007247924805
      vertex -7.582181930541992 12.399999618530273 1.8999996185302734
    endloop
  endfacet
  facet normal -0.49999999642730675 0.49999999642730675 -0.7071067862390986
    outer loop
      vertex -9.123676300048828 12.399999618530273 2.9900007247924805
      vertex -12.399999618530273 7.582181930541992 1.8999996185302734
      vertex -12.399999618530273 9.123676300048828 2.9900007247924805
    endloop
  endfacet
  facet normal 0.7071067811865475 -0.7071067811865475 0
    outer loop
      vertex -12.399999618530273 7.582181930541992 2.9900007247924805
      vertex -7.582181930541992 12.399999618530273 1.8999996185302734
      vertex -7.582181930541992 12.399999618530273 2.9900007247924805
    endloop
  endfacet
  facet normal 0.7071067811865475 -0.7071067811865475 0
    outer loop
      vertex -7.582181930541992 12.399999618530273 1.8999996185302734
      vertex -12.399999618530273 7.582181930541992 2.9900007247924805
      vertex -12.399999618530273 7.582181930541992 1.8999996185302734
    endloop
  endfacet
  facet normal -0.49999999642730675 -0.49999999642730675 -0.7071067862390986
    outer loop
      vertex -12.399999618530273 -9.123676300048828 2.9900007247924805
      vertex -7.582181930541992 -12.399999618530273 1.8999996185302734
      vertex -9.123676300048828 -12.399999618530273 2.9900007247924805
    endloop
  endfacet
  facet normal -0.4999999964273068 -0.4999999964273068 -0.7071067862390987
    outer loop
      vertex -7.582181930541992 -12.399999618530273 1.8999996185302734
      vertex -12.399999618530273 -9.123676300048828 2.9900007247924805
      vertex -12.399999618530273 -7.582181930541992 1.8999996185302734
    endloop
  endfacet
  facet normal 0.7071067811865475 0.7071067811865475 0
    outer loop
      vertex -7.582181930541992 -12.399999618530273 2.9900007247924805
      vertex -12.399999618530273 -7.582181930541992 1.8999996185302734
      vertex -12.399999618530273 -7.582181930541992 2.9900007247924805
    endloop
  endfacet
  facet normal 0.7071067811865475 0.7071067811865475 0
    outer loop
      vertex -12.399999618530273 -7.582181930541992 1.8999996185302734
      vertex -7.582181930541992 -12.399999618530273 2.9900007247924805
      vertex -7.582181930541992 -12.399999618530273 1.8999996185302734
    endloop
  endfacet
  facet normal -0.7071067811865475 0.7071067811865475 0
    outer loop
      vertex 7.582181930541992 -12.399999618530273 1.8999996185302734
      vertex 12.399999618530273 -7.582181930541992 2.9900007247924805
      vertex 12.399999618530273 -7.582181930541992 1.8999996185302734
    endloop
  endfacet
  facet normal -0.7071067811865475 0.7071067811865475 0
    outer loop
      vertex 12.399999618530273 -7.582181930541992 2.9900007247924805
      vertex 7.582181930541992 -12.399999618530273 1.8999996185302734
      vertex 7.582181930541992 -12.399999618530273 2.9900007247924805
    endloop
  endfacet
  facet normal 0.49999999642730675 -0.49999999642730675 -0.7071067862390986
    outer loop
      vertex 9.123676300048828 -12.399999618530273 2.9900007247924805
      vertex 12.399999618530273 -7.582181930541992 1.8999996185302734
      vertex 12.399999618530273 -9.123676300048828 2.9900007247924805
    endloop
  endfacet
  facet normal 0.4999999964273068 -0.4999999964273068 -0.7071067862390987
    outer loop
      vertex 12.399999618530273 -7.582181930541992 1.8999996185302734
      vertex 9.123676300048828 -12.399999618530273 2.9900007247924805
      vertex 7.582181930541992 -12.399999618530273 1.8999996185302734
    endloop
  endfacet
  facet normal -0.7071067811865475 -0.7071067811865475 0
    outer loop
      vertex -9.137256622314453 -12.399999618530273 2.9900007247924805
      vertex -12.399999618530273 -9.137256622314453 3.399998664855957
      vertex -12.399999618530273 -9.137256622314453 2.9900007247924805
    endloop
  endfacet
  facet normal -0.7071067811865475 -0.7071067811865475 0
    outer loop
      vertex -12.399999618530273 -9.137256622314453 3.399998664855957
      vertex -9.137256622314453 -12.399999618530273 2.9900007247924805
      vertex -9.137256622314453 -12.399999618530273 3.399998664855957
    endloop
  endfacet
  facet normal -1 0 0
    outer loop
      vertex -12.399999618530273 -7.582181930541992 1.8999996185302734
      vertex -12.399999618530273 -9.123676300048828 2.9900007247924805
      vertex -12.399999618530273 -7.582181930541992 2.9900007247924805
    endloop
  endfacet
  facet normal -1 0 0
    outer loop
      vertex -12.399999618530273 7.581629753112793 0
      vertex -12.399999618530273 6 2.1999998092651367
      vertex -12.399999618530273 7.581629753112793 2.9900007247924805
    endloop
  endfacet
  facet normal -1 0 0
    outer loop
      vertex -12.399999618530273 7.581629753112793 0
      vertex -12.399999618530273 -6 2.1999998092651367
      vertex -12.399999618530273 6 2.1999998092651367
    endloop
  endfacet
  facet normal -1 0 0
    outer loop
      vertex -12.399999618530273 -7.581629753112793 2.9900007247924805
      vertex -12.399999618530273 -6 2.1999998092651367
      vertex -12.399999618530273 -7.581629753112793 0
    endloop
  endfacet
  facet normal -1 0 0
    outer loop
      vertex -12.399999618530273 -7.581629753112793 0
      vertex -12.399999618530273 -6 2.1999998092651367
      vertex -12.399999618530273 7.581629753112793 0
    endloop
  endfacet
  facet normal -1 0 0
    outer loop
      vertex -12.399999618530273 9.123676300048828 2.9900007247924805
      vertex -12.399999618530273 9.137256622314453 3.399998664855957
      vertex -12.399999618530273 9.137256622314453 2.9900007247924805
    endloop
  endfacet
  facet normal -1 0 0
    outer loop
      vertex -12.399999618530273 7.582181930541992 2.9900007247924805
      vertex -12.399999618530273 9.123676300048828 2.9900007247924805
      vertex -12.399999618530273 7.582181930541992 1.8999996185302734
    endloop
  endfacet
  facet normal -1 0 0
    outer loop
      vertex -12.399999618530273 9.123676300048828 2.9900007247924805
      vertex -12.399999618530273 7.582181930541992 2.9900007247924805
      vertex -12.399999618530273 9.137256622314453 3.399998664855957
    endloop
  endfacet
  facet normal -1 0 0
    outer loop
      vertex -12.399999618530273 7.581629753112793 2.9900007247924805
      vertex -12.399999618530273 9.137256622314453 3.399998664855957
      vertex -12.399999618530273 7.582181930541992 2.9900007247924805
    endloop
  endfacet
  facet normal -1 0 0
    outer loop
      vertex -12.399999618530273 6 2.59999942779541
      vertex -12.399999618530273 7.581629753112793 2.9900007247924805
      vertex -12.399999618530273 6 2.1999998092651367
    endloop
  endfacet
  facet normal -1 0 0
    outer loop
      vertex -12.399999618530273 -7.581629753112793 2.9900007247924805
      vertex -12.399999618530273 7.581629753112793 2.9900007247924805
      vertex -12.399999618530273 6 2.59999942779541
    endloop
  endfacet
  facet normal -1 0 0
    outer loop
      vertex -12.399999618530273 -7.581629753112793 2.9900007247924805
      vertex -12.399999618530273 6 2.59999942779541
      vertex -12.399999618530273 -6 2.59999942779541
    endloop
  endfacet
  facet normal -1 0 0
    outer loop
      vertex -12.399999618530273 -6 2.1999998092651367
      vertex -12.399999618530273 -7.581629753112793 2.9900007247924805
      vertex -12.399999618530273 -6 2.59999942779541
    endloop
  endfacet
  facet normal -1 0 0
    outer loop
      vertex -12.399999618530273 7.581629753112793 2.9900007247924805
      vertex -12.399999618530273 -7.581629753112793 2.9900007247924805
      vertex -12.399999618530273 9.137256622314453 3.399998664855957
    endloop
  endfacet
  facet normal -1 0 0
    outer loop
      vertex -12.399999618530273 -9.137256622314453 3.399998664855957
      vertex -12.399999618530273 -7.581629753112793 2.9900007247924805
      vertex -12.399999618530273 -7.582181930541992 2.9900007247924805
    endloop
  endfacet
  facet normal -1 0 0
    outer loop
      vertex -12.399999618530273 -9.137256622314453 3.399998664855957
      vertex -12.399999618530273 -7.582181930541992 2.9900007247924805
      vertex -12.399999618530273 -9.123676300048828 2.9900007247924805
    endloop
  endfacet
  facet normal -1 0 0
    outer loop
      vertex -12.399999618530273 -9.137256622314453 3.399998664855957
      vertex -12.399999618530273 -9.123676300048828 2.9900007247924805
      vertex -12.399999618530273 -9.137256622314453 2.9900007247924805
    endloop
  endfacet
  facet normal -1 0 0
    outer loop
      vertex -12.399999618530273 -7.581629753112793 2.9900007247924805
      vertex -12.399999618530273 -9.137256622314453 3.399998664855957
      vertex -12.399999618530273 9.137256622314453 3.399998664855957
    endloop
  endfacet
  facet normal 0.7071067811865475 0.7071067811865475 0
    outer loop
      vertex 12.399999618530273 9.137256622314453 3.399998664855957
      vertex 9.137256622314453 12.399999618530273 2.9900007247924805
      vertex 9.137256622314453 12.399999618530273 3.399998664855957
    endloop
  endfacet
  facet normal 0.7071067811865475 0.7071067811865475 0
    outer loop
      vertex 9.137256622314453 12.399999618530273 2.9900007247924805
      vertex 12.399999618530273 9.137256622314453 3.399998664855957
      vertex 12.399999618530273 9.137256622314453 2.9900007247924805
    endloop
  endfacet
  facet normal 0 -1 0
    outer loop
      vertex 7.582181930541992 -12.399999618530273 2.9900007247924805
      vertex 7.582181930541992 -12.399999618530273 1.8999996185302734
      vertex 9.123676300048828 -12.399999618530273 2.9900007247924805
    endloop
  endfacet
  facet normal 0 -1 0
    outer loop
      vertex -7.581629753112793 -12.399999618530273 2.9900007247924805
      vertex -6 -12.399999618530273 2.59999942779541
      vertex 7.581629753112793 -12.399999618530273 2.9900007247924805
    endloop
  endfacet
  facet normal 0 -1 0
    outer loop
      vertex -7.581629753112793 -12.399999618530273 2.9900007247924805
      vertex -6 -12.399999618530273 2.1999998092651367
      vertex -6 -12.399999618530273 2.59999942779541
    endloop
  endfacet
  facet normal 0 -1 0
    outer loop
      vertex -6 -12.399999618530273 2.1999998092651367
      vertex -7.581629753112793 -12.399999618530273 0
      vertex 6 -12.399999618530273 2.1999998092651367
    endloop
  endfacet
  facet normal 0 -1 0
    outer loop
      vertex -7.581629753112793 -12.399999618530273 0
      vertex -6 -12.399999618530273 2.1999998092651367
      vertex -7.581629753112793 -12.399999618530273 2.9900007247924805
    endloop
  endfacet
  facet normal 0 -1 0
    outer loop
      vertex -9.123676300048828 -12.399999618530273 2.9900007247924805
      vertex -7.582181930541992 -12.399999618530273 1.8999996185302734
      vertex -7.582181930541992 -12.399999618530273 2.9900007247924805
    endloop
  endfacet
  facet normal 0 -1 0
    outer loop
      vertex -9.123676300048828 -12.399999618530273 2.9900007247924805
      vertex -9.137256622314453 -12.399999618530273 3.399998664855957
      vertex -9.137256622314453 -12.399999618530273 2.9900007247924805
    endloop
  endfacet
  facet normal 0 -1 0
    outer loop
      vertex -7.582181930541992 -12.399999618530273 2.9900007247924805
      vertex -9.137256622314453 -12.399999618530273 3.399998664855957
      vertex -9.123676300048828 -12.399999618530273 2.9900007247924805
    endloop
  endfacet
  facet normal 0 -1 0
    outer loop
      vertex -7.581629753112793 -12.399999618530273 2.9900007247924805
      vertex -9.137256622314453 -12.399999618530273 3.399998664855957
      vertex -7.582181930541992 -12.399999618530273 2.9900007247924805
    endloop
  endfacet
  facet normal 0 -1 0
    outer loop
      vertex -9.137256622314453 -12.399999618530273 3.399998664855957
      vertex -7.581629753112793 -12.399999618530273 2.9900007247924805
      vertex 9.137256622314453 -12.399999618530273 3.399998664855957
    endloop
  endfacet
  facet normal 0 -1 0
    outer loop
      vertex 7.581629753112793 -12.399999618530273 2.9900007247924805
      vertex 9.137256622314453 -12.399999618530273 3.399998664855957
      vertex -7.581629753112793 -12.399999618530273 2.9900007247924805
    endloop
  endfacet
  facet normal 0 -1 0
    outer loop
      vertex 7.582181930541992 -12.399999618530273 2.9900007247924805
      vertex 9.137256622314453 -12.399999618530273 3.399998664855957
      vertex 7.581629753112793 -12.399999618530273 2.9900007247924805
    endloop
  endfacet
  facet normal 0 -1 0
    outer loop
      vertex 9.123676300048828 -12.399999618530273 2.9900007247924805
      vertex 9.137256622314453 -12.399999618530273 3.399998664855957
      vertex 7.582181930541992 -12.399999618530273 2.9900007247924805
    endloop
  endfacet
  facet normal 0 -1 0
    outer loop
      vertex 9.137256622314453 -12.399999618530273 3.399998664855957
      vertex 9.123676300048828 -12.399999618530273 2.9900007247924805
      vertex 9.137256622314453 -12.399999618530273 2.9900007247924805
    endloop
  endfacet
  facet normal 0 -1 0
    outer loop
      vertex 6 -12.399999618530273 2.59999942779541
      vertex 7.581629753112793 -12.399999618530273 2.9900007247924805
      vertex -6 -12.399999618530273 2.59999942779541
    endloop
  endfacet
  facet normal 0 -1 0
    outer loop
      vertex 6 -12.399999618530273 2.1999998092651367
      vertex 7.581629753112793 -12.399999618530273 2.9900007247924805
      vertex 6 -12.399999618530273 2.59999942779541
    endloop
  endfacet
  facet normal 0 -1 0
    outer loop
      vertex 6 -12.399999618530273 2.1999998092651367
      vertex 7.581629753112793 -12.399999618530273 0
      vertex 7.581629753112793 -12.399999618530273 2.9900007247924805
    endloop
  endfacet
  facet normal 0 -1 0
    outer loop
      vertex 7.581629753112793 -12.399999618530273 0
      vertex 6 -12.399999618530273 2.1999998092651367
      vertex -7.581629753112793 -12.399999618530273 0
    endloop
  endfacet
  facet normal 0 1 0
    outer loop
      vertex -7.582181930541992 12.399999618530273 2.9900007247924805
      vertex -7.582181930541992 12.399999618530273 1.8999996185302734
      vertex -9.123676300048828 12.399999618530273 2.9900007247924805
    endloop
  endfacet
  facet normal 0 1 0
    outer loop
      vertex 7.581629753112793 12.399999618530273 2.9900007247924805
      vertex 6 12.399999618530273 2.59999942779541
      vertex -7.581629753112793 12.399999618530273 2.9900007247924805
    endloop
  endfacet
  facet normal 0 1 0
    outer loop
      vertex 7.581629753112793 12.399999618530273 2.9900007247924805
      vertex 6 12.399999618530273 2.1999998092651367
      vertex 6 12.399999618530273 2.59999942779541
    endloop
  endfacet
  facet normal 0 1 0
    outer loop
      vertex 6 12.399999618530273 2.1999998092651367
      vertex 7.581629753112793 12.399999618530273 0
      vertex -6 12.399999618530273 2.1999998092651367
    endloop
  endfacet
  facet normal 0 1 0
    outer loop
      vertex 7.581629753112793 12.399999618530273 0
      vertex 6 12.399999618530273 2.1999998092651367
      vertex 7.581629753112793 12.399999618530273 2.9900007247924805
    endloop
  endfacet
  facet normal 0 1 0
    outer loop
      vertex 9.123676300048828 12.399999618530273 2.9900007247924805
      vertex 7.582181930541992 12.399999618530273 1.8999996185302734
      vertex 7.582181930541992 12.399999618530273 2.9900007247924805
    endloop
  endfacet
  facet normal 0 1 0
    outer loop
      vertex 9.123676300048828 12.399999618530273 2.9900007247924805
      vertex 9.137256622314453 12.399999618530273 3.399998664855957
      vertex 9.137256622314453 12.399999618530273 2.9900007247924805
    endloop
  endfacet
  facet normal 0 1 0
    outer loop
      vertex 7.582181930541992 12.399999618530273 2.9900007247924805
      vertex 9.137256622314453 12.399999618530273 3.399998664855957
      vertex 9.123676300048828 12.399999618530273 2.9900007247924805
    endloop
  endfacet
  facet normal 0 1 0
    outer loop
      vertex 7.581629753112793 12.399999618530273 2.9900007247924805
      vertex 9.137256622314453 12.399999618530273 3.399998664855957
      vertex 7.582181930541992 12.399999618530273 2.9900007247924805
    endloop
  endfacet
  facet normal 0 1 0
    outer loop
      vertex 9.137256622314453 12.399999618530273 3.399998664855957
      vertex 7.581629753112793 12.399999618530273 2.9900007247924805
      vertex -9.137256622314453 12.399999618530273 3.399998664855957
    endloop
  endfacet
  facet normal 0 1 0
    outer loop
      vertex -7.581629753112793 12.399999618530273 2.9900007247924805
      vertex -9.137256622314453 12.399999618530273 3.399998664855957
      vertex 7.581629753112793 12.399999618530273 2.9900007247924805
    endloop
  endfacet
  facet normal 0 1 0
    outer loop
      vertex -7.582181930541992 12.399999618530273 2.9900007247924805
      vertex -9.137256622314453 12.399999618530273 3.399998664855957
      vertex -7.581629753112793 12.399999618530273 2.9900007247924805
    endloop
  endfacet
  facet normal 0 1 0
    outer loop
      vertex -9.123676300048828 12.399999618530273 2.9900007247924805
      vertex -9.137256622314453 12.399999618530273 3.399998664855957
      vertex -7.582181930541992 12.399999618530273 2.9900007247924805
    endloop
  endfacet
  facet normal 0 1 0
    outer loop
      vertex -9.137256622314453 12.399999618530273 3.399998664855957
      vertex -9.123676300048828 12.399999618530273 2.9900007247924805
      vertex -9.137256622314453 12.399999618530273 2.9900007247924805
    endloop
  endfacet
  facet normal 0 1 0
    outer loop
      vertex -6 12.399999618530273 2.59999942779541
      vertex -7.581629753112793 12.399999618530273 2.9900007247924805
      vertex 6 12.399999618530273 2.59999942779541
    endloop
  endfacet
  facet normal 0 1 0
    outer loop
      vertex -6 12.399999618530273 2.1999998092651367
      vertex -7.581629753112793 12.399999618530273 2.9900007247924805
      vertex -6 12.399999618530273 2.59999942779541
    endloop
  endfacet
  facet normal 0 1 0
    outer loop
      vertex -6 12.399999618530273 2.1999998092651367
      vertex -7.581629753112793 12.399999618530273 0
      vertex -7.581629753112793 12.399999618530273 2.9900007247924805
    endloop
  endfacet
  facet normal 0 1 0
    outer loop
      vertex -7.581629753112793 12.399999618530273 0
      vertex -6 12.399999618530273 2.1999998092651367
      vertex 7.581629753112793 12.399999618530273 0
    endloop
  endfacet
  facet normal 0.7071067811865475 -0.7071067811865475 0
    outer loop
      vertex 9.137256622314453 -12.399999618530273 3.399998664855957
      vertex 12.399999618530273 -9.137256622314453 2.9900007247924805
      vertex 12.399999618530273 -9.137256622314453 3.399998664855957
    endloop
  endfacet
  facet normal 0.7071067811865475 -0.7071067811865475 0
    outer loop
      vertex 12.399999618530273 -9.137256622314453 2.9900007247924805
      vertex 9.137256622314453 -12.399999618530273 3.399998664855957
      vertex 9.137256622314453 -12.399999618530273 2.9900007247924805
    endloop
  endfacet
  facet normal 1 0 0
    outer loop
      vertex 12.399999618530273 9.137256622314453 3.399998664855957
      vertex 12.399999618530273 9.123676300048828 2.9900007247924805
      vertex 12.399999618530273 9.137256622314453 2.9900007247924805
    endloop
  endfacet
  facet normal 1 0 0
    outer loop
      vertex 12.399999618530273 9.137256622314453 3.399998664855957
      vertex 12.399999618530273 7.582181930541992 2.9900007247924805
      vertex 12.399999618530273 9.123676300048828 2.9900007247924805
    endloop
  endfacet
  facet normal 1 0 0
    outer loop
      vertex 12.399999618530273 9.137256622314453 3.399998664855957
      vertex 12.399999618530273 7.581629753112793 2.9900007247924805
      vertex 12.399999618530273 7.582181930541992 2.9900007247924805
    endloop
  endfacet
  facet normal 1 0 0
    outer loop
      vertex 12.399999618530273 6 2.1999998092651367
      vertex 12.399999618530273 7.581629753112793 2.9900007247924805
      vertex 12.399999618530273 6 2.59999942779541
    endloop
  endfacet
  facet normal 1 0 0
    outer loop
      vertex 12.399999618530273 -7.581629753112793 2.9900007247924805
      vertex 12.399999618530273 7.581629753112793 2.9900007247924805
      vertex 12.399999618530273 9.137256622314453 3.399998664855957
    endloop
  endfacet
  facet normal 1 0 0
    outer loop
      vertex 12.399999618530273 7.581629753112793 2.9900007247924805
      vertex 12.399999618530273 -7.581629753112793 2.9900007247924805
      vertex 12.399999618530273 6 2.59999942779541
    endloop
  endfacet
  facet normal 1 0 0
    outer loop
      vertex 12.399999618530273 -6 2.59999942779541
      vertex 12.399999618530273 -7.581629753112793 2.9900007247924805
      vertex 12.399999618530273 -6 2.1999998092651367
    endloop
  endfacet
  facet normal 1 0 0
    outer loop
      vertex 12.399999618530273 6 2.59999942779541
      vertex 12.399999618530273 -7.581629753112793 2.9900007247924805
      vertex 12.399999618530273 -6 2.59999942779541
    endloop
  endfacet
  facet normal 1 0 0
    outer loop
      vertex 12.399999618530273 -9.137256622314453 3.399998664855957
      vertex 12.399999618530273 -7.581629753112793 2.9900007247924805
      vertex 12.399999618530273 9.137256622314453 3.399998664855957
    endloop
  endfacet
  facet normal 1 0 0
    outer loop
      vertex 12.399999618530273 -7.582181930541992 2.9900007247924805
      vertex 12.399999618530273 -9.123676300048828 2.9900007247924805
      vertex 12.399999618530273 -7.582181930541992 1.8999996185302734
    endloop
  endfacet
  facet normal 1 0 0
    outer loop
      vertex 12.399999618530273 -7.581629753112793 2.9900007247924805
      vertex 12.399999618530273 -9.137256622314453 3.399998664855957
      vertex 12.399999618530273 -7.582181930541992 2.9900007247924805
    endloop
  endfacet
  facet normal 1 0 0
    outer loop
      vertex 12.399999618530273 -7.582181930541992 2.9900007247924805
      vertex 12.399999618530273 -9.137256622314453 3.399998664855957
      vertex 12.399999618530273 -9.123676300048828 2.9900007247924805
    endloop
  endfacet
  facet normal 1 0 0
    outer loop
      vertex 12.399999618530273 -9.123676300048828 2.9900007247924805
      vertex 12.399999618530273 -9.137256622314453 3.399998664855957
      vertex 12.399999618530273 -9.137256622314453 2.9900007247924805
    endloop
  endfacet
  facet normal 1 0 0
    outer loop
      vertex 12.399999618530273 9.123676300048828 2.9900007247924805
      vertex 12.399999618530273 7.582181930541992 2.9900007247924805
      vertex 12.399999618530273 7.582181930541992 1.8999996185302734
    endloop
  endfacet
  facet normal 1 0 0
    outer loop
      vertex 12.399999618530273 7.581629753112793 2.9900007247924805
      vertex 12.399999618530273 6 2.1999998092651367
      vertex 12.399999618530273 7.581629753112793 0
    endloop
  endfacet
  facet normal 1 0 0
    outer loop
      vertex 12.399999618530273 -6 2.1999998092651367
      vertex 12.399999618530273 7.581629753112793 0
      vertex 12.399999618530273 6 2.1999998092651367
    endloop
  endfacet
  facet normal 1 0 0
    outer loop
      vertex 12.399999618530273 -6 2.1999998092651367
      vertex 12.399999618530273 -7.581629753112793 0
      vertex 12.399999618530273 7.581629753112793 0
    endloop
  endfacet
  facet normal 1 0 0
    outer loop
      vertex 12.399999618530273 -7.581629753112793 0
      vertex 12.399999618530273 -6 2.1999998092651367
      vertex 12.399999618530273 -7.581629753112793 2.9900007247924805
    endloop
  endfacet
  facet normal -0.7071067811865475 0.7071067811865475 0
    outer loop
      vertex -12.399999618530273 9.137256622314453 2.9900007247924805
      vertex -9.137256622314453 12.399999618530273 3.399998664855957
      vertex -9.137256622314453 12.399999618530273 2.9900007247924805
    endloop
  endfacet
  facet normal -0.7071067811865475 0.7071067811865475 0
    outer loop
      vertex -9.137256622314453 12.399999618530273 3.399998664855957
      vertex -12.399999618530273 9.137256622314453 2.9900007247924805
      vertex -12.399999618530273 9.137256622314453 3.399998664855957
    endloop
  endfacet
  facet normal 1 0 0
    outer loop
      vertex 12.799999237060547 -3.554048538208008 0.19999980926513672
      vertex 12.799999237060547 3.554048538208008 0.18999958038330078
      vertex 12.799999237060547 3.554048538208008 0.19999980926513672
    endloop
  endfacet
  facet normal 1 0 0
    outer loop
      vertex 12.799999237060547 3.554048538208008 0.18999958038330078
      vertex 12.799999237060547 -3.554048538208008 0.19999980926513672
      vertex 12.799999237060547 -3.554048538208008 0.18999958038330078
    endloop
  endfacet
  facet normal 1 0 0
    outer loop
      vertex 12.799999237060547 -3.554048538208008 1.3999996185302734
      vertex 12.799999237060547 3.554048538208008 0.7999992370605469
      vertex 12.799999237060547 3.554048538208008 1.3999996185302734
    endloop
  endfacet
  facet normal 1 0 0
    outer loop
      vertex 12.799999237060547 3.554048538208008 0.7999992370605469
      vertex 12.799999237060547 -3.554048538208008 1.3999996185302734
      vertex 12.799999237060547 -3.554048538208008 0.7999992370605469
    endloop
  endfacet
  facet normal 0 0 -1
    outer loop
      vertex 12.399999618530273 -5.5 0.18999958038330078
      vertex 12.799999237060547 -3.554048538208008 0.18999958038330078
      vertex 12.78037166595459 -3.6829471588134766 0.18999958038330078
    endloop
  endfacet
  facet normal 0 0 -1
    outer loop
      vertex 12.799999237060547 -3.554048538208008 0.18999958038330078
      vertex 12.399999618530273 -5.5 0.18999958038330078
      vertex 12.799999237060547 3.554048538208008 0.18999958038330078
    endloop
  endfacet
  facet normal 0 0 -1
    outer loop
      vertex 12.399999618530273 -5.5 0.18999958038330078
      vertex 12.78037166595459 -3.6829471588134766 0.18999958038330078
      vertex 12.751315116882324 -3.8641891479492188 0.18999958038330078
    endloop
  endfacet
  facet normal 0 0 -1
    outer loop
      vertex 12.399999618530273 5.5 0.18999958038330078
      vertex 12.799999237060547 3.554048538208008 0.18999958038330078
      vertex 12.399999618530273 -5.5 0.18999958038330078
    endloop
  endfacet
  facet normal 0 0 -1
    outer loop
      vertex 12.399999618530273 -5.5 0.18999958038330078
      vertex 12.751315116882324 -3.8641891479492188 0.18999958038330078
      vertex 12.720864295959473 -4.04500675201416 0.18999958038330078
    endloop
  endfacet
  facet normal 0 0 -1
    outer loop
      vertex 12.799999237060547 3.554048538208008 0.18999958038330078
      vertex 12.399999618530273 5.5 0.18999958038330078
      vertex 12.78037166595459 3.6829471588134766 0.18999958038330078
    endloop
  endfacet
  facet normal 0 0 -1
    outer loop
      vertex 12.399999618530273 -5.5 0.18999958038330078
      vertex 12.720864295959473 -4.04500675201416 0.18999958038330078
      vertex 12.6890230178833 -4.225380897521973 0.18999958038330078
    endloop
  endfacet
  facet normal 0 0 -1
    outer loop
      vertex 12.78037166595459 3.6829471588134766 0.18999958038330078
      vertex 12.399999618530273 5.5 0.18999958038330078
      vertex 12.751315116882324 3.8641891479492188 0.18999958038330078
    endloop
  endfacet
  facet normal 0 0 -1
    outer loop
      vertex 12.399999618530273 -5.5 0.18999958038330078
      vertex 12.6890230178833 -4.225380897521973 0.18999958038330078
      vertex 12.655795097351074 -4.405292510986328 0.18999958038330078
    endloop
  endfacet
  facet normal 0 0 -1
    outer loop
      vertex 12.751315116882324 3.8641891479492188 0.18999958038330078
      vertex 12.399999618530273 5.5 0.18999958038330078
      vertex 12.720864295959473 4.04500675201416 0.18999958038330078
    endloop
  endfacet
  facet normal 0 0 -1
    outer loop
      vertex 12.399999618530273 -5.5 0.18999958038330078
      vertex 12.655795097351074 -4.405292510986328 0.18999958038330078
      vertex 12.621183395385742 -4.584719657897949 0.18999958038330078
    endloop
  endfacet
  facet normal 0 0 -1
    outer loop
      vertex 12.720864295959473 4.04500675201416 0.18999958038330078
      vertex 12.399999618530273 5.5 0.18999958038330078
      vertex 12.6890230178833 4.225380897521973 0.18999958038330078
    endloop
  endfacet
  facet normal 0 0 -1
    outer loop
      vertex 12.399999618530273 -5.5 0.18999958038330078
      vertex 12.621183395385742 -4.584719657897949 0.18999958038330078
      vertex 12.58519172668457 -4.763645172119141 0.18999958038330078
    endloop
  endfacet
  facet normal 0 0 -1
    outer loop
      vertex 12.6890230178833 4.225380897521973 0.18999958038330078
      vertex 12.399999618530273 5.5 0.18999958038330078
      vertex 12.655795097351074 4.405292510986328 0.18999958038330078
    endloop
  endfacet
  facet normal 0 0 -1
    outer loop
      vertex 12.399999618530273 -5.5 0.18999958038330078
      vertex 12.58519172668457 -4.763645172119141 0.18999958038330078
      vertex 12.54782485961914 -4.942048072814941 0.18999958038330078
    endloop
  endfacet
  facet normal 0 0 -1
    outer loop
      vertex 12.655795097351074 4.405292510986328 0.18999958038330078
      vertex 12.399999618530273 5.5 0.18999958038330078
      vertex 12.621183395385742 4.584719657897949 0.18999958038330078
    endloop
  endfacet
  facet normal 0 0 -1
    outer loop
      vertex 12.399999618530273 -5.5 0.18999958038330078
      vertex 12.54782485961914 -4.942048072814941 0.18999958038330078
      vertex 12.509085655212402 -5.119908332824707 0.18999958038330078
    endloop
  endfacet
  facet normal 0 0 -1
    outer loop
      vertex 12.621183395385742 4.584719657897949 0.18999958038330078
      vertex 12.399999618530273 5.5 0.18999958038330078
      vertex 12.58519172668457 4.763645172119141 0.18999958038330078
    endloop
  endfacet
  facet normal 0 0 -1
    outer loop
      vertex 12.399999618530273 -5.5 0.18999958038330078
      vertex 12.509085655212402 -5.119908332824707 0.18999958038330078
      vertex 12.468979835510254 -5.297207832336426 0.18999958038330078
    endloop
  endfacet
  facet normal 0 0 -1
    outer loop
      vertex 12.58519172668457 4.763645172119141 0.18999958038330078
      vertex 12.399999618530273 5.5 0.18999958038330078
      vertex 12.54782485961914 4.942048072814941 0.18999958038330078
    endloop
  endfacet
  facet normal 0 0 -1
    outer loop
      vertex 12.399999618530273 -5.5 0.18999958038330078
      vertex 12.468979835510254 -5.297207832336426 0.18999958038330078
      vertex 12.427510261535645 -5.473926544189453 0.18999958038330078
    endloop
  endfacet
  facet normal 0 0 -1
    outer loop
      vertex 12.54782485961914 4.942048072814941 0.18999958038330078
      vertex 12.399999618530273 5.5 0.18999958038330078
      vertex 12.509085655212402 5.119908332824707 0.18999958038330078
    endloop
  endfacet
  facet normal 0 0 -1
    outer loop
      vertex 12.399999618530273 -5.5 0.18999958038330078
      vertex 12.427510261535645 -5.473926544189453 0.18999958038330078
      vertex 12.421170234680176 -5.5 0.18999958038330078
    endloop
  endfacet
  facet normal 0 0 -1
    outer loop
      vertex 12.509085655212402 5.119908332824707 0.18999958038330078
      vertex 12.399999618530273 5.5 0.18999958038330078
      vertex 12.468979835510254 5.297207832336426 0.18999958038330078
    endloop
  endfacet
  facet normal 0 0 -1
    outer loop
      vertex 12.468979835510254 5.297207832336426 0.18999958038330078
      vertex 12.399999618530273 5.5 0.18999958038330078
      vertex 12.427510261535645 5.473926544189453 0.18999958038330078
    endloop
  endfacet
  facet normal 0 0 -1
    outer loop
      vertex 12.427510261535645 5.473926544189453 0.18999958038330078
      vertex 12.399999618530273 5.5 0.18999958038330078
      vertex 12.421170234680176 5.5 0.18999958038330078
    endloop
  endfacet
  facet normal -1 0 0
    outer loop
      vertex 12.399999618530273 -5.5 0.19999980926513672
      vertex 12.399999618530273 5.5 2
      vertex 12.399999618530273 5.5 0.19999980926513672
    endloop
  endfacet
  facet normal -1 0 0
    outer loop
      vertex 12.399999618530273 5.5 2
      vertex 12.399999618530273 -5.5 0.19999980926513672
      vertex 12.399999618530273 -5.5 2
    endloop
  endfacet
  facet normal -1 0 0
    outer loop
      vertex 12.399999618530273 -5.5 0.18999958038330078
      vertex 12.399999618530273 5.5 0.19999980926513672
      vertex 12.399999618530273 5.5 0.18999958038330078
    endloop
  endfacet
  facet normal -1 0 0
    outer loop
      vertex 12.399999618530273 5.5 0.19999980926513672
      vertex 12.399999618530273 -5.5 0.18999958038330078
      vertex 12.399999618530273 -5.5 0.19999980926513672
    endloop
  endfacet
  facet normal 0 1 0
    outer loop
      vertex 12.421170234680176 5.5 0.231755331158638
      vertex 12.399999618530273 5.5 2
      vertex 12.421170234680176 5.5 1.9682444334030151
    endloop
  endfacet
  facet normal 0 1 0
    outer loop
      vertex 12.399999618530273 5.5 2
      vertex 12.421170234680176 5.5 0.231755331158638
      vertex 12.399999618530273 5.5 0.19999980926513672
    endloop
  endfacet
  facet normal 0 1 0
    outer loop
      vertex 12.421170234680176 5.5 0.18999958038330078
      vertex 12.399999618530273 5.5 0.19999980926513672
      vertex 12.421170234680176 5.5 0.19999980926513672
    endloop
  endfacet
  facet normal 0 1 0
    outer loop
      vertex 12.399999618530273 5.5 0.19999980926513672
      vertex 12.421170234680176 5.5 0.18999958038330078
      vertex 12.399999618530273 5.5 0.18999958038330078
    endloop
  endfacet
  facet normal 0 -1 0
    outer loop
      vertex 12.399999618530273 -5.5 2
      vertex 12.421170234680176 -5.5 0.231755331158638
      vertex 12.421170234680176 -5.5 1.9682444334030151
    endloop
  endfacet
  facet normal 0 -1 0
    outer loop
      vertex 12.421170234680176 -5.5 0.231755331158638
      vertex 12.399999618530273 -5.5 2
      vertex 12.399999618530273 -5.5 0.19999980926513672
    endloop
  endfacet
  facet normal 0 -1 0
    outer loop
      vertex 12.399999618530273 -5.5 0.18999958038330078
      vertex 12.421170234680176 -5.5 0.19999980926513672
      vertex 12.399999618530273 -5.5 0.19999980926513672
    endloop
  endfacet
  facet normal 0 -1 0
    outer loop
      vertex 12.421170234680176 -5.5 0.19999980926513672
      vertex 12.399999618530273 -5.5 0.18999958038330078
      vertex 12.421170234680176 -5.5 0.18999958038330078
    endloop
  endfacet
  facet normal 0.8320474110528925 -0.000012423075532715529 0.5547045209891897
    outer loop
      vertex 12.399999618530273 5.5 2
      vertex 12.427510261535645 5.473926544189453 1.9587339162826538
      vertex 12.421170234680176 5.5 1.9682444334030151
    endloop
  endfacet
  facet normal 0.8320512454444123 7.253710808133898e-7 0.5546987695622518
    outer loop
      vertex 12.399999618530273 5.5 2
      vertex 12.468979835510254 5.297207832336426 1.8965295553207397
      vertex 12.427510261535645 5.473926544189453 1.9587339162826538
    endloop
  endfacet
  facet normal 0.8320501677378553 -4.6603043189745436e-7 0.5547003861249689
    outer loop
      vertex 12.399999618530273 5.5 2
      vertex 12.509085655212402 5.119908332824707 1.8363707065582275
      vertex 12.468979835510254 5.297207832336426 1.8965295553207397
    endloop
  endfacet
  facet normal 0.8320501883303837 -4.468227923736132e-7 0.5547003552362061
    outer loop
      vertex 12.399999618530273 5.5 2
      vertex 12.54782485961914 4.942048072814941 1.7782617807388306
      vertex 12.509085655212402 5.119908332824707 1.8363707065582275
    endloop
  endfacet
  facet normal 0.8320502105616864 -4.2768021897936774e-7 0.5547003218892799
    outer loop
      vertex 12.399999618530273 5.5 2
      vertex 12.58519172668457 4.763645172119141 1.7222113609313965
      vertex 12.54782485961914 4.942048072814941 1.7782617807388306
    endloop
  endfacet
  facet normal 0.8320524897005893 0.0000014352277350521041 0.5546969031651346
    outer loop
      vertex 12.399999618530273 5.5 2
      vertex 12.621183395385742 4.584719657897949 1.6682238578796387
      vertex 12.58519172668457 4.763645172119141 1.7222113609313965
    endloop
  endfacet
  facet normal 0.8320497922923047 -6.832832286314398e-7 0.5547009492923785
    outer loop
      vertex 12.399999618530273 5.5 2
      vertex 12.655795097351074 4.405292510986328 1.616306185722351
      vertex 12.621183395385742 4.584719657897949 1.6682238578796387
    endloop
  endfacet
  facet normal 0.832049882697063 -6.146287018284046e-7 0.5547008136855632
    outer loop
      vertex 12.399999618530273 5.5 2
      vertex 12.6890230178833 4.225380897521973 1.5664641857147217
      vertex 12.655795097351074 4.405292510986328 1.616306185722351
    endloop
  endfacet
  facet normal 0.8320522013071197 0.0000010940684517335278 0.5546973357595828
    outer loop
      vertex 12.399999618530273 5.5 2
      vertex 12.720864295959473 4.04500675201416 1.5187022686004639
      vertex 12.6890230178833 4.225380897521973 1.5664641857147217
    endloop
  endfacet
  facet normal 0.832049745198929 -6.662574777009903e-7 0.5547010199323175
    outer loop
      vertex 12.399999618530273 5.5 2
      vertex 12.751315116882324 3.8641891479492188 1.473025918006897
      vertex 12.720864295959473 4.04500675201416 1.5187022686004639
    endloop
  endfacet
  facet normal 0.8320498316049686 -6.059471892292136e-7 0.5547008903235835
    outer loop
      vertex 12.399999618530273 5.5 2
      vertex 12.78037166595459 3.6829471588134766 1.429440975189209
      vertex 12.751315116882324 3.8641891479492188 1.473025918006897
    endloop
  endfacet
  facet normal 0.8320518641522852 7.768746706548543e-7 0.5546978414958035
    outer loop
      vertex 12.399999618530273 5.5 2
      vertex 12.799999237060547 3.554048538208008 1.3999996185302734
      vertex 12.78037166595459 3.6829471588134766 1.429440975189209
    endloop
  endfacet
  facet normal 0.8320507012631989 0 0.5546995858367112
    outer loop
      vertex 12.399999618530273 5.5 2
      vertex 12.799999237060547 -3.554048538208008 1.3999996185302734
      vertex 12.799999237060547 3.554048538208008 1.3999996185302734
    endloop
  endfacet
  facet normal 0.8320507012631989 0 0.5546995858367112
    outer loop
      vertex 12.399999618530273 -5.5 2
      vertex 12.799999237060547 -3.554048538208008 1.3999996185302734
      vertex 12.399999618530273 5.5 2
    endloop
  endfacet
  facet normal 0.8320518641522852 -7.768746706548543e-7 0.5546978414958035
    outer loop
      vertex 12.799999237060547 -3.554048538208008 1.3999996185302734
      vertex 12.399999618530273 -5.5 2
      vertex 12.78037166595459 -3.6829471588134766 1.429440975189209
    endloop
  endfacet
  facet normal 0.8320498316049686 6.059471892292136e-7 0.5547008903235835
    outer loop
      vertex 12.78037166595459 -3.6829471588134766 1.429440975189209
      vertex 12.399999618530273 -5.5 2
      vertex 12.751315116882324 -3.8641891479492188 1.473025918006897
    endloop
  endfacet
  facet normal 0.832049745198929 6.662574777009903e-7 0.5547010199323175
    outer loop
      vertex 12.751315116882324 -3.8641891479492188 1.473025918006897
      vertex 12.399999618530273 -5.5 2
      vertex 12.720864295959473 -4.04500675201416 1.5187022686004639
    endloop
  endfacet
  facet normal 0.8320522013071197 -0.0000010940684517335278 0.5546973357595828
    outer loop
      vertex 12.720864295959473 -4.04500675201416 1.5187022686004639
      vertex 12.399999618530273 -5.5 2
      vertex 12.6890230178833 -4.225380897521973 1.5664641857147217
    endloop
  endfacet
  facet normal 0.832049882697063 6.146287018284046e-7 0.5547008136855632
    outer loop
      vertex 12.6890230178833 -4.225380897521973 1.5664641857147217
      vertex 12.399999618530273 -5.5 2
      vertex 12.655795097351074 -4.405292510986328 1.616306185722351
    endloop
  endfacet
  facet normal 0.8320497922923047 6.832832286314398e-7 0.5547009492923785
    outer loop
      vertex 12.655795097351074 -4.405292510986328 1.616306185722351
      vertex 12.399999618530273 -5.5 2
      vertex 12.621183395385742 -4.584719657897949 1.6682238578796387
    endloop
  endfacet
  facet normal 0.8320524897005893 -0.0000014352277350521041 0.5546969031651346
    outer loop
      vertex 12.621183395385742 -4.584719657897949 1.6682238578796387
      vertex 12.399999618530273 -5.5 2
      vertex 12.58519172668457 -4.763645172119141 1.7222113609313965
    endloop
  endfacet
  facet normal 0.8320502105616864 4.2768021897936774e-7 0.5547003218892799
    outer loop
      vertex 12.58519172668457 -4.763645172119141 1.7222113609313965
      vertex 12.399999618530273 -5.5 2
      vertex 12.54782485961914 -4.942048072814941 1.7782617807388306
    endloop
  endfacet
  facet normal 0.8320501883303837 4.468227923736132e-7 0.5547003552362061
    outer loop
      vertex 12.54782485961914 -4.942048072814941 1.7782617807388306
      vertex 12.399999618530273 -5.5 2
      vertex 12.509085655212402 -5.119908332824707 1.8363707065582275
    endloop
  endfacet
  facet normal 0.8320501677378553 4.6603043189745436e-7 0.5547003861249689
    outer loop
      vertex 12.509085655212402 -5.119908332824707 1.8363707065582275
      vertex 12.399999618530273 -5.5 2
      vertex 12.468979835510254 -5.297207832336426 1.8965295553207397
    endloop
  endfacet
  facet normal 0.8320512454444123 -7.253710808133898e-7 0.5546987695622518
    outer loop
      vertex 12.468979835510254 -5.297207832336426 1.8965295553207397
      vertex 12.399999618530273 -5.5 2
      vertex 12.427510261535645 -5.473926544189453 1.9587339162826538
    endloop
  endfacet
  facet normal 0.8320474110528925 0.000012423075532715529 0.5547045209891897
    outer loop
      vertex 12.427510261535645 -5.473926544189453 1.9587339162826538
      vertex 12.399999618530273 -5.5 2
      vertex 12.421170234680176 -5.5 1.9682444334030151
    endloop
  endfacet
  facet normal 0 0 1
    outer loop
      vertex 12.399999618530273 5.5 0.19999980926513672
      vertex 12.799999237060547 3.554048538208008 0.19999980926513672
      vertex 12.78037166595459 3.6829471588134766 0.19999980926513672
    endloop
  endfacet
  facet normal 0 0 1
    outer loop
      vertex 12.799999237060547 3.554048538208008 0.19999980926513672
      vertex 12.399999618530273 5.5 0.19999980926513672
      vertex 12.799999237060547 -3.554048538208008 0.19999980926513672
    endloop
  endfacet
  facet normal 0 0 1
    outer loop
      vertex 12.399999618530273 5.5 0.19999980926513672
      vertex 12.78037166595459 3.6829471588134766 0.19999980926513672
      vertex 12.751315116882324 3.8641891479492188 0.19999980926513672
    endloop
  endfacet
  facet normal 0 0 1
    outer loop
      vertex 12.399999618530273 -5.5 0.19999980926513672
      vertex 12.799999237060547 -3.554048538208008 0.19999980926513672
      vertex 12.399999618530273 5.5 0.19999980926513672
    endloop
  endfacet
  facet normal 0 0 1
    outer loop
      vertex 12.399999618530273 5.5 0.19999980926513672
      vertex 12.751315116882324 3.8641891479492188 0.19999980926513672
      vertex 12.720864295959473 4.04500675201416 0.19999980926513672
    endloop
  endfacet
  facet normal 0 0 1
    outer loop
      vertex 12.799999237060547 -3.554048538208008 0.19999980926513672
      vertex 12.399999618530273 -5.5 0.19999980926513672
      vertex 12.78037166595459 -3.6829471588134766 0.19999980926513672
    endloop
  endfacet
  facet normal 0 0 1
    outer loop
      vertex 12.399999618530273 5.5 0.19999980926513672
      vertex 12.720864295959473 4.04500675201416 0.19999980926513672
      vertex 12.6890230178833 4.225380897521973 0.19999980926513672
    endloop
  endfacet
  facet normal 0 0 1
    outer loop
      vertex 12.78037166595459 -3.6829471588134766 0.19999980926513672
      vertex 12.399999618530273 -5.5 0.19999980926513672
      vertex 12.751315116882324 -3.8641891479492188 0.19999980926513672
    endloop
  endfacet
  facet normal 0 0 1
    outer loop
      vertex 12.399999618530273 5.5 0.19999980926513672
      vertex 12.6890230178833 4.225380897521973 0.19999980926513672
      vertex 12.655795097351074 4.405292510986328 0.19999980926513672
    endloop
  endfacet
  facet normal 0 0 1
    outer loop
      vertex 12.751315116882324 -3.8641891479492188 0.19999980926513672
      vertex 12.399999618530273 -5.5 0.19999980926513672
      vertex 12.720864295959473 -4.04500675201416 0.19999980926513672
    endloop
  endfacet
  facet normal 0 0 1
    outer loop
      vertex 12.399999618530273 5.5 0.19999980926513672
      vertex 12.655795097351074 4.405292510986328 0.19999980926513672
      vertex 12.621183395385742 4.584719657897949 0.19999980926513672
    endloop
  endfacet
  facet normal 0 0 1
    outer loop
      vertex 12.720864295959473 -4.04500675201416 0.19999980926513672
      vertex 12.399999618530273 -5.5 0.19999980926513672
      vertex 12.6890230178833 -4.225380897521973 0.19999980926513672
    endloop
  endfacet
  facet normal 0 0 1
    outer loop
      vertex 12.399999618530273 5.5 0.19999980926513672
      vertex 12.621183395385742 4.584719657897949 0.19999980926513672
      vertex 12.58519172668457 4.763645172119141 0.19999980926513672
    endloop
  endfacet
  facet normal 0 0 1
    outer loop
      vertex 12.6890230178833 -4.225380897521973 0.19999980926513672
      vertex 12.399999618530273 -5.5 0.19999980926513672
      vertex 12.655795097351074 -4.405292510986328 0.19999980926513672
    endloop
  endfacet
  facet normal 0 0 1
    outer loop
      vertex 12.399999618530273 5.5 0.19999980926513672
      vertex 12.58519172668457 4.763645172119141 0.19999980926513672
      vertex 12.54782485961914 4.942048072814941 0.19999980926513672
    endloop
  endfacet
  facet normal 0 0 1
    outer loop
      vertex 12.655795097351074 -4.405292510986328 0.19999980926513672
      vertex 12.399999618530273 -5.5 0.19999980926513672
      vertex 12.621183395385742 -4.584719657897949 0.19999980926513672
    endloop
  endfacet
  facet normal 0 0 1
    outer loop
      vertex 12.399999618530273 5.5 0.19999980926513672
      vertex 12.54782485961914 4.942048072814941 0.19999980926513672
      vertex 12.509085655212402 5.119908332824707 0.19999980926513672
    endloop
  endfacet
  facet normal 0 0 1
    outer loop
      vertex 12.621183395385742 -4.584719657897949 0.19999980926513672
      vertex 12.399999618530273 -5.5 0.19999980926513672
      vertex 12.58519172668457 -4.763645172119141 0.19999980926513672
    endloop
  endfacet
  facet normal 0 0 1
    outer loop
      vertex 12.399999618530273 5.5 0.19999980926513672
      vertex 12.509085655212402 5.119908332824707 0.19999980926513672
      vertex 12.468979835510254 5.297207832336426 0.19999980926513672
    endloop
  endfacet
  facet normal 0 0 1
    outer loop
      vertex 12.58519172668457 -4.763645172119141 0.19999980926513672
      vertex 12.399999618530273 -5.5 0.19999980926513672
      vertex 12.54782485961914 -4.942048072814941 0.19999980926513672
    endloop
  endfacet
  facet normal 0 0 1
    outer loop
      vertex 12.399999618530273 5.5 0.19999980926513672
      vertex 12.468979835510254 5.297207832336426 0.19999980926513672
      vertex 12.427510261535645 5.473926544189453 0.19999980926513672
    endloop
  endfacet
  facet normal 0 0 1
    outer loop
      vertex 12.54782485961914 -4.942048072814941 0.19999980926513672
      vertex 12.399999618530273 -5.5 0.19999980926513672
      vertex 12.509085655212402 -5.119908332824707 0.19999980926513672
    endloop
  endfacet
  facet normal 0 0 1
    outer loop
      vertex 12.399999618530273 5.5 0.19999980926513672
      vertex 12.427510261535645 5.473926544189453 0.19999980926513672
      vertex 12.421170234680176 5.5 0.19999980926513672
    endloop
  endfacet
  facet normal 0 0 1
    outer loop
      vertex 12.509085655212402 -5.119908332824707 0.19999980926513672
      vertex 12.399999618530273 -5.5 0.19999980926513672
      vertex 12.468979835510254 -5.297207832336426 0.19999980926513672
    endloop
  endfacet
  facet normal 0 0 1
    outer loop
      vertex 12.468979835510254 -5.297207832336426 0.19999980926513672
      vertex 12.399999618530273 -5.5 0.19999980926513672
      vertex 12.427510261535645 -5.473926544189453 0.19999980926513672
    endloop
  endfacet
  facet normal 0 0 1
    outer loop
      vertex 12.427510261535645 -5.473926544189453 0.19999980926513672
      vertex 12.399999618530273 -5.5 0.19999980926513672
      vertex 12.421170234680176 -5.5 0.19999980926513672
    endloop
  endfacet
  facet normal 0.8320470506582945 -0.000011122813416446376 -0.5547050616022147
    outer loop
      vertex 12.427510261535645 5.473926544189453 0.24126577377319336
      vertex 12.399999618530273 5.5 0.19999980926513672
      vertex 12.421170234680176 5.5 0.231755331158638
    endloop
  endfacet
  facet normal 0.8320502943378436 0 -0.554700196225229
    outer loop
      vertex 12.468979835510254 5.297207832336426 0.3034701347351074
      vertex 12.399999618530273 5.5 0.19999980926513672
      vertex 12.427510261535645 5.473926544189453 0.24126577377319336
    endloop
  endfacet
  facet normal 0.8320502943378437 0 -0.5547001962252291
    outer loop
      vertex 12.509085655212402 5.119908332824707 0.3636288642883301
      vertex 12.399999618530273 5.5 0.19999980926513672
      vertex 12.468979835510254 5.297207832336426 0.3034701347351074
    endloop
  endfacet
  facet normal 0.8320502943378436 0 -0.554700196225229
    outer loop
      vertex 12.54782485961914 4.942048072814941 0.4217376708984375
      vertex 12.399999618530273 5.5 0.19999980926513672
      vertex 12.509085655212402 5.119908332824707 0.3636288642883301
    endloop
  endfacet
  facet normal 0.8320502943378436 0 -0.554700196225229
    outer loop
      vertex 12.58519172668457 4.763645172119141 0.47778797149658203
      vertex 12.399999618530273 5.5 0.19999980926513672
      vertex 12.54782485961914 4.942048072814941 0.4217376708984375
    endloop
  endfacet
  facet normal 0.8320502943378437 0 -0.5547001962252291
    outer loop
      vertex 12.621183395385742 4.584719657897949 0.5317754745483398
      vertex 12.399999618530273 5.5 0.19999980926513672
      vertex 12.58519172668457 4.763645172119141 0.47778797149658203
    endloop
  endfacet
  facet normal 0.8320502943378437 0 -0.5547001962252291
    outer loop
      vertex 12.655795097351074 4.405292510986328 0.5836930274963379
      vertex 12.399999618530273 5.5 0.19999980926513672
      vertex 12.621183395385742 4.584719657897949 0.5317754745483398
    endloop
  endfacet
  facet normal 0.8320502943378437 0 -0.5547001962252291
    outer loop
      vertex 12.6890230178833 4.225380897521973 0.6335349082946777
      vertex 12.399999618530273 5.5 0.19999980926513672
      vertex 12.655795097351074 4.405292510986328 0.5836930274963379
    endloop
  endfacet
  facet normal 0.8320502943378436 0 -0.5547001962252291
    outer loop
      vertex 12.720864295959473 4.04500675201416 0.6812968254089355
      vertex 12.399999618530273 5.5 0.19999980926513672
      vertex 12.6890230178833 4.225380897521973 0.6335349082946777
    endloop
  endfacet
  facet normal 0.8320502943378437 0 -0.5547001962252291
    outer loop
      vertex 12.751315116882324 3.8641891479492188 0.7269730567932129
      vertex 12.399999618530273 5.5 0.19999980926513672
      vertex 12.720864295959473 4.04500675201416 0.6812968254089355
    endloop
  endfacet
  facet normal 0.8320502943378437 0 -0.5547001962252291
    outer loop
      vertex 12.78037166595459 3.6829471588134766 0.7705578804016113
      vertex 12.399999618530273 5.5 0.19999980926513672
      vertex 12.751315116882324 3.8641891479492188 0.7269730567932129
    endloop
  endfacet
  facet normal 0.8320502943378437 0 -0.5547001962252291
    outer loop
      vertex 12.799999237060547 3.554048538208008 0.7999992370605469
      vertex 12.399999618530273 5.5 0.19999980926513672
      vertex 12.78037166595459 3.6829471588134766 0.7705578804016113
    endloop
  endfacet
  facet normal 0.8320502943378436 0 -0.554700196225229
    outer loop
      vertex 12.799999237060547 -3.554048538208008 0.7999992370605469
      vertex 12.399999618530273 5.5 0.19999980926513672
      vertex 12.799999237060547 3.554048538208008 0.7999992370605469
    endloop
  endfacet
  facet normal 0.8320502943378437 0 -0.5547001962252291
    outer loop
      vertex 12.399999618530273 -5.5 0.19999980926513672
      vertex 12.799999237060547 -3.554048538208008 0.7999992370605469
      vertex 12.78037166595459 -3.6829471588134766 0.7705578804016113
    endloop
  endfacet
  facet normal 0.8320502943378437 0 -0.5547001962252291
    outer loop
      vertex 12.399999618530273 -5.5 0.19999980926513672
      vertex 12.78037166595459 -3.6829471588134766 0.7705578804016113
      vertex 12.751315116882324 -3.8641891479492188 0.7269730567932129
    endloop
  endfacet
  facet normal 0.8320502943378437 0 -0.5547001962252291
    outer loop
      vertex 12.399999618530273 -5.5 0.19999980926513672
      vertex 12.751315116882324 -3.8641891479492188 0.7269730567932129
      vertex 12.720864295959473 -4.04500675201416 0.6812968254089355
    endloop
  endfacet
  facet normal 0.8320502943378436 0 -0.5547001962252291
    outer loop
      vertex 12.399999618530273 -5.5 0.19999980926513672
      vertex 12.720864295959473 -4.04500675201416 0.6812968254089355
      vertex 12.6890230178833 -4.225380897521973 0.6335349082946777
    endloop
  endfacet
  facet normal 0.8320502943378437 0 -0.5547001962252291
    outer loop
      vertex 12.399999618530273 -5.5 0.19999980926513672
      vertex 12.6890230178833 -4.225380897521973 0.6335349082946777
      vertex 12.655795097351074 -4.405292510986328 0.5836930274963379
    endloop
  endfacet
  facet normal 0.8320502943378437 0 -0.5547001962252291
    outer loop
      vertex 12.399999618530273 -5.5 0.19999980926513672
      vertex 12.655795097351074 -4.405292510986328 0.5836930274963379
      vertex 12.621183395385742 -4.584719657897949 0.5317754745483398
    endloop
  endfacet
  facet normal 0.8320502943378437 0 -0.5547001962252291
    outer loop
      vertex 12.399999618530273 -5.5 0.19999980926513672
      vertex 12.621183395385742 -4.584719657897949 0.5317754745483398
      vertex 12.58519172668457 -4.763645172119141 0.47778797149658203
    endloop
  endfacet
  facet normal 0.8320502943378436 0 -0.554700196225229
    outer loop
      vertex 12.399999618530273 -5.5 0.19999980926513672
      vertex 12.58519172668457 -4.763645172119141 0.47778797149658203
      vertex 12.54782485961914 -4.942048072814941 0.4217376708984375
    endloop
  endfacet
  facet normal 0.8320502943378436 0 -0.554700196225229
    outer loop
      vertex 12.399999618530273 -5.5 0.19999980926513672
      vertex 12.54782485961914 -4.942048072814941 0.4217376708984375
      vertex 12.509085655212402 -5.119908332824707 0.3636288642883301
    endloop
  endfacet
  facet normal 0.8320502943378437 0 -0.5547001962252291
    outer loop
      vertex 12.399999618530273 -5.5 0.19999980926513672
      vertex 12.509085655212402 -5.119908332824707 0.3636288642883301
      vertex 12.468979835510254 -5.297207832336426 0.3034701347351074
    endloop
  endfacet
  facet normal 0.8320502943378436 0 -0.554700196225229
    outer loop
      vertex 12.399999618530273 -5.5 0.19999980926513672
      vertex 12.468979835510254 -5.297207832336426 0.3034701347351074
      vertex 12.427510261535645 -5.473926544189453 0.24126577377319336
    endloop
  endfacet
  facet normal 0.8320470506582945 0.000011122813416446376 -0.5547050616022147
    outer loop
      vertex 12.399999618530273 -5.5 0.19999980926513672
      vertex 12.427510261535645 -5.473926544189453 0.24126577377319336
      vertex 12.421170234680176 -5.5 0.231755331158638
    endloop
  endfacet
  facet normal 0.8320502943378436 0 -0.5547001962252291
    outer loop
      vertex 12.799999237060547 -3.554048538208008 0.7999992370605469
      vertex 12.399999618530273 -5.5 0.19999980926513672
      vertex 12.399999618530273 5.5 0.19999980926513672
    endloop
  endfacet
  facet normal 0.9803624163252163 -0.19720429167993125 0
    outer loop
      vertex 12.58519172668457 -4.763645172119141 0.19999980926513672
      vertex 12.621183395385742 -4.584719657897949 0.18999958038330078
      vertex 12.621183395385742 -4.584719657897949 0.19999980926513672
    endloop
  endfacet
  facet normal 0.9803624163252163 -0.19720429167993125 0
    outer loop
      vertex 12.621183395385742 -4.584719657897949 0.18999958038330078
      vertex 12.58519172668457 -4.763645172119141 0.19999980926513672
      vertex 12.58519172668457 -4.763645172119141 0.18999958038330078
    endloop
  endfacet
  facet normal 0.9803624163252161 -0.19720429167993123 0
    outer loop
      vertex 12.58519172668457 -4.763645172119141 1.7222113609313965
      vertex 12.621183395385742 -4.584719657897949 0.5317754745483398
      vertex 12.621183395385742 -4.584719657897949 1.6682238578796387
    endloop
  endfacet
  facet normal 0.9803624163252163 -0.19720429167993125 0
    outer loop
      vertex 12.621183395385742 -4.584719657897949 0.5317754745483398
      vertex 12.58519172668457 -4.763645172119141 1.7222113609313965
      vertex 12.58519172668457 -4.763645172119141 0.47778797149658203
    endloop
  endfacet
  facet normal 0.9818982231037188 0.18940929086441305 0
    outer loop
      vertex 12.655795097351074 4.405292510986328 0.19999980926513672
      vertex 12.621183395385742 4.584719657897949 0.18999958038330078
      vertex 12.621183395385742 4.584719657897949 0.19999980926513672
    endloop
  endfacet
  facet normal 0.9818982231037188 0.18940929086441305 0
    outer loop
      vertex 12.621183395385742 4.584719657897949 0.18999958038330078
      vertex 12.655795097351074 4.405292510986328 0.19999980926513672
      vertex 12.655795097351074 4.405292510986328 0.18999958038330078
    endloop
  endfacet
  facet normal 0.9818982231037187 0.18940929086441302 0
    outer loop
      vertex 12.655795097351074 4.405292510986328 1.616306185722351
      vertex 12.621183395385742 4.584719657897949 0.5317754745483398
      vertex 12.621183395385742 4.584719657897949 1.6682238578796387
    endloop
  endfacet
  facet normal 0.9818982231037188 0.18940929086441305 0
    outer loop
      vertex 12.621183395385742 4.584719657897949 0.5317754745483398
      vertex 12.655795097351074 4.405292510986328 1.616306185722351
      vertex 12.655795097351074 4.405292510986328 0.5836930274963379
    endloop
  endfacet
  facet normal 0.9873914331975868 0.1582976868056369 0
    outer loop
      vertex 12.78037166595459 3.6829471588134766 0.19999980926513672
      vertex 12.751315116882324 3.8641891479492188 0.18999958038330078
      vertex 12.751315116882324 3.8641891479492188 0.19999980926513672
    endloop
  endfacet
  facet normal 0.9873914331975868 0.1582976868056369 0
    outer loop
      vertex 12.751315116882324 3.8641891479492188 0.18999958038330078
      vertex 12.78037166595459 3.6829471588134766 0.19999980926513672
      vertex 12.78037166595459 3.6829471588134766 0.18999958038330078
    endloop
  endfacet
  facet normal 0.9873914331975868 0.1582976868056369 0
    outer loop
      vertex 12.78037166595459 3.6829471588134766 1.429440975189209
      vertex 12.751315116882324 3.8641891479492188 0.7269730567932129
      vertex 12.751315116882324 3.8641891479492188 1.473025918006897
    endloop
  endfacet
  facet normal 0.9873914331975868 0.1582976868056369 0
    outer loop
      vertex 12.751315116882324 3.8641891479492188 0.7269730567932129
      vertex 12.78037166595459 3.6829471588134766 1.429440975189209
      vertex 12.78037166595459 3.6829471588134766 0.7705578804016113
    endloop
  endfacet
  facet normal 0.9861143285893457 -0.16606785044307681 0
    outer loop
      vertex 12.720864295959473 -4.04500675201416 0.19999980926513672
      vertex 12.751315116882324 -3.8641891479492188 0.18999958038330078
      vertex 12.751315116882324 -3.8641891479492188 0.19999980926513672
    endloop
  endfacet
  facet normal 0.9861143285893457 -0.16606785044307681 0
    outer loop
      vertex 12.751315116882324 -3.8641891479492188 0.18999958038330078
      vertex 12.720864295959473 -4.04500675201416 0.19999980926513672
      vertex 12.720864295959473 -4.04500675201416 0.18999958038330078
    endloop
  endfacet
  facet normal 0.9861143285893458 -0.16606785044307684 0
    outer loop
      vertex 12.720864295959473 -4.04500675201416 1.5187022686004639
      vertex 12.751315116882324 -3.8641891479492188 0.7269730567932129
      vertex 12.751315116882324 -3.8641891479492188 1.473025918006897
    endloop
  endfacet
  facet normal 0.9861143285893456 -0.1660678504430768 0
    outer loop
      vertex 12.751315116882324 -3.8641891479492188 0.7269730567932129
      vertex 12.720864295959473 -4.04500675201416 1.5187022686004639
      vertex 12.720864295959473 -4.04500675201416 0.6812968254089355
    endloop
  endfacet
  facet normal 0.9770919790805535 0.21281744387255314 0
    outer loop
      vertex 12.54782485961914 4.942048072814941 0.19999980926513672
      vertex 12.509085655212402 5.119908332824707 0.18999958038330078
      vertex 12.509085655212402 5.119908332824707 0.19999980926513672
    endloop
  endfacet
  facet normal 0.9770919790805535 0.21281744387255314 0
    outer loop
      vertex 12.509085655212402 5.119908332824707 0.18999958038330078
      vertex 12.54782485961914 4.942048072814941 0.19999980926513672
      vertex 12.54782485961914 4.942048072814941 0.18999958038330078
    endloop
  endfacet
  facet normal 0.9770919790805535 0.21281744387255316 0
    outer loop
      vertex 12.54782485961914 4.942048072814941 1.7782617807388306
      vertex 12.509085655212402 5.119908332824707 0.3636288642883301
      vertex 12.509085655212402 5.119908332824707 1.8363707065582275
    endloop
  endfacet
  facet normal 0.9770919790805535 0.21281744387255314 0
    outer loop
      vertex 12.509085655212402 5.119908332824707 0.3636288642883301
      vertex 12.54782485961914 4.942048072814941 1.7782617807388306
      vertex 12.54782485961914 4.942048072814941 0.4217376708984375
    endloop
  endfacet
  facet normal 0.9753576661901758 0.2206296059101169 0
    outer loop
      vertex 12.509085655212402 5.119908332824707 0.19999980926513672
      vertex 12.468979835510254 5.297207832336426 0.18999958038330078
      vertex 12.468979835510254 5.297207832336426 0.19999980926513672
    endloop
  endfacet
  facet normal 0.9753576661901758 0.2206296059101169 0
    outer loop
      vertex 12.468979835510254 5.297207832336426 0.18999958038330078
      vertex 12.509085655212402 5.119908332824707 0.19999980926513672
      vertex 12.509085655212402 5.119908332824707 0.18999958038330078
    endloop
  endfacet
  facet normal 0.9753576661901757 0.22062960591011688 0
    outer loop
      vertex 12.509085655212402 5.119908332824707 1.8363707065582275
      vertex 12.468979835510254 5.297207832336426 0.3034701347351074
      vertex 12.468979835510254 5.297207832336426 1.8965295553207397
    endloop
  endfacet
  facet normal 0.9753576661901757 0.22062960591011688 0
    outer loop
      vertex 12.468979835510254 5.297207832336426 0.3034701347351074
      vertex 12.509085655212402 5.119908332824707 1.8363707065582275
      vertex 12.509085655212402 5.119908332824707 0.3636288642883301
    endloop
  endfacet
  facet normal 0.9873914331975868 -0.1582976868056369 0
    outer loop
      vertex 12.751315116882324 -3.8641891479492188 0.19999980926513672
      vertex 12.78037166595459 -3.6829471588134766 0.18999958038330078
      vertex 12.78037166595459 -3.6829471588134766 0.19999980926513672
    endloop
  endfacet
  facet normal 0.9873914331975868 -0.1582976868056369 0
    outer loop
      vertex 12.78037166595459 -3.6829471588134766 0.18999958038330078
      vertex 12.751315116882324 -3.8641891479492188 0.19999980926513672
      vertex 12.751315116882324 -3.8641891479492188 0.18999958038330078
    endloop
  endfacet
  facet normal 0.9873914331975868 -0.1582976868056369 0
    outer loop
      vertex 12.751315116882324 -3.8641891479492188 1.473025918006897
      vertex 12.78037166595459 -3.6829471588134766 0.7705578804016113
      vertex 12.78037166595459 -3.6829471588134766 1.429440975189209
    endloop
  endfacet
  facet normal 0.9873914331975868 -0.1582976868056369 0
    outer loop
      vertex 12.78037166595459 -3.6829471588134766 0.7705578804016113
      vertex 12.751315116882324 -3.8641891479492188 1.473025918006897
      vertex 12.751315116882324 -3.8641891479492188 0.7269730567932129
    endloop
  endfacet
  facet normal 0.9833690346652398 0.18161867101582438 0
    outer loop
      vertex 12.6890230178833 4.225380897521973 0.19999980926513672
      vertex 12.655795097351074 4.405292510986328 0.18999958038330078
      vertex 12.655795097351074 4.405292510986328 0.19999980926513672
    endloop
  endfacet
  facet normal 0.9833690346652398 0.18161867101582438 0
    outer loop
      vertex 12.655795097351074 4.405292510986328 0.18999958038330078
      vertex 12.6890230178833 4.225380897521973 0.19999980926513672
      vertex 12.6890230178833 4.225380897521973 0.18999958038330078
    endloop
  endfacet
  facet normal 0.9833690346652398 0.18161867101582438 0
    outer loop
      vertex 12.6890230178833 4.225380897521973 1.5664641857147217
      vertex 12.655795097351074 4.405292510986328 0.5836930274963379
      vertex 12.655795097351074 4.405292510986328 1.616306185722351
    endloop
  endfacet
  facet normal 0.9833690346652398 0.18161867101582438 0
    outer loop
      vertex 12.655795097351074 4.405292510986328 0.5836930274963379
      vertex 12.6890230178833 4.225380897521973 1.5664641857147217
      vertex 12.6890230178833 4.225380897521973 0.6335349082946777
    endloop
  endfacet
  facet normal 0.9716861304259974 -0.2362753985030004 0
    outer loop
      vertex 12.421170234680176 -5.5 0.19999980926513672
      vertex 12.427510261535645 -5.473926544189453 0.18999958038330078
      vertex 12.427510261535645 -5.473926544189453 0.19999980926513672
    endloop
  endfacet
  facet normal 0.9716861304259974 -0.2362753985030004 0
    outer loop
      vertex 12.427510261535645 -5.473926544189453 0.18999958038330078
      vertex 12.421170234680176 -5.5 0.19999980926513672
      vertex 12.421170234680176 -5.5 0.18999958038330078
    endloop
  endfacet
  facet normal 0.9716861304259974 -0.2362753985030004 0
    outer loop
      vertex 12.421170234680176 -5.5 1.9682444334030151
      vertex 12.427510261535645 -5.473926544189453 0.24126577377319336
      vertex 12.427510261535645 -5.473926544189453 1.9587339162826538
    endloop
  endfacet
  facet normal 0.9716861304259974 -0.2362753985030004 0
    outer loop
      vertex 12.427510261535645 -5.473926544189453 0.24126577377319336
      vertex 12.421170234680176 -5.5 1.9682444334030151
      vertex 12.421170234680176 -5.5 0.231755331158638
    endloop
  endfacet
  facet normal 0.9753576661901758 -0.2206296059101169 0
    outer loop
      vertex 12.468979835510254 -5.297207832336426 0.19999980926513672
      vertex 12.509085655212402 -5.119908332824707 0.18999958038330078
      vertex 12.509085655212402 -5.119908332824707 0.19999980926513672
    endloop
  endfacet
  facet normal 0.9753576661901758 -0.2206296059101169 0
    outer loop
      vertex 12.509085655212402 -5.119908332824707 0.18999958038330078
      vertex 12.468979835510254 -5.297207832336426 0.19999980926513672
      vertex 12.468979835510254 -5.297207832336426 0.18999958038330078
    endloop
  endfacet
  facet normal 0.9753576661901757 -0.22062960591011688 0
    outer loop
      vertex 12.468979835510254 -5.297207832336426 1.8965295553207397
      vertex 12.509085655212402 -5.119908332824707 0.3636288642883301
      vertex 12.509085655212402 -5.119908332824707 1.8363707065582275
    endloop
  endfacet
  facet normal 0.9753576661901757 -0.22062960591011688 0
    outer loop
      vertex 12.509085655212402 -5.119908332824707 0.3636288642883301
      vertex 12.468979835510254 -5.297207832336426 1.8965295553207397
      vertex 12.468979835510254 -5.297207832336426 0.3034701347351074
    endloop
  endfacet
  facet normal 0.9886045015018302 0.15053617376005599 0
    outer loop
      vertex 12.799999237060547 3.554048538208008 0.19999980926513672
      vertex 12.78037166595459 3.6829471588134766 0.18999958038330078
      vertex 12.78037166595459 3.6829471588134766 0.19999980926513672
    endloop
  endfacet
  facet normal 0.9886045015018302 0.15053617376005599 0
    outer loop
      vertex 12.78037166595459 3.6829471588134766 0.18999958038330078
      vertex 12.799999237060547 3.554048538208008 0.19999980926513672
      vertex 12.799999237060547 3.554048538208008 0.18999958038330078
    endloop
  endfacet
  facet normal 0.9886045015018302 0.15053617376005599 0
    outer loop
      vertex 12.799999237060547 3.554048538208008 1.3999996185302734
      vertex 12.78037166595459 3.6829471588134766 0.7705578804016113
      vertex 12.78037166595459 3.6829471588134766 1.429440975189209
    endloop
  endfacet
  facet normal 0.9886045015018301 0.15053617376005599 0
    outer loop
      vertex 12.78037166595459 3.6829471588134766 0.7705578804016113
      vertex 12.799999237060547 3.554048538208008 1.3999996185302734
      vertex 12.799999237060547 3.554048538208008 0.7999992370605469
    endloop
  endfacet
  facet normal 0.9735536983388787 -0.2284583035275619 0
    outer loop
      vertex 12.427510261535645 -5.473926544189453 0.19999980926513672
      vertex 12.468979835510254 -5.297207832336426 0.18999958038330078
      vertex 12.468979835510254 -5.297207832336426 0.19999980926513672
    endloop
  endfacet
  facet normal 0.9735536983388787 -0.2284583035275619 0
    outer loop
      vertex 12.468979835510254 -5.297207832336426 0.18999958038330078
      vertex 12.427510261535645 -5.473926544189453 0.19999980926513672
      vertex 12.427510261535645 -5.473926544189453 0.18999958038330078
    endloop
  endfacet
  facet normal 0.9735536983388787 -0.22845830352756188 0
    outer loop
      vertex 12.427510261535645 -5.473926544189453 1.9587339162826538
      vertex 12.468979835510254 -5.297207832336426 0.3034701347351074
      vertex 12.468979835510254 -5.297207832336426 1.8965295553207397
    endloop
  endfacet
  facet normal 0.9735536983388787 -0.22845830352756188 0
    outer loop
      vertex 12.468979835510254 -5.297207832336426 0.3034701347351074
      vertex 12.427510261535645 -5.473926544189453 1.9587339162826538
      vertex 12.427510261535645 -5.473926544189453 0.24126577377319336
    endloop
  endfacet
  facet normal 0.9787612151842384 -0.20500361862921612 0
    outer loop
      vertex 12.54782485961914 -4.942048072814941 0.19999980926513672
      vertex 12.58519172668457 -4.763645172119141 0.18999958038330078
      vertex 12.58519172668457 -4.763645172119141 0.19999980926513672
    endloop
  endfacet
  facet normal 0.9787612151842384 -0.20500361862921612 0
    outer loop
      vertex 12.58519172668457 -4.763645172119141 0.18999958038330078
      vertex 12.54782485961914 -4.942048072814941 0.19999980926513672
      vertex 12.54782485961914 -4.942048072814941 0.18999958038330078
    endloop
  endfacet
  facet normal 0.9787612151842384 -0.20500361862921612 0
    outer loop
      vertex 12.54782485961914 -4.942048072814941 1.7782617807388306
      vertex 12.58519172668457 -4.763645172119141 0.47778797149658203
      vertex 12.58519172668457 -4.763645172119141 1.7222113609313965
    endloop
  endfacet
  facet normal 0.9787612151842383 -0.2050036186292161 0
    outer loop
      vertex 12.58519172668457 -4.763645172119141 0.47778797149658203
      vertex 12.54782485961914 -4.942048072814941 1.7782617807388306
      vertex 12.54782485961914 -4.942048072814941 0.4217376708984375
    endloop
  endfacet
  facet normal 0.9847737029505528 -0.17384117457339193 0
    outer loop
      vertex 12.6890230178833 -4.225380897521973 0.19999980926513672
      vertex 12.720864295959473 -4.04500675201416 0.18999958038330078
      vertex 12.720864295959473 -4.04500675201416 0.19999980926513672
    endloop
  endfacet
  facet normal 0.9847737029505528 -0.17384117457339193 0
    outer loop
      vertex 12.720864295959473 -4.04500675201416 0.18999958038330078
      vertex 12.6890230178833 -4.225380897521973 0.19999980926513672
      vertex 12.6890230178833 -4.225380897521973 0.18999958038330078
    endloop
  endfacet
  facet normal 0.9847737029505527 -0.1738411745733919 0
    outer loop
      vertex 12.6890230178833 -4.225380897521973 1.5664641857147217
      vertex 12.720864295959473 -4.04500675201416 0.6812968254089355
      vertex 12.720864295959473 -4.04500675201416 1.5187022686004639
    endloop
  endfacet
  facet normal 0.9847737029505527 -0.1738411745733919 0
    outer loop
      vertex 12.720864295959473 -4.04500675201416 0.6812968254089355
      vertex 12.6890230178833 -4.225380897521973 1.5664641857147217
      vertex 12.6890230178833 -4.225380897521973 0.6335349082946777
    endloop
  endfacet
  facet normal 0.9818982231037188 -0.18940929086441305 0
    outer loop
      vertex 12.621183395385742 -4.584719657897949 0.19999980926513672
      vertex 12.655795097351074 -4.405292510986328 0.18999958038330078
      vertex 12.655795097351074 -4.405292510986328 0.19999980926513672
    endloop
  endfacet
  facet normal 0.9818982231037188 -0.18940929086441305 0
    outer loop
      vertex 12.655795097351074 -4.405292510986328 0.18999958038330078
      vertex 12.621183395385742 -4.584719657897949 0.19999980926513672
      vertex 12.621183395385742 -4.584719657897949 0.18999958038330078
    endloop
  endfacet
  facet normal 0.9818982231037188 -0.18940929086441305 0
    outer loop
      vertex 12.621183395385742 -4.584719657897949 1.6682238578796387
      vertex 12.655795097351074 -4.405292510986328 0.5836930274963379
      vertex 12.655795097351074 -4.405292510986328 1.616306185722351
    endloop
  endfacet
  facet normal 0.9818982231037187 -0.18940929086441302 0
    outer loop
      vertex 12.655795097351074 -4.405292510986328 0.5836930274963379
      vertex 12.621183395385742 -4.584719657897949 1.6682238578796387
      vertex 12.621183395385742 -4.584719657897949 0.5317754745483398
    endloop
  endfacet
  facet normal 0.9861143285893457 0.16606785044307681 0
    outer loop
      vertex 12.751315116882324 3.8641891479492188 0.19999980926513672
      vertex 12.720864295959473 4.04500675201416 0.18999958038330078
      vertex 12.720864295959473 4.04500675201416 0.19999980926513672
    endloop
  endfacet
  facet normal 0.9861143285893457 0.16606785044307681 0
    outer loop
      vertex 12.720864295959473 4.04500675201416 0.18999958038330078
      vertex 12.751315116882324 3.8641891479492188 0.19999980926513672
      vertex 12.751315116882324 3.8641891479492188 0.18999958038330078
    endloop
  endfacet
  facet normal 0.9861143285893456 0.1660678504430768 0
    outer loop
      vertex 12.751315116882324 3.8641891479492188 1.473025918006897
      vertex 12.720864295959473 4.04500675201416 0.6812968254089355
      vertex 12.720864295959473 4.04500675201416 1.5187022686004639
    endloop
  endfacet
  facet normal 0.9861143285893458 0.16606785044307684 0
    outer loop
      vertex 12.720864295959473 4.04500675201416 0.6812968254089355
      vertex 12.751315116882324 3.8641891479492188 1.473025918006897
      vertex 12.751315116882324 3.8641891479492188 0.7269730567932129
    endloop
  endfacet
  facet normal 0.9886045015018302 -0.15053617376005599 0
    outer loop
      vertex 12.78037166595459 -3.6829471588134766 0.19999980926513672
      vertex 12.799999237060547 -3.554048538208008 0.18999958038330078
      vertex 12.799999237060547 -3.554048538208008 0.19999980926513672
    endloop
  endfacet
  facet normal 0.9886045015018302 -0.15053617376005599 0
    outer loop
      vertex 12.799999237060547 -3.554048538208008 0.18999958038330078
      vertex 12.78037166595459 -3.6829471588134766 0.19999980926513672
      vertex 12.78037166595459 -3.6829471588134766 0.18999958038330078
    endloop
  endfacet
  facet normal 0.9886045015018301 -0.15053617376005599 0
    outer loop
      vertex 12.78037166595459 -3.6829471588134766 1.429440975189209
      vertex 12.799999237060547 -3.554048538208008 0.7999992370605469
      vertex 12.799999237060547 -3.554048538208008 1.3999996185302734
    endloop
  endfacet
  facet normal 0.9886045015018302 -0.15053617376005599 0
    outer loop
      vertex 12.799999237060547 -3.554048538208008 0.7999992370605469
      vertex 12.78037166595459 -3.6829471588134766 1.429440975189209
      vertex 12.78037166595459 -3.6829471588134766 0.7705578804016113
    endloop
  endfacet
  facet normal 0.9735536983388787 0.2284583035275619 0
    outer loop
      vertex 12.468979835510254 5.297207832336426 0.19999980926513672
      vertex 12.427510261535645 5.473926544189453 0.18999958038330078
      vertex 12.427510261535645 5.473926544189453 0.19999980926513672
    endloop
  endfacet
  facet normal 0.9735536983388787 0.2284583035275619 0
    outer loop
      vertex 12.427510261535645 5.473926544189453 0.18999958038330078
      vertex 12.468979835510254 5.297207832336426 0.19999980926513672
      vertex 12.468979835510254 5.297207832336426 0.18999958038330078
    endloop
  endfacet
  facet normal 0.9735536983388787 0.22845830352756188 0
    outer loop
      vertex 12.468979835510254 5.297207832336426 1.8965295553207397
      vertex 12.427510261535645 5.473926544189453 0.24126577377319336
      vertex 12.427510261535645 5.473926544189453 1.9587339162826538
    endloop
  endfacet
  facet normal 0.9735536983388787 0.22845830352756188 0
    outer loop
      vertex 12.427510261535645 5.473926544189453 0.24126577377319336
      vertex 12.468979835510254 5.297207832336426 1.8965295553207397
      vertex 12.468979835510254 5.297207832336426 0.3034701347351074
    endloop
  endfacet
  facet normal 0.9770919790805535 -0.21281744387255314 0
    outer loop
      vertex 12.509085655212402 -5.119908332824707 0.19999980926513672
      vertex 12.54782485961914 -4.942048072814941 0.18999958038330078
      vertex 12.54782485961914 -4.942048072814941 0.19999980926513672
    endloop
  endfacet
  facet normal 0.9770919790805535 -0.21281744387255314 0
    outer loop
      vertex 12.54782485961914 -4.942048072814941 0.18999958038330078
      vertex 12.509085655212402 -5.119908332824707 0.19999980926513672
      vertex 12.509085655212402 -5.119908332824707 0.18999958038330078
    endloop
  endfacet
  facet normal 0.9770919790805535 -0.21281744387255314 0
    outer loop
      vertex 12.509085655212402 -5.119908332824707 1.8363707065582275
      vertex 12.54782485961914 -4.942048072814941 0.4217376708984375
      vertex 12.54782485961914 -4.942048072814941 1.7782617807388306
    endloop
  endfacet
  facet normal 0.9770919790805535 -0.21281744387255316 0
    outer loop
      vertex 12.54782485961914 -4.942048072814941 0.4217376708984375
      vertex 12.509085655212402 -5.119908332824707 1.8363707065582275
      vertex 12.509085655212402 -5.119908332824707 0.3636288642883301
    endloop
  endfacet
  facet normal 0.9716861304259974 0.2362753985030004 0
    outer loop
      vertex 12.427510261535645 5.473926544189453 0.19999980926513672
      vertex 12.421170234680176 5.5 0.18999958038330078
      vertex 12.421170234680176 5.5 0.19999980926513672
    endloop
  endfacet
  facet normal 0.9716861304259974 0.2362753985030004 0
    outer loop
      vertex 12.421170234680176 5.5 0.18999958038330078
      vertex 12.427510261535645 5.473926544189453 0.19999980926513672
      vertex 12.427510261535645 5.473926544189453 0.18999958038330078
    endloop
  endfacet
  facet normal 0.9716861304259974 0.2362753985030004 0
    outer loop
      vertex 12.427510261535645 5.473926544189453 1.9587339162826538
      vertex 12.421170234680176 5.5 0.231755331158638
      vertex 12.421170234680176 5.5 1.9682444334030151
    endloop
  endfacet
  facet normal 0.9716861304259974 0.2362753985030004 0
    outer loop
      vertex 12.421170234680176 5.5 0.231755331158638
      vertex 12.427510261535645 5.473926544189453 1.9587339162826538
      vertex 12.427510261535645 5.473926544189453 0.24126577377319336
    endloop
  endfacet
  facet normal 0.9847737029505528 0.17384117457339193 0
    outer loop
      vertex 12.720864295959473 4.04500675201416 0.19999980926513672
      vertex 12.6890230178833 4.225380897521973 0.18999958038330078
      vertex 12.6890230178833 4.225380897521973 0.19999980926513672
    endloop
  endfacet
  facet normal 0.9847737029505528 0.17384117457339193 0
    outer loop
      vertex 12.6890230178833 4.225380897521973 0.18999958038330078
      vertex 12.720864295959473 4.04500675201416 0.19999980926513672
      vertex 12.720864295959473 4.04500675201416 0.18999958038330078
    endloop
  endfacet
  facet normal 0.9847737029505527 0.1738411745733919 0
    outer loop
      vertex 12.720864295959473 4.04500675201416 1.5187022686004639
      vertex 12.6890230178833 4.225380897521973 0.6335349082946777
      vertex 12.6890230178833 4.225380897521973 1.5664641857147217
    endloop
  endfacet
  facet normal 0.9847737029505527 0.1738411745733919 0
    outer loop
      vertex 12.6890230178833 4.225380897521973 0.6335349082946777
      vertex 12.720864295959473 4.04500675201416 1.5187022686004639
      vertex 12.720864295959473 4.04500675201416 0.6812968254089355
    endloop
  endfacet
  facet normal 0.9803624163252163 0.19720429167993125 0
    outer loop
      vertex 12.621183395385742 4.584719657897949 0.19999980926513672
      vertex 12.58519172668457 4.763645172119141 0.18999958038330078
      vertex 12.58519172668457 4.763645172119141 0.19999980926513672
    endloop
  endfacet
  facet normal 0.9803624163252163 0.19720429167993125 0
    outer loop
      vertex 12.58519172668457 4.763645172119141 0.18999958038330078
      vertex 12.621183395385742 4.584719657897949 0.19999980926513672
      vertex 12.621183395385742 4.584719657897949 0.18999958038330078
    endloop
  endfacet
  facet normal 0.9803624163252163 0.19720429167993125 0
    outer loop
      vertex 12.621183395385742 4.584719657897949 1.6682238578796387
      vertex 12.58519172668457 4.763645172119141 0.47778797149658203
      vertex 12.58519172668457 4.763645172119141 1.7222113609313965
    endloop
  endfacet
  facet normal 0.9803624163252161 0.19720429167993123 0
    outer loop
      vertex 12.58519172668457 4.763645172119141 0.47778797149658203
      vertex 12.621183395385742 4.584719657897949 1.6682238578796387
      vertex 12.621183395385742 4.584719657897949 0.5317754745483398
    endloop
  endfacet
  facet normal 0.9833690346652398 -0.18161867101582438 0
    outer loop
      vertex 12.655795097351074 -4.405292510986328 0.19999980926513672
      vertex 12.6890230178833 -4.225380897521973 0.18999958038330078
      vertex 12.6890230178833 -4.225380897521973 0.19999980926513672
    endloop
  endfacet
  facet normal 0.9833690346652398 -0.18161867101582438 0
    outer loop
      vertex 12.6890230178833 -4.225380897521973 0.18999958038330078
      vertex 12.655795097351074 -4.405292510986328 0.19999980926513672
      vertex 12.655795097351074 -4.405292510986328 0.18999958038330078
    endloop
  endfacet
  facet normal 0.9833690346652398 -0.18161867101582438 0
    outer loop
      vertex 12.655795097351074 -4.405292510986328 1.616306185722351
      vertex 12.6890230178833 -4.225380897521973 0.6335349082946777
      vertex 12.6890230178833 -4.225380897521973 1.5664641857147217
    endloop
  endfacet
  facet normal 0.9833690346652398 -0.18161867101582438 0
    outer loop
      vertex 12.6890230178833 -4.225380897521973 0.6335349082946777
      vertex 12.655795097351074 -4.405292510986328 1.616306185722351
      vertex 12.655795097351074 -4.405292510986328 0.5836930274963379
    endloop
  endfacet
  facet normal 0.9787612151842384 0.20500361862921612 0
    outer loop
      vertex 12.58519172668457 4.763645172119141 0.19999980926513672
      vertex 12.54782485961914 4.942048072814941 0.18999958038330078
      vertex 12.54782485961914 4.942048072814941 0.19999980926513672
    endloop
  endfacet
  facet normal 0.9787612151842384 0.20500361862921612 0
    outer loop
      vertex 12.54782485961914 4.942048072814941 0.18999958038330078
      vertex 12.58519172668457 4.763645172119141 0.19999980926513672
      vertex 12.58519172668457 4.763645172119141 0.18999958038330078
    endloop
  endfacet
  facet normal 0.9787612151842383 0.2050036186292161 0
    outer loop
      vertex 12.58519172668457 4.763645172119141 1.7222113609313965
      vertex 12.54782485961914 4.942048072814941 0.4217376708984375
      vertex 12.54782485961914 4.942048072814941 1.7782617807388306
    endloop
  endfacet
  facet normal 0.9787612151842384 0.20500361862921612 0
    outer loop
      vertex 12.54782485961914 4.942048072814941 0.4217376708984375
      vertex 12.58519172668457 4.763645172119141 1.7222113609313965
      vertex 12.58519172668457 4.763645172119141 0.47778797149658203
    endloop
  endfacet
  facet normal 0 1 0
    outer loop
      vertex 3.554048538208008 12.799999237060547 0.18999958038330078
      vertex -3.554048538208008 12.799999237060547 0.19999980926513672
      vertex 3.554048538208008 12.799999237060547 0.19999980926513672
    endloop
  endfacet
  facet normal 0 1 0
    outer loop
      vertex -3.554048538208008 12.799999237060547 0.19999980926513672
      vertex 3.554048538208008 12.799999237060547 0.18999958038330078
      vertex -3.554048538208008 12.799999237060547 0.18999958038330078
    endloop
  endfacet
  facet normal 0 1 0
    outer loop
      vertex 3.554048538208008 12.799999237060547 0.7999992370605469
      vertex -3.554048538208008 12.799999237060547 1.3999996185302734
      vertex 3.554048538208008 12.799999237060547 1.3999996185302734
    endloop
  endfacet
  facet normal 0 1 0
    outer loop
      vertex -3.554048538208008 12.799999237060547 1.3999996185302734
      vertex 3.554048538208008 12.799999237060547 0.7999992370605469
      vertex -3.554048538208008 12.799999237060547 0.7999992370605469
    endloop
  endfacet
  facet normal 0 0 -1
    outer loop
      vertex 5.5 12.399999618530273 0.18999958038330078
      vertex 5.473926544189453 12.427510261535645 0.18999958038330078
      vertex 5.5 12.421170234680176 0.18999958038330078
    endloop
  endfacet
  facet normal 0 0 -1
    outer loop
      vertex 5.5 12.399999618530273 0.18999958038330078
      vertex 5.297207832336426 12.468979835510254 0.18999958038330078
      vertex 5.473926544189453 12.427510261535645 0.18999958038330078
    endloop
  endfacet
  facet normal 0 0 -1
    outer loop
      vertex 5.5 12.399999618530273 0.18999958038330078
      vertex 5.119908332824707 12.509085655212402 0.18999958038330078
      vertex 5.297207832336426 12.468979835510254 0.18999958038330078
    endloop
  endfacet
  facet normal 0 0 -1
    outer loop
      vertex 5.5 12.399999618530273 0.18999958038330078
      vertex 4.942048072814941 12.54782485961914 0.18999958038330078
      vertex 5.119908332824707 12.509085655212402 0.18999958038330078
    endloop
  endfacet
  facet normal 0 0 -1
    outer loop
      vertex 5.5 12.399999618530273 0.18999958038330078
      vertex 4.763645172119141 12.58519172668457 0.18999958038330078
      vertex 4.942048072814941 12.54782485961914 0.18999958038330078
    endloop
  endfacet
  facet normal 0 0 -1
    outer loop
      vertex 5.5 12.399999618530273 0.18999958038330078
      vertex 4.584719657897949 12.621183395385742 0.18999958038330078
      vertex 4.763645172119141 12.58519172668457 0.18999958038330078
    endloop
  endfacet
  facet normal 0 0 -1
    outer loop
      vertex 5.5 12.399999618530273 0.18999958038330078
      vertex 4.405292510986328 12.655795097351074 0.18999958038330078
      vertex 4.584719657897949 12.621183395385742 0.18999958038330078
    endloop
  endfacet
  facet normal 0 0 -1
    outer loop
      vertex 5.5 12.399999618530273 0.18999958038330078
      vertex 4.225380897521973 12.6890230178833 0.18999958038330078
      vertex 4.405292510986328 12.655795097351074 0.18999958038330078
    endloop
  endfacet
  facet normal 0 0 -1
    outer loop
      vertex 5.5 12.399999618530273 0.18999958038330078
      vertex 4.04500675201416 12.720864295959473 0.18999958038330078
      vertex 4.225380897521973 12.6890230178833 0.18999958038330078
    endloop
  endfacet
  facet normal 0 0 -1
    outer loop
      vertex 5.5 12.399999618530273 0.18999958038330078
      vertex 3.8641891479492188 12.751315116882324 0.18999958038330078
      vertex 4.04500675201416 12.720864295959473 0.18999958038330078
    endloop
  endfacet
  facet normal 0 0 -1
    outer loop
      vertex 5.5 12.399999618530273 0.18999958038330078
      vertex 3.6829471588134766 12.78037166595459 0.18999958038330078
      vertex 3.8641891479492188 12.751315116882324 0.18999958038330078
    endloop
  endfacet
  facet normal 0 0 -1
    outer loop
      vertex 5.5 12.399999618530273 0.18999958038330078
      vertex 3.554048538208008 12.799999237060547 0.18999958038330078
      vertex 3.6829471588134766 12.78037166595459 0.18999958038330078
    endloop
  endfacet
  facet normal 0 0 -1
    outer loop
      vertex 5.5 12.399999618530273 0.18999958038330078
      vertex -3.554048538208008 12.799999237060547 0.18999958038330078
      vertex 3.554048538208008 12.799999237060547 0.18999958038330078
    endloop
  endfacet
  facet normal 0 0 -1
    outer loop
      vertex -5.5 12.399999618530273 0.18999958038330078
      vertex -3.554048538208008 12.799999237060547 0.18999958038330078
      vertex 5.5 12.399999618530273 0.18999958038330078
    endloop
  endfacet
  facet normal 0 0 -1
    outer loop
      vertex -3.554048538208008 12.799999237060547 0.18999958038330078
      vertex -5.5 12.399999618530273 0.18999958038330078
      vertex -3.6829471588134766 12.78037166595459 0.18999958038330078
    endloop
  endfacet
  facet normal 0 0 -1
    outer loop
      vertex -3.6829471588134766 12.78037166595459 0.18999958038330078
      vertex -5.5 12.399999618530273 0.18999958038330078
      vertex -3.8641891479492188 12.751315116882324 0.18999958038330078
    endloop
  endfacet
  facet normal 0 0 -1
    outer loop
      vertex -3.8641891479492188 12.751315116882324 0.18999958038330078
      vertex -5.5 12.399999618530273 0.18999958038330078
      vertex -4.04500675201416 12.720864295959473 0.18999958038330078
    endloop
  endfacet
  facet normal 0 0 -1
    outer loop
      vertex -4.04500675201416 12.720864295959473 0.18999958038330078
      vertex -5.5 12.399999618530273 0.18999958038330078
      vertex -4.225380897521973 12.6890230178833 0.18999958038330078
    endloop
  endfacet
  facet normal 0 0 -1
    outer loop
      vertex -4.225380897521973 12.6890230178833 0.18999958038330078
      vertex -5.5 12.399999618530273 0.18999958038330078
      vertex -4.405292510986328 12.655795097351074 0.18999958038330078
    endloop
  endfacet
  facet normal 0 0 -1
    outer loop
      vertex -4.405292510986328 12.655795097351074 0.18999958038330078
      vertex -5.5 12.399999618530273 0.18999958038330078
      vertex -4.584719657897949 12.621183395385742 0.18999958038330078
    endloop
  endfacet
  facet normal 0 0 -1
    outer loop
      vertex -4.584719657897949 12.621183395385742 0.18999958038330078
      vertex -5.5 12.399999618530273 0.18999958038330078
      vertex -4.763645172119141 12.58519172668457 0.18999958038330078
    endloop
  endfacet
  facet normal 0 0 -1
    outer loop
      vertex -4.763645172119141 12.58519172668457 0.18999958038330078
      vertex -5.5 12.399999618530273 0.18999958038330078
      vertex -4.942048072814941 12.54782485961914 0.18999958038330078
    endloop
  endfacet
  facet normal 0 0 -1
    outer loop
      vertex -4.942048072814941 12.54782485961914 0.18999958038330078
      vertex -5.5 12.399999618530273 0.18999958038330078
      vertex -5.119908332824707 12.509085655212402 0.18999958038330078
    endloop
  endfacet
  facet normal 0 0 -1
    outer loop
      vertex -5.119908332824707 12.509085655212402 0.18999958038330078
      vertex -5.5 12.399999618530273 0.18999958038330078
      vertex -5.297207832336426 12.468979835510254 0.18999958038330078
    endloop
  endfacet
  facet normal 0 0 -1
    outer loop
      vertex -5.297207832336426 12.468979835510254 0.18999958038330078
      vertex -5.5 12.399999618530273 0.18999958038330078
      vertex -5.473926544189453 12.427510261535645 0.18999958038330078
    endloop
  endfacet
  facet normal 0 0 -1
    outer loop
      vertex -5.473926544189453 12.427510261535645 0.18999958038330078
      vertex -5.5 12.399999618530273 0.18999958038330078
      vertex -5.5 12.421170234680176 0.18999958038330078
    endloop
  endfacet
  facet normal 0 -1 0
    outer loop
      vertex -5.5 12.399999618530273 0.19999980926513672
      vertex 5.5 12.399999618530273 2
      vertex -5.5 12.399999618530273 2
    endloop
  endfacet
  facet normal 0 -1 0
    outer loop
      vertex 5.5 12.399999618530273 2
      vertex -5.5 12.399999618530273 0.19999980926513672
      vertex 5.5 12.399999618530273 0.19999980926513672
    endloop
  endfacet
  facet normal 0 -1 0
    outer loop
      vertex -5.5 12.399999618530273 0.18999958038330078
      vertex 5.5 12.399999618530273 0.19999980926513672
      vertex -5.5 12.399999618530273 0.19999980926513672
    endloop
  endfacet
  facet normal 0 -1 0
    outer loop
      vertex 5.5 12.399999618530273 0.19999980926513672
      vertex -5.5 12.399999618530273 0.18999958038330078
      vertex 5.5 12.399999618530273 0.18999958038330078
    endloop
  endfacet
  facet normal -1 0 0
    outer loop
      vertex -5.5 12.399999618530273 0.19999980926513672
      vertex -5.5 12.421170234680176 1.9682444334030151
      vertex -5.5 12.421170234680176 0.231755331158638
    endloop
  endfacet
  facet normal -1 0 0
    outer loop
      vertex -5.5 12.421170234680176 1.9682444334030151
      vertex -5.5 12.399999618530273 0.19999980926513672
      vertex -5.5 12.399999618530273 2
    endloop
  endfacet
  facet normal -1 0 0
    outer loop
      vertex -5.5 12.399999618530273 0.18999958038330078
      vertex -5.5 12.421170234680176 0.19999980926513672
      vertex -5.5 12.421170234680176 0.18999958038330078
    endloop
  endfacet
  facet normal -1 0 0
    outer loop
      vertex -5.5 12.421170234680176 0.19999980926513672
      vertex -5.5 12.399999618530273 0.18999958038330078
      vertex -5.5 12.399999618530273 0.19999980926513672
    endloop
  endfacet
  facet normal 1 0 0
    outer loop
      vertex 5.5 12.399999618530273 2
      vertex 5.5 12.421170234680176 0.231755331158638
      vertex 5.5 12.421170234680176 1.9682444334030151
    endloop
  endfacet
  facet normal 1 0 0
    outer loop
      vertex 5.5 12.421170234680176 0.231755331158638
      vertex 5.5 12.399999618530273 2
      vertex 5.5 12.399999618530273 0.19999980926513672
    endloop
  endfacet
  facet normal 1 0 0
    outer loop
      vertex 5.5 12.399999618530273 0.19999980926513672
      vertex 5.5 12.421170234680176 0.18999958038330078
      vertex 5.5 12.421170234680176 0.19999980926513672
    endloop
  endfacet
  facet normal 1 0 0
    outer loop
      vertex 5.5 12.421170234680176 0.18999958038330078
      vertex 5.5 12.399999618530273 0.19999980926513672
      vertex 5.5 12.399999618530273 0.18999958038330078
    endloop
  endfacet
  facet normal -0.000012423075532715529 0.8320474110528925 0.5547045209891897
    outer loop
      vertex 5.473926544189453 12.427510261535645 1.9587339162826538
      vertex 5.5 12.399999618530273 2
      vertex 5.5 12.421170234680176 1.9682444334030151
    endloop
  endfacet
  facet normal 7.253710808133898e-7 0.8320512454444123 0.5546987695622518
    outer loop
      vertex 5.297207832336426 12.468979835510254 1.8965295553207397
      vertex 5.5 12.399999618530273 2
      vertex 5.473926544189453 12.427510261535645 1.9587339162826538
    endloop
  endfacet
  facet normal -4.6603043189745436e-7 0.8320501677378553 0.5547003861249689
    outer loop
      vertex 5.119908332824707 12.509085655212402 1.8363707065582275
      vertex 5.5 12.399999618530273 2
      vertex 5.297207832336426 12.468979835510254 1.8965295553207397
    endloop
  endfacet
  facet normal 0.000012423075532715529 0.8320474110528925 0.5547045209891897
    outer loop
      vertex -5.5 12.399999618530273 2
      vertex -5.473926544189453 12.427510261535645 1.9587339162826538
      vertex -5.5 12.421170234680176 1.9682444334030151
    endloop
  endfacet
  facet normal -4.468227923736132e-7 0.8320501883303837 0.5547003552362061
    outer loop
      vertex 4.942048072814941 12.54782485961914 1.7782617807388306
      vertex 5.5 12.399999618530273 2
      vertex 5.119908332824707 12.509085655212402 1.8363707065582275
    endloop
  endfacet
  facet normal -7.253710808133898e-7 0.8320512454444123 0.5546987695622518
    outer loop
      vertex -5.5 12.399999618530273 2
      vertex -5.297207832336426 12.468979835510254 1.8965295553207397
      vertex -5.473926544189453 12.427510261535645 1.9587339162826538
    endloop
  endfacet
  facet normal -4.2768021897936774e-7 0.8320502105616864 0.5547003218892799
    outer loop
      vertex 4.763645172119141 12.58519172668457 1.7222113609313965
      vertex 5.5 12.399999618530273 2
      vertex 4.942048072814941 12.54782485961914 1.7782617807388306
    endloop
  endfacet
  facet normal 4.6603043189745436e-7 0.8320501677378553 0.5547003861249689
    outer loop
      vertex -5.5 12.399999618530273 2
      vertex -5.119908332824707 12.509085655212402 1.8363707065582275
      vertex -5.297207832336426 12.468979835510254 1.8965295553207397
    endloop
  endfacet
  facet normal 0.0000014352277350521041 0.8320524897005893 0.5546969031651346
    outer loop
      vertex 4.584719657897949 12.621183395385742 1.6682238578796387
      vertex 5.5 12.399999618530273 2
      vertex 4.763645172119141 12.58519172668457 1.7222113609313965
    endloop
  endfacet
  facet normal 4.468227923736132e-7 0.8320501883303837 0.5547003552362061
    outer loop
      vertex -5.5 12.399999618530273 2
      vertex -4.942048072814941 12.54782485961914 1.7782617807388306
      vertex -5.119908332824707 12.509085655212402 1.8363707065582275
    endloop
  endfacet
  facet normal -6.832832286314399e-7 0.8320497922923047 0.5547009492923785
    outer loop
      vertex 4.405292510986328 12.655795097351074 1.616306185722351
      vertex 5.5 12.399999618530273 2
      vertex 4.584719657897949 12.621183395385742 1.6682238578796387
    endloop
  endfacet
  facet normal 4.2768021897936774e-7 0.8320502105616864 0.5547003218892799
    outer loop
      vertex -5.5 12.399999618530273 2
      vertex -4.763645172119141 12.58519172668457 1.7222113609313965
      vertex -4.942048072814941 12.54782485961914 1.7782617807388306
    endloop
  endfacet
  facet normal -6.146287018284046e-7 0.832049882697063 0.5547008136855632
    outer loop
      vertex 4.225380897521973 12.6890230178833 1.5664641857147217
      vertex 5.5 12.399999618530273 2
      vertex 4.405292510986328 12.655795097351074 1.616306185722351
    endloop
  endfacet
  facet normal -0.0000014352277350521041 0.8320524897005893 0.5546969031651346
    outer loop
      vertex -5.5 12.399999618530273 2
      vertex -4.584719657897949 12.621183395385742 1.6682238578796387
      vertex -4.763645172119141 12.58519172668457 1.7222113609313965
    endloop
  endfacet
  facet normal 0.0000010940684517335278 0.8320522013071197 0.5546973357595828
    outer loop
      vertex 4.04500675201416 12.720864295959473 1.5187022686004639
      vertex 5.5 12.399999618530273 2
      vertex 4.225380897521973 12.6890230178833 1.5664641857147217
    endloop
  endfacet
  facet normal 6.832832286314399e-7 0.8320497922923047 0.5547009492923785
    outer loop
      vertex -5.5 12.399999618530273 2
      vertex -4.405292510986328 12.655795097351074 1.616306185722351
      vertex -4.584719657897949 12.621183395385742 1.6682238578796387
    endloop
  endfacet
  facet normal -6.662574777009903e-7 0.832049745198929 0.5547010199323175
    outer loop
      vertex 3.8641891479492188 12.751315116882324 1.473025918006897
      vertex 5.5 12.399999618530273 2
      vertex 4.04500675201416 12.720864295959473 1.5187022686004639
    endloop
  endfacet
  facet normal 6.146287018284046e-7 0.832049882697063 0.5547008136855632
    outer loop
      vertex -5.5 12.399999618530273 2
      vertex -4.225380897521973 12.6890230178833 1.5664641857147217
      vertex -4.405292510986328 12.655795097351074 1.616306185722351
    endloop
  endfacet
  facet normal -6.059471892292136e-7 0.8320498316049686 0.5547008903235835
    outer loop
      vertex 3.6829471588134766 12.78037166595459 1.429440975189209
      vertex 5.5 12.399999618530273 2
      vertex 3.8641891479492188 12.751315116882324 1.473025918006897
    endloop
  endfacet
  facet normal -0.0000010940684517335278 0.8320522013071197 0.5546973357595828
    outer loop
      vertex -5.5 12.399999618530273 2
      vertex -4.04500675201416 12.720864295959473 1.5187022686004639
      vertex -4.225380897521973 12.6890230178833 1.5664641857147217
    endloop
  endfacet
  facet normal 7.768746706548543e-7 0.8320518641522852 0.5546978414958035
    outer loop
      vertex 3.554048538208008 12.799999237060547 1.3999996185302734
      vertex 5.5 12.399999618530273 2
      vertex 3.6829471588134766 12.78037166595459 1.429440975189209
    endloop
  endfacet
  facet normal 6.662574777009903e-7 0.832049745198929 0.5547010199323175
    outer loop
      vertex -5.5 12.399999618530273 2
      vertex -3.8641891479492188 12.751315116882324 1.473025918006897
      vertex -4.04500675201416 12.720864295959473 1.5187022686004639
    endloop
  endfacet
  facet normal 0 0.8320507012631989 0.5546995858367112
    outer loop
      vertex 5.5 12.399999618530273 2
      vertex 3.554048538208008 12.799999237060547 1.3999996185302734
      vertex -5.5 12.399999618530273 2
    endloop
  endfacet
  facet normal 6.059471892292136e-7 0.8320498316049686 0.5547008903235835
    outer loop
      vertex -5.5 12.399999618530273 2
      vertex -3.6829471588134766 12.78037166595459 1.429440975189209
      vertex -3.8641891479492188 12.751315116882324 1.473025918006897
    endloop
  endfacet
  facet normal 0 0.8320507012631989 0.5546995858367112
    outer loop
      vertex -3.554048538208008 12.799999237060547 1.3999996185302734
      vertex -5.5 12.399999618530273 2
      vertex 3.554048538208008 12.799999237060547 1.3999996185302734
    endloop
  endfacet
  facet normal -7.768746706548543e-7 0.8320518641522852 0.5546978414958035
    outer loop
      vertex -5.5 12.399999618530273 2
      vertex -3.554048538208008 12.799999237060547 1.3999996185302734
      vertex -3.6829471588134766 12.78037166595459 1.429440975189209
    endloop
  endfacet
  facet normal 0 0 1
    outer loop
      vertex 5.473926544189453 12.427510261535645 0.19999980926513672
      vertex 5.5 12.399999618530273 0.19999980926513672
      vertex 5.5 12.421170234680176 0.19999980926513672
    endloop
  endfacet
  facet normal 0 0 1
    outer loop
      vertex 5.297207832336426 12.468979835510254 0.19999980926513672
      vertex 5.5 12.399999618530273 0.19999980926513672
      vertex 5.473926544189453 12.427510261535645 0.19999980926513672
    endloop
  endfacet
  facet normal 0 0 1
    outer loop
      vertex 5.119908332824707 12.509085655212402 0.19999980926513672
      vertex 5.5 12.399999618530273 0.19999980926513672
      vertex 5.297207832336426 12.468979835510254 0.19999980926513672
    endloop
  endfacet
  facet normal 0 0 1
    outer loop
      vertex 4.942048072814941 12.54782485961914 0.19999980926513672
      vertex 5.5 12.399999618530273 0.19999980926513672
      vertex 5.119908332824707 12.509085655212402 0.19999980926513672
    endloop
  endfacet
  facet normal 0 0 1
    outer loop
      vertex 4.763645172119141 12.58519172668457 0.19999980926513672
      vertex 5.5 12.399999618530273 0.19999980926513672
      vertex 4.942048072814941 12.54782485961914 0.19999980926513672
    endloop
  endfacet
  facet normal 0 0 1
    outer loop
      vertex 4.584719657897949 12.621183395385742 0.19999980926513672
      vertex 5.5 12.399999618530273 0.19999980926513672
      vertex 4.763645172119141 12.58519172668457 0.19999980926513672
    endloop
  endfacet
  facet normal 0 0 1
    outer loop
      vertex 4.405292510986328 12.655795097351074 0.19999980926513672
      vertex 5.5 12.399999618530273 0.19999980926513672
      vertex 4.584719657897949 12.621183395385742 0.19999980926513672
    endloop
  endfacet
  facet normal 0 0 1
    outer loop
      vertex 4.225380897521973 12.6890230178833 0.19999980926513672
      vertex 5.5 12.399999618530273 0.19999980926513672
      vertex 4.405292510986328 12.655795097351074 0.19999980926513672
    endloop
  endfacet
  facet normal 0 0 1
    outer loop
      vertex 4.04500675201416 12.720864295959473 0.19999980926513672
      vertex 5.5 12.399999618530273 0.19999980926513672
      vertex 4.225380897521973 12.6890230178833 0.19999980926513672
    endloop
  endfacet
  facet normal 0 0 1
    outer loop
      vertex 3.8641891479492188 12.751315116882324 0.19999980926513672
      vertex 5.5 12.399999618530273 0.19999980926513672
      vertex 4.04500675201416 12.720864295959473 0.19999980926513672
    endloop
  endfacet
  facet normal 0 0 1
    outer loop
      vertex 3.6829471588134766 12.78037166595459 0.19999980926513672
      vertex 5.5 12.399999618530273 0.19999980926513672
      vertex 3.8641891479492188 12.751315116882324 0.19999980926513672
    endloop
  endfacet
  facet normal 0 0 1
    outer loop
      vertex 3.554048538208008 12.799999237060547 0.19999980926513672
      vertex 5.5 12.399999618530273 0.19999980926513672
      vertex 3.6829471588134766 12.78037166595459 0.19999980926513672
    endloop
  endfacet
  facet normal 0 0 1
    outer loop
      vertex -3.554048538208008 12.799999237060547 0.19999980926513672
      vertex 5.5 12.399999618530273 0.19999980926513672
      vertex 3.554048538208008 12.799999237060547 0.19999980926513672
    endloop
  endfacet
  facet normal 0 0 1
    outer loop
      vertex -5.5 12.399999618530273 0.19999980926513672
      vertex -3.554048538208008 12.799999237060547 0.19999980926513672
      vertex -3.6829471588134766 12.78037166595459 0.19999980926513672
    endloop
  endfacet
  facet normal 0 0 1
    outer loop
      vertex -5.5 12.399999618530273 0.19999980926513672
      vertex -3.6829471588134766 12.78037166595459 0.19999980926513672
      vertex -3.8641891479492188 12.751315116882324 0.19999980926513672
    endloop
  endfacet
  facet normal 0 0 1
    outer loop
      vertex -5.5 12.399999618530273 0.19999980926513672
      vertex -3.8641891479492188 12.751315116882324 0.19999980926513672
      vertex -4.04500675201416 12.720864295959473 0.19999980926513672
    endloop
  endfacet
  facet normal 0 0 1
    outer loop
      vertex -5.5 12.399999618530273 0.19999980926513672
      vertex -4.04500675201416 12.720864295959473 0.19999980926513672
      vertex -4.225380897521973 12.6890230178833 0.19999980926513672
    endloop
  endfacet
  facet normal 0 0 1
    outer loop
      vertex -5.5 12.399999618530273 0.19999980926513672
      vertex -4.225380897521973 12.6890230178833 0.19999980926513672
      vertex -4.405292510986328 12.655795097351074 0.19999980926513672
    endloop
  endfacet
  facet normal 0 0 1
    outer loop
      vertex -5.5 12.399999618530273 0.19999980926513672
      vertex -4.405292510986328 12.655795097351074 0.19999980926513672
      vertex -4.584719657897949 12.621183395385742 0.19999980926513672
    endloop
  endfacet
  facet normal 0 0 1
    outer loop
      vertex -5.5 12.399999618530273 0.19999980926513672
      vertex -4.584719657897949 12.621183395385742 0.19999980926513672
      vertex -4.763645172119141 12.58519172668457 0.19999980926513672
    endloop
  endfacet
  facet normal 0 0 1
    outer loop
      vertex -5.5 12.399999618530273 0.19999980926513672
      vertex -4.763645172119141 12.58519172668457 0.19999980926513672
      vertex -4.942048072814941 12.54782485961914 0.19999980926513672
    endloop
  endfacet
  facet normal 0 0 1
    outer loop
      vertex -5.5 12.399999618530273 0.19999980926513672
      vertex -4.942048072814941 12.54782485961914 0.19999980926513672
      vertex -5.119908332824707 12.509085655212402 0.19999980926513672
    endloop
  endfacet
  facet normal 0 0 1
    outer loop
      vertex -5.5 12.399999618530273 0.19999980926513672
      vertex -5.119908332824707 12.509085655212402 0.19999980926513672
      vertex -5.297207832336426 12.468979835510254 0.19999980926513672
    endloop
  endfacet
  facet normal 0 0 1
    outer loop
      vertex -5.5 12.399999618530273 0.19999980926513672
      vertex -5.297207832336426 12.468979835510254 0.19999980926513672
      vertex -5.473926544189453 12.427510261535645 0.19999980926513672
    endloop
  endfacet
  facet normal 0 0 1
    outer loop
      vertex -5.5 12.399999618530273 0.19999980926513672
      vertex -5.473926544189453 12.427510261535645 0.19999980926513672
      vertex -5.5 12.421170234680176 0.19999980926513672
    endloop
  endfacet
  facet normal 0 0 1
    outer loop
      vertex -3.554048538208008 12.799999237060547 0.19999980926513672
      vertex -5.5 12.399999618530273 0.19999980926513672
      vertex 5.5 12.399999618530273 0.19999980926513672
    endloop
  endfacet
  facet normal 0 0.8320502943378437 -0.5547001962252291
    outer loop
      vertex 5.5 12.399999618530273 0.19999980926513672
      vertex 3.554048538208008 12.799999237060547 0.7999992370605469
      vertex 3.6829471588134766 12.78037166595459 0.7705578804016113
    endloop
  endfacet
  facet normal 0 0.8320502943378436 -0.554700196225229
    outer loop
      vertex 3.554048538208008 12.799999237060547 0.7999992370605469
      vertex 5.5 12.399999618530273 0.19999980926513672
      vertex -3.554048538208008 12.799999237060547 0.7999992370605469
    endloop
  endfacet
  facet normal 0 0.8320502943378437 -0.5547001962252291
    outer loop
      vertex 5.5 12.399999618530273 0.19999980926513672
      vertex 3.6829471588134766 12.78037166595459 0.7705578804016113
      vertex 3.8641891479492188 12.751315116882324 0.7269730567932129
    endloop
  endfacet
  facet normal 0 0.8320502943378436 -0.5547001962252291
    outer loop
      vertex -5.5 12.399999618530273 0.19999980926513672
      vertex -3.554048538208008 12.799999237060547 0.7999992370605469
      vertex 5.5 12.399999618530273 0.19999980926513672
    endloop
  endfacet
  facet normal 0 0.8320502943378437 -0.5547001962252291
    outer loop
      vertex 5.5 12.399999618530273 0.19999980926513672
      vertex 3.8641891479492188 12.751315116882324 0.7269730567932129
      vertex 4.04500675201416 12.720864295959473 0.6812968254089355
    endloop
  endfacet
  facet normal 0 0.8320502943378437 -0.5547001962252291
    outer loop
      vertex -3.554048538208008 12.799999237060547 0.7999992370605469
      vertex -5.5 12.399999618530273 0.19999980926513672
      vertex -3.6829471588134766 12.78037166595459 0.7705578804016113
    endloop
  endfacet
  facet normal 0 0.8320502943378436 -0.5547001962252291
    outer loop
      vertex 5.5 12.399999618530273 0.19999980926513672
      vertex 4.04500675201416 12.720864295959473 0.6812968254089355
      vertex 4.225380897521973 12.6890230178833 0.6335349082946777
    endloop
  endfacet
  facet normal 0 0.8320502943378437 -0.5547001962252291
    outer loop
      vertex -3.6829471588134766 12.78037166595459 0.7705578804016113
      vertex -5.5 12.399999618530273 0.19999980926513672
      vertex -3.8641891479492188 12.751315116882324 0.7269730567932129
    endloop
  endfacet
  facet normal 0 0.8320502943378437 -0.5547001962252291
    outer loop
      vertex 5.5 12.399999618530273 0.19999980926513672
      vertex 4.225380897521973 12.6890230178833 0.6335349082946777
      vertex 4.405292510986328 12.655795097351074 0.5836930274963379
    endloop
  endfacet
  facet normal 0 0.8320502943378437 -0.5547001962252291
    outer loop
      vertex -3.8641891479492188 12.751315116882324 0.7269730567932129
      vertex -5.5 12.399999618530273 0.19999980926513672
      vertex -4.04500675201416 12.720864295959473 0.6812968254089355
    endloop
  endfacet
  facet normal 0 0.8320502943378437 -0.5547001962252291
    outer loop
      vertex 5.5 12.399999618530273 0.19999980926513672
      vertex 4.405292510986328 12.655795097351074 0.5836930274963379
      vertex 4.584719657897949 12.621183395385742 0.5317754745483398
    endloop
  endfacet
  facet normal 0 0.8320502943378436 -0.5547001962252291
    outer loop
      vertex -4.04500675201416 12.720864295959473 0.6812968254089355
      vertex -5.5 12.399999618530273 0.19999980926513672
      vertex -4.225380897521973 12.6890230178833 0.6335349082946777
    endloop
  endfacet
  facet normal 0 0.8320502943378437 -0.5547001962252291
    outer loop
      vertex 5.5 12.399999618530273 0.19999980926513672
      vertex 4.584719657897949 12.621183395385742 0.5317754745483398
      vertex 4.763645172119141 12.58519172668457 0.47778797149658203
    endloop
  endfacet
  facet normal 0 0.8320502943378437 -0.5547001962252291
    outer loop
      vertex -4.225380897521973 12.6890230178833 0.6335349082946777
      vertex -5.5 12.399999618530273 0.19999980926513672
      vertex -4.405292510986328 12.655795097351074 0.5836930274963379
    endloop
  endfacet
  facet normal 0 0.8320502943378436 -0.554700196225229
    outer loop
      vertex 5.5 12.399999618530273 0.19999980926513672
      vertex 4.763645172119141 12.58519172668457 0.47778797149658203
      vertex 4.942048072814941 12.54782485961914 0.4217376708984375
    endloop
  endfacet
  facet normal 0 0.8320502943378437 -0.5547001962252291
    outer loop
      vertex -4.405292510986328 12.655795097351074 0.5836930274963379
      vertex -5.5 12.399999618530273 0.19999980926513672
      vertex -4.584719657897949 12.621183395385742 0.5317754745483398
    endloop
  endfacet
  facet normal 0 0.8320502943378436 -0.554700196225229
    outer loop
      vertex 5.5 12.399999618530273 0.19999980926513672
      vertex 4.942048072814941 12.54782485961914 0.4217376708984375
      vertex 5.119908332824707 12.509085655212402 0.3636288642883301
    endloop
  endfacet
  facet normal 0 0.8320502943378437 -0.5547001962252291
    outer loop
      vertex -4.584719657897949 12.621183395385742 0.5317754745483398
      vertex -5.5 12.399999618530273 0.19999980926513672
      vertex -4.763645172119141 12.58519172668457 0.47778797149658203
    endloop
  endfacet
  facet normal 0 0.8320502943378437 -0.5547001962252291
    outer loop
      vertex 5.5 12.399999618530273 0.19999980926513672
      vertex 5.119908332824707 12.509085655212402 0.3636288642883301
      vertex 5.297207832336426 12.468979835510254 0.3034701347351074
    endloop
  endfacet
  facet normal 0 0.8320502943378436 -0.554700196225229
    outer loop
      vertex -4.763645172119141 12.58519172668457 0.47778797149658203
      vertex -5.5 12.399999618530273 0.19999980926513672
      vertex -4.942048072814941 12.54782485961914 0.4217376708984375
    endloop
  endfacet
  facet normal 0 0.8320502943378436 -0.554700196225229
    outer loop
      vertex 5.5 12.399999618530273 0.19999980926513672
      vertex 5.297207832336426 12.468979835510254 0.3034701347351074
      vertex 5.473926544189453 12.427510261535645 0.24126577377319336
    endloop
  endfacet
  facet normal 0 0.8320502943378436 -0.554700196225229
    outer loop
      vertex -4.942048072814941 12.54782485961914 0.4217376708984375
      vertex -5.5 12.399999618530273 0.19999980926513672
      vertex -5.119908332824707 12.509085655212402 0.3636288642883301
    endloop
  endfacet
  facet normal -0.000011122813416446376 0.8320470506582945 -0.5547050616022147
    outer loop
      vertex 5.5 12.399999618530273 0.19999980926513672
      vertex 5.473926544189453 12.427510261535645 0.24126577377319336
      vertex 5.5 12.421170234680176 0.231755331158638
    endloop
  endfacet
  facet normal 0 0.8320502943378437 -0.5547001962252291
    outer loop
      vertex -5.119908332824707 12.509085655212402 0.3636288642883301
      vertex -5.5 12.399999618530273 0.19999980926513672
      vertex -5.297207832336426 12.468979835510254 0.3034701347351074
    endloop
  endfacet
  facet normal 0 0.8320502943378436 -0.554700196225229
    outer loop
      vertex -5.297207832336426 12.468979835510254 0.3034701347351074
      vertex -5.5 12.399999618530273 0.19999980926513672
      vertex -5.473926544189453 12.427510261535645 0.24126577377319336
    endloop
  endfacet
  facet normal 0.000011122813416446376 0.8320470506582945 -0.5547050616022147
    outer loop
      vertex -5.473926544189453 12.427510261535645 0.24126577377319336
      vertex -5.5 12.399999618530273 0.19999980926513672
      vertex -5.5 12.421170234680176 0.231755331158638
    endloop
  endfacet
  facet normal 0.19720429167993125 0.9803624163252163 0
    outer loop
      vertex 4.763645172119141 12.58519172668457 0.18999958038330078
      vertex 4.584719657897949 12.621183395385742 0.19999980926513672
      vertex 4.763645172119141 12.58519172668457 0.19999980926513672
    endloop
  endfacet
  facet normal 0.19720429167993125 0.9803624163252163 0
    outer loop
      vertex 4.584719657897949 12.621183395385742 0.19999980926513672
      vertex 4.763645172119141 12.58519172668457 0.18999958038330078
      vertex 4.584719657897949 12.621183395385742 0.18999958038330078
    endloop
  endfacet
  facet normal 0.19720429167993123 0.9803624163252161 0
    outer loop
      vertex 4.763645172119141 12.58519172668457 1.7222113609313965
      vertex 4.584719657897949 12.621183395385742 0.5317754745483398
      vertex 4.584719657897949 12.621183395385742 1.6682238578796387
    endloop
  endfacet
  facet normal 0.19720429167993125 0.9803624163252163 0
    outer loop
      vertex 4.584719657897949 12.621183395385742 0.5317754745483398
      vertex 4.763645172119141 12.58519172668457 1.7222113609313965
      vertex 4.763645172119141 12.58519172668457 0.47778797149658203
    endloop
  endfacet
  facet normal -0.18940929086441305 0.9818982231037188 0
    outer loop
      vertex -4.405292510986328 12.655795097351074 0.18999958038330078
      vertex -4.584719657897949 12.621183395385742 0.19999980926513672
      vertex -4.405292510986328 12.655795097351074 0.19999980926513672
    endloop
  endfacet
  facet normal -0.18940929086441305 0.9818982231037188 0
    outer loop
      vertex -4.584719657897949 12.621183395385742 0.19999980926513672
      vertex -4.405292510986328 12.655795097351074 0.18999958038330078
      vertex -4.584719657897949 12.621183395385742 0.18999958038330078
    endloop
  endfacet
  facet normal -0.18940929086441305 0.9818982231037188 0
    outer loop
      vertex -4.405292510986328 12.655795097351074 0.5836930274963379
      vertex -4.584719657897949 12.621183395385742 1.6682238578796387
      vertex -4.405292510986328 12.655795097351074 1.616306185722351
    endloop
  endfacet
  facet normal -0.18940929086441302 0.9818982231037187 0
    outer loop
      vertex -4.584719657897949 12.621183395385742 1.6682238578796387
      vertex -4.405292510986328 12.655795097351074 0.5836930274963379
      vertex -4.584719657897949 12.621183395385742 0.5317754745483398
    endloop
  endfacet
  facet normal -0.1582976868056369 0.9873914331975868 0
    outer loop
      vertex -3.6829471588134766 12.78037166595459 0.18999958038330078
      vertex -3.8641891479492188 12.751315116882324 0.19999980926513672
      vertex -3.6829471588134766 12.78037166595459 0.19999980926513672
    endloop
  endfacet
  facet normal -0.1582976868056369 0.9873914331975868 0
    outer loop
      vertex -3.8641891479492188 12.751315116882324 0.19999980926513672
      vertex -3.6829471588134766 12.78037166595459 0.18999958038330078
      vertex -3.8641891479492188 12.751315116882324 0.18999958038330078
    endloop
  endfacet
  facet normal -0.1582976868056369 0.9873914331975868 0
    outer loop
      vertex -3.6829471588134766 12.78037166595459 0.7705578804016113
      vertex -3.8641891479492188 12.751315116882324 1.473025918006897
      vertex -3.6829471588134766 12.78037166595459 1.429440975189209
    endloop
  endfacet
  facet normal -0.1582976868056369 0.9873914331975868 0
    outer loop
      vertex -3.8641891479492188 12.751315116882324 1.473025918006897
      vertex -3.6829471588134766 12.78037166595459 0.7705578804016113
      vertex -3.8641891479492188 12.751315116882324 0.7269730567932129
    endloop
  endfacet
  facet normal 0.16606785044307681 0.9861143285893457 0
    outer loop
      vertex 4.04500675201416 12.720864295959473 0.18999958038330078
      vertex 3.8641891479492188 12.751315116882324 0.19999980926513672
      vertex 4.04500675201416 12.720864295959473 0.19999980926513672
    endloop
  endfacet
  facet normal 0.16606785044307681 0.9861143285893457 0
    outer loop
      vertex 3.8641891479492188 12.751315116882324 0.19999980926513672
      vertex 4.04500675201416 12.720864295959473 0.18999958038330078
      vertex 3.8641891479492188 12.751315116882324 0.18999958038330078
    endloop
  endfacet
  facet normal 0.16606785044307684 0.9861143285893458 0
    outer loop
      vertex 4.04500675201416 12.720864295959473 1.5187022686004639
      vertex 3.8641891479492188 12.751315116882324 0.7269730567932129
      vertex 3.8641891479492188 12.751315116882324 1.473025918006897
    endloop
  endfacet
  facet normal 0.1660678504430768 0.9861143285893456 0
    outer loop
      vertex 3.8641891479492188 12.751315116882324 0.7269730567932129
      vertex 4.04500675201416 12.720864295959473 1.5187022686004639
      vertex 4.04500675201416 12.720864295959473 0.6812968254089355
    endloop
  endfacet
  facet normal -0.21281744387255314 0.9770919790805535 0
    outer loop
      vertex -4.942048072814941 12.54782485961914 0.18999958038330078
      vertex -5.119908332824707 12.509085655212402 0.19999980926513672
      vertex -4.942048072814941 12.54782485961914 0.19999980926513672
    endloop
  endfacet
  facet normal -0.21281744387255314 0.9770919790805535 0
    outer loop
      vertex -5.119908332824707 12.509085655212402 0.19999980926513672
      vertex -4.942048072814941 12.54782485961914 0.18999958038330078
      vertex -5.119908332824707 12.509085655212402 0.18999958038330078
    endloop
  endfacet
  facet normal -0.21281744387255314 0.9770919790805535 0
    outer loop
      vertex -4.942048072814941 12.54782485961914 0.4217376708984375
      vertex -5.119908332824707 12.509085655212402 1.8363707065582275
      vertex -4.942048072814941 12.54782485961914 1.7782617807388306
    endloop
  endfacet
  facet normal -0.21281744387255316 0.9770919790805535 0
    outer loop
      vertex -5.119908332824707 12.509085655212402 1.8363707065582275
      vertex -4.942048072814941 12.54782485961914 0.4217376708984375
      vertex -5.119908332824707 12.509085655212402 0.3636288642883301
    endloop
  endfacet
  facet normal -0.2206296059101169 0.9753576661901758 0
    outer loop
      vertex -5.119908332824707 12.509085655212402 0.18999958038330078
      vertex -5.297207832336426 12.468979835510254 0.19999980926513672
      vertex -5.119908332824707 12.509085655212402 0.19999980926513672
    endloop
  endfacet
  facet normal -0.2206296059101169 0.9753576661901758 0
    outer loop
      vertex -5.297207832336426 12.468979835510254 0.19999980926513672
      vertex -5.119908332824707 12.509085655212402 0.18999958038330078
      vertex -5.297207832336426 12.468979835510254 0.18999958038330078
    endloop
  endfacet
  facet normal -0.22062960591011688 0.9753576661901757 0
    outer loop
      vertex -5.119908332824707 12.509085655212402 0.3636288642883301
      vertex -5.297207832336426 12.468979835510254 1.8965295553207397
      vertex -5.119908332824707 12.509085655212402 1.8363707065582275
    endloop
  endfacet
  facet normal -0.22062960591011688 0.9753576661901757 0
    outer loop
      vertex -5.297207832336426 12.468979835510254 1.8965295553207397
      vertex -5.119908332824707 12.509085655212402 0.3636288642883301
      vertex -5.297207832336426 12.468979835510254 0.3034701347351074
    endloop
  endfacet
  facet normal 0.1582976868056369 0.9873914331975868 0
    outer loop
      vertex 3.8641891479492188 12.751315116882324 0.18999958038330078
      vertex 3.6829471588134766 12.78037166595459 0.19999980926513672
      vertex 3.8641891479492188 12.751315116882324 0.19999980926513672
    endloop
  endfacet
  facet normal 0.1582976868056369 0.9873914331975868 0
    outer loop
      vertex 3.6829471588134766 12.78037166595459 0.19999980926513672
      vertex 3.8641891479492188 12.751315116882324 0.18999958038330078
      vertex 3.6829471588134766 12.78037166595459 0.18999958038330078
    endloop
  endfacet
  facet normal 0.1582976868056369 0.9873914331975868 0
    outer loop
      vertex 3.8641891479492188 12.751315116882324 1.473025918006897
      vertex 3.6829471588134766 12.78037166595459 0.7705578804016113
      vertex 3.6829471588134766 12.78037166595459 1.429440975189209
    endloop
  endfacet
  facet normal 0.1582976868056369 0.9873914331975868 0
    outer loop
      vertex 3.6829471588134766 12.78037166595459 0.7705578804016113
      vertex 3.8641891479492188 12.751315116882324 1.473025918006897
      vertex 3.8641891479492188 12.751315116882324 0.7269730567932129
    endloop
  endfacet
  facet normal -0.18161867101582438 0.9833690346652398 0
    outer loop
      vertex -4.225380897521973 12.6890230178833 0.18999958038330078
      vertex -4.405292510986328 12.655795097351074 0.19999980926513672
      vertex -4.225380897521973 12.6890230178833 0.19999980926513672
    endloop
  endfacet
  facet normal -0.18161867101582438 0.9833690346652398 0
    outer loop
      vertex -4.405292510986328 12.655795097351074 0.19999980926513672
      vertex -4.225380897521973 12.6890230178833 0.18999958038330078
      vertex -4.405292510986328 12.655795097351074 0.18999958038330078
    endloop
  endfacet
  facet normal -0.18161867101582438 0.9833690346652398 0
    outer loop
      vertex -4.225380897521973 12.6890230178833 0.6335349082946777
      vertex -4.405292510986328 12.655795097351074 1.616306185722351
      vertex -4.225380897521973 12.6890230178833 1.5664641857147217
    endloop
  endfacet
  facet normal -0.18161867101582438 0.9833690346652398 0
    outer loop
      vertex -4.405292510986328 12.655795097351074 1.616306185722351
      vertex -4.225380897521973 12.6890230178833 0.6335349082946777
      vertex -4.405292510986328 12.655795097351074 0.5836930274963379
    endloop
  endfacet
  facet normal 0.2362753985030004 0.9716861304259974 0
    outer loop
      vertex 5.5 12.421170234680176 0.18999958038330078
      vertex 5.473926544189453 12.427510261535645 0.19999980926513672
      vertex 5.5 12.421170234680176 0.19999980926513672
    endloop
  endfacet
  facet normal 0.2362753985030004 0.9716861304259974 0
    outer loop
      vertex 5.473926544189453 12.427510261535645 0.19999980926513672
      vertex 5.5 12.421170234680176 0.18999958038330078
      vertex 5.473926544189453 12.427510261535645 0.18999958038330078
    endloop
  endfacet
  facet normal 0.2362753985030004 0.9716861304259974 0
    outer loop
      vertex 5.5 12.421170234680176 1.9682444334030151
      vertex 5.473926544189453 12.427510261535645 0.24126577377319336
      vertex 5.473926544189453 12.427510261535645 1.9587339162826538
    endloop
  endfacet
  facet normal 0.2362753985030004 0.9716861304259974 0
    outer loop
      vertex 5.473926544189453 12.427510261535645 0.24126577377319336
      vertex 5.5 12.421170234680176 1.9682444334030151
      vertex 5.5 12.421170234680176 0.231755331158638
    endloop
  endfacet
  facet normal 0.2206296059101169 0.9753576661901758 0
    outer loop
      vertex 5.297207832336426 12.468979835510254 0.18999958038330078
      vertex 5.119908332824707 12.509085655212402 0.19999980926513672
      vertex 5.297207832336426 12.468979835510254 0.19999980926513672
    endloop
  endfacet
  facet normal 0.2206296059101169 0.9753576661901758 0
    outer loop
      vertex 5.119908332824707 12.509085655212402 0.19999980926513672
      vertex 5.297207832336426 12.468979835510254 0.18999958038330078
      vertex 5.119908332824707 12.509085655212402 0.18999958038330078
    endloop
  endfacet
  facet normal 0.22062960591011688 0.9753576661901757 0
    outer loop
      vertex 5.297207832336426 12.468979835510254 1.8965295553207397
      vertex 5.119908332824707 12.509085655212402 0.3636288642883301
      vertex 5.119908332824707 12.509085655212402 1.8363707065582275
    endloop
  endfacet
  facet normal 0.22062960591011688 0.9753576661901757 0
    outer loop
      vertex 5.119908332824707 12.509085655212402 0.3636288642883301
      vertex 5.297207832336426 12.468979835510254 1.8965295553207397
      vertex 5.297207832336426 12.468979835510254 0.3034701347351074
    endloop
  endfacet
  facet normal -0.15053617376005599 0.9886045015018302 0
    outer loop
      vertex -3.554048538208008 12.799999237060547 0.18999958038330078
      vertex -3.6829471588134766 12.78037166595459 0.19999980926513672
      vertex -3.554048538208008 12.799999237060547 0.19999980926513672
    endloop
  endfacet
  facet normal -0.15053617376005599 0.9886045015018302 0
    outer loop
      vertex -3.6829471588134766 12.78037166595459 0.19999980926513672
      vertex -3.554048538208008 12.799999237060547 0.18999958038330078
      vertex -3.6829471588134766 12.78037166595459 0.18999958038330078
    endloop
  endfacet
  facet normal -0.15053617376005599 0.9886045015018301 0
    outer loop
      vertex -3.554048538208008 12.799999237060547 0.7999992370605469
      vertex -3.6829471588134766 12.78037166595459 1.429440975189209
      vertex -3.554048538208008 12.799999237060547 1.3999996185302734
    endloop
  endfacet
  facet normal -0.15053617376005599 0.9886045015018302 0
    outer loop
      vertex -3.6829471588134766 12.78037166595459 1.429440975189209
      vertex -3.554048538208008 12.799999237060547 0.7999992370605469
      vertex -3.6829471588134766 12.78037166595459 0.7705578804016113
    endloop
  endfacet
  facet normal 0.2284583035275619 0.9735536983388787 0
    outer loop
      vertex 5.473926544189453 12.427510261535645 0.18999958038330078
      vertex 5.297207832336426 12.468979835510254 0.19999980926513672
      vertex 5.473926544189453 12.427510261535645 0.19999980926513672
    endloop
  endfacet
  facet normal 0.2284583035275619 0.9735536983388787 0
    outer loop
      vertex 5.297207832336426 12.468979835510254 0.19999980926513672
      vertex 5.473926544189453 12.427510261535645 0.18999958038330078
      vertex 5.297207832336426 12.468979835510254 0.18999958038330078
    endloop
  endfacet
  facet normal 0.22845830352756188 0.9735536983388787 0
    outer loop
      vertex 5.473926544189453 12.427510261535645 1.9587339162826538
      vertex 5.297207832336426 12.468979835510254 0.3034701347351074
      vertex 5.297207832336426 12.468979835510254 1.8965295553207397
    endloop
  endfacet
  facet normal 0.22845830352756188 0.9735536983388787 0
    outer loop
      vertex 5.297207832336426 12.468979835510254 0.3034701347351074
      vertex 5.473926544189453 12.427510261535645 1.9587339162826538
      vertex 5.473926544189453 12.427510261535645 0.24126577377319336
    endloop
  endfacet
  facet normal 0.20500361862921612 0.9787612151842384 0
    outer loop
      vertex 4.942048072814941 12.54782485961914 0.18999958038330078
      vertex 4.763645172119141 12.58519172668457 0.19999980926513672
      vertex 4.942048072814941 12.54782485961914 0.19999980926513672
    endloop
  endfacet
  facet normal 0.20500361862921612 0.9787612151842384 0
    outer loop
      vertex 4.763645172119141 12.58519172668457 0.19999980926513672
      vertex 4.942048072814941 12.54782485961914 0.18999958038330078
      vertex 4.763645172119141 12.58519172668457 0.18999958038330078
    endloop
  endfacet
  facet normal 0.20500361862921612 0.9787612151842384 0
    outer loop
      vertex 4.942048072814941 12.54782485961914 1.7782617807388306
      vertex 4.763645172119141 12.58519172668457 0.47778797149658203
      vertex 4.763645172119141 12.58519172668457 1.7222113609313965
    endloop
  endfacet
  facet normal 0.2050036186292161 0.9787612151842383 0
    outer loop
      vertex 4.763645172119141 12.58519172668457 0.47778797149658203
      vertex 4.942048072814941 12.54782485961914 1.7782617807388306
      vertex 4.942048072814941 12.54782485961914 0.4217376708984375
    endloop
  endfacet
  facet normal 0.17384117457339193 0.9847737029505528 0
    outer loop
      vertex 4.225380897521973 12.6890230178833 0.18999958038330078
      vertex 4.04500675201416 12.720864295959473 0.19999980926513672
      vertex 4.225380897521973 12.6890230178833 0.19999980926513672
    endloop
  endfacet
  facet normal 0.17384117457339193 0.9847737029505528 0
    outer loop
      vertex 4.04500675201416 12.720864295959473 0.19999980926513672
      vertex 4.225380897521973 12.6890230178833 0.18999958038330078
      vertex 4.04500675201416 12.720864295959473 0.18999958038330078
    endloop
  endfacet
  facet normal 0.1738411745733919 0.9847737029505527 0
    outer loop
      vertex 4.225380897521973 12.6890230178833 1.5664641857147217
      vertex 4.04500675201416 12.720864295959473 0.6812968254089355
      vertex 4.04500675201416 12.720864295959473 1.5187022686004639
    endloop
  endfacet
  facet normal 0.1738411745733919 0.9847737029505527 0
    outer loop
      vertex 4.04500675201416 12.720864295959473 0.6812968254089355
      vertex 4.225380897521973 12.6890230178833 1.5664641857147217
      vertex 4.225380897521973 12.6890230178833 0.6335349082946777
    endloop
  endfacet
  facet normal 0.18940929086441305 0.9818982231037188 0
    outer loop
      vertex 4.584719657897949 12.621183395385742 0.18999958038330078
      vertex 4.405292510986328 12.655795097351074 0.19999980926513672
      vertex 4.584719657897949 12.621183395385742 0.19999980926513672
    endloop
  endfacet
  facet normal 0.18940929086441305 0.9818982231037188 0
    outer loop
      vertex 4.405292510986328 12.655795097351074 0.19999980926513672
      vertex 4.584719657897949 12.621183395385742 0.18999958038330078
      vertex 4.405292510986328 12.655795097351074 0.18999958038330078
    endloop
  endfacet
  facet normal 0.18940929086441305 0.9818982231037188 0
    outer loop
      vertex 4.584719657897949 12.621183395385742 1.6682238578796387
      vertex 4.405292510986328 12.655795097351074 0.5836930274963379
      vertex 4.405292510986328 12.655795097351074 1.616306185722351
    endloop
  endfacet
  facet normal 0.18940929086441302 0.9818982231037187 0
    outer loop
      vertex 4.405292510986328 12.655795097351074 0.5836930274963379
      vertex 4.584719657897949 12.621183395385742 1.6682238578796387
      vertex 4.584719657897949 12.621183395385742 0.5317754745483398
    endloop
  endfacet
  facet normal -0.16606785044307681 0.9861143285893457 0
    outer loop
      vertex -3.8641891479492188 12.751315116882324 0.18999958038330078
      vertex -4.04500675201416 12.720864295959473 0.19999980926513672
      vertex -3.8641891479492188 12.751315116882324 0.19999980926513672
    endloop
  endfacet
  facet normal -0.16606785044307681 0.9861143285893457 0
    outer loop
      vertex -4.04500675201416 12.720864295959473 0.19999980926513672
      vertex -3.8641891479492188 12.751315116882324 0.18999958038330078
      vertex -4.04500675201416 12.720864295959473 0.18999958038330078
    endloop
  endfacet
  facet normal -0.16606785044307684 0.9861143285893458 0
    outer loop
      vertex -3.8641891479492188 12.751315116882324 0.7269730567932129
      vertex -4.04500675201416 12.720864295959473 1.5187022686004639
      vertex -3.8641891479492188 12.751315116882324 1.473025918006897
    endloop
  endfacet
  facet normal -0.1660678504430768 0.9861143285893456 0
    outer loop
      vertex -4.04500675201416 12.720864295959473 1.5187022686004639
      vertex -3.8641891479492188 12.751315116882324 0.7269730567932129
      vertex -4.04500675201416 12.720864295959473 0.6812968254089355
    endloop
  endfacet
  facet normal 0.15053617376005599 0.9886045015018302 0
    outer loop
      vertex 3.6829471588134766 12.78037166595459 0.18999958038330078
      vertex 3.554048538208008 12.799999237060547 0.19999980926513672
      vertex 3.6829471588134766 12.78037166595459 0.19999980926513672
    endloop
  endfacet
  facet normal 0.15053617376005599 0.9886045015018302 0
    outer loop
      vertex 3.554048538208008 12.799999237060547 0.19999980926513672
      vertex 3.6829471588134766 12.78037166595459 0.18999958038330078
      vertex 3.554048538208008 12.799999237060547 0.18999958038330078
    endloop
  endfacet
  facet normal 0.15053617376005599 0.9886045015018301 0
    outer loop
      vertex 3.6829471588134766 12.78037166595459 1.429440975189209
      vertex 3.554048538208008 12.799999237060547 0.7999992370605469
      vertex 3.554048538208008 12.799999237060547 1.3999996185302734
    endloop
  endfacet
  facet normal 0.15053617376005599 0.9886045015018302 0
    outer loop
      vertex 3.554048538208008 12.799999237060547 0.7999992370605469
      vertex 3.6829471588134766 12.78037166595459 1.429440975189209
      vertex 3.6829471588134766 12.78037166595459 0.7705578804016113
    endloop
  endfacet
  facet normal -0.2284583035275619 0.9735536983388787 0
    outer loop
      vertex -5.297207832336426 12.468979835510254 0.18999958038330078
      vertex -5.473926544189453 12.427510261535645 0.19999980926513672
      vertex -5.297207832336426 12.468979835510254 0.19999980926513672
    endloop
  endfacet
  facet normal -0.2284583035275619 0.9735536983388787 0
    outer loop
      vertex -5.473926544189453 12.427510261535645 0.19999980926513672
      vertex -5.297207832336426 12.468979835510254 0.18999958038330078
      vertex -5.473926544189453 12.427510261535645 0.18999958038330078
    endloop
  endfacet
  facet normal -0.22845830352756188 0.9735536983388787 0
    outer loop
      vertex -5.297207832336426 12.468979835510254 0.3034701347351074
      vertex -5.473926544189453 12.427510261535645 1.9587339162826538
      vertex -5.297207832336426 12.468979835510254 1.8965295553207397
    endloop
  endfacet
  facet normal -0.22845830352756188 0.9735536983388787 0
    outer loop
      vertex -5.473926544189453 12.427510261535645 1.9587339162826538
      vertex -5.297207832336426 12.468979835510254 0.3034701347351074
      vertex -5.473926544189453 12.427510261535645 0.24126577377319336
    endloop
  endfacet
  facet normal 0.21281744387255314 0.9770919790805535 0
    outer loop
      vertex 5.119908332824707 12.509085655212402 0.18999958038330078
      vertex 4.942048072814941 12.54782485961914 0.19999980926513672
      vertex 5.119908332824707 12.509085655212402 0.19999980926513672
    endloop
  endfacet
  facet normal 0.21281744387255314 0.9770919790805535 0
    outer loop
      vertex 4.942048072814941 12.54782485961914 0.19999980926513672
      vertex 5.119908332824707 12.509085655212402 0.18999958038330078
      vertex 4.942048072814941 12.54782485961914 0.18999958038330078
    endloop
  endfacet
  facet normal 0.21281744387255314 0.9770919790805535 0
    outer loop
      vertex 5.119908332824707 12.509085655212402 1.8363707065582275
      vertex 4.942048072814941 12.54782485961914 0.4217376708984375
      vertex 4.942048072814941 12.54782485961914 1.7782617807388306
    endloop
  endfacet
  facet normal 0.21281744387255316 0.9770919790805535 0
    outer loop
      vertex 4.942048072814941 12.54782485961914 0.4217376708984375
      vertex 5.119908332824707 12.509085655212402 1.8363707065582275
      vertex 5.119908332824707 12.509085655212402 0.3636288642883301
    endloop
  endfacet
  facet normal -0.2362753985030004 0.9716861304259974 0
    outer loop
      vertex -5.473926544189453 12.427510261535645 0.18999958038330078
      vertex -5.5 12.421170234680176 0.19999980926513672
      vertex -5.473926544189453 12.427510261535645 0.19999980926513672
    endloop
  endfacet
  facet normal -0.2362753985030004 0.9716861304259974 0
    outer loop
      vertex -5.5 12.421170234680176 0.19999980926513672
      vertex -5.473926544189453 12.427510261535645 0.18999958038330078
      vertex -5.5 12.421170234680176 0.18999958038330078
    endloop
  endfacet
  facet normal -0.2362753985030004 0.9716861304259974 0
    outer loop
      vertex -5.473926544189453 12.427510261535645 0.24126577377319336
      vertex -5.5 12.421170234680176 1.9682444334030151
      vertex -5.473926544189453 12.427510261535645 1.9587339162826538
    endloop
  endfacet
  facet normal -0.2362753985030004 0.9716861304259974 0
    outer loop
      vertex -5.5 12.421170234680176 1.9682444334030151
      vertex -5.473926544189453 12.427510261535645 0.24126577377319336
      vertex -5.5 12.421170234680176 0.231755331158638
    endloop
  endfacet
  facet normal -0.17384117457339193 0.9847737029505528 0
    outer loop
      vertex -4.04500675201416 12.720864295959473 0.18999958038330078
      vertex -4.225380897521973 12.6890230178833 0.19999980926513672
      vertex -4.04500675201416 12.720864295959473 0.19999980926513672
    endloop
  endfacet
  facet normal -0.17384117457339193 0.9847737029505528 0
    outer loop
      vertex -4.225380897521973 12.6890230178833 0.19999980926513672
      vertex -4.04500675201416 12.720864295959473 0.18999958038330078
      vertex -4.225380897521973 12.6890230178833 0.18999958038330078
    endloop
  endfacet
  facet normal -0.1738411745733919 0.9847737029505527 0
    outer loop
      vertex -4.04500675201416 12.720864295959473 0.6812968254089355
      vertex -4.225380897521973 12.6890230178833 1.5664641857147217
      vertex -4.04500675201416 12.720864295959473 1.5187022686004639
    endloop
  endfacet
  facet normal -0.1738411745733919 0.9847737029505527 0
    outer loop
      vertex -4.225380897521973 12.6890230178833 1.5664641857147217
      vertex -4.04500675201416 12.720864295959473 0.6812968254089355
      vertex -4.225380897521973 12.6890230178833 0.6335349082946777
    endloop
  endfacet
  facet normal -0.19720429167993125 0.9803624163252163 0
    outer loop
      vertex -4.584719657897949 12.621183395385742 0.18999958038330078
      vertex -4.763645172119141 12.58519172668457 0.19999980926513672
      vertex -4.584719657897949 12.621183395385742 0.19999980926513672
    endloop
  endfacet
  facet normal -0.19720429167993125 0.9803624163252163 0
    outer loop
      vertex -4.763645172119141 12.58519172668457 0.19999980926513672
      vertex -4.584719657897949 12.621183395385742 0.18999958038330078
      vertex -4.763645172119141 12.58519172668457 0.18999958038330078
    endloop
  endfacet
  facet normal -0.19720429167993123 0.9803624163252161 0
    outer loop
      vertex -4.584719657897949 12.621183395385742 0.5317754745483398
      vertex -4.763645172119141 12.58519172668457 1.7222113609313965
      vertex -4.584719657897949 12.621183395385742 1.6682238578796387
    endloop
  endfacet
  facet normal -0.19720429167993125 0.9803624163252163 0
    outer loop
      vertex -4.763645172119141 12.58519172668457 1.7222113609313965
      vertex -4.584719657897949 12.621183395385742 0.5317754745483398
      vertex -4.763645172119141 12.58519172668457 0.47778797149658203
    endloop
  endfacet
  facet normal 0.18161867101582438 0.9833690346652398 0
    outer loop
      vertex 4.405292510986328 12.655795097351074 0.18999958038330078
      vertex 4.225380897521973 12.6890230178833 0.19999980926513672
      vertex 4.405292510986328 12.655795097351074 0.19999980926513672
    endloop
  endfacet
  facet normal 0.18161867101582438 0.9833690346652398 0
    outer loop
      vertex 4.225380897521973 12.6890230178833 0.19999980926513672
      vertex 4.405292510986328 12.655795097351074 0.18999958038330078
      vertex 4.225380897521973 12.6890230178833 0.18999958038330078
    endloop
  endfacet
  facet normal 0.18161867101582438 0.9833690346652398 0
    outer loop
      vertex 4.405292510986328 12.655795097351074 1.616306185722351
      vertex 4.225380897521973 12.6890230178833 0.6335349082946777
      vertex 4.225380897521973 12.6890230178833 1.5664641857147217
    endloop
  endfacet
  facet normal 0.18161867101582438 0.9833690346652398 0
    outer loop
      vertex 4.225380897521973 12.6890230178833 0.6335349082946777
      vertex 4.405292510986328 12.655795097351074 1.616306185722351
      vertex 4.405292510986328 12.655795097351074 0.5836930274963379
    endloop
  endfacet
  facet normal -0.20500361862921612 0.9787612151842384 0
    outer loop
      vertex -4.763645172119141 12.58519172668457 0.18999958038330078
      vertex -4.942048072814941 12.54782485961914 0.19999980926513672
      vertex -4.763645172119141 12.58519172668457 0.19999980926513672
    endloop
  endfacet
  facet normal -0.20500361862921612 0.9787612151842384 0
    outer loop
      vertex -4.942048072814941 12.54782485961914 0.19999980926513672
      vertex -4.763645172119141 12.58519172668457 0.18999958038330078
      vertex -4.942048072814941 12.54782485961914 0.18999958038330078
    endloop
  endfacet
  facet normal -0.20500361862921612 0.9787612151842384 0
    outer loop
      vertex -4.763645172119141 12.58519172668457 0.47778797149658203
      vertex -4.942048072814941 12.54782485961914 1.7782617807388306
      vertex -4.763645172119141 12.58519172668457 1.7222113609313965
    endloop
  endfacet
  facet normal -0.2050036186292161 0.9787612151842383 0
    outer loop
      vertex -4.942048072814941 12.54782485961914 1.7782617807388306
      vertex -4.763645172119141 12.58519172668457 0.47778797149658203
      vertex -4.942048072814941 12.54782485961914 0.4217376708984375
    endloop
  endfacet
  facet normal -1 0 0
    outer loop
      vertex -12.799999237060547 -3.554048538208008 0.18999958038330078
      vertex -12.799999237060547 3.554048538208008 0.19999980926513672
      vertex -12.799999237060547 3.554048538208008 0.18999958038330078
    endloop
  endfacet
  facet normal -1 0 0
    outer loop
      vertex -12.799999237060547 3.554048538208008 0.19999980926513672
      vertex -12.799999237060547 -3.554048538208008 0.18999958038330078
      vertex -12.799999237060547 -3.554048538208008 0.19999980926513672
    endloop
  endfacet
  facet normal -1 0 0
    outer loop
      vertex -12.799999237060547 -3.554048538208008 0.7999992370605469
      vertex -12.799999237060547 3.554048538208008 1.3999996185302734
      vertex -12.799999237060547 3.554048538208008 0.7999992370605469
    endloop
  endfacet
  facet normal -1 0 0
    outer loop
      vertex -12.799999237060547 3.554048538208008 1.3999996185302734
      vertex -12.799999237060547 -3.554048538208008 0.7999992370605469
      vertex -12.799999237060547 -3.554048538208008 1.3999996185302734
    endloop
  endfacet
  facet normal 0 0 -1
    outer loop
      vertex -12.427510261535645 -5.473926544189453 0.18999958038330078
      vertex -12.399999618530273 -5.5 0.18999958038330078
      vertex -12.421170234680176 -5.5 0.18999958038330078
    endloop
  endfacet
  facet normal 0 0 -1
    outer loop
      vertex -12.468979835510254 -5.297207832336426 0.18999958038330078
      vertex -12.399999618530273 -5.5 0.18999958038330078
      vertex -12.427510261535645 -5.473926544189453 0.18999958038330078
    endloop
  endfacet
  facet normal 0 0 -1
    outer loop
      vertex -12.509085655212402 -5.119908332824707 0.18999958038330078
      vertex -12.399999618530273 -5.5 0.18999958038330078
      vertex -12.468979835510254 -5.297207832336426 0.18999958038330078
    endloop
  endfacet
  facet normal 0 0 -1
    outer loop
      vertex -12.399999618530273 5.5 0.18999958038330078
      vertex -12.427510261535645 5.473926544189453 0.18999958038330078
      vertex -12.421170234680176 5.5 0.18999958038330078
    endloop
  endfacet
  facet normal 0 0 -1
    outer loop
      vertex -12.54782485961914 -4.942048072814941 0.18999958038330078
      vertex -12.399999618530273 -5.5 0.18999958038330078
      vertex -12.509085655212402 -5.119908332824707 0.18999958038330078
    endloop
  endfacet
  facet normal 0 0 -1
    outer loop
      vertex -12.399999618530273 5.5 0.18999958038330078
      vertex -12.468979835510254 5.297207832336426 0.18999958038330078
      vertex -12.427510261535645 5.473926544189453 0.18999958038330078
    endloop
  endfacet
  facet normal 0 0 -1
    outer loop
      vertex -12.58519172668457 -4.763645172119141 0.18999958038330078
      vertex -12.399999618530273 -5.5 0.18999958038330078
      vertex -12.54782485961914 -4.942048072814941 0.18999958038330078
    endloop
  endfacet
  facet normal 0 0 -1
    outer loop
      vertex -12.399999618530273 5.5 0.18999958038330078
      vertex -12.509085655212402 5.119908332824707 0.18999958038330078
      vertex -12.468979835510254 5.297207832336426 0.18999958038330078
    endloop
  endfacet
  facet normal 0 0 -1
    outer loop
      vertex -12.621183395385742 -4.584719657897949 0.18999958038330078
      vertex -12.399999618530273 -5.5 0.18999958038330078
      vertex -12.58519172668457 -4.763645172119141 0.18999958038330078
    endloop
  endfacet
  facet normal 0 0 -1
    outer loop
      vertex -12.399999618530273 5.5 0.18999958038330078
      vertex -12.54782485961914 4.942048072814941 0.18999958038330078
      vertex -12.509085655212402 5.119908332824707 0.18999958038330078
    endloop
  endfacet
  facet normal 0 0 -1
    outer loop
      vertex -12.655795097351074 -4.405292510986328 0.18999958038330078
      vertex -12.399999618530273 -5.5 0.18999958038330078
      vertex -12.621183395385742 -4.584719657897949 0.18999958038330078
    endloop
  endfacet
  facet normal 0 0 -1
    outer loop
      vertex -12.399999618530273 5.5 0.18999958038330078
      vertex -12.58519172668457 4.763645172119141 0.18999958038330078
      vertex -12.54782485961914 4.942048072814941 0.18999958038330078
    endloop
  endfacet
  facet normal 0 0 -1
    outer loop
      vertex -12.6890230178833 -4.225380897521973 0.18999958038330078
      vertex -12.399999618530273 -5.5 0.18999958038330078
      vertex -12.655795097351074 -4.405292510986328 0.18999958038330078
    endloop
  endfacet
  facet normal 0 0 -1
    outer loop
      vertex -12.399999618530273 5.5 0.18999958038330078
      vertex -12.621183395385742 4.584719657897949 0.18999958038330078
      vertex -12.58519172668457 4.763645172119141 0.18999958038330078
    endloop
  endfacet
  facet normal 0 0 -1
    outer loop
      vertex -12.720864295959473 -4.04500675201416 0.18999958038330078
      vertex -12.399999618530273 -5.5 0.18999958038330078
      vertex -12.6890230178833 -4.225380897521973 0.18999958038330078
    endloop
  endfacet
  facet normal 0 0 -1
    outer loop
      vertex -12.399999618530273 5.5 0.18999958038330078
      vertex -12.655795097351074 4.405292510986328 0.18999958038330078
      vertex -12.621183395385742 4.584719657897949 0.18999958038330078
    endloop
  endfacet
  facet normal 0 0 -1
    outer loop
      vertex -12.751315116882324 -3.8641891479492188 0.18999958038330078
      vertex -12.399999618530273 -5.5 0.18999958038330078
      vertex -12.720864295959473 -4.04500675201416 0.18999958038330078
    endloop
  endfacet
  facet normal 0 0 -1
    outer loop
      vertex -12.399999618530273 5.5 0.18999958038330078
      vertex -12.6890230178833 4.225380897521973 0.18999958038330078
      vertex -12.655795097351074 4.405292510986328 0.18999958038330078
    endloop
  endfacet
  facet normal 0 0 -1
    outer loop
      vertex -12.78037166595459 -3.6829471588134766 0.18999958038330078
      vertex -12.399999618530273 -5.5 0.18999958038330078
      vertex -12.751315116882324 -3.8641891479492188 0.18999958038330078
    endloop
  endfacet
  facet normal 0 0 -1
    outer loop
      vertex -12.399999618530273 5.5 0.18999958038330078
      vertex -12.720864295959473 4.04500675201416 0.18999958038330078
      vertex -12.6890230178833 4.225380897521973 0.18999958038330078
    endloop
  endfacet
  facet normal 0 0 -1
    outer loop
      vertex -12.799999237060547 -3.554048538208008 0.18999958038330078
      vertex -12.399999618530273 -5.5 0.18999958038330078
      vertex -12.78037166595459 -3.6829471588134766 0.18999958038330078
    endloop
  endfacet
  facet normal 0 0 -1
    outer loop
      vertex -12.399999618530273 5.5 0.18999958038330078
      vertex -12.751315116882324 3.8641891479492188 0.18999958038330078
      vertex -12.720864295959473 4.04500675201416 0.18999958038330078
    endloop
  endfacet
  facet normal 0 0 -1
    outer loop
      vertex -12.399999618530273 -5.5 0.18999958038330078
      vertex -12.799999237060547 -3.554048538208008 0.18999958038330078
      vertex -12.399999618530273 5.5 0.18999958038330078
    endloop
  endfacet
  facet normal 0 0 -1
    outer loop
      vertex -12.399999618530273 5.5 0.18999958038330078
      vertex -12.78037166595459 3.6829471588134766 0.18999958038330078
      vertex -12.751315116882324 3.8641891479492188 0.18999958038330078
    endloop
  endfacet
  facet normal 0 0 -1
    outer loop
      vertex -12.799999237060547 3.554048538208008 0.18999958038330078
      vertex -12.399999618530273 5.5 0.18999958038330078
      vertex -12.799999237060547 -3.554048538208008 0.18999958038330078
    endloop
  endfacet
  facet normal 0 0 -1
    outer loop
      vertex -12.399999618530273 5.5 0.18999958038330078
      vertex -12.799999237060547 3.554048538208008 0.18999958038330078
      vertex -12.78037166595459 3.6829471588134766 0.18999958038330078
    endloop
  endfacet
  facet normal 1 0 0
    outer loop
      vertex -12.399999618530273 -5.5 2
      vertex -12.399999618530273 5.5 0.19999980926513672
      vertex -12.399999618530273 5.5 2
    endloop
  endfacet
  facet normal 1 0 0
    outer loop
      vertex -12.399999618530273 5.5 0.19999980926513672
      vertex -12.399999618530273 -5.5 2
      vertex -12.399999618530273 -5.5 0.19999980926513672
    endloop
  endfacet
  facet normal 1 0 0
    outer loop
      vertex -12.399999618530273 -5.5 0.19999980926513672
      vertex -12.399999618530273 5.5 0.18999958038330078
      vertex -12.399999618530273 5.5 0.19999980926513672
    endloop
  endfacet
  facet normal 1 0 0
    outer loop
      vertex -12.399999618530273 5.5 0.18999958038330078
      vertex -12.399999618530273 -5.5 0.19999980926513672
      vertex -12.399999618530273 -5.5 0.18999958038330078
    endloop
  endfacet
  facet normal 0 -1 0
    outer loop
      vertex -12.421170234680176 -5.5 0.231755331158638
      vertex -12.399999618530273 -5.5 2
      vertex -12.421170234680176 -5.5 1.9682444334030151
    endloop
  endfacet
  facet normal 0 -1 0
    outer loop
      vertex -12.399999618530273 -5.5 2
      vertex -12.421170234680176 -5.5 0.231755331158638
      vertex -12.399999618530273 -5.5 0.19999980926513672
    endloop
  endfacet
  facet normal 0 -1 0
    outer loop
      vertex -12.421170234680176 -5.5 0.18999958038330078
      vertex -12.399999618530273 -5.5 0.19999980926513672
      vertex -12.421170234680176 -5.5 0.19999980926513672
    endloop
  endfacet
  facet normal 0 -1 0
    outer loop
      vertex -12.399999618530273 -5.5 0.19999980926513672
      vertex -12.421170234680176 -5.5 0.18999958038330078
      vertex -12.399999618530273 -5.5 0.18999958038330078
    endloop
  endfacet
  facet normal 0 1 0
    outer loop
      vertex -12.399999618530273 5.5 2
      vertex -12.421170234680176 5.5 0.231755331158638
      vertex -12.421170234680176 5.5 1.9682444334030151
    endloop
  endfacet
  facet normal 0 1 0
    outer loop
      vertex -12.421170234680176 5.5 0.231755331158638
      vertex -12.399999618530273 5.5 2
      vertex -12.399999618530273 5.5 0.19999980926513672
    endloop
  endfacet
  facet normal 0 1 0
    outer loop
      vertex -12.399999618530273 5.5 0.18999958038330078
      vertex -12.421170234680176 5.5 0.19999980926513672
      vertex -12.399999618530273 5.5 0.19999980926513672
    endloop
  endfacet
  facet normal 0 1 0
    outer loop
      vertex -12.421170234680176 5.5 0.19999980926513672
      vertex -12.399999618530273 5.5 0.18999958038330078
      vertex -12.421170234680176 5.5 0.18999958038330078
    endloop
  endfacet
  facet normal -0.8320474110528925 -0.000012423075532715529 0.5547045209891897
    outer loop
      vertex -12.427510261535645 5.473926544189453 1.9587339162826538
      vertex -12.399999618530273 5.5 2
      vertex -12.421170234680176 5.5 1.9682444334030151
    endloop
  endfacet
  facet normal -0.8320512454444123 7.253710808133898e-7 0.5546987695622518
    outer loop
      vertex -12.468979835510254 5.297207832336426 1.8965295553207397
      vertex -12.399999618530273 5.5 2
      vertex -12.427510261535645 5.473926544189453 1.9587339162826538
    endloop
  endfacet
  facet normal -0.8320501677378553 -4.6603043189745436e-7 0.5547003861249689
    outer loop
      vertex -12.509085655212402 5.119908332824707 1.8363707065582275
      vertex -12.399999618530273 5.5 2
      vertex -12.468979835510254 5.297207832336426 1.8965295553207397
    endloop
  endfacet
  facet normal -0.8320501883303837 -4.468227923736132e-7 0.5547003552362061
    outer loop
      vertex -12.54782485961914 4.942048072814941 1.7782617807388306
      vertex -12.399999618530273 5.5 2
      vertex -12.509085655212402 5.119908332824707 1.8363707065582275
    endloop
  endfacet
  facet normal -0.8320502105616864 -4.2768021897936774e-7 0.5547003218892799
    outer loop
      vertex -12.58519172668457 4.763645172119141 1.7222113609313965
      vertex -12.399999618530273 5.5 2
      vertex -12.54782485961914 4.942048072814941 1.7782617807388306
    endloop
  endfacet
  facet normal -0.8320524897005893 0.0000014352277350521041 0.5546969031651346
    outer loop
      vertex -12.621183395385742 4.584719657897949 1.6682238578796387
      vertex -12.399999618530273 5.5 2
      vertex -12.58519172668457 4.763645172119141 1.7222113609313965
    endloop
  endfacet
  facet normal -0.8320497922923047 -6.832832286314398e-7 0.5547009492923785
    outer loop
      vertex -12.655795097351074 4.405292510986328 1.616306185722351
      vertex -12.399999618530273 5.5 2
      vertex -12.621183395385742 4.584719657897949 1.6682238578796387
    endloop
  endfacet
  facet normal -0.832049882697063 -6.146287018284046e-7 0.5547008136855632
    outer loop
      vertex -12.6890230178833 4.225380897521973 1.5664641857147217
      vertex -12.399999618530273 5.5 2
      vertex -12.655795097351074 4.405292510986328 1.616306185722351
    endloop
  endfacet
  facet normal -0.8320522013071197 0.0000010940684517335278 0.5546973357595828
    outer loop
      vertex -12.720864295959473 4.04500675201416 1.5187022686004639
      vertex -12.399999618530273 5.5 2
      vertex -12.6890230178833 4.225380897521973 1.5664641857147217
    endloop
  endfacet
  facet normal -0.832049745198929 -6.662574777009903e-7 0.5547010199323175
    outer loop
      vertex -12.751315116882324 3.8641891479492188 1.473025918006897
      vertex -12.399999618530273 5.5 2
      vertex -12.720864295959473 4.04500675201416 1.5187022686004639
    endloop
  endfacet
  facet normal -0.8320498316049686 -6.059471892292136e-7 0.5547008903235835
    outer loop
      vertex -12.78037166595459 3.6829471588134766 1.429440975189209
      vertex -12.399999618530273 5.5 2
      vertex -12.751315116882324 3.8641891479492188 1.473025918006897
    endloop
  endfacet
  facet normal -0.8320518641522852 7.768746706548543e-7 0.5546978414958035
    outer loop
      vertex -12.799999237060547 3.554048538208008 1.3999996185302734
      vertex -12.399999618530273 5.5 2
      vertex -12.78037166595459 3.6829471588134766 1.429440975189209
    endloop
  endfacet
  facet normal -0.8320507012631989 0 0.5546995858367112
    outer loop
      vertex -12.799999237060547 -3.554048538208008 1.3999996185302734
      vertex -12.399999618530273 5.5 2
      vertex -12.799999237060547 3.554048538208008 1.3999996185302734
    endloop
  endfacet
  facet normal -0.8320518641522852 -7.768746706548543e-7 0.5546978414958035
    outer loop
      vertex -12.399999618530273 -5.5 2
      vertex -12.799999237060547 -3.554048538208008 1.3999996185302734
      vertex -12.78037166595459 -3.6829471588134766 1.429440975189209
    endloop
  endfacet
  facet normal -0.8320498316049686 6.059471892292136e-7 0.5547008903235835
    outer loop
      vertex -12.399999618530273 -5.5 2
      vertex -12.78037166595459 -3.6829471588134766 1.429440975189209
      vertex -12.751315116882324 -3.8641891479492188 1.473025918006897
    endloop
  endfacet
  facet normal -0.832049745198929 6.662574777009903e-7 0.5547010199323175
    outer loop
      vertex -12.399999618530273 -5.5 2
      vertex -12.751315116882324 -3.8641891479492188 1.473025918006897
      vertex -12.720864295959473 -4.04500675201416 1.5187022686004639
    endloop
  endfacet
  facet normal -0.8320522013071197 -0.0000010940684517335278 0.5546973357595828
    outer loop
      vertex -12.399999618530273 -5.5 2
      vertex -12.720864295959473 -4.04500675201416 1.5187022686004639
      vertex -12.6890230178833 -4.225380897521973 1.5664641857147217
    endloop
  endfacet
  facet normal -0.832049882697063 6.146287018284046e-7 0.5547008136855632
    outer loop
      vertex -12.399999618530273 -5.5 2
      vertex -12.6890230178833 -4.225380897521973 1.5664641857147217
      vertex -12.655795097351074 -4.405292510986328 1.616306185722351
    endloop
  endfacet
  facet normal -0.8320497922923047 6.832832286314398e-7 0.5547009492923785
    outer loop
      vertex -12.399999618530273 -5.5 2
      vertex -12.655795097351074 -4.405292510986328 1.616306185722351
      vertex -12.621183395385742 -4.584719657897949 1.6682238578796387
    endloop
  endfacet
  facet normal -0.8320524897005893 -0.0000014352277350521041 0.5546969031651346
    outer loop
      vertex -12.399999618530273 -5.5 2
      vertex -12.621183395385742 -4.584719657897949 1.6682238578796387
      vertex -12.58519172668457 -4.763645172119141 1.7222113609313965
    endloop
  endfacet
  facet normal -0.8320502105616864 4.2768021897936774e-7 0.5547003218892799
    outer loop
      vertex -12.399999618530273 -5.5 2
      vertex -12.58519172668457 -4.763645172119141 1.7222113609313965
      vertex -12.54782485961914 -4.942048072814941 1.7782617807388306
    endloop
  endfacet
  facet normal -0.8320501883303837 4.468227923736132e-7 0.5547003552362061
    outer loop
      vertex -12.399999618530273 -5.5 2
      vertex -12.54782485961914 -4.942048072814941 1.7782617807388306
      vertex -12.509085655212402 -5.119908332824707 1.8363707065582275
    endloop
  endfacet
  facet normal -0.8320501677378553 4.6603043189745436e-7 0.5547003861249689
    outer loop
      vertex -12.399999618530273 -5.5 2
      vertex -12.509085655212402 -5.119908332824707 1.8363707065582275
      vertex -12.468979835510254 -5.297207832336426 1.8965295553207397
    endloop
  endfacet
  facet normal -0.8320512454444123 -7.253710808133898e-7 0.5546987695622518
    outer loop
      vertex -12.399999618530273 -5.5 2
      vertex -12.468979835510254 -5.297207832336426 1.8965295553207397
      vertex -12.427510261535645 -5.473926544189453 1.9587339162826538
    endloop
  endfacet
  facet normal -0.8320474110528925 0.000012423075532715529 0.5547045209891897
    outer loop
      vertex -12.399999618530273 -5.5 2
      vertex -12.427510261535645 -5.473926544189453 1.9587339162826538
      vertex -12.421170234680176 -5.5 1.9682444334030151
    endloop
  endfacet
  facet normal -0.8320507012631989 0 0.5546995858367112
    outer loop
      vertex -12.799999237060547 -3.554048538208008 1.3999996185302734
      vertex -12.399999618530273 -5.5 2
      vertex -12.399999618530273 5.5 2
    endloop
  endfacet
  facet normal 0 0 1
    outer loop
      vertex -12.427510261535645 5.473926544189453 0.19999980926513672
      vertex -12.399999618530273 5.5 0.19999980926513672
      vertex -12.421170234680176 5.5 0.19999980926513672
    endloop
  endfacet
  facet normal 0 0 1
    outer loop
      vertex -12.468979835510254 5.297207832336426 0.19999980926513672
      vertex -12.399999618530273 5.5 0.19999980926513672
      vertex -12.427510261535645 5.473926544189453 0.19999980926513672
    endloop
  endfacet
  facet normal 0 0 1
    outer loop
      vertex -12.509085655212402 5.119908332824707 0.19999980926513672
      vertex -12.399999618530273 5.5 0.19999980926513672
      vertex -12.468979835510254 5.297207832336426 0.19999980926513672
    endloop
  endfacet
  facet normal 0 0 1
    outer loop
      vertex -12.399999618530273 -5.5 0.19999980926513672
      vertex -12.427510261535645 -5.473926544189453 0.19999980926513672
      vertex -12.421170234680176 -5.5 0.19999980926513672
    endloop
  endfacet
  facet normal 0 0 1
    outer loop
      vertex -12.54782485961914 4.942048072814941 0.19999980926513672
      vertex -12.399999618530273 5.5 0.19999980926513672
      vertex -12.509085655212402 5.119908332824707 0.19999980926513672
    endloop
  endfacet
  facet normal 0 0 1
    outer loop
      vertex -12.399999618530273 -5.5 0.19999980926513672
      vertex -12.468979835510254 -5.297207832336426 0.19999980926513672
      vertex -12.427510261535645 -5.473926544189453 0.19999980926513672
    endloop
  endfacet
  facet normal 0 0 1
    outer loop
      vertex -12.58519172668457 4.763645172119141 0.19999980926513672
      vertex -12.399999618530273 5.5 0.19999980926513672
      vertex -12.54782485961914 4.942048072814941 0.19999980926513672
    endloop
  endfacet
  facet normal 0 0 1
    outer loop
      vertex -12.399999618530273 -5.5 0.19999980926513672
      vertex -12.509085655212402 -5.119908332824707 0.19999980926513672
      vertex -12.468979835510254 -5.297207832336426 0.19999980926513672
    endloop
  endfacet
  facet normal 0 0 1
    outer loop
      vertex -12.621183395385742 4.584719657897949 0.19999980926513672
      vertex -12.399999618530273 5.5 0.19999980926513672
      vertex -12.58519172668457 4.763645172119141 0.19999980926513672
    endloop
  endfacet
  facet normal 0 0 1
    outer loop
      vertex -12.399999618530273 -5.5 0.19999980926513672
      vertex -12.54782485961914 -4.942048072814941 0.19999980926513672
      vertex -12.509085655212402 -5.119908332824707 0.19999980926513672
    endloop
  endfacet
  facet normal 0 0 1
    outer loop
      vertex -12.655795097351074 4.405292510986328 0.19999980926513672
      vertex -12.399999618530273 5.5 0.19999980926513672
      vertex -12.621183395385742 4.584719657897949 0.19999980926513672
    endloop
  endfacet
  facet normal 0 0 1
    outer loop
      vertex -12.399999618530273 -5.5 0.19999980926513672
      vertex -12.58519172668457 -4.763645172119141 0.19999980926513672
      vertex -12.54782485961914 -4.942048072814941 0.19999980926513672
    endloop
  endfacet
  facet normal 0 0 1
    outer loop
      vertex -12.6890230178833 4.225380897521973 0.19999980926513672
      vertex -12.399999618530273 5.5 0.19999980926513672
      vertex -12.655795097351074 4.405292510986328 0.19999980926513672
    endloop
  endfacet
  facet normal 0 0 1
    outer loop
      vertex -12.399999618530273 -5.5 0.19999980926513672
      vertex -12.621183395385742 -4.584719657897949 0.19999980926513672
      vertex -12.58519172668457 -4.763645172119141 0.19999980926513672
    endloop
  endfacet
  facet normal 0 0 1
    outer loop
      vertex -12.720864295959473 4.04500675201416 0.19999980926513672
      vertex -12.399999618530273 5.5 0.19999980926513672
      vertex -12.6890230178833 4.225380897521973 0.19999980926513672
    endloop
  endfacet
  facet normal 0 0 1
    outer loop
      vertex -12.399999618530273 -5.5 0.19999980926513672
      vertex -12.655795097351074 -4.405292510986328 0.19999980926513672
      vertex -12.621183395385742 -4.584719657897949 0.19999980926513672
    endloop
  endfacet
  facet normal 0 0 1
    outer loop
      vertex -12.751315116882324 3.8641891479492188 0.19999980926513672
      vertex -12.399999618530273 5.5 0.19999980926513672
      vertex -12.720864295959473 4.04500675201416 0.19999980926513672
    endloop
  endfacet
  facet normal 0 0 1
    outer loop
      vertex -12.399999618530273 -5.5 0.19999980926513672
      vertex -12.6890230178833 -4.225380897521973 0.19999980926513672
      vertex -12.655795097351074 -4.405292510986328 0.19999980926513672
    endloop
  endfacet
  facet normal 0 0 1
    outer loop
      vertex -12.78037166595459 3.6829471588134766 0.19999980926513672
      vertex -12.399999618530273 5.5 0.19999980926513672
      vertex -12.751315116882324 3.8641891479492188 0.19999980926513672
    endloop
  endfacet
  facet normal 0 0 1
    outer loop
      vertex -12.399999618530273 -5.5 0.19999980926513672
      vertex -12.720864295959473 -4.04500675201416 0.19999980926513672
      vertex -12.6890230178833 -4.225380897521973 0.19999980926513672
    endloop
  endfacet
  facet normal 0 0 1
    outer loop
      vertex -12.799999237060547 3.554048538208008 0.19999980926513672
      vertex -12.399999618530273 5.5 0.19999980926513672
      vertex -12.78037166595459 3.6829471588134766 0.19999980926513672
    endloop
  endfacet
  facet normal 0 0 1
    outer loop
      vertex -12.399999618530273 -5.5 0.19999980926513672
      vertex -12.751315116882324 -3.8641891479492188 0.19999980926513672
      vertex -12.720864295959473 -4.04500675201416 0.19999980926513672
    endloop
  endfacet
  facet normal 0 0 1
    outer loop
      vertex -12.399999618530273 5.5 0.19999980926513672
      vertex -12.799999237060547 3.554048538208008 0.19999980926513672
      vertex -12.399999618530273 -5.5 0.19999980926513672
    endloop
  endfacet
  facet normal 0 0 1
    outer loop
      vertex -12.399999618530273 -5.5 0.19999980926513672
      vertex -12.78037166595459 -3.6829471588134766 0.19999980926513672
      vertex -12.751315116882324 -3.8641891479492188 0.19999980926513672
    endloop
  endfacet
  facet normal 0 0 1
    outer loop
      vertex -12.799999237060547 -3.554048538208008 0.19999980926513672
      vertex -12.399999618530273 -5.5 0.19999980926513672
      vertex -12.799999237060547 3.554048538208008 0.19999980926513672
    endloop
  endfacet
  facet normal 0 0 1
    outer loop
      vertex -12.399999618530273 -5.5 0.19999980926513672
      vertex -12.799999237060547 -3.554048538208008 0.19999980926513672
      vertex -12.78037166595459 -3.6829471588134766 0.19999980926513672
    endloop
  endfacet
  facet normal -0.8320470506582945 -0.000011122813416446376 -0.5547050616022147
    outer loop
      vertex -12.399999618530273 5.5 0.19999980926513672
      vertex -12.427510261535645 5.473926544189453 0.24126577377319336
      vertex -12.421170234680176 5.5 0.231755331158638
    endloop
  endfacet
  facet normal -0.8320502943378436 0 -0.554700196225229
    outer loop
      vertex -12.399999618530273 5.5 0.19999980926513672
      vertex -12.468979835510254 5.297207832336426 0.3034701347351074
      vertex -12.427510261535645 5.473926544189453 0.24126577377319336
    endloop
  endfacet
  facet normal -0.8320502943378437 0 -0.5547001962252291
    outer loop
      vertex -12.399999618530273 5.5 0.19999980926513672
      vertex -12.509085655212402 5.119908332824707 0.3636288642883301
      vertex -12.468979835510254 5.297207832336426 0.3034701347351074
    endloop
  endfacet
  facet normal -0.8320502943378436 0 -0.554700196225229
    outer loop
      vertex -12.399999618530273 5.5 0.19999980926513672
      vertex -12.54782485961914 4.942048072814941 0.4217376708984375
      vertex -12.509085655212402 5.119908332824707 0.3636288642883301
    endloop
  endfacet
  facet normal -0.8320502943378436 0 -0.554700196225229
    outer loop
      vertex -12.399999618530273 5.5 0.19999980926513672
      vertex -12.58519172668457 4.763645172119141 0.47778797149658203
      vertex -12.54782485961914 4.942048072814941 0.4217376708984375
    endloop
  endfacet
  facet normal -0.8320502943378437 0 -0.5547001962252291
    outer loop
      vertex -12.399999618530273 5.5 0.19999980926513672
      vertex -12.621183395385742 4.584719657897949 0.5317754745483398
      vertex -12.58519172668457 4.763645172119141 0.47778797149658203
    endloop
  endfacet
  facet normal -0.8320502943378437 0 -0.5547001962252291
    outer loop
      vertex -12.399999618530273 5.5 0.19999980926513672
      vertex -12.655795097351074 4.405292510986328 0.5836930274963379
      vertex -12.621183395385742 4.584719657897949 0.5317754745483398
    endloop
  endfacet
  facet normal -0.8320502943378437 0 -0.5547001962252291
    outer loop
      vertex -12.399999618530273 5.5 0.19999980926513672
      vertex -12.6890230178833 4.225380897521973 0.6335349082946777
      vertex -12.655795097351074 4.405292510986328 0.5836930274963379
    endloop
  endfacet
  facet normal -0.8320502943378436 0 -0.5547001962252291
    outer loop
      vertex -12.399999618530273 5.5 0.19999980926513672
      vertex -12.720864295959473 4.04500675201416 0.6812968254089355
      vertex -12.6890230178833 4.225380897521973 0.6335349082946777
    endloop
  endfacet
  facet normal -0.8320502943378437 0 -0.5547001962252291
    outer loop
      vertex -12.399999618530273 5.5 0.19999980926513672
      vertex -12.751315116882324 3.8641891479492188 0.7269730567932129
      vertex -12.720864295959473 4.04500675201416 0.6812968254089355
    endloop
  endfacet
  facet normal -0.8320502943378437 0 -0.5547001962252291
    outer loop
      vertex -12.399999618530273 5.5 0.19999980926513672
      vertex -12.78037166595459 3.6829471588134766 0.7705578804016113
      vertex -12.751315116882324 3.8641891479492188 0.7269730567932129
    endloop
  endfacet
  facet normal -0.8320502943378437 0 -0.5547001962252291
    outer loop
      vertex -12.399999618530273 5.5 0.19999980926513672
      vertex -12.799999237060547 3.554048538208008 0.7999992370605469
      vertex -12.78037166595459 3.6829471588134766 0.7705578804016113
    endloop
  endfacet
  facet normal -0.8320502943378436 0 -0.554700196225229
    outer loop
      vertex -12.399999618530273 5.5 0.19999980926513672
      vertex -12.799999237060547 -3.554048538208008 0.7999992370605469
      vertex -12.799999237060547 3.554048538208008 0.7999992370605469
    endloop
  endfacet
  facet normal -0.8320502943378436 0 -0.5547001962252291
    outer loop
      vertex -12.399999618530273 -5.5 0.19999980926513672
      vertex -12.799999237060547 -3.554048538208008 0.7999992370605469
      vertex -12.399999618530273 5.5 0.19999980926513672
    endloop
  endfacet
  facet normal -0.8320502943378437 0 -0.5547001962252291
    outer loop
      vertex -12.799999237060547 -3.554048538208008 0.7999992370605469
      vertex -12.399999618530273 -5.5 0.19999980926513672
      vertex -12.78037166595459 -3.6829471588134766 0.7705578804016113
    endloop
  endfacet
  facet normal -0.8320502943378437 0 -0.5547001962252291
    outer loop
      vertex -12.78037166595459 -3.6829471588134766 0.7705578804016113
      vertex -12.399999618530273 -5.5 0.19999980926513672
      vertex -12.751315116882324 -3.8641891479492188 0.7269730567932129
    endloop
  endfacet
  facet normal -0.8320502943378437 0 -0.5547001962252291
    outer loop
      vertex -12.751315116882324 -3.8641891479492188 0.7269730567932129
      vertex -12.399999618530273 -5.5 0.19999980926513672
      vertex -12.720864295959473 -4.04500675201416 0.6812968254089355
    endloop
  endfacet
  facet normal -0.8320502943378436 0 -0.5547001962252291
    outer loop
      vertex -12.720864295959473 -4.04500675201416 0.6812968254089355
      vertex -12.399999618530273 -5.5 0.19999980926513672
      vertex -12.6890230178833 -4.225380897521973 0.6335349082946777
    endloop
  endfacet
  facet normal -0.8320502943378437 0 -0.5547001962252291
    outer loop
      vertex -12.6890230178833 -4.225380897521973 0.6335349082946777
      vertex -12.399999618530273 -5.5 0.19999980926513672
      vertex -12.655795097351074 -4.405292510986328 0.5836930274963379
    endloop
  endfacet
  facet normal -0.8320502943378437 0 -0.5547001962252291
    outer loop
      vertex -12.655795097351074 -4.405292510986328 0.5836930274963379
      vertex -12.399999618530273 -5.5 0.19999980926513672
      vertex -12.621183395385742 -4.584719657897949 0.5317754745483398
    endloop
  endfacet
  facet normal -0.8320502943378437 0 -0.5547001962252291
    outer loop
      vertex -12.621183395385742 -4.584719657897949 0.5317754745483398
      vertex -12.399999618530273 -5.5 0.19999980926513672
      vertex -12.58519172668457 -4.763645172119141 0.47778797149658203
    endloop
  endfacet
  facet normal -0.8320502943378436 0 -0.554700196225229
    outer loop
      vertex -12.58519172668457 -4.763645172119141 0.47778797149658203
      vertex -12.399999618530273 -5.5 0.19999980926513672
      vertex -12.54782485961914 -4.942048072814941 0.4217376708984375
    endloop
  endfacet
  facet normal -0.8320502943378436 0 -0.554700196225229
    outer loop
      vertex -12.54782485961914 -4.942048072814941 0.4217376708984375
      vertex -12.399999618530273 -5.5 0.19999980926513672
      vertex -12.509085655212402 -5.119908332824707 0.3636288642883301
    endloop
  endfacet
  facet normal -0.8320502943378437 0 -0.5547001962252291
    outer loop
      vertex -12.509085655212402 -5.119908332824707 0.3636288642883301
      vertex -12.399999618530273 -5.5 0.19999980926513672
      vertex -12.468979835510254 -5.297207832336426 0.3034701347351074
    endloop
  endfacet
  facet normal -0.8320502943378436 0 -0.554700196225229
    outer loop
      vertex -12.468979835510254 -5.297207832336426 0.3034701347351074
      vertex -12.399999618530273 -5.5 0.19999980926513672
      vertex -12.427510261535645 -5.473926544189453 0.24126577377319336
    endloop
  endfacet
  facet normal -0.8320470506582945 0.000011122813416446376 -0.5547050616022147
    outer loop
      vertex -12.427510261535645 -5.473926544189453 0.24126577377319336
      vertex -12.399999618530273 -5.5 0.19999980926513672
      vertex -12.421170234680176 -5.5 0.231755331158638
    endloop
  endfacet
  facet normal -0.9803624163252163 0.19720429167993125 0
    outer loop
      vertex -12.621183395385742 4.584719657897949 0.18999958038330078
      vertex -12.58519172668457 4.763645172119141 0.19999980926513672
      vertex -12.58519172668457 4.763645172119141 0.18999958038330078
    endloop
  endfacet
  facet normal -0.9803624163252163 0.19720429167993125 0
    outer loop
      vertex -12.58519172668457 4.763645172119141 0.19999980926513672
      vertex -12.621183395385742 4.584719657897949 0.18999958038330078
      vertex -12.621183395385742 4.584719657897949 0.19999980926513672
    endloop
  endfacet
  facet normal -0.9803624163252163 0.19720429167993125 0
    outer loop
      vertex -12.621183395385742 4.584719657897949 0.5317754745483398
      vertex -12.58519172668457 4.763645172119141 1.7222113609313965
      vertex -12.58519172668457 4.763645172119141 0.47778797149658203
    endloop
  endfacet
  facet normal -0.9803624163252161 0.19720429167993123 0
    outer loop
      vertex -12.58519172668457 4.763645172119141 1.7222113609313965
      vertex -12.621183395385742 4.584719657897949 0.5317754745483398
      vertex -12.621183395385742 4.584719657897949 1.6682238578796387
    endloop
  endfacet
  facet normal -0.9818982231037188 -0.18940929086441305 0
    outer loop
      vertex -12.621183395385742 -4.584719657897949 0.18999958038330078
      vertex -12.655795097351074 -4.405292510986328 0.19999980926513672
      vertex -12.655795097351074 -4.405292510986328 0.18999958038330078
    endloop
  endfacet
  facet normal -0.9818982231037188 -0.18940929086441305 0
    outer loop
      vertex -12.655795097351074 -4.405292510986328 0.19999980926513672
      vertex -12.621183395385742 -4.584719657897949 0.18999958038330078
      vertex -12.621183395385742 -4.584719657897949 0.19999980926513672
    endloop
  endfacet
  facet normal -0.9818982231037188 -0.18940929086441305 0
    outer loop
      vertex -12.621183395385742 -4.584719657897949 0.5317754745483398
      vertex -12.655795097351074 -4.405292510986328 1.616306185722351
      vertex -12.655795097351074 -4.405292510986328 0.5836930274963379
    endloop
  endfacet
  facet normal -0.9818982231037187 -0.18940929086441302 0
    outer loop
      vertex -12.655795097351074 -4.405292510986328 1.616306185722351
      vertex -12.621183395385742 -4.584719657897949 0.5317754745483398
      vertex -12.621183395385742 -4.584719657897949 1.6682238578796387
    endloop
  endfacet
  facet normal -0.9873914331975868 -0.1582976868056369 0
    outer loop
      vertex -12.751315116882324 -3.8641891479492188 0.18999958038330078
      vertex -12.78037166595459 -3.6829471588134766 0.19999980926513672
      vertex -12.78037166595459 -3.6829471588134766 0.18999958038330078
    endloop
  endfacet
  facet normal -0.9873914331975868 -0.1582976868056369 0
    outer loop
      vertex -12.78037166595459 -3.6829471588134766 0.19999980926513672
      vertex -12.751315116882324 -3.8641891479492188 0.18999958038330078
      vertex -12.751315116882324 -3.8641891479492188 0.19999980926513672
    endloop
  endfacet
  facet normal -0.9873914331975868 -0.1582976868056369 0
    outer loop
      vertex -12.751315116882324 -3.8641891479492188 0.7269730567932129
      vertex -12.78037166595459 -3.6829471588134766 1.429440975189209
      vertex -12.78037166595459 -3.6829471588134766 0.7705578804016113
    endloop
  endfacet
  facet normal -0.9873914331975868 -0.1582976868056369 0
    outer loop
      vertex -12.78037166595459 -3.6829471588134766 1.429440975189209
      vertex -12.751315116882324 -3.8641891479492188 0.7269730567932129
      vertex -12.751315116882324 -3.8641891479492188 1.473025918006897
    endloop
  endfacet
  facet normal -0.9861143285893457 0.16606785044307681 0
    outer loop
      vertex -12.751315116882324 3.8641891479492188 0.18999958038330078
      vertex -12.720864295959473 4.04500675201416 0.19999980926513672
      vertex -12.720864295959473 4.04500675201416 0.18999958038330078
    endloop
  endfacet
  facet normal -0.9861143285893457 0.16606785044307681 0
    outer loop
      vertex -12.720864295959473 4.04500675201416 0.19999980926513672
      vertex -12.751315116882324 3.8641891479492188 0.18999958038330078
      vertex -12.751315116882324 3.8641891479492188 0.19999980926513672
    endloop
  endfacet
  facet normal -0.9861143285893456 0.1660678504430768 0
    outer loop
      vertex -12.751315116882324 3.8641891479492188 0.7269730567932129
      vertex -12.720864295959473 4.04500675201416 1.5187022686004639
      vertex -12.720864295959473 4.04500675201416 0.6812968254089355
    endloop
  endfacet
  facet normal -0.9861143285893458 0.16606785044307684 0
    outer loop
      vertex -12.720864295959473 4.04500675201416 1.5187022686004639
      vertex -12.751315116882324 3.8641891479492188 0.7269730567932129
      vertex -12.751315116882324 3.8641891479492188 1.473025918006897
    endloop
  endfacet
  facet normal -0.9770919790805535 -0.21281744387255314 0
    outer loop
      vertex -12.509085655212402 -5.119908332824707 0.18999958038330078
      vertex -12.54782485961914 -4.942048072814941 0.19999980926513672
      vertex -12.54782485961914 -4.942048072814941 0.18999958038330078
    endloop
  endfacet
  facet normal -0.9770919790805535 -0.21281744387255314 0
    outer loop
      vertex -12.54782485961914 -4.942048072814941 0.19999980926513672
      vertex -12.509085655212402 -5.119908332824707 0.18999958038330078
      vertex -12.509085655212402 -5.119908332824707 0.19999980926513672
    endloop
  endfacet
  facet normal -0.9770919790805535 -0.21281744387255314 0
    outer loop
      vertex -12.509085655212402 -5.119908332824707 0.3636288642883301
      vertex -12.54782485961914 -4.942048072814941 1.7782617807388306
      vertex -12.54782485961914 -4.942048072814941 0.4217376708984375
    endloop
  endfacet
  facet normal -0.9770919790805535 -0.21281744387255316 0
    outer loop
      vertex -12.54782485961914 -4.942048072814941 1.7782617807388306
      vertex -12.509085655212402 -5.119908332824707 0.3636288642883301
      vertex -12.509085655212402 -5.119908332824707 1.8363707065582275
    endloop
  endfacet
  facet normal -0.9753576661901758 -0.2206296059101169 0
    outer loop
      vertex -12.468979835510254 -5.297207832336426 0.18999958038330078
      vertex -12.509085655212402 -5.119908332824707 0.19999980926513672
      vertex -12.509085655212402 -5.119908332824707 0.18999958038330078
    endloop
  endfacet
  facet normal -0.9753576661901758 -0.2206296059101169 0
    outer loop
      vertex -12.509085655212402 -5.119908332824707 0.19999980926513672
      vertex -12.468979835510254 -5.297207832336426 0.18999958038330078
      vertex -12.468979835510254 -5.297207832336426 0.19999980926513672
    endloop
  endfacet
  facet normal -0.9753576661901757 -0.22062960591011688 0
    outer loop
      vertex -12.468979835510254 -5.297207832336426 0.3034701347351074
      vertex -12.509085655212402 -5.119908332824707 1.8363707065582275
      vertex -12.509085655212402 -5.119908332824707 0.3636288642883301
    endloop
  endfacet
  facet normal -0.9753576661901757 -0.22062960591011688 0
    outer loop
      vertex -12.509085655212402 -5.119908332824707 1.8363707065582275
      vertex -12.468979835510254 -5.297207832336426 0.3034701347351074
      vertex -12.468979835510254 -5.297207832336426 1.8965295553207397
    endloop
  endfacet
  facet normal -0.9873914331975868 0.1582976868056369 0
    outer loop
      vertex -12.78037166595459 3.6829471588134766 0.18999958038330078
      vertex -12.751315116882324 3.8641891479492188 0.19999980926513672
      vertex -12.751315116882324 3.8641891479492188 0.18999958038330078
    endloop
  endfacet
  facet normal -0.9873914331975868 0.1582976868056369 0
    outer loop
      vertex -12.751315116882324 3.8641891479492188 0.19999980926513672
      vertex -12.78037166595459 3.6829471588134766 0.18999958038330078
      vertex -12.78037166595459 3.6829471588134766 0.19999980926513672
    endloop
  endfacet
  facet normal -0.9873914331975868 0.1582976868056369 0
    outer loop
      vertex -12.78037166595459 3.6829471588134766 0.7705578804016113
      vertex -12.751315116882324 3.8641891479492188 1.473025918006897
      vertex -12.751315116882324 3.8641891479492188 0.7269730567932129
    endloop
  endfacet
  facet normal -0.9873914331975868 0.1582976868056369 0
    outer loop
      vertex -12.751315116882324 3.8641891479492188 1.473025918006897
      vertex -12.78037166595459 3.6829471588134766 0.7705578804016113
      vertex -12.78037166595459 3.6829471588134766 1.429440975189209
    endloop
  endfacet
  facet normal -0.9833690346652398 -0.18161867101582438 0
    outer loop
      vertex -12.655795097351074 -4.405292510986328 0.18999958038330078
      vertex -12.6890230178833 -4.225380897521973 0.19999980926513672
      vertex -12.6890230178833 -4.225380897521973 0.18999958038330078
    endloop
  endfacet
  facet normal -0.9833690346652398 -0.18161867101582438 0
    outer loop
      vertex -12.6890230178833 -4.225380897521973 0.19999980926513672
      vertex -12.655795097351074 -4.405292510986328 0.18999958038330078
      vertex -12.655795097351074 -4.405292510986328 0.19999980926513672
    endloop
  endfacet
  facet normal -0.9833690346652398 -0.18161867101582438 0
    outer loop
      vertex -12.655795097351074 -4.405292510986328 0.5836930274963379
      vertex -12.6890230178833 -4.225380897521973 1.5664641857147217
      vertex -12.6890230178833 -4.225380897521973 0.6335349082946777
    endloop
  endfacet
  facet normal -0.9833690346652398 -0.18161867101582438 0
    outer loop
      vertex -12.6890230178833 -4.225380897521973 1.5664641857147217
      vertex -12.655795097351074 -4.405292510986328 0.5836930274963379
      vertex -12.655795097351074 -4.405292510986328 1.616306185722351
    endloop
  endfacet
  facet normal -0.9716861304259974 0.2362753985030004 0
    outer loop
      vertex -12.427510261535645 5.473926544189453 0.18999958038330078
      vertex -12.421170234680176 5.5 0.19999980926513672
      vertex -12.421170234680176 5.5 0.18999958038330078
    endloop
  endfacet
  facet normal -0.9716861304259974 0.2362753985030004 0
    outer loop
      vertex -12.421170234680176 5.5 0.19999980926513672
      vertex -12.427510261535645 5.473926544189453 0.18999958038330078
      vertex -12.427510261535645 5.473926544189453 0.19999980926513672
    endloop
  endfacet
  facet normal -0.9716861304259974 0.2362753985030004 0
    outer loop
      vertex -12.427510261535645 5.473926544189453 0.24126577377319336
      vertex -12.421170234680176 5.5 1.9682444334030151
      vertex -12.421170234680176 5.5 0.231755331158638
    endloop
  endfacet
  facet normal -0.9716861304259974 0.2362753985030004 0
    outer loop
      vertex -12.421170234680176 5.5 1.9682444334030151
      vertex -12.427510261535645 5.473926544189453 0.24126577377319336
      vertex -12.427510261535645 5.473926544189453 1.9587339162826538
    endloop
  endfacet
  facet normal -0.9753576661901758 0.2206296059101169 0
    outer loop
      vertex -12.509085655212402 5.119908332824707 0.18999958038330078
      vertex -12.468979835510254 5.297207832336426 0.19999980926513672
      vertex -12.468979835510254 5.297207832336426 0.18999958038330078
    endloop
  endfacet
  facet normal -0.9753576661901758 0.2206296059101169 0
    outer loop
      vertex -12.468979835510254 5.297207832336426 0.19999980926513672
      vertex -12.509085655212402 5.119908332824707 0.18999958038330078
      vertex -12.509085655212402 5.119908332824707 0.19999980926513672
    endloop
  endfacet
  facet normal -0.9753576661901757 0.22062960591011688 0
    outer loop
      vertex -12.509085655212402 5.119908332824707 0.3636288642883301
      vertex -12.468979835510254 5.297207832336426 1.8965295553207397
      vertex -12.468979835510254 5.297207832336426 0.3034701347351074
    endloop
  endfacet
  facet normal -0.9753576661901757 0.22062960591011688 0
    outer loop
      vertex -12.468979835510254 5.297207832336426 1.8965295553207397
      vertex -12.509085655212402 5.119908332824707 0.3636288642883301
      vertex -12.509085655212402 5.119908332824707 1.8363707065582275
    endloop
  endfacet
  facet normal -0.9886045015018302 -0.15053617376005599 0
    outer loop
      vertex -12.78037166595459 -3.6829471588134766 0.18999958038330078
      vertex -12.799999237060547 -3.554048538208008 0.19999980926513672
      vertex -12.799999237060547 -3.554048538208008 0.18999958038330078
    endloop
  endfacet
  facet normal -0.9886045015018302 -0.15053617376005599 0
    outer loop
      vertex -12.799999237060547 -3.554048538208008 0.19999980926513672
      vertex -12.78037166595459 -3.6829471588134766 0.18999958038330078
      vertex -12.78037166595459 -3.6829471588134766 0.19999980926513672
    endloop
  endfacet
  facet normal -0.9886045015018301 -0.15053617376005599 0
    outer loop
      vertex -12.78037166595459 -3.6829471588134766 0.7705578804016113
      vertex -12.799999237060547 -3.554048538208008 1.3999996185302734
      vertex -12.799999237060547 -3.554048538208008 0.7999992370605469
    endloop
  endfacet
  facet normal -0.9886045015018302 -0.15053617376005599 0
    outer loop
      vertex -12.799999237060547 -3.554048538208008 1.3999996185302734
      vertex -12.78037166595459 -3.6829471588134766 0.7705578804016113
      vertex -12.78037166595459 -3.6829471588134766 1.429440975189209
    endloop
  endfacet
  facet normal -0.9735536983388787 0.2284583035275619 0
    outer loop
      vertex -12.468979835510254 5.297207832336426 0.18999958038330078
      vertex -12.427510261535645 5.473926544189453 0.19999980926513672
      vertex -12.427510261535645 5.473926544189453 0.18999958038330078
    endloop
  endfacet
  facet normal -0.9735536983388787 0.2284583035275619 0
    outer loop
      vertex -12.427510261535645 5.473926544189453 0.19999980926513672
      vertex -12.468979835510254 5.297207832336426 0.18999958038330078
      vertex -12.468979835510254 5.297207832336426 0.19999980926513672
    endloop
  endfacet
  facet normal -0.9735536983388787 0.22845830352756188 0
    outer loop
      vertex -12.468979835510254 5.297207832336426 0.3034701347351074
      vertex -12.427510261535645 5.473926544189453 1.9587339162826538
      vertex -12.427510261535645 5.473926544189453 0.24126577377319336
    endloop
  endfacet
  facet normal -0.9735536983388787 0.22845830352756188 0
    outer loop
      vertex -12.427510261535645 5.473926544189453 1.9587339162826538
      vertex -12.468979835510254 5.297207832336426 0.3034701347351074
      vertex -12.468979835510254 5.297207832336426 1.8965295553207397
    endloop
  endfacet
  facet normal -0.9787612151842384 0.20500361862921612 0
    outer loop
      vertex -12.58519172668457 4.763645172119141 0.18999958038330078
      vertex -12.54782485961914 4.942048072814941 0.19999980926513672
      vertex -12.54782485961914 4.942048072814941 0.18999958038330078
    endloop
  endfacet
  facet normal -0.9787612151842384 0.20500361862921612 0
    outer loop
      vertex -12.54782485961914 4.942048072814941 0.19999980926513672
      vertex -12.58519172668457 4.763645172119141 0.18999958038330078
      vertex -12.58519172668457 4.763645172119141 0.19999980926513672
    endloop
  endfacet
  facet normal -0.9787612151842383 0.2050036186292161 0
    outer loop
      vertex -12.58519172668457 4.763645172119141 0.47778797149658203
      vertex -12.54782485961914 4.942048072814941 1.7782617807388306
      vertex -12.54782485961914 4.942048072814941 0.4217376708984375
    endloop
  endfacet
  facet normal -0.9787612151842384 0.20500361862921612 0
    outer loop
      vertex -12.54782485961914 4.942048072814941 1.7782617807388306
      vertex -12.58519172668457 4.763645172119141 0.47778797149658203
      vertex -12.58519172668457 4.763645172119141 1.7222113609313965
    endloop
  endfacet
  facet normal -0.9847737029505528 0.17384117457339193 0
    outer loop
      vertex -12.720864295959473 4.04500675201416 0.18999958038330078
      vertex -12.6890230178833 4.225380897521973 0.19999980926513672
      vertex -12.6890230178833 4.225380897521973 0.18999958038330078
    endloop
  endfacet
  facet normal -0.9847737029505528 0.17384117457339193 0
    outer loop
      vertex -12.6890230178833 4.225380897521973 0.19999980926513672
      vertex -12.720864295959473 4.04500675201416 0.18999958038330078
      vertex -12.720864295959473 4.04500675201416 0.19999980926513672
    endloop
  endfacet
  facet normal -0.9847737029505527 0.1738411745733919 0
    outer loop
      vertex -12.720864295959473 4.04500675201416 0.6812968254089355
      vertex -12.6890230178833 4.225380897521973 1.5664641857147217
      vertex -12.6890230178833 4.225380897521973 0.6335349082946777
    endloop
  endfacet
  facet normal -0.9847737029505527 0.1738411745733919 0
    outer loop
      vertex -12.6890230178833 4.225380897521973 1.5664641857147217
      vertex -12.720864295959473 4.04500675201416 0.6812968254089355
      vertex -12.720864295959473 4.04500675201416 1.5187022686004639
    endloop
  endfacet
  facet normal -0.9818982231037188 0.18940929086441305 0
    outer loop
      vertex -12.655795097351074 4.405292510986328 0.18999958038330078
      vertex -12.621183395385742 4.584719657897949 0.19999980926513672
      vertex -12.621183395385742 4.584719657897949 0.18999958038330078
    endloop
  endfacet
  facet normal -0.9818982231037188 0.18940929086441305 0
    outer loop
      vertex -12.621183395385742 4.584719657897949 0.19999980926513672
      vertex -12.655795097351074 4.405292510986328 0.18999958038330078
      vertex -12.655795097351074 4.405292510986328 0.19999980926513672
    endloop
  endfacet
  facet normal -0.9818982231037187 0.18940929086441302 0
    outer loop
      vertex -12.655795097351074 4.405292510986328 0.5836930274963379
      vertex -12.621183395385742 4.584719657897949 1.6682238578796387
      vertex -12.621183395385742 4.584719657897949 0.5317754745483398
    endloop
  endfacet
  facet normal -0.9818982231037188 0.18940929086441305 0
    outer loop
      vertex -12.621183395385742 4.584719657897949 1.6682238578796387
      vertex -12.655795097351074 4.405292510986328 0.5836930274963379
      vertex -12.655795097351074 4.405292510986328 1.616306185722351
    endloop
  endfacet
  facet normal -0.9861143285893457 -0.16606785044307681 0
    outer loop
      vertex -12.720864295959473 -4.04500675201416 0.18999958038330078
      vertex -12.751315116882324 -3.8641891479492188 0.19999980926513672
      vertex -12.751315116882324 -3.8641891479492188 0.18999958038330078
    endloop
  endfacet
  facet normal -0.9861143285893457 -0.16606785044307681 0
    outer loop
      vertex -12.751315116882324 -3.8641891479492188 0.19999980926513672
      vertex -12.720864295959473 -4.04500675201416 0.18999958038330078
      vertex -12.720864295959473 -4.04500675201416 0.19999980926513672
    endloop
  endfacet
  facet normal -0.9861143285893458 -0.16606785044307684 0
    outer loop
      vertex -12.720864295959473 -4.04500675201416 0.6812968254089355
      vertex -12.751315116882324 -3.8641891479492188 1.473025918006897
      vertex -12.751315116882324 -3.8641891479492188 0.7269730567932129
    endloop
  endfacet
  facet normal -0.9861143285893456 -0.1660678504430768 0
    outer loop
      vertex -12.751315116882324 -3.8641891479492188 1.473025918006897
      vertex -12.720864295959473 -4.04500675201416 0.6812968254089355
      vertex -12.720864295959473 -4.04500675201416 1.5187022686004639
    endloop
  endfacet
  facet normal -0.9886045015018302 0.15053617376005599 0
    outer loop
      vertex -12.799999237060547 3.554048538208008 0.18999958038330078
      vertex -12.78037166595459 3.6829471588134766 0.19999980926513672
      vertex -12.78037166595459 3.6829471588134766 0.18999958038330078
    endloop
  endfacet
  facet normal -0.9886045015018302 0.15053617376005599 0
    outer loop
      vertex -12.78037166595459 3.6829471588134766 0.19999980926513672
      vertex -12.799999237060547 3.554048538208008 0.18999958038330078
      vertex -12.799999237060547 3.554048538208008 0.19999980926513672
    endloop
  endfacet
  facet normal -0.9886045015018302 0.15053617376005599 0
    outer loop
      vertex -12.799999237060547 3.554048538208008 0.7999992370605469
      vertex -12.78037166595459 3.6829471588134766 1.429440975189209
      vertex -12.78037166595459 3.6829471588134766 0.7705578804016113
    endloop
  endfacet
  facet normal -0.9886045015018301 0.15053617376005599 0
    outer loop
      vertex -12.78037166595459 3.6829471588134766 1.429440975189209
      vertex -12.799999237060547 3.554048538208008 0.7999992370605469
      vertex -12.799999237060547 3.554048538208008 1.3999996185302734
    endloop
  endfacet
  facet normal -0.9735536983388787 -0.2284583035275619 0
    outer loop
      vertex -12.427510261535645 -5.473926544189453 0.18999958038330078
      vertex -12.468979835510254 -5.297207832336426 0.19999980926513672
      vertex -12.468979835510254 -5.297207832336426 0.18999958038330078
    endloop
  endfacet
  facet normal -0.9735536983388787 -0.2284583035275619 0
    outer loop
      vertex -12.468979835510254 -5.297207832336426 0.19999980926513672
      vertex -12.427510261535645 -5.473926544189453 0.18999958038330078
      vertex -12.427510261535645 -5.473926544189453 0.19999980926513672
    endloop
  endfacet
  facet normal -0.9735536983388787 -0.22845830352756188 0
    outer loop
      vertex -12.427510261535645 -5.473926544189453 0.24126577377319336
      vertex -12.468979835510254 -5.297207832336426 1.8965295553207397
      vertex -12.468979835510254 -5.297207832336426 0.3034701347351074
    endloop
  endfacet
  facet normal -0.9735536983388787 -0.22845830352756188 0
    outer loop
      vertex -12.468979835510254 -5.297207832336426 1.8965295553207397
      vertex -12.427510261535645 -5.473926544189453 0.24126577377319336
      vertex -12.427510261535645 -5.473926544189453 1.9587339162826538
    endloop
  endfacet
  facet normal -0.9770919790805535 0.21281744387255314 0
    outer loop
      vertex -12.54782485961914 4.942048072814941 0.18999958038330078
      vertex -12.509085655212402 5.119908332824707 0.19999980926513672
      vertex -12.509085655212402 5.119908332824707 0.18999958038330078
    endloop
  endfacet
  facet normal -0.9770919790805535 0.21281744387255314 0
    outer loop
      vertex -12.509085655212402 5.119908332824707 0.19999980926513672
      vertex -12.54782485961914 4.942048072814941 0.18999958038330078
      vertex -12.54782485961914 4.942048072814941 0.19999980926513672
    endloop
  endfacet
  facet normal -0.9770919790805535 0.21281744387255316 0
    outer loop
      vertex -12.54782485961914 4.942048072814941 0.4217376708984375
      vertex -12.509085655212402 5.119908332824707 1.8363707065582275
      vertex -12.509085655212402 5.119908332824707 0.3636288642883301
    endloop
  endfacet
  facet normal -0.9770919790805535 0.21281744387255314 0
    outer loop
      vertex -12.509085655212402 5.119908332824707 1.8363707065582275
      vertex -12.54782485961914 4.942048072814941 0.4217376708984375
      vertex -12.54782485961914 4.942048072814941 1.7782617807388306
    endloop
  endfacet
  facet normal -0.9716861304259974 -0.2362753985030004 0
    outer loop
      vertex -12.421170234680176 -5.5 0.18999958038330078
      vertex -12.427510261535645 -5.473926544189453 0.19999980926513672
      vertex -12.427510261535645 -5.473926544189453 0.18999958038330078
    endloop
  endfacet
  facet normal -0.9716861304259974 -0.2362753985030004 0
    outer loop
      vertex -12.427510261535645 -5.473926544189453 0.19999980926513672
      vertex -12.421170234680176 -5.5 0.18999958038330078
      vertex -12.421170234680176 -5.5 0.19999980926513672
    endloop
  endfacet
  facet normal -0.9716861304259974 -0.2362753985030004 0
    outer loop
      vertex -12.421170234680176 -5.5 0.231755331158638
      vertex -12.427510261535645 -5.473926544189453 1.9587339162826538
      vertex -12.427510261535645 -5.473926544189453 0.24126577377319336
    endloop
  endfacet
  facet normal -0.9716861304259974 -0.2362753985030004 0
    outer loop
      vertex -12.427510261535645 -5.473926544189453 1.9587339162826538
      vertex -12.421170234680176 -5.5 0.231755331158638
      vertex -12.421170234680176 -5.5 1.9682444334030151
    endloop
  endfacet
  facet normal -0.9847737029505528 -0.17384117457339193 0
    outer loop
      vertex -12.6890230178833 -4.225380897521973 0.18999958038330078
      vertex -12.720864295959473 -4.04500675201416 0.19999980926513672
      vertex -12.720864295959473 -4.04500675201416 0.18999958038330078
    endloop
  endfacet
  facet normal -0.9847737029505528 -0.17384117457339193 0
    outer loop
      vertex -12.720864295959473 -4.04500675201416 0.19999980926513672
      vertex -12.6890230178833 -4.225380897521973 0.18999958038330078
      vertex -12.6890230178833 -4.225380897521973 0.19999980926513672
    endloop
  endfacet
  facet normal -0.9847737029505527 -0.1738411745733919 0
    outer loop
      vertex -12.6890230178833 -4.225380897521973 0.6335349082946777
      vertex -12.720864295959473 -4.04500675201416 1.5187022686004639
      vertex -12.720864295959473 -4.04500675201416 0.6812968254089355
    endloop
  endfacet
  facet normal -0.9847737029505527 -0.1738411745733919 0
    outer loop
      vertex -12.720864295959473 -4.04500675201416 1.5187022686004639
      vertex -12.6890230178833 -4.225380897521973 0.6335349082946777
      vertex -12.6890230178833 -4.225380897521973 1.5664641857147217
    endloop
  endfacet
  facet normal -0.9803624163252163 -0.19720429167993125 0
    outer loop
      vertex -12.58519172668457 -4.763645172119141 0.18999958038330078
      vertex -12.621183395385742 -4.584719657897949 0.19999980926513672
      vertex -12.621183395385742 -4.584719657897949 0.18999958038330078
    endloop
  endfacet
  facet normal -0.9803624163252163 -0.19720429167993125 0
    outer loop
      vertex -12.621183395385742 -4.584719657897949 0.19999980926513672
      vertex -12.58519172668457 -4.763645172119141 0.18999958038330078
      vertex -12.58519172668457 -4.763645172119141 0.19999980926513672
    endloop
  endfacet
  facet normal -0.9803624163252161 -0.19720429167993123 0
    outer loop
      vertex -12.58519172668457 -4.763645172119141 0.47778797149658203
      vertex -12.621183395385742 -4.584719657897949 1.6682238578796387
      vertex -12.621183395385742 -4.584719657897949 0.5317754745483398
    endloop
  endfacet
  facet normal -0.9803624163252163 -0.19720429167993125 0
    outer loop
      vertex -12.621183395385742 -4.584719657897949 1.6682238578796387
      vertex -12.58519172668457 -4.763645172119141 0.47778797149658203
      vertex -12.58519172668457 -4.763645172119141 1.7222113609313965
    endloop
  endfacet
  facet normal -0.9833690346652398 0.18161867101582438 0
    outer loop
      vertex -12.6890230178833 4.225380897521973 0.18999958038330078
      vertex -12.655795097351074 4.405292510986328 0.19999980926513672
      vertex -12.655795097351074 4.405292510986328 0.18999958038330078
    endloop
  endfacet
  facet normal -0.9833690346652398 0.18161867101582438 0
    outer loop
      vertex -12.655795097351074 4.405292510986328 0.19999980926513672
      vertex -12.6890230178833 4.225380897521973 0.18999958038330078
      vertex -12.6890230178833 4.225380897521973 0.19999980926513672
    endloop
  endfacet
  facet normal -0.9833690346652398 0.18161867101582438 0
    outer loop
      vertex -12.6890230178833 4.225380897521973 0.6335349082946777
      vertex -12.655795097351074 4.405292510986328 1.616306185722351
      vertex -12.655795097351074 4.405292510986328 0.5836930274963379
    endloop
  endfacet
  facet normal -0.9833690346652398 0.18161867101582438 0
    outer loop
      vertex -12.655795097351074 4.405292510986328 1.616306185722351
      vertex -12.6890230178833 4.225380897521973 0.6335349082946777
      vertex -12.6890230178833 4.225380897521973 1.5664641857147217
    endloop
  endfacet
  facet normal -0.9787612151842384 -0.20500361862921612 0
    outer loop
      vertex -12.54782485961914 -4.942048072814941 0.18999958038330078
      vertex -12.58519172668457 -4.763645172119141 0.19999980926513672
      vertex -12.58519172668457 -4.763645172119141 0.18999958038330078
    endloop
  endfacet
  facet normal -0.9787612151842384 -0.20500361862921612 0
    outer loop
      vertex -12.58519172668457 -4.763645172119141 0.19999980926513672
      vertex -12.54782485961914 -4.942048072814941 0.18999958038330078
      vertex -12.54782485961914 -4.942048072814941 0.19999980926513672
    endloop
  endfacet
  facet normal -0.9787612151842384 -0.20500361862921612 0
    outer loop
      vertex -12.54782485961914 -4.942048072814941 0.4217376708984375
      vertex -12.58519172668457 -4.763645172119141 1.7222113609313965
      vertex -12.58519172668457 -4.763645172119141 0.47778797149658203
    endloop
  endfacet
  facet normal -0.9787612151842383 -0.2050036186292161 0
    outer loop
      vertex -12.58519172668457 -4.763645172119141 1.7222113609313965
      vertex -12.54782485961914 -4.942048072814941 0.4217376708984375
      vertex -12.54782485961914 -4.942048072814941 1.7782617807388306
    endloop
  endfacet
  facet normal 0 -1 0
    outer loop
      vertex -3.554048538208008 -12.799999237060547 0.18999958038330078
      vertex 3.554048538208008 -12.799999237060547 0.19999980926513672
      vertex -3.554048538208008 -12.799999237060547 0.19999980926513672
    endloop
  endfacet
  facet normal 0 -1 0
    outer loop
      vertex 3.554048538208008 -12.799999237060547 0.19999980926513672
      vertex -3.554048538208008 -12.799999237060547 0.18999958038330078
      vertex 3.554048538208008 -12.799999237060547 0.18999958038330078
    endloop
  endfacet
  facet normal 0 -1 0
    outer loop
      vertex -3.554048538208008 -12.799999237060547 0.7999992370605469
      vertex 3.554048538208008 -12.799999237060547 1.3999996185302734
      vertex -3.554048538208008 -12.799999237060547 1.3999996185302734
    endloop
  endfacet
  facet normal 0 -1 0
    outer loop
      vertex 3.554048538208008 -12.799999237060547 1.3999996185302734
      vertex -3.554048538208008 -12.799999237060547 0.7999992370605469
      vertex 3.554048538208008 -12.799999237060547 0.7999992370605469
    endloop
  endfacet
  facet normal 0 0 -1
    outer loop
      vertex 5.473926544189453 -12.427510261535645 0.18999958038330078
      vertex 5.5 -12.399999618530273 0.18999958038330078
      vertex 5.5 -12.421170234680176 0.18999958038330078
    endloop
  endfacet
  facet normal 0 0 -1
    outer loop
      vertex 5.297207832336426 -12.468979835510254 0.18999958038330078
      vertex 5.5 -12.399999618530273 0.18999958038330078
      vertex 5.473926544189453 -12.427510261535645 0.18999958038330078
    endloop
  endfacet
  facet normal 0 0 -1
    outer loop
      vertex 5.119908332824707 -12.509085655212402 0.18999958038330078
      vertex 5.5 -12.399999618530273 0.18999958038330078
      vertex 5.297207832336426 -12.468979835510254 0.18999958038330078
    endloop
  endfacet
  facet normal 0 0 -1
    outer loop
      vertex 4.942048072814941 -12.54782485961914 0.18999958038330078
      vertex 5.5 -12.399999618530273 0.18999958038330078
      vertex 5.119908332824707 -12.509085655212402 0.18999958038330078
    endloop
  endfacet
  facet normal 0 0 -1
    outer loop
      vertex 4.763645172119141 -12.58519172668457 0.18999958038330078
      vertex 5.5 -12.399999618530273 0.18999958038330078
      vertex 4.942048072814941 -12.54782485961914 0.18999958038330078
    endloop
  endfacet
  facet normal 0 0 -1
    outer loop
      vertex 4.584719657897949 -12.621183395385742 0.18999958038330078
      vertex 5.5 -12.399999618530273 0.18999958038330078
      vertex 4.763645172119141 -12.58519172668457 0.18999958038330078
    endloop
  endfacet
  facet normal 0 0 -1
    outer loop
      vertex 4.405292510986328 -12.655795097351074 0.18999958038330078
      vertex 5.5 -12.399999618530273 0.18999958038330078
      vertex 4.584719657897949 -12.621183395385742 0.18999958038330078
    endloop
  endfacet
  facet normal 0 0 -1
    outer loop
      vertex 4.225380897521973 -12.6890230178833 0.18999958038330078
      vertex 5.5 -12.399999618530273 0.18999958038330078
      vertex 4.405292510986328 -12.655795097351074 0.18999958038330078
    endloop
  endfacet
  facet normal 0 0 -1
    outer loop
      vertex 4.04500675201416 -12.720864295959473 0.18999958038330078
      vertex 5.5 -12.399999618530273 0.18999958038330078
      vertex 4.225380897521973 -12.6890230178833 0.18999958038330078
    endloop
  endfacet
  facet normal 0 0 -1
    outer loop
      vertex 3.8641891479492188 -12.751315116882324 0.18999958038330078
      vertex 5.5 -12.399999618530273 0.18999958038330078
      vertex 4.04500675201416 -12.720864295959473 0.18999958038330078
    endloop
  endfacet
  facet normal 0 0 -1
    outer loop
      vertex 3.6829471588134766 -12.78037166595459 0.18999958038330078
      vertex 5.5 -12.399999618530273 0.18999958038330078
      vertex 3.8641891479492188 -12.751315116882324 0.18999958038330078
    endloop
  endfacet
  facet normal 0 0 -1
    outer loop
      vertex 3.554048538208008 -12.799999237060547 0.18999958038330078
      vertex 5.5 -12.399999618530273 0.18999958038330078
      vertex 3.6829471588134766 -12.78037166595459 0.18999958038330078
    endloop
  endfacet
  facet normal 0 0 -1
    outer loop
      vertex -3.554048538208008 -12.799999237060547 0.18999958038330078
      vertex 5.5 -12.399999618530273 0.18999958038330078
      vertex 3.554048538208008 -12.799999237060547 0.18999958038330078
    endloop
  endfacet
  facet normal 0 0 -1
    outer loop
      vertex -5.5 -12.399999618530273 0.18999958038330078
      vertex -3.554048538208008 -12.799999237060547 0.18999958038330078
      vertex -3.6829471588134766 -12.78037166595459 0.18999958038330078
    endloop
  endfacet
  facet normal 0 0 -1
    outer loop
      vertex -5.5 -12.399999618530273 0.18999958038330078
      vertex -3.6829471588134766 -12.78037166595459 0.18999958038330078
      vertex -3.8641891479492188 -12.751315116882324 0.18999958038330078
    endloop
  endfacet
  facet normal 0 0 -1
    outer loop
      vertex -5.5 -12.399999618530273 0.18999958038330078
      vertex -3.8641891479492188 -12.751315116882324 0.18999958038330078
      vertex -4.04500675201416 -12.720864295959473 0.18999958038330078
    endloop
  endfacet
  facet normal 0 0 -1
    outer loop
      vertex -5.5 -12.399999618530273 0.18999958038330078
      vertex -4.04500675201416 -12.720864295959473 0.18999958038330078
      vertex -4.225380897521973 -12.6890230178833 0.18999958038330078
    endloop
  endfacet
  facet normal 0 0 -1
    outer loop
      vertex -5.5 -12.399999618530273 0.18999958038330078
      vertex -4.225380897521973 -12.6890230178833 0.18999958038330078
      vertex -4.405292510986328 -12.655795097351074 0.18999958038330078
    endloop
  endfacet
  facet normal 0 0 -1
    outer loop
      vertex -5.5 -12.399999618530273 0.18999958038330078
      vertex -4.405292510986328 -12.655795097351074 0.18999958038330078
      vertex -4.584719657897949 -12.621183395385742 0.18999958038330078
    endloop
  endfacet
  facet normal 0 0 -1
    outer loop
      vertex -5.5 -12.399999618530273 0.18999958038330078
      vertex -4.584719657897949 -12.621183395385742 0.18999958038330078
      vertex -4.763645172119141 -12.58519172668457 0.18999958038330078
    endloop
  endfacet
  facet normal 0 0 -1
    outer loop
      vertex -5.5 -12.399999618530273 0.18999958038330078
      vertex -4.763645172119141 -12.58519172668457 0.18999958038330078
      vertex -4.942048072814941 -12.54782485961914 0.18999958038330078
    endloop
  endfacet
  facet normal 0 0 -1
    outer loop
      vertex -5.5 -12.399999618530273 0.18999958038330078
      vertex -4.942048072814941 -12.54782485961914 0.18999958038330078
      vertex -5.119908332824707 -12.509085655212402 0.18999958038330078
    endloop
  endfacet
  facet normal 0 0 -1
    outer loop
      vertex -5.5 -12.399999618530273 0.18999958038330078
      vertex -5.119908332824707 -12.509085655212402 0.18999958038330078
      vertex -5.297207832336426 -12.468979835510254 0.18999958038330078
    endloop
  endfacet
  facet normal 0 0 -1
    outer loop
      vertex -5.5 -12.399999618530273 0.18999958038330078
      vertex -5.297207832336426 -12.468979835510254 0.18999958038330078
      vertex -5.473926544189453 -12.427510261535645 0.18999958038330078
    endloop
  endfacet
  facet normal 0 0 -1
    outer loop
      vertex -5.5 -12.399999618530273 0.18999958038330078
      vertex -5.473926544189453 -12.427510261535645 0.18999958038330078
      vertex -5.5 -12.421170234680176 0.18999958038330078
    endloop
  endfacet
  facet normal 0 0 -1
    outer loop
      vertex -3.554048538208008 -12.799999237060547 0.18999958038330078
      vertex -5.5 -12.399999618530273 0.18999958038330078
      vertex 5.5 -12.399999618530273 0.18999958038330078
    endloop
  endfacet
  facet normal 0 1 0
    outer loop
      vertex 5.5 -12.399999618530273 0.19999980926513672
      vertex -5.5 -12.399999618530273 2
      vertex 5.5 -12.399999618530273 2
    endloop
  endfacet
  facet normal 0 1 0
    outer loop
      vertex -5.5 -12.399999618530273 2
      vertex 5.5 -12.399999618530273 0.19999980926513672
      vertex -5.5 -12.399999618530273 0.19999980926513672
    endloop
  endfacet
  facet normal 0 1 0
    outer loop
      vertex 5.5 -12.399999618530273 0.18999958038330078
      vertex -5.5 -12.399999618530273 0.19999980926513672
      vertex 5.5 -12.399999618530273 0.19999980926513672
    endloop
  endfacet
  facet normal 0 1 0
    outer loop
      vertex -5.5 -12.399999618530273 0.19999980926513672
      vertex 5.5 -12.399999618530273 0.18999958038330078
      vertex -5.5 -12.399999618530273 0.18999958038330078
    endloop
  endfacet
  facet normal 1 0 0
    outer loop
      vertex 5.5 -12.421170234680176 1.9682444334030151
      vertex 5.5 -12.399999618530273 0.19999980926513672
      vertex 5.5 -12.399999618530273 2
    endloop
  endfacet
  facet normal 1 0 0
    outer loop
      vertex 5.5 -12.399999618530273 0.19999980926513672
      vertex 5.5 -12.421170234680176 1.9682444334030151
      vertex 5.5 -12.421170234680176 0.231755331158638
    endloop
  endfacet
  facet normal 1 0 0
    outer loop
      vertex 5.5 -12.421170234680176 0.19999980926513672
      vertex 5.5 -12.399999618530273 0.18999958038330078
      vertex 5.5 -12.399999618530273 0.19999980926513672
    endloop
  endfacet
  facet normal 1 0 0
    outer loop
      vertex 5.5 -12.399999618530273 0.18999958038330078
      vertex 5.5 -12.421170234680176 0.19999980926513672
      vertex 5.5 -12.421170234680176 0.18999958038330078
    endloop
  endfacet
  facet normal -1 0 0
    outer loop
      vertex -5.5 -12.421170234680176 0.231755331158638
      vertex -5.5 -12.399999618530273 2
      vertex -5.5 -12.399999618530273 0.19999980926513672
    endloop
  endfacet
  facet normal -1 0 0
    outer loop
      vertex -5.5 -12.399999618530273 2
      vertex -5.5 -12.421170234680176 0.231755331158638
      vertex -5.5 -12.421170234680176 1.9682444334030151
    endloop
  endfacet
  facet normal -1 0 0
    outer loop
      vertex -5.5 -12.421170234680176 0.18999958038330078
      vertex -5.5 -12.399999618530273 0.19999980926513672
      vertex -5.5 -12.399999618530273 0.18999958038330078
    endloop
  endfacet
  facet normal -1 0 0
    outer loop
      vertex -5.5 -12.399999618530273 0.19999980926513672
      vertex -5.5 -12.421170234680176 0.18999958038330078
      vertex -5.5 -12.421170234680176 0.19999980926513672
    endloop
  endfacet
  facet normal 0.000012423075532715529 -0.8320474110528925 0.5547045209891897
    outer loop
      vertex -5.473926544189453 -12.427510261535645 1.9587339162826538
      vertex -5.5 -12.399999618530273 2
      vertex -5.5 -12.421170234680176 1.9682444334030151
    endloop
  endfacet
  facet normal -7.253710808133898e-7 -0.8320512454444123 0.5546987695622518
    outer loop
      vertex -5.297207832336426 -12.468979835510254 1.8965295553207397
      vertex -5.5 -12.399999618530273 2
      vertex -5.473926544189453 -12.427510261535645 1.9587339162826538
    endloop
  endfacet
  facet normal 4.6603043189745436e-7 -0.8320501677378553 0.5547003861249689
    outer loop
      vertex -5.119908332824707 -12.509085655212402 1.8363707065582275
      vertex -5.5 -12.399999618530273 2
      vertex -5.297207832336426 -12.468979835510254 1.8965295553207397
    endloop
  endfacet
  facet normal -0.000012423075532715529 -0.8320474110528925 0.5547045209891897
    outer loop
      vertex 5.5 -12.399999618530273 2
      vertex 5.473926544189453 -12.427510261535645 1.9587339162826538
      vertex 5.5 -12.421170234680176 1.9682444334030151
    endloop
  endfacet
  facet normal 4.468227923736132e-7 -0.8320501883303837 0.5547003552362061
    outer loop
      vertex -4.942048072814941 -12.54782485961914 1.7782617807388306
      vertex -5.5 -12.399999618530273 2
      vertex -5.119908332824707 -12.509085655212402 1.8363707065582275
    endloop
  endfacet
  facet normal 7.253710808133898e-7 -0.8320512454444123 0.5546987695622518
    outer loop
      vertex 5.5 -12.399999618530273 2
      vertex 5.297207832336426 -12.468979835510254 1.8965295553207397
      vertex 5.473926544189453 -12.427510261535645 1.9587339162826538
    endloop
  endfacet
  facet normal 4.2768021897936774e-7 -0.8320502105616864 0.5547003218892799
    outer loop
      vertex -4.763645172119141 -12.58519172668457 1.7222113609313965
      vertex -5.5 -12.399999618530273 2
      vertex -4.942048072814941 -12.54782485961914 1.7782617807388306
    endloop
  endfacet
  facet normal -4.6603043189745436e-7 -0.8320501677378553 0.5547003861249689
    outer loop
      vertex 5.5 -12.399999618530273 2
      vertex 5.119908332824707 -12.509085655212402 1.8363707065582275
      vertex 5.297207832336426 -12.468979835510254 1.8965295553207397
    endloop
  endfacet
  facet normal -0.0000014352277350521041 -0.8320524897005893 0.5546969031651346
    outer loop
      vertex -4.584719657897949 -12.621183395385742 1.6682238578796387
      vertex -5.5 -12.399999618530273 2
      vertex -4.763645172119141 -12.58519172668457 1.7222113609313965
    endloop
  endfacet
  facet normal -4.468227923736132e-7 -0.8320501883303837 0.5547003552362061
    outer loop
      vertex 5.5 -12.399999618530273 2
      vertex 4.942048072814941 -12.54782485961914 1.7782617807388306
      vertex 5.119908332824707 -12.509085655212402 1.8363707065582275
    endloop
  endfacet
  facet normal 6.832832286314399e-7 -0.8320497922923047 0.5547009492923785
    outer loop
      vertex -4.405292510986328 -12.655795097351074 1.616306185722351
      vertex -5.5 -12.399999618530273 2
      vertex -4.584719657897949 -12.621183395385742 1.6682238578796387
    endloop
  endfacet
  facet normal -4.2768021897936774e-7 -0.8320502105616864 0.5547003218892799
    outer loop
      vertex 5.5 -12.399999618530273 2
      vertex 4.763645172119141 -12.58519172668457 1.7222113609313965
      vertex 4.942048072814941 -12.54782485961914 1.7782617807388306
    endloop
  endfacet
  facet normal 6.146287018284046e-7 -0.832049882697063 0.5547008136855632
    outer loop
      vertex -4.225380897521973 -12.6890230178833 1.5664641857147217
      vertex -5.5 -12.399999618530273 2
      vertex -4.405292510986328 -12.655795097351074 1.616306185722351
    endloop
  endfacet
  facet normal 0.0000014352277350521041 -0.8320524897005893 0.5546969031651346
    outer loop
      vertex 5.5 -12.399999618530273 2
      vertex 4.584719657897949 -12.621183395385742 1.6682238578796387
      vertex 4.763645172119141 -12.58519172668457 1.7222113609313965
    endloop
  endfacet
  facet normal -0.0000010940684517335278 -0.8320522013071197 0.5546973357595828
    outer loop
      vertex -4.04500675201416 -12.720864295959473 1.5187022686004639
      vertex -5.5 -12.399999618530273 2
      vertex -4.225380897521973 -12.6890230178833 1.5664641857147217
    endloop
  endfacet
  facet normal -6.832832286314399e-7 -0.8320497922923047 0.5547009492923785
    outer loop
      vertex 5.5 -12.399999618530273 2
      vertex 4.405292510986328 -12.655795097351074 1.616306185722351
      vertex 4.584719657897949 -12.621183395385742 1.6682238578796387
    endloop
  endfacet
  facet normal 6.662574777009903e-7 -0.832049745198929 0.5547010199323175
    outer loop
      vertex -3.8641891479492188 -12.751315116882324 1.473025918006897
      vertex -5.5 -12.399999618530273 2
      vertex -4.04500675201416 -12.720864295959473 1.5187022686004639
    endloop
  endfacet
  facet normal -6.146287018284046e-7 -0.832049882697063 0.5547008136855632
    outer loop
      vertex 5.5 -12.399999618530273 2
      vertex 4.225380897521973 -12.6890230178833 1.5664641857147217
      vertex 4.405292510986328 -12.655795097351074 1.616306185722351
    endloop
  endfacet
  facet normal 6.059471892292136e-7 -0.8320498316049686 0.5547008903235835
    outer loop
      vertex -3.6829471588134766 -12.78037166595459 1.429440975189209
      vertex -5.5 -12.399999618530273 2
      vertex -3.8641891479492188 -12.751315116882324 1.473025918006897
    endloop
  endfacet
  facet normal 0.0000010940684517335278 -0.8320522013071197 0.5546973357595828
    outer loop
      vertex 5.5 -12.399999618530273 2
      vertex 4.04500675201416 -12.720864295959473 1.5187022686004639
      vertex 4.225380897521973 -12.6890230178833 1.5664641857147217
    endloop
  endfacet
  facet normal -7.768746706548543e-7 -0.8320518641522852 0.5546978414958035
    outer loop
      vertex -3.554048538208008 -12.799999237060547 1.3999996185302734
      vertex -5.5 -12.399999618530273 2
      vertex -3.6829471588134766 -12.78037166595459 1.429440975189209
    endloop
  endfacet
  facet normal -6.662574777009903e-7 -0.832049745198929 0.5547010199323175
    outer loop
      vertex 5.5 -12.399999618530273 2
      vertex 3.8641891479492188 -12.751315116882324 1.473025918006897
      vertex 4.04500675201416 -12.720864295959473 1.5187022686004639
    endloop
  endfacet
  facet normal 0 -0.8320507012631989 0.5546995858367112
    outer loop
      vertex -5.5 -12.399999618530273 2
      vertex -3.554048538208008 -12.799999237060547 1.3999996185302734
      vertex 5.5 -12.399999618530273 2
    endloop
  endfacet
  facet normal -6.059471892292136e-7 -0.8320498316049686 0.5547008903235835
    outer loop
      vertex 5.5 -12.399999618530273 2
      vertex 3.6829471588134766 -12.78037166595459 1.429440975189209
      vertex 3.8641891479492188 -12.751315116882324 1.473025918006897
    endloop
  endfacet
  facet normal 0 -0.8320507012631989 0.5546995858367112
    outer loop
      vertex 3.554048538208008 -12.799999237060547 1.3999996185302734
      vertex 5.5 -12.399999618530273 2
      vertex -3.554048538208008 -12.799999237060547 1.3999996185302734
    endloop
  endfacet
  facet normal 7.768746706548543e-7 -0.8320518641522852 0.5546978414958035
    outer loop
      vertex 5.5 -12.399999618530273 2
      vertex 3.554048538208008 -12.799999237060547 1.3999996185302734
      vertex 3.6829471588134766 -12.78037166595459 1.429440975189209
    endloop
  endfacet
  facet normal 0 0 1
    outer loop
      vertex 5.5 -12.399999618530273 0.19999980926513672
      vertex 5.473926544189453 -12.427510261535645 0.19999980926513672
      vertex 5.5 -12.421170234680176 0.19999980926513672
    endloop
  endfacet
  facet normal 0 0 1
    outer loop
      vertex 5.5 -12.399999618530273 0.19999980926513672
      vertex 5.297207832336426 -12.468979835510254 0.19999980926513672
      vertex 5.473926544189453 -12.427510261535645 0.19999980926513672
    endloop
  endfacet
  facet normal 0 0 1
    outer loop
      vertex 5.5 -12.399999618530273 0.19999980926513672
      vertex 5.119908332824707 -12.509085655212402 0.19999980926513672
      vertex 5.297207832336426 -12.468979835510254 0.19999980926513672
    endloop
  endfacet
  facet normal 0 0 1
    outer loop
      vertex 5.5 -12.399999618530273 0.19999980926513672
      vertex 4.942048072814941 -12.54782485961914 0.19999980926513672
      vertex 5.119908332824707 -12.509085655212402 0.19999980926513672
    endloop
  endfacet
  facet normal 0 0 1
    outer loop
      vertex 5.5 -12.399999618530273 0.19999980926513672
      vertex 4.763645172119141 -12.58519172668457 0.19999980926513672
      vertex 4.942048072814941 -12.54782485961914 0.19999980926513672
    endloop
  endfacet
  facet normal 0 0 1
    outer loop
      vertex 5.5 -12.399999618530273 0.19999980926513672
      vertex 4.584719657897949 -12.621183395385742 0.19999980926513672
      vertex 4.763645172119141 -12.58519172668457 0.19999980926513672
    endloop
  endfacet
  facet normal 0 0 1
    outer loop
      vertex 5.5 -12.399999618530273 0.19999980926513672
      vertex 4.405292510986328 -12.655795097351074 0.19999980926513672
      vertex 4.584719657897949 -12.621183395385742 0.19999980926513672
    endloop
  endfacet
  facet normal 0 0 1
    outer loop
      vertex 5.5 -12.399999618530273 0.19999980926513672
      vertex 4.225380897521973 -12.6890230178833 0.19999980926513672
      vertex 4.405292510986328 -12.655795097351074 0.19999980926513672
    endloop
  endfacet
  facet normal 0 0 1
    outer loop
      vertex 5.5 -12.399999618530273 0.19999980926513672
      vertex 4.04500675201416 -12.720864295959473 0.19999980926513672
      vertex 4.225380897521973 -12.6890230178833 0.19999980926513672
    endloop
  endfacet
  facet normal 0 0 1
    outer loop
      vertex 5.5 -12.399999618530273 0.19999980926513672
      vertex 3.8641891479492188 -12.751315116882324 0.19999980926513672
      vertex 4.04500675201416 -12.720864295959473 0.19999980926513672
    endloop
  endfacet
  facet normal 0 0 1
    outer loop
      vertex 5.5 -12.399999618530273 0.19999980926513672
      vertex 3.6829471588134766 -12.78037166595459 0.19999980926513672
      vertex 3.8641891479492188 -12.751315116882324 0.19999980926513672
    endloop
  endfacet
  facet normal 0 0 1
    outer loop
      vertex 5.5 -12.399999618530273 0.19999980926513672
      vertex 3.554048538208008 -12.799999237060547 0.19999980926513672
      vertex 3.6829471588134766 -12.78037166595459 0.19999980926513672
    endloop
  endfacet
  facet normal 0 0 1
    outer loop
      vertex 5.5 -12.399999618530273 0.19999980926513672
      vertex -3.554048538208008 -12.799999237060547 0.19999980926513672
      vertex 3.554048538208008 -12.799999237060547 0.19999980926513672
    endloop
  endfacet
  facet normal 0 0 1
    outer loop
      vertex -5.5 -12.399999618530273 0.19999980926513672
      vertex -3.554048538208008 -12.799999237060547 0.19999980926513672
      vertex 5.5 -12.399999618530273 0.19999980926513672
    endloop
  endfacet
  facet normal 0 0 1
    outer loop
      vertex -3.554048538208008 -12.799999237060547 0.19999980926513672
      vertex -5.5 -12.399999618530273 0.19999980926513672
      vertex -3.6829471588134766 -12.78037166595459 0.19999980926513672
    endloop
  endfacet
  facet normal 0 0 1
    outer loop
      vertex -3.6829471588134766 -12.78037166595459 0.19999980926513672
      vertex -5.5 -12.399999618530273 0.19999980926513672
      vertex -3.8641891479492188 -12.751315116882324 0.19999980926513672
    endloop
  endfacet
  facet normal 0 0 1
    outer loop
      vertex -3.8641891479492188 -12.751315116882324 0.19999980926513672
      vertex -5.5 -12.399999618530273 0.19999980926513672
      vertex -4.04500675201416 -12.720864295959473 0.19999980926513672
    endloop
  endfacet
  facet normal 0 0 1
    outer loop
      vertex -4.04500675201416 -12.720864295959473 0.19999980926513672
      vertex -5.5 -12.399999618530273 0.19999980926513672
      vertex -4.225380897521973 -12.6890230178833 0.19999980926513672
    endloop
  endfacet
  facet normal 0 0 1
    outer loop
      vertex -4.225380897521973 -12.6890230178833 0.19999980926513672
      vertex -5.5 -12.399999618530273 0.19999980926513672
      vertex -4.405292510986328 -12.655795097351074 0.19999980926513672
    endloop
  endfacet
  facet normal 0 0 1
    outer loop
      vertex -4.405292510986328 -12.655795097351074 0.19999980926513672
      vertex -5.5 -12.399999618530273 0.19999980926513672
      vertex -4.584719657897949 -12.621183395385742 0.19999980926513672
    endloop
  endfacet
  facet normal 0 0 1
    outer loop
      vertex -4.584719657897949 -12.621183395385742 0.19999980926513672
      vertex -5.5 -12.399999618530273 0.19999980926513672
      vertex -4.763645172119141 -12.58519172668457 0.19999980926513672
    endloop
  endfacet
  facet normal 0 0 1
    outer loop
      vertex -4.763645172119141 -12.58519172668457 0.19999980926513672
      vertex -5.5 -12.399999618530273 0.19999980926513672
      vertex -4.942048072814941 -12.54782485961914 0.19999980926513672
    endloop
  endfacet
  facet normal 0 0 1
    outer loop
      vertex -4.942048072814941 -12.54782485961914 0.19999980926513672
      vertex -5.5 -12.399999618530273 0.19999980926513672
      vertex -5.119908332824707 -12.509085655212402 0.19999980926513672
    endloop
  endfacet
  facet normal 0 0 1
    outer loop
      vertex -5.119908332824707 -12.509085655212402 0.19999980926513672
      vertex -5.5 -12.399999618530273 0.19999980926513672
      vertex -5.297207832336426 -12.468979835510254 0.19999980926513672
    endloop
  endfacet
  facet normal 0 0 1
    outer loop
      vertex -5.297207832336426 -12.468979835510254 0.19999980926513672
      vertex -5.5 -12.399999618530273 0.19999980926513672
      vertex -5.473926544189453 -12.427510261535645 0.19999980926513672
    endloop
  endfacet
  facet normal 0 0 1
    outer loop
      vertex -5.473926544189453 -12.427510261535645 0.19999980926513672
      vertex -5.5 -12.399999618530273 0.19999980926513672
      vertex -5.5 -12.421170234680176 0.19999980926513672
    endloop
  endfacet
  facet normal 0 -0.8320502943378437 -0.5547001962252291
    outer loop
      vertex -5.5 -12.399999618530273 0.19999980926513672
      vertex -3.554048538208008 -12.799999237060547 0.7999992370605469
      vertex -3.6829471588134766 -12.78037166595459 0.7705578804016113
    endloop
  endfacet
  facet normal 0 -0.8320502943378436 -0.554700196225229
    outer loop
      vertex -3.554048538208008 -12.799999237060547 0.7999992370605469
      vertex -5.5 -12.399999618530273 0.19999980926513672
      vertex 3.554048538208008 -12.799999237060547 0.7999992370605469
    endloop
  endfacet
  facet normal 0 -0.8320502943378437 -0.5547001962252291
    outer loop
      vertex -5.5 -12.399999618530273 0.19999980926513672
      vertex -3.6829471588134766 -12.78037166595459 0.7705578804016113
      vertex -3.8641891479492188 -12.751315116882324 0.7269730567932129
    endloop
  endfacet
  facet normal 0 -0.8320502943378436 -0.5547001962252291
    outer loop
      vertex 5.5 -12.399999618530273 0.19999980926513672
      vertex 3.554048538208008 -12.799999237060547 0.7999992370605469
      vertex -5.5 -12.399999618530273 0.19999980926513672
    endloop
  endfacet
  facet normal 0 -0.8320502943378437 -0.5547001962252291
    outer loop
      vertex -5.5 -12.399999618530273 0.19999980926513672
      vertex -3.8641891479492188 -12.751315116882324 0.7269730567932129
      vertex -4.04500675201416 -12.720864295959473 0.6812968254089355
    endloop
  endfacet
  facet normal 0 -0.8320502943378437 -0.5547001962252291
    outer loop
      vertex 3.554048538208008 -12.799999237060547 0.7999992370605469
      vertex 5.5 -12.399999618530273 0.19999980926513672
      vertex 3.6829471588134766 -12.78037166595459 0.7705578804016113
    endloop
  endfacet
  facet normal 0 -0.8320502943378436 -0.5547001962252291
    outer loop
      vertex -5.5 -12.399999618530273 0.19999980926513672
      vertex -4.04500675201416 -12.720864295959473 0.6812968254089355
      vertex -4.225380897521973 -12.6890230178833 0.6335349082946777
    endloop
  endfacet
  facet normal 0 -0.8320502943378437 -0.5547001962252291
    outer loop
      vertex 3.6829471588134766 -12.78037166595459 0.7705578804016113
      vertex 5.5 -12.399999618530273 0.19999980926513672
      vertex 3.8641891479492188 -12.751315116882324 0.7269730567932129
    endloop
  endfacet
  facet normal 0 -0.8320502943378437 -0.5547001962252291
    outer loop
      vertex -5.5 -12.399999618530273 0.19999980926513672
      vertex -4.225380897521973 -12.6890230178833 0.6335349082946777
      vertex -4.405292510986328 -12.655795097351074 0.5836930274963379
    endloop
  endfacet
  facet normal 0 -0.8320502943378437 -0.5547001962252291
    outer loop
      vertex 3.8641891479492188 -12.751315116882324 0.7269730567932129
      vertex 5.5 -12.399999618530273 0.19999980926513672
      vertex 4.04500675201416 -12.720864295959473 0.6812968254089355
    endloop
  endfacet
  facet normal 0 -0.8320502943378437 -0.5547001962252291
    outer loop
      vertex -5.5 -12.399999618530273 0.19999980926513672
      vertex -4.405292510986328 -12.655795097351074 0.5836930274963379
      vertex -4.584719657897949 -12.621183395385742 0.5317754745483398
    endloop
  endfacet
  facet normal 0 -0.8320502943378436 -0.5547001962252291
    outer loop
      vertex 4.04500675201416 -12.720864295959473 0.6812968254089355
      vertex 5.5 -12.399999618530273 0.19999980926513672
      vertex 4.225380897521973 -12.6890230178833 0.6335349082946777
    endloop
  endfacet
  facet normal 0 -0.8320502943378437 -0.5547001962252291
    outer loop
      vertex -5.5 -12.399999618530273 0.19999980926513672
      vertex -4.584719657897949 -12.621183395385742 0.5317754745483398
      vertex -4.763645172119141 -12.58519172668457 0.47778797149658203
    endloop
  endfacet
  facet normal 0 -0.8320502943378437 -0.5547001962252291
    outer loop
      vertex 4.225380897521973 -12.6890230178833 0.6335349082946777
      vertex 5.5 -12.399999618530273 0.19999980926513672
      vertex 4.405292510986328 -12.655795097351074 0.5836930274963379
    endloop
  endfacet
  facet normal 0 -0.8320502943378436 -0.554700196225229
    outer loop
      vertex -5.5 -12.399999618530273 0.19999980926513672
      vertex -4.763645172119141 -12.58519172668457 0.47778797149658203
      vertex -4.942048072814941 -12.54782485961914 0.4217376708984375
    endloop
  endfacet
  facet normal 0 -0.8320502943378437 -0.5547001962252291
    outer loop
      vertex 4.405292510986328 -12.655795097351074 0.5836930274963379
      vertex 5.5 -12.399999618530273 0.19999980926513672
      vertex 4.584719657897949 -12.621183395385742 0.5317754745483398
    endloop
  endfacet
  facet normal 0 -0.8320502943378436 -0.554700196225229
    outer loop
      vertex -5.5 -12.399999618530273 0.19999980926513672
      vertex -4.942048072814941 -12.54782485961914 0.4217376708984375
      vertex -5.119908332824707 -12.509085655212402 0.3636288642883301
    endloop
  endfacet
  facet normal 0 -0.8320502943378437 -0.5547001962252291
    outer loop
      vertex 4.584719657897949 -12.621183395385742 0.5317754745483398
      vertex 5.5 -12.399999618530273 0.19999980926513672
      vertex 4.763645172119141 -12.58519172668457 0.47778797149658203
    endloop
  endfacet
  facet normal 0 -0.8320502943378437 -0.5547001962252291
    outer loop
      vertex -5.5 -12.399999618530273 0.19999980926513672
      vertex -5.119908332824707 -12.509085655212402 0.3636288642883301
      vertex -5.297207832336426 -12.468979835510254 0.3034701347351074
    endloop
  endfacet
  facet normal 0 -0.8320502943378436 -0.554700196225229
    outer loop
      vertex 4.763645172119141 -12.58519172668457 0.47778797149658203
      vertex 5.5 -12.399999618530273 0.19999980926513672
      vertex 4.942048072814941 -12.54782485961914 0.4217376708984375
    endloop
  endfacet
  facet normal 0 -0.8320502943378436 -0.554700196225229
    outer loop
      vertex -5.5 -12.399999618530273 0.19999980926513672
      vertex -5.297207832336426 -12.468979835510254 0.3034701347351074
      vertex -5.473926544189453 -12.427510261535645 0.24126577377319336
    endloop
  endfacet
  facet normal 0 -0.8320502943378436 -0.554700196225229
    outer loop
      vertex 4.942048072814941 -12.54782485961914 0.4217376708984375
      vertex 5.5 -12.399999618530273 0.19999980926513672
      vertex 5.119908332824707 -12.509085655212402 0.3636288642883301
    endloop
  endfacet
  facet normal 0.000011122813416446376 -0.8320470506582945 -0.5547050616022147
    outer loop
      vertex -5.5 -12.399999618530273 0.19999980926513672
      vertex -5.473926544189453 -12.427510261535645 0.24126577377319336
      vertex -5.5 -12.421170234680176 0.231755331158638
    endloop
  endfacet
  facet normal 0 -0.8320502943378437 -0.5547001962252291
    outer loop
      vertex 5.119908332824707 -12.509085655212402 0.3636288642883301
      vertex 5.5 -12.399999618530273 0.19999980926513672
      vertex 5.297207832336426 -12.468979835510254 0.3034701347351074
    endloop
  endfacet
  facet normal 0 -0.8320502943378436 -0.554700196225229
    outer loop
      vertex 5.297207832336426 -12.468979835510254 0.3034701347351074
      vertex 5.5 -12.399999618530273 0.19999980926513672
      vertex 5.473926544189453 -12.427510261535645 0.24126577377319336
    endloop
  endfacet
  facet normal -0.000011122813416446376 -0.8320470506582945 -0.5547050616022147
    outer loop
      vertex 5.473926544189453 -12.427510261535645 0.24126577377319336
      vertex 5.5 -12.399999618530273 0.19999980926513672
      vertex 5.5 -12.421170234680176 0.231755331158638
    endloop
  endfacet
  facet normal -0.19720429167993125 -0.9803624163252163 0
    outer loop
      vertex -4.763645172119141 -12.58519172668457 0.18999958038330078
      vertex -4.584719657897949 -12.621183395385742 0.19999980926513672
      vertex -4.763645172119141 -12.58519172668457 0.19999980926513672
    endloop
  endfacet
  facet normal -0.19720429167993125 -0.9803624163252163 0
    outer loop
      vertex -4.584719657897949 -12.621183395385742 0.19999980926513672
      vertex -4.763645172119141 -12.58519172668457 0.18999958038330078
      vertex -4.584719657897949 -12.621183395385742 0.18999958038330078
    endloop
  endfacet
  facet normal -0.19720429167993123 -0.9803624163252161 0
    outer loop
      vertex -4.763645172119141 -12.58519172668457 1.7222113609313965
      vertex -4.584719657897949 -12.621183395385742 0.5317754745483398
      vertex -4.584719657897949 -12.621183395385742 1.6682238578796387
    endloop
  endfacet
  facet normal -0.19720429167993125 -0.9803624163252163 0
    outer loop
      vertex -4.584719657897949 -12.621183395385742 0.5317754745483398
      vertex -4.763645172119141 -12.58519172668457 1.7222113609313965
      vertex -4.763645172119141 -12.58519172668457 0.47778797149658203
    endloop
  endfacet
  facet normal 0.18940929086441305 -0.9818982231037188 0
    outer loop
      vertex 4.405292510986328 -12.655795097351074 0.18999958038330078
      vertex 4.584719657897949 -12.621183395385742 0.19999980926513672
      vertex 4.405292510986328 -12.655795097351074 0.19999980926513672
    endloop
  endfacet
  facet normal 0.18940929086441305 -0.9818982231037188 0
    outer loop
      vertex 4.584719657897949 -12.621183395385742 0.19999980926513672
      vertex 4.405292510986328 -12.655795097351074 0.18999958038330078
      vertex 4.584719657897949 -12.621183395385742 0.18999958038330078
    endloop
  endfacet
  facet normal 0.18940929086441305 -0.9818982231037188 0
    outer loop
      vertex 4.405292510986328 -12.655795097351074 0.5836930274963379
      vertex 4.584719657897949 -12.621183395385742 1.6682238578796387
      vertex 4.405292510986328 -12.655795097351074 1.616306185722351
    endloop
  endfacet
  facet normal 0.18940929086441302 -0.9818982231037187 0
    outer loop
      vertex 4.584719657897949 -12.621183395385742 1.6682238578796387
      vertex 4.405292510986328 -12.655795097351074 0.5836930274963379
      vertex 4.584719657897949 -12.621183395385742 0.5317754745483398
    endloop
  endfacet
  facet normal 0.1582976868056369 -0.9873914331975868 0
    outer loop
      vertex 3.6829471588134766 -12.78037166595459 0.18999958038330078
      vertex 3.8641891479492188 -12.751315116882324 0.19999980926513672
      vertex 3.6829471588134766 -12.78037166595459 0.19999980926513672
    endloop
  endfacet
  facet normal 0.1582976868056369 -0.9873914331975868 0
    outer loop
      vertex 3.8641891479492188 -12.751315116882324 0.19999980926513672
      vertex 3.6829471588134766 -12.78037166595459 0.18999958038330078
      vertex 3.8641891479492188 -12.751315116882324 0.18999958038330078
    endloop
  endfacet
  facet normal 0.1582976868056369 -0.9873914331975868 0
    outer loop
      vertex 3.6829471588134766 -12.78037166595459 0.7705578804016113
      vertex 3.8641891479492188 -12.751315116882324 1.473025918006897
      vertex 3.6829471588134766 -12.78037166595459 1.429440975189209
    endloop
  endfacet
  facet normal 0.1582976868056369 -0.9873914331975868 0
    outer loop
      vertex 3.8641891479492188 -12.751315116882324 1.473025918006897
      vertex 3.6829471588134766 -12.78037166595459 0.7705578804016113
      vertex 3.8641891479492188 -12.751315116882324 0.7269730567932129
    endloop
  endfacet
  facet normal -0.16606785044307681 -0.9861143285893457 0
    outer loop
      vertex -4.04500675201416 -12.720864295959473 0.18999958038330078
      vertex -3.8641891479492188 -12.751315116882324 0.19999980926513672
      vertex -4.04500675201416 -12.720864295959473 0.19999980926513672
    endloop
  endfacet
  facet normal -0.16606785044307681 -0.9861143285893457 0
    outer loop
      vertex -3.8641891479492188 -12.751315116882324 0.19999980926513672
      vertex -4.04500675201416 -12.720864295959473 0.18999958038330078
      vertex -3.8641891479492188 -12.751315116882324 0.18999958038330078
    endloop
  endfacet
  facet normal -0.16606785044307684 -0.9861143285893458 0
    outer loop
      vertex -4.04500675201416 -12.720864295959473 1.5187022686004639
      vertex -3.8641891479492188 -12.751315116882324 0.7269730567932129
      vertex -3.8641891479492188 -12.751315116882324 1.473025918006897
    endloop
  endfacet
  facet normal -0.1660678504430768 -0.9861143285893456 0
    outer loop
      vertex -3.8641891479492188 -12.751315116882324 0.7269730567932129
      vertex -4.04500675201416 -12.720864295959473 1.5187022686004639
      vertex -4.04500675201416 -12.720864295959473 0.6812968254089355
    endloop
  endfacet
  facet normal 0.21281744387255314 -0.9770919790805535 0
    outer loop
      vertex 4.942048072814941 -12.54782485961914 0.18999958038330078
      vertex 5.119908332824707 -12.509085655212402 0.19999980926513672
      vertex 4.942048072814941 -12.54782485961914 0.19999980926513672
    endloop
  endfacet
  facet normal 0.21281744387255314 -0.9770919790805535 0
    outer loop
      vertex 5.119908332824707 -12.509085655212402 0.19999980926513672
      vertex 4.942048072814941 -12.54782485961914 0.18999958038330078
      vertex 5.119908332824707 -12.509085655212402 0.18999958038330078
    endloop
  endfacet
  facet normal 0.21281744387255314 -0.9770919790805535 0
    outer loop
      vertex 4.942048072814941 -12.54782485961914 0.4217376708984375
      vertex 5.119908332824707 -12.509085655212402 1.8363707065582275
      vertex 4.942048072814941 -12.54782485961914 1.7782617807388306
    endloop
  endfacet
  facet normal 0.21281744387255316 -0.9770919790805535 0
    outer loop
      vertex 5.119908332824707 -12.509085655212402 1.8363707065582275
      vertex 4.942048072814941 -12.54782485961914 0.4217376708984375
      vertex 5.119908332824707 -12.509085655212402 0.3636288642883301
    endloop
  endfacet
  facet normal 0.2206296059101169 -0.9753576661901758 0
    outer loop
      vertex 5.119908332824707 -12.509085655212402 0.18999958038330078
      vertex 5.297207832336426 -12.468979835510254 0.19999980926513672
      vertex 5.119908332824707 -12.509085655212402 0.19999980926513672
    endloop
  endfacet
  facet normal 0.2206296059101169 -0.9753576661901758 0
    outer loop
      vertex 5.297207832336426 -12.468979835510254 0.19999980926513672
      vertex 5.119908332824707 -12.509085655212402 0.18999958038330078
      vertex 5.297207832336426 -12.468979835510254 0.18999958038330078
    endloop
  endfacet
  facet normal 0.22062960591011688 -0.9753576661901757 0
    outer loop
      vertex 5.119908332824707 -12.509085655212402 0.3636288642883301
      vertex 5.297207832336426 -12.468979835510254 1.8965295553207397
      vertex 5.119908332824707 -12.509085655212402 1.8363707065582275
    endloop
  endfacet
  facet normal 0.22062960591011688 -0.9753576661901757 0
    outer loop
      vertex 5.297207832336426 -12.468979835510254 1.8965295553207397
      vertex 5.119908332824707 -12.509085655212402 0.3636288642883301
      vertex 5.297207832336426 -12.468979835510254 0.3034701347351074
    endloop
  endfacet
  facet normal -0.1582976868056369 -0.9873914331975868 0
    outer loop
      vertex -3.8641891479492188 -12.751315116882324 0.18999958038330078
      vertex -3.6829471588134766 -12.78037166595459 0.19999980926513672
      vertex -3.8641891479492188 -12.751315116882324 0.19999980926513672
    endloop
  endfacet
  facet normal -0.1582976868056369 -0.9873914331975868 0
    outer loop
      vertex -3.6829471588134766 -12.78037166595459 0.19999980926513672
      vertex -3.8641891479492188 -12.751315116882324 0.18999958038330078
      vertex -3.6829471588134766 -12.78037166595459 0.18999958038330078
    endloop
  endfacet
  facet normal -0.1582976868056369 -0.9873914331975868 0
    outer loop
      vertex -3.8641891479492188 -12.751315116882324 1.473025918006897
      vertex -3.6829471588134766 -12.78037166595459 0.7705578804016113
      vertex -3.6829471588134766 -12.78037166595459 1.429440975189209
    endloop
  endfacet
  facet normal -0.1582976868056369 -0.9873914331975868 0
    outer loop
      vertex -3.6829471588134766 -12.78037166595459 0.7705578804016113
      vertex -3.8641891479492188 -12.751315116882324 1.473025918006897
      vertex -3.8641891479492188 -12.751315116882324 0.7269730567932129
    endloop
  endfacet
  facet normal 0.18161867101582438 -0.9833690346652398 0
    outer loop
      vertex 4.225380897521973 -12.6890230178833 0.18999958038330078
      vertex 4.405292510986328 -12.655795097351074 0.19999980926513672
      vertex 4.225380897521973 -12.6890230178833 0.19999980926513672
    endloop
  endfacet
  facet normal 0.18161867101582438 -0.9833690346652398 0
    outer loop
      vertex 4.405292510986328 -12.655795097351074 0.19999980926513672
      vertex 4.225380897521973 -12.6890230178833 0.18999958038330078
      vertex 4.405292510986328 -12.655795097351074 0.18999958038330078
    endloop
  endfacet
  facet normal 0.18161867101582438 -0.9833690346652398 0
    outer loop
      vertex 4.225380897521973 -12.6890230178833 0.6335349082946777
      vertex 4.405292510986328 -12.655795097351074 1.616306185722351
      vertex 4.225380897521973 -12.6890230178833 1.5664641857147217
    endloop
  endfacet
  facet normal 0.18161867101582438 -0.9833690346652398 0
    outer loop
      vertex 4.405292510986328 -12.655795097351074 1.616306185722351
      vertex 4.225380897521973 -12.6890230178833 0.6335349082946777
      vertex 4.405292510986328 -12.655795097351074 0.5836930274963379
    endloop
  endfacet
  facet normal -0.2362753985030004 -0.9716861304259974 0
    outer loop
      vertex -5.5 -12.421170234680176 0.18999958038330078
      vertex -5.473926544189453 -12.427510261535645 0.19999980926513672
      vertex -5.5 -12.421170234680176 0.19999980926513672
    endloop
  endfacet
  facet normal -0.2362753985030004 -0.9716861304259974 0
    outer loop
      vertex -5.473926544189453 -12.427510261535645 0.19999980926513672
      vertex -5.5 -12.421170234680176 0.18999958038330078
      vertex -5.473926544189453 -12.427510261535645 0.18999958038330078
    endloop
  endfacet
  facet normal -0.2362753985030004 -0.9716861304259974 0
    outer loop
      vertex -5.5 -12.421170234680176 1.9682444334030151
      vertex -5.473926544189453 -12.427510261535645 0.24126577377319336
      vertex -5.473926544189453 -12.427510261535645 1.9587339162826538
    endloop
  endfacet
  facet normal -0.2362753985030004 -0.9716861304259974 0
    outer loop
      vertex -5.473926544189453 -12.427510261535645 0.24126577377319336
      vertex -5.5 -12.421170234680176 1.9682444334030151
      vertex -5.5 -12.421170234680176 0.231755331158638
    endloop
  endfacet
  facet normal -0.2206296059101169 -0.9753576661901758 0
    outer loop
      vertex -5.297207832336426 -12.468979835510254 0.18999958038330078
      vertex -5.119908332824707 -12.509085655212402 0.19999980926513672
      vertex -5.297207832336426 -12.468979835510254 0.19999980926513672
    endloop
  endfacet
  facet normal -0.2206296059101169 -0.9753576661901758 0
    outer loop
      vertex -5.119908332824707 -12.509085655212402 0.19999980926513672
      vertex -5.297207832336426 -12.468979835510254 0.18999958038330078
      vertex -5.119908332824707 -12.509085655212402 0.18999958038330078
    endloop
  endfacet
  facet normal -0.22062960591011688 -0.9753576661901757 0
    outer loop
      vertex -5.297207832336426 -12.468979835510254 1.8965295553207397
      vertex -5.119908332824707 -12.509085655212402 0.3636288642883301
      vertex -5.119908332824707 -12.509085655212402 1.8363707065582275
    endloop
  endfacet
  facet normal -0.22062960591011688 -0.9753576661901757 0
    outer loop
      vertex -5.119908332824707 -12.509085655212402 0.3636288642883301
      vertex -5.297207832336426 -12.468979835510254 1.8965295553207397
      vertex -5.297207832336426 -12.468979835510254 0.3034701347351074
    endloop
  endfacet
  facet normal 0.15053617376005599 -0.9886045015018302 0
    outer loop
      vertex 3.554048538208008 -12.799999237060547 0.18999958038330078
      vertex 3.6829471588134766 -12.78037166595459 0.19999980926513672
      vertex 3.554048538208008 -12.799999237060547 0.19999980926513672
    endloop
  endfacet
  facet normal 0.15053617376005599 -0.9886045015018302 0
    outer loop
      vertex 3.6829471588134766 -12.78037166595459 0.19999980926513672
      vertex 3.554048538208008 -12.799999237060547 0.18999958038330078
      vertex 3.6829471588134766 -12.78037166595459 0.18999958038330078
    endloop
  endfacet
  facet normal 0.15053617376005599 -0.9886045015018301 0
    outer loop
      vertex 3.554048538208008 -12.799999237060547 0.7999992370605469
      vertex 3.6829471588134766 -12.78037166595459 1.429440975189209
      vertex 3.554048538208008 -12.799999237060547 1.3999996185302734
    endloop
  endfacet
  facet normal 0.15053617376005599 -0.9886045015018302 0
    outer loop
      vertex 3.6829471588134766 -12.78037166595459 1.429440975189209
      vertex 3.554048538208008 -12.799999237060547 0.7999992370605469
      vertex 3.6829471588134766 -12.78037166595459 0.7705578804016113
    endloop
  endfacet
  facet normal -0.2284583035275619 -0.9735536983388787 0
    outer loop
      vertex -5.473926544189453 -12.427510261535645 0.18999958038330078
      vertex -5.297207832336426 -12.468979835510254 0.19999980926513672
      vertex -5.473926544189453 -12.427510261535645 0.19999980926513672
    endloop
  endfacet
  facet normal -0.2284583035275619 -0.9735536983388787 0
    outer loop
      vertex -5.297207832336426 -12.468979835510254 0.19999980926513672
      vertex -5.473926544189453 -12.427510261535645 0.18999958038330078
      vertex -5.297207832336426 -12.468979835510254 0.18999958038330078
    endloop
  endfacet
  facet normal -0.22845830352756188 -0.9735536983388787 0
    outer loop
      vertex -5.473926544189453 -12.427510261535645 1.9587339162826538
      vertex -5.297207832336426 -12.468979835510254 0.3034701347351074
      vertex -5.297207832336426 -12.468979835510254 1.8965295553207397
    endloop
  endfacet
  facet normal -0.22845830352756188 -0.9735536983388787 0
    outer loop
      vertex -5.297207832336426 -12.468979835510254 0.3034701347351074
      vertex -5.473926544189453 -12.427510261535645 1.9587339162826538
      vertex -5.473926544189453 -12.427510261535645 0.24126577377319336
    endloop
  endfacet
  facet normal -0.20500361862921612 -0.9787612151842384 0
    outer loop
      vertex -4.942048072814941 -12.54782485961914 0.18999958038330078
      vertex -4.763645172119141 -12.58519172668457 0.19999980926513672
      vertex -4.942048072814941 -12.54782485961914 0.19999980926513672
    endloop
  endfacet
  facet normal -0.20500361862921612 -0.9787612151842384 0
    outer loop
      vertex -4.763645172119141 -12.58519172668457 0.19999980926513672
      vertex -4.942048072814941 -12.54782485961914 0.18999958038330078
      vertex -4.763645172119141 -12.58519172668457 0.18999958038330078
    endloop
  endfacet
  facet normal -0.20500361862921612 -0.9787612151842384 0
    outer loop
      vertex -4.942048072814941 -12.54782485961914 1.7782617807388306
      vertex -4.763645172119141 -12.58519172668457 0.47778797149658203
      vertex -4.763645172119141 -12.58519172668457 1.7222113609313965
    endloop
  endfacet
  facet normal -0.2050036186292161 -0.9787612151842383 0
    outer loop
      vertex -4.763645172119141 -12.58519172668457 0.47778797149658203
      vertex -4.942048072814941 -12.54782485961914 1.7782617807388306
      vertex -4.942048072814941 -12.54782485961914 0.4217376708984375
    endloop
  endfacet
  facet normal -0.17384117457339193 -0.9847737029505528 0
    outer loop
      vertex -4.225380897521973 -12.6890230178833 0.18999958038330078
      vertex -4.04500675201416 -12.720864295959473 0.19999980926513672
      vertex -4.225380897521973 -12.6890230178833 0.19999980926513672
    endloop
  endfacet
  facet normal -0.17384117457339193 -0.9847737029505528 0
    outer loop
      vertex -4.04500675201416 -12.720864295959473 0.19999980926513672
      vertex -4.225380897521973 -12.6890230178833 0.18999958038330078
      vertex -4.04500675201416 -12.720864295959473 0.18999958038330078
    endloop
  endfacet
  facet normal -0.1738411745733919 -0.9847737029505527 0
    outer loop
      vertex -4.225380897521973 -12.6890230178833 1.5664641857147217
      vertex -4.04500675201416 -12.720864295959473 0.6812968254089355
      vertex -4.04500675201416 -12.720864295959473 1.5187022686004639
    endloop
  endfacet
  facet normal -0.1738411745733919 -0.9847737029505527 0
    outer loop
      vertex -4.04500675201416 -12.720864295959473 0.6812968254089355
      vertex -4.225380897521973 -12.6890230178833 1.5664641857147217
      vertex -4.225380897521973 -12.6890230178833 0.6335349082946777
    endloop
  endfacet
  facet normal -0.18940929086441305 -0.9818982231037188 0
    outer loop
      vertex -4.584719657897949 -12.621183395385742 0.18999958038330078
      vertex -4.405292510986328 -12.655795097351074 0.19999980926513672
      vertex -4.584719657897949 -12.621183395385742 0.19999980926513672
    endloop
  endfacet
  facet normal -0.18940929086441305 -0.9818982231037188 0
    outer loop
      vertex -4.405292510986328 -12.655795097351074 0.19999980926513672
      vertex -4.584719657897949 -12.621183395385742 0.18999958038330078
      vertex -4.405292510986328 -12.655795097351074 0.18999958038330078
    endloop
  endfacet
  facet normal -0.18940929086441305 -0.9818982231037188 0
    outer loop
      vertex -4.584719657897949 -12.621183395385742 1.6682238578796387
      vertex -4.405292510986328 -12.655795097351074 0.5836930274963379
      vertex -4.405292510986328 -12.655795097351074 1.616306185722351
    endloop
  endfacet
  facet normal -0.18940929086441302 -0.9818982231037187 0
    outer loop
      vertex -4.405292510986328 -12.655795097351074 0.5836930274963379
      vertex -4.584719657897949 -12.621183395385742 1.6682238578796387
      vertex -4.584719657897949 -12.621183395385742 0.5317754745483398
    endloop
  endfacet
  facet normal 0.16606785044307681 -0.9861143285893457 0
    outer loop
      vertex 3.8641891479492188 -12.751315116882324 0.18999958038330078
      vertex 4.04500675201416 -12.720864295959473 0.19999980926513672
      vertex 3.8641891479492188 -12.751315116882324 0.19999980926513672
    endloop
  endfacet
  facet normal 0.16606785044307681 -0.9861143285893457 0
    outer loop
      vertex 4.04500675201416 -12.720864295959473 0.19999980926513672
      vertex 3.8641891479492188 -12.751315116882324 0.18999958038330078
      vertex 4.04500675201416 -12.720864295959473 0.18999958038330078
    endloop
  endfacet
  facet normal 0.16606785044307684 -0.9861143285893458 0
    outer loop
      vertex 3.8641891479492188 -12.751315116882324 0.7269730567932129
      vertex 4.04500675201416 -12.720864295959473 1.5187022686004639
      vertex 3.8641891479492188 -12.751315116882324 1.473025918006897
    endloop
  endfacet
  facet normal 0.1660678504430768 -0.9861143285893456 0
    outer loop
      vertex 4.04500675201416 -12.720864295959473 1.5187022686004639
      vertex 3.8641891479492188 -12.751315116882324 0.7269730567932129
      vertex 4.04500675201416 -12.720864295959473 0.6812968254089355
    endloop
  endfacet
  facet normal -0.15053617376005599 -0.9886045015018302 0
    outer loop
      vertex -3.6829471588134766 -12.78037166595459 0.18999958038330078
      vertex -3.554048538208008 -12.799999237060547 0.19999980926513672
      vertex -3.6829471588134766 -12.78037166595459 0.19999980926513672
    endloop
  endfacet
  facet normal -0.15053617376005599 -0.9886045015018302 0
    outer loop
      vertex -3.554048538208008 -12.799999237060547 0.19999980926513672
      vertex -3.6829471588134766 -12.78037166595459 0.18999958038330078
      vertex -3.554048538208008 -12.799999237060547 0.18999958038330078
    endloop
  endfacet
  facet normal -0.15053617376005599 -0.9886045015018301 0
    outer loop
      vertex -3.6829471588134766 -12.78037166595459 1.429440975189209
      vertex -3.554048538208008 -12.799999237060547 0.7999992370605469
      vertex -3.554048538208008 -12.799999237060547 1.3999996185302734
    endloop
  endfacet
  facet normal -0.15053617376005599 -0.9886045015018302 0
    outer loop
      vertex -3.554048538208008 -12.799999237060547 0.7999992370605469
      vertex -3.6829471588134766 -12.78037166595459 1.429440975189209
      vertex -3.6829471588134766 -12.78037166595459 0.7705578804016113
    endloop
  endfacet
  facet normal 0.2284583035275619 -0.9735536983388787 0
    outer loop
      vertex 5.297207832336426 -12.468979835510254 0.18999958038330078
      vertex 5.473926544189453 -12.427510261535645 0.19999980926513672
      vertex 5.297207832336426 -12.468979835510254 0.19999980926513672
    endloop
  endfacet
  facet normal 0.2284583035275619 -0.9735536983388787 0
    outer loop
      vertex 5.473926544189453 -12.427510261535645 0.19999980926513672
      vertex 5.297207832336426 -12.468979835510254 0.18999958038330078
      vertex 5.473926544189453 -12.427510261535645 0.18999958038330078
    endloop
  endfacet
  facet normal 0.22845830352756188 -0.9735536983388787 0
    outer loop
      vertex 5.297207832336426 -12.468979835510254 0.3034701347351074
      vertex 5.473926544189453 -12.427510261535645 1.9587339162826538
      vertex 5.297207832336426 -12.468979835510254 1.8965295553207397
    endloop
  endfacet
  facet normal 0.22845830352756188 -0.9735536983388787 0
    outer loop
      vertex 5.473926544189453 -12.427510261535645 1.9587339162826538
      vertex 5.297207832336426 -12.468979835510254 0.3034701347351074
      vertex 5.473926544189453 -12.427510261535645 0.24126577377319336
    endloop
  endfacet
  facet normal -0.21281744387255314 -0.9770919790805535 0
    outer loop
      vertex -5.119908332824707 -12.509085655212402 0.18999958038330078
      vertex -4.942048072814941 -12.54782485961914 0.19999980926513672
      vertex -5.119908332824707 -12.509085655212402 0.19999980926513672
    endloop
  endfacet
  facet normal -0.21281744387255314 -0.9770919790805535 0
    outer loop
      vertex -4.942048072814941 -12.54782485961914 0.19999980926513672
      vertex -5.119908332824707 -12.509085655212402 0.18999958038330078
      vertex -4.942048072814941 -12.54782485961914 0.18999958038330078
    endloop
  endfacet
  facet normal -0.21281744387255314 -0.9770919790805535 0
    outer loop
      vertex -5.119908332824707 -12.509085655212402 1.8363707065582275
      vertex -4.942048072814941 -12.54782485961914 0.4217376708984375
      vertex -4.942048072814941 -12.54782485961914 1.7782617807388306
    endloop
  endfacet
  facet normal -0.21281744387255316 -0.9770919790805535 0
    outer loop
      vertex -4.942048072814941 -12.54782485961914 0.4217376708984375
      vertex -5.119908332824707 -12.509085655212402 1.8363707065582275
      vertex -5.119908332824707 -12.509085655212402 0.3636288642883301
    endloop
  endfacet
  facet normal 0.2362753985030004 -0.9716861304259974 0
    outer loop
      vertex 5.473926544189453 -12.427510261535645 0.18999958038330078
      vertex 5.5 -12.421170234680176 0.19999980926513672
      vertex 5.473926544189453 -12.427510261535645 0.19999980926513672
    endloop
  endfacet
  facet normal 0.2362753985030004 -0.9716861304259974 0
    outer loop
      vertex 5.5 -12.421170234680176 0.19999980926513672
      vertex 5.473926544189453 -12.427510261535645 0.18999958038330078
      vertex 5.5 -12.421170234680176 0.18999958038330078
    endloop
  endfacet
  facet normal 0.2362753985030004 -0.9716861304259974 0
    outer loop
      vertex 5.473926544189453 -12.427510261535645 0.24126577377319336
      vertex 5.5 -12.421170234680176 1.9682444334030151
      vertex 5.473926544189453 -12.427510261535645 1.9587339162826538
    endloop
  endfacet
  facet normal 0.2362753985030004 -0.9716861304259974 0
    outer loop
      vertex 5.5 -12.421170234680176 1.9682444334030151
      vertex 5.473926544189453 -12.427510261535645 0.24126577377319336
      vertex 5.5 -12.421170234680176 0.231755331158638
    endloop
  endfacet
  facet normal 0.17384117457339193 -0.9847737029505528 0
    outer loop
      vertex 4.04500675201416 -12.720864295959473 0.18999958038330078
      vertex 4.225380897521973 -12.6890230178833 0.19999980926513672
      vertex 4.04500675201416 -12.720864295959473 0.19999980926513672
    endloop
  endfacet
  facet normal 0.17384117457339193 -0.9847737029505528 0
    outer loop
      vertex 4.225380897521973 -12.6890230178833 0.19999980926513672
      vertex 4.04500675201416 -12.720864295959473 0.18999958038330078
      vertex 4.225380897521973 -12.6890230178833 0.18999958038330078
    endloop
  endfacet
  facet normal 0.1738411745733919 -0.9847737029505527 0
    outer loop
      vertex 4.04500675201416 -12.720864295959473 0.6812968254089355
      vertex 4.225380897521973 -12.6890230178833 1.5664641857147217
      vertex 4.04500675201416 -12.720864295959473 1.5187022686004639
    endloop
  endfacet
  facet normal 0.1738411745733919 -0.9847737029505527 0
    outer loop
      vertex 4.225380897521973 -12.6890230178833 1.5664641857147217
      vertex 4.04500675201416 -12.720864295959473 0.6812968254089355
      vertex 4.225380897521973 -12.6890230178833 0.6335349082946777
    endloop
  endfacet
  facet normal 0.19720429167993125 -0.9803624163252163 0
    outer loop
      vertex 4.584719657897949 -12.621183395385742 0.18999958038330078
      vertex 4.763645172119141 -12.58519172668457 0.19999980926513672
      vertex 4.584719657897949 -12.621183395385742 0.19999980926513672
    endloop
  endfacet
  facet normal 0.19720429167993125 -0.9803624163252163 0
    outer loop
      vertex 4.763645172119141 -12.58519172668457 0.19999980926513672
      vertex 4.584719657897949 -12.621183395385742 0.18999958038330078
      vertex 4.763645172119141 -12.58519172668457 0.18999958038330078
    endloop
  endfacet
  facet normal 0.19720429167993123 -0.9803624163252161 0
    outer loop
      vertex 4.584719657897949 -12.621183395385742 0.5317754745483398
      vertex 4.763645172119141 -12.58519172668457 1.7222113609313965
      vertex 4.584719657897949 -12.621183395385742 1.6682238578796387
    endloop
  endfacet
  facet normal 0.19720429167993125 -0.9803624163252163 0
    outer loop
      vertex 4.763645172119141 -12.58519172668457 1.7222113609313965
      vertex 4.584719657897949 -12.621183395385742 0.5317754745483398
      vertex 4.763645172119141 -12.58519172668457 0.47778797149658203
    endloop
  endfacet
  facet normal -0.18161867101582438 -0.9833690346652398 0
    outer loop
      vertex -4.405292510986328 -12.655795097351074 0.18999958038330078
      vertex -4.225380897521973 -12.6890230178833 0.19999980926513672
      vertex -4.405292510986328 -12.655795097351074 0.19999980926513672
    endloop
  endfacet
  facet normal -0.18161867101582438 -0.9833690346652398 0
    outer loop
      vertex -4.225380897521973 -12.6890230178833 0.19999980926513672
      vertex -4.405292510986328 -12.655795097351074 0.18999958038330078
      vertex -4.225380897521973 -12.6890230178833 0.18999958038330078
    endloop
  endfacet
  facet normal -0.18161867101582438 -0.9833690346652398 0
    outer loop
      vertex -4.405292510986328 -12.655795097351074 1.616306185722351
      vertex -4.225380897521973 -12.6890230178833 0.6335349082946777
      vertex -4.225380897521973 -12.6890230178833 1.5664641857147217
    endloop
  endfacet
  facet normal -0.18161867101582438 -0.9833690346652398 0
    outer loop
      vertex -4.225380897521973 -12.6890230178833 0.6335349082946777
      vertex -4.405292510986328 -12.655795097351074 1.616306185722351
      vertex -4.405292510986328 -12.655795097351074 0.5836930274963379
    endloop
  endfacet
  facet normal 0.20500361862921612 -0.9787612151842384 0
    outer loop
      vertex 4.763645172119141 -12.58519172668457 0.18999958038330078
      vertex 4.942048072814941 -12.54782485961914 0.19999980926513672
      vertex 4.763645172119141 -12.58519172668457 0.19999980926513672
    endloop
  endfacet
  facet normal 0.20500361862921612 -0.9787612151842384 0
    outer loop
      vertex 4.942048072814941 -12.54782485961914 0.19999980926513672
      vertex 4.763645172119141 -12.58519172668457 0.18999958038330078
      vertex 4.942048072814941 -12.54782485961914 0.18999958038330078
    endloop
  endfacet
  facet normal 0.20500361862921612 -0.9787612151842384 0
    outer loop
      vertex 4.763645172119141 -12.58519172668457 0.47778797149658203
      vertex 4.942048072814941 -12.54782485961914 1.7782617807388306
      vertex 4.763645172119141 -12.58519172668457 1.7222113609313965
    endloop
  endfacet
  facet normal 0.2050036186292161 -0.9787612151842383 0
    outer loop
      vertex 4.942048072814941 -12.54782485961914 1.7782617807388306
      vertex 4.763645172119141 -12.58519172668457 0.47778797149658203
      vertex 4.942048072814941 -12.54782485961914 0.4217376708984375
    endloop
  endfacet
  facet normal 0 0 1
    outer loop
      vertex 9.137256622314453 12.399999618530273 3.399998664855957
      vertex 12.399999618530273 -9.137256622314453 3.399998664855957
      vertex 12.399999618530273 9.137256622314453 3.399998664855957
    endloop
  endfacet
  facet normal 0 0 1
    outer loop
      vertex 9.137256622314453 12.399999618530273 3.399998664855957
      vertex 9.137256622314453 -12.399999618530273 3.399998664855957
      vertex 12.399999618530273 -9.137256622314453 3.399998664855957
    endloop
  endfacet
  facet normal 0 0 1
    outer loop
      vertex -9.137256622314453 12.399999618530273 3.399998664855957
      vertex 9.137256622314453 -12.399999618530273 3.399998664855957
      vertex 9.137256622314453 12.399999618530273 3.399998664855957
    endloop
  endfacet
  facet normal 0 0 1
    outer loop
      vertex -9.137256622314453 12.399999618530273 3.399998664855957
      vertex -9.137256622314453 -12.399999618530273 3.399998664855957
      vertex 9.137256622314453 -12.399999618530273 3.399998664855957
    endloop
  endfacet
  facet normal 0 0 1
    outer loop
      vertex -12.399999618530273 9.137256622314453 3.399998664855957
      vertex -9.137256622314453 -12.399999618530273 3.399998664855957
      vertex -9.137256622314453 12.399999618530273 3.399998664855957
    endloop
  endfacet
  facet normal 0 0 1
    outer loop
      vertex -9.137256622314453 -12.399999618530273 3.399998664855957
      vertex -12.399999618530273 9.137256622314453 3.399998664855957
      vertex -12.399999618530273 -9.137256622314453 3.399998664855957
    endloop
  endfacet
  facet normal 0 0 -1
    outer loop
      vertex 9.137256622314453 -12.399999618530273 2.9900007247924805
      vertex 12.399999618530273 -9.123676300048828 2.9900007247924805
      vertex 12.399999618530273 -9.137256622314453 2.9900007247924805
    endloop
  endfacet
  facet normal 0 0 -1
    outer loop
      vertex 12.399999618530273 -9.123676300048828 2.9900007247924805
      vertex 9.137256622314453 -12.399999618530273 2.9900007247924805
      vertex 9.123676300048828 -12.399999618530273 2.9900007247924805
    endloop
  endfacet
  facet normal 0 0 -1
    outer loop
      vertex 12.399999618530273 9.123676300048828 2.9900007247924805
      vertex 9.137256622314453 12.399999618530273 2.9900007247924805
      vertex 12.399999618530273 9.137256622314453 2.9900007247924805
    endloop
  endfacet
  facet normal 0 0 -1
    outer loop
      vertex 9.137256622314453 12.399999618530273 2.9900007247924805
      vertex 12.399999618530273 9.123676300048828 2.9900007247924805
      vertex 9.123676300048828 12.399999618530273 2.9900007247924805
    endloop
  endfacet
  facet normal 0 0 -1
    outer loop
      vertex -12.399999618530273 9.123676300048828 2.9900007247924805
      vertex -9.137256622314453 12.399999618530273 2.9900007247924805
      vertex -9.123676300048828 12.399999618530273 2.9900007247924805
    endloop
  endfacet
  facet normal 0 0 -1
    outer loop
      vertex -9.137256622314453 12.399999618530273 2.9900007247924805
      vertex -12.399999618530273 9.123676300048828 2.9900007247924805
      vertex -12.399999618530273 9.137256622314453 2.9900007247924805
    endloop
  endfacet
  facet normal 0 0 -1
    outer loop
      vertex -12.399999618530273 -9.137256622314453 2.9900007247924805
      vertex -9.123676300048828 -12.399999618530273 2.9900007247924805
      vertex -9.137256622314453 -12.399999618530273 2.9900007247924805
    endloop
  endfacet
  facet normal 0 0 -1
    outer loop
      vertex -9.123676300048828 -12.399999618530273 2.9900007247924805
      vertex -12.399999618530273 -9.137256622314453 2.9900007247924805
      vertex -12.399999618530273 -9.123676300048828 2.9900007247924805
    endloop
  endfacet
  facet normal 0 0 -1
    outer loop
      vertex -12.399999618530273 -7.582181930541992 2.9900007247924805
      vertex -7.581629753112793 -12.399999618530273 2.9900007247924805
      vertex -7.582181930541992 -12.399999618530273 2.9900007247924805
    endloop
  endfacet
  facet normal 0 0 -1
    outer loop
      vertex -7.581629753112793 -12.399999618530273 2.9900007247924805
      vertex -12.399999618530273 -7.582181930541992 2.9900007247924805
      vertex -12.399999618530273 -7.581629753112793 2.9900007247924805
    endloop
  endfacet
  facet normal 0 0 -1
    outer loop
      vertex -12.399999618530273 7.581629753112793 2.9900007247924805
      vertex -7.582181930541992 12.399999618530273 2.9900007247924805
      vertex -7.581629753112793 12.399999618530273 2.9900007247924805
    endloop
  endfacet
  facet normal 0 0 -1
    outer loop
      vertex -7.582181930541992 12.399999618530273 2.9900007247924805
      vertex -12.399999618530273 7.581629753112793 2.9900007247924805
      vertex -12.399999618530273 7.582181930541992 2.9900007247924805
    endloop
  endfacet
  facet normal 0 0 -1
    outer loop
      vertex 7.582181930541992 -12.399999618530273 2.9900007247924805
      vertex 12.399999618530273 -7.581629753112793 2.9900007247924805
      vertex 12.399999618530273 -7.582181930541992 2.9900007247924805
    endloop
  endfacet
  facet normal 0 0 -1
    outer loop
      vertex 12.399999618530273 -7.581629753112793 2.9900007247924805
      vertex 7.582181930541992 -12.399999618530273 2.9900007247924805
      vertex 7.581629753112793 -12.399999618530273 2.9900007247924805
    endloop
  endfacet
  facet normal 0 0 -1
    outer loop
      vertex 12.399999618530273 7.581629753112793 2.9900007247924805
      vertex 7.582181930541992 12.399999618530273 2.9900007247924805
      vertex 12.399999618530273 7.582181930541992 2.9900007247924805
    endloop
  endfacet
  facet normal 0 0 -1
    outer loop
      vertex 7.582181930541992 12.399999618530273 2.9900007247924805
      vertex 12.399999618530273 7.581629753112793 2.9900007247924805
      vertex 7.581629753112793 12.399999618530273 2.9900007247924805
    endloop
  endfacet
  facet normal -0.7071067811865475 -0.7071067811865475 0
    outer loop
      vertex -7.581629753112793 -12.399999618530273 0
      vertex -12.399999618530273 -7.581629753112793 2.9900007247924805
      vertex -12.399999618530273 -7.581629753112793 0
    endloop
  endfacet
  facet normal -0.7071067811865475 -0.7071067811865475 0
    outer loop
      vertex -12.399999618530273 -7.581629753112793 2.9900007247924805
      vertex -7.581629753112793 -12.399999618530273 0
      vertex -7.581629753112793 -12.399999618530273 2.9900007247924805
    endloop
  endfacet
  facet normal 0.7071067811865475 0.7071067811865475 0
    outer loop
      vertex 12.399999618530273 7.581629753112793 2.9900007247924805
      vertex 7.581629753112793 12.399999618530273 0
      vertex 7.581629753112793 12.399999618530273 2.9900007247924805
    endloop
  endfacet
  facet normal 0.7071067811865475 0.7071067811865475 0
    outer loop
      vertex 7.581629753112793 12.399999618530273 0
      vertex 12.399999618530273 7.581629753112793 2.9900007247924805
      vertex 12.399999618530273 7.581629753112793 0
    endloop
  endfacet
  facet normal 0.7071067811865475 -0.7071067811865475 0
    outer loop
      vertex 7.581629753112793 -12.399999618530273 2.9900007247924805
      vertex 12.399999618530273 -7.581629753112793 0
      vertex 12.399999618530273 -7.581629753112793 2.9900007247924805
    endloop
  endfacet
  facet normal 0.7071067811865475 -0.7071067811865475 0
    outer loop
      vertex 12.399999618530273 -7.581629753112793 0
      vertex 7.581629753112793 -12.399999618530273 2.9900007247924805
      vertex 7.581629753112793 -12.399999618530273 0
    endloop
  endfacet
  facet normal 0 0 -1
    outer loop
      vertex -11.137107849121094 6.044526100158691 0
      vertex -6.044526100158691 11.137107849121094 0
      vertex -11.128551483154297 6.027732849121094 0
    endloop
  endfacet
  facet normal 0 0 -1
    outer loop
      vertex -6.044526100158691 11.137107849121094 0
      vertex -11.137107849121094 6.044526100158691 0
      vertex -6.060747146606445 11.146700859069824 0
    endloop
  endfacet
  facet normal 0 0 -1
    outer loop
      vertex -11.146700859069824 6.060747146606445 0
      vertex -6.060747146606445 11.146700859069824 0
      vertex -11.137107849121094 6.044526100158691 0
    endloop
  endfacet
  facet normal 0 0 -1
    outer loop
      vertex -6.060747146606445 11.146700859069824 0
      vertex -11.146700859069824 6.060747146606445 0
      vertex -6.0763349533081055 11.157294273376465 0
    endloop
  endfacet
  facet normal 0 0 -1
    outer loop
      vertex -11.157294273376465 6.0763349533081055 0
      vertex -6.0763349533081055 11.157294273376465 0
      vertex -11.146700859069824 6.060747146606445 0
    endloop
  endfacet
  facet normal 0 0 -1
    outer loop
      vertex -6.0763349533081055 11.157294273376465 0
      vertex -11.157294273376465 6.0763349533081055 0
      vertex -6.091226577758789 11.168845176696777 0
    endloop
  endfacet
  facet normal 0 0 -1
    outer loop
      vertex -11.168845176696777 6.091226577758789 0
      vertex -6.091226577758789 11.168845176696777 0
      vertex -11.157294273376465 6.0763349533081055 0
    endloop
  endfacet
  facet normal 0 0 -1
    outer loop
      vertex -6.091226577758789 11.168845176696777 0
      vertex -11.168845176696777 6.091226577758789 0
      vertex -6.105363845825195 11.18130874633789 0
    endloop
  endfacet
  facet normal 0 0 -1
    outer loop
      vertex -11.18130874633789 6.105363845825195 0
      vertex -6.105363845825195 11.18130874633789 0
      vertex -11.168845176696777 6.091226577758789 0
    endloop
  endfacet
  facet normal 0 0 -1
    outer loop
      vertex -6.105363845825195 11.18130874633789 0
      vertex -11.18130874633789 6.105363845825195 0
      vertex -6.118690490722656 11.194635391235352 0
    endloop
  endfacet
  facet normal 0 0 -1
    outer loop
      vertex -11.194635391235352 6.118690490722656 0
      vertex -6.118690490722656 11.194635391235352 0
      vertex -11.18130874633789 6.105363845825195 0
    endloop
  endfacet
  facet normal 0 0 -1
    outer loop
      vertex -6.118690490722656 11.194635391235352 0
      vertex -11.194635391235352 6.118690490722656 0
      vertex -6.131153106689453 11.208772659301758 0
    endloop
  endfacet
  facet normal 0 0 -1
    outer loop
      vertex -11.208772659301758 6.131153106689453 0
      vertex -6.131153106689453 11.208772659301758 0
      vertex -11.194635391235352 6.118690490722656 0
    endloop
  endfacet
  facet normal 0 0 -1
    outer loop
      vertex -6.131153106689453 11.208772659301758 0
      vertex -11.208772659301758 6.131153106689453 0
      vertex -6.142704963684082 11.223664283752441 0
    endloop
  endfacet
  facet normal 0 0 -1
    outer loop
      vertex -11.223664283752441 6.142704963684082 0
      vertex -6.142704963684082 11.223664283752441 0
      vertex -11.208772659301758 6.131153106689453 0
    endloop
  endfacet
  facet normal 0 0 -1
    outer loop
      vertex -6.142704963684082 11.223664283752441 0
      vertex -11.223664283752441 6.142704963684082 0
      vertex -7.581629753112793 12.399999618530273 0
    endloop
  endfacet
  facet normal 0 0 -1
    outer loop
      vertex -12.399999618530273 7.581629753112793 0
      vertex -11.223664283752441 6.142704963684082 0
      vertex -11.239251136779785 6.153298377990723 0
    endloop
  endfacet
  facet normal 0 0 -1
    outer loop
      vertex -12.399999618530273 7.581629753112793 0
      vertex -11.239251136779785 6.153298377990723 0
      vertex -11.255473136901855 6.162891387939453 0
    endloop
  endfacet
  facet normal 0 0 -1
    outer loop
      vertex -12.399999618530273 7.581629753112793 0
      vertex -11.255473136901855 6.162891387939453 0
      vertex -11.272265434265137 6.17144775390625 0
    endloop
  endfacet
  facet normal 0 0 -1
    outer loop
      vertex -12.399999618530273 7.581629753112793 0
      vertex -11.272265434265137 6.17144775390625 0
      vertex -11.289562225341797 6.178932189941406 0
    endloop
  endfacet
  facet normal 0 0 -1
    outer loop
      vertex -12.399999618530273 7.581629753112793 0
      vertex -11.289562225341797 6.178932189941406 0
      vertex -11.307294845581055 6.18531608581543 0
    endloop
  endfacet
  facet normal 0 0 -1
    outer loop
      vertex -12.399999618530273 7.581629753112793 0
      vertex -11.307294845581055 6.18531608581543 0
      vertex -11.325392723083496 6.190574645996094 0
    endloop
  endfacet
  facet normal 0 0 -1
    outer loop
      vertex -12.399999618530273 7.581629753112793 0
      vertex -11.325392723083496 6.190574645996094 0
      vertex -11.343785285949707 6.194685935974121 0
    endloop
  endfacet
  facet normal 0 0 -1
    outer loop
      vertex -12.399999618530273 7.581629753112793 0
      vertex -11.343785285949707 6.194685935974121 0
      vertex -11.362399101257324 6.197633743286133 0
    endloop
  endfacet
  facet normal 0 0 -1
    outer loop
      vertex -12.399999618530273 7.581629753112793 0
      vertex -11.362399101257324 6.197633743286133 0
      vertex -11.381162643432617 6.199407577514648 0
    endloop
  endfacet
  facet normal 0 0 -1
    outer loop
      vertex -12.399999618530273 7.581629753112793 0
      vertex -11.381162643432617 6.199407577514648 0
      vertex -11.399999618530273 6.199999809265137 0
    endloop
  endfacet
  facet normal 0 0 -1
    outer loop
      vertex -12.399999618530273 7.581629753112793 0
      vertex -11.399999618530273 6.199999809265137 0
      vertex -11.41883659362793 6.199407577514648 0
    endloop
  endfacet
  facet normal 0 0 -1
    outer loop
      vertex -12.399999618530273 7.581629753112793 0
      vertex -11.41883659362793 6.199407577514648 0
      vertex -11.437599182128906 6.197633743286133 0
    endloop
  endfacet
  facet normal 0 0 -1
    outer loop
      vertex -12.399999618530273 7.581629753112793 0
      vertex -11.437599182128906 6.197633743286133 0
      vertex -11.45621395111084 6.194685935974121 0
    endloop
  endfacet
  facet normal 0 0 -1
    outer loop
      vertex -12.399999618530273 7.581629753112793 0
      vertex -11.45621395111084 6.194685935974121 0
      vertex -11.47460651397705 6.190574645996094 0
    endloop
  endfacet
  facet normal 0 0 -1
    outer loop
      vertex -12.399999618530273 7.581629753112793 0
      vertex -11.47460651397705 6.190574645996094 0
      vertex -11.492704391479492 6.18531608581543 0
    endloop
  endfacet
  facet normal 0 0 -1
    outer loop
      vertex -12.399999618530273 7.581629753112793 0
      vertex -11.492704391479492 6.18531608581543 0
      vertex -11.51043701171875 6.178932189941406 0
    endloop
  endfacet
  facet normal 0 0 -1
    outer loop
      vertex -12.399999618530273 7.581629753112793 0
      vertex -11.51043701171875 6.178932189941406 0
      vertex -11.527732849121094 6.17144775390625 0
    endloop
  endfacet
  facet normal 0 0 -1
    outer loop
      vertex -12.399999618530273 7.581629753112793 0
      vertex -11.527732849121094 6.17144775390625 0
      vertex -11.544526100158691 6.162891387939453 0
    endloop
  endfacet
  facet normal 0 0 -1
    outer loop
      vertex -12.399999618530273 7.581629753112793 0
      vertex -11.544526100158691 6.162891387939453 0
      vertex -11.560747146606445 6.153298377990723 0
    endloop
  endfacet
  facet normal 0 0 -1
    outer loop
      vertex -12.399999618530273 7.581629753112793 0
      vertex -11.560747146606445 6.153298377990723 0
      vertex -11.576334953308105 6.142704963684082 0
    endloop
  endfacet
  facet normal 0 0 -1
    outer loop
      vertex -12.399999618530273 7.581629753112793 0
      vertex -11.576334953308105 6.142704963684082 0
      vertex -11.591226577758789 6.131153106689453 0
    endloop
  endfacet
  facet normal 0 0 -1
    outer loop
      vertex -12.399999618530273 7.581629753112793 0
      vertex -11.591226577758789 6.131153106689453 0
      vertex -11.605363845825195 6.118690490722656 0
    endloop
  endfacet
  facet normal 0 0 -1
    outer loop
      vertex -12.399999618530273 7.581629753112793 0
      vertex -11.605363845825195 6.118690490722656 0
      vertex -11.618690490722656 6.105363845825195 0
    endloop
  endfacet
  facet normal 0 0 -1
    outer loop
      vertex -12.399999618530273 7.581629753112793 0
      vertex -11.618690490722656 6.105363845825195 0
      vertex -11.631153106689453 6.091226577758789 0
    endloop
  endfacet
  facet normal 0 0 -1
    outer loop
      vertex -12.399999618530273 7.581629753112793 0
      vertex -11.631153106689453 6.091226577758789 0
      vertex -11.642704963684082 6.0763349533081055 0
    endloop
  endfacet
  facet normal 0 0 -1
    outer loop
      vertex -12.399999618530273 7.581629753112793 0
      vertex -11.642704963684082 6.0763349533081055 0
      vertex -11.653298377990723 6.060747146606445 0
    endloop
  endfacet
  facet normal 0 0 -1
    outer loop
      vertex -12.399999618530273 7.581629753112793 0
      vertex -11.699999809265137 5.899999618530273 0
      vertex -12.399999618530273 -7.581629753112793 0
    endloop
  endfacet
  facet normal 0 0 -1
    outer loop
      vertex -11.223664283752441 6.142704963684082 0
      vertex -12.399999618530273 7.581629753112793 0
      vertex -7.581629753112793 12.399999618530273 0
    endloop
  endfacet
  facet normal 0 0 -1
    outer loop
      vertex -11.662891387939453 6.044526100158691 0
      vertex -12.399999618530273 7.581629753112793 0
      vertex -11.653298377990723 6.060747146606445 0
    endloop
  endfacet
  facet normal 0 0 -1
    outer loop
      vertex -11.67144775390625 6.027732849121094 0
      vertex -12.399999618530273 7.581629753112793 0
      vertex -11.662891387939453 6.044526100158691 0
    endloop
  endfacet
  facet normal 0 0 -1
    outer loop
      vertex -11.678932189941406 6.01043701171875 0
      vertex -12.399999618530273 7.581629753112793 0
      vertex -11.67144775390625 6.027732849121094 0
    endloop
  endfacet
  facet normal 0 0 -1
    outer loop
      vertex -11.68531608581543 5.992704391479492 0
      vertex -12.399999618530273 7.581629753112793 0
      vertex -11.678932189941406 6.01043701171875 0
    endloop
  endfacet
  facet normal 0 0 -1
    outer loop
      vertex -11.690574645996094 5.974606513977051 0
      vertex -12.399999618530273 7.581629753112793 0
      vertex -11.68531608581543 5.992704391479492 0
    endloop
  endfacet
  facet normal 0 0 -1
    outer loop
      vertex -11.694685935974121 5.95621395111084 0
      vertex -12.399999618530273 7.581629753112793 0
      vertex -11.690574645996094 5.974606513977051 0
    endloop
  endfacet
  facet normal 0 0 -1
    outer loop
      vertex -11.697633743286133 5.937599182128906 0
      vertex -12.399999618530273 7.581629753112793 0
      vertex -11.694685935974121 5.95621395111084 0
    endloop
  endfacet
  facet normal 0 0 -1
    outer loop
      vertex -11.699407577514648 5.91883659362793 0
      vertex -12.399999618530273 7.581629753112793 0
      vertex -11.697633743286133 5.937599182128906 0
    endloop
  endfacet
  facet normal 0 0 -1
    outer loop
      vertex -11.699999809265137 5.899999618530273 0
      vertex -12.399999618530273 7.581629753112793 0
      vertex -11.699407577514648 5.91883659362793 0
    endloop
  endfacet
  facet normal 0 0 -1
    outer loop
      vertex 6.091226577758789 -11.168845176696777 0
      vertex 11.168845176696777 -6.091226577758789 0
      vertex 6.105363845825195 -11.18130874633789 0
    endloop
  endfacet
  facet normal 0 0 -1
    outer loop
      vertex 11.09999942779541 5.899999618530273 0
      vertex 6.199407577514648 11.381162643432617 0
      vertex 6.199999809265137 11.399999618530273 0
    endloop
  endfacet
  facet normal 0 0 -1
    outer loop
      vertex 11.168845176696777 -6.091226577758789 0
      vertex 6.091226577758789 -11.168845176696777 0
      vertex 11.157294273376465 -6.0763349533081055 0
    endloop
  endfacet
  facet normal 0 0 -1
    outer loop
      vertex 11.09999942779541 5.899999618530273 0
      vertex 6.197633743286133 11.362399101257324 0
      vertex 6.199407577514648 11.381162643432617 0
    endloop
  endfacet
  facet normal 0 0 -1
    outer loop
      vertex 6.0763349533081055 -11.157294273376465 0
      vertex 11.157294273376465 -6.0763349533081055 0
      vertex 6.091226577758789 -11.168845176696777 0
    endloop
  endfacet
  facet normal 0 0 -1
    outer loop
      vertex 11.09999942779541 5.899999618530273 0
      vertex 6.194685935974121 11.343785285949707 0
      vertex 6.197633743286133 11.362399101257324 0
    endloop
  endfacet
  facet normal 0 0 -1
    outer loop
      vertex 11.157294273376465 -6.0763349533081055 0
      vertex 6.0763349533081055 -11.157294273376465 0
      vertex 11.146700859069824 -6.060747146606445 0
    endloop
  endfacet
  facet normal 0 0 -1
    outer loop
      vertex 11.09999942779541 5.899999618530273 0
      vertex 6.190574645996094 11.325392723083496 0
      vertex 6.194685935974121 11.343785285949707 0
    endloop
  endfacet
  facet normal 0 0 -1
    outer loop
      vertex 6.060747146606445 -11.146700859069824 0
      vertex 11.146700859069824 -6.060747146606445 0
      vertex 6.0763349533081055 -11.157294273376465 0
    endloop
  endfacet
  facet normal 0 0 -1
    outer loop
      vertex 11.09999942779541 5.899999618530273 0
      vertex 6.18531608581543 11.307294845581055 0
      vertex 6.190574645996094 11.325392723083496 0
    endloop
  endfacet
  facet normal 0 0 -1
    outer loop
      vertex 11.146700859069824 -6.060747146606445 0
      vertex 6.060747146606445 -11.146700859069824 0
      vertex 11.137107849121094 -6.044526100158691 0
    endloop
  endfacet
  facet normal 0 0 -1
    outer loop
      vertex 11.09999942779541 5.899999618530273 0
      vertex 6.178932189941406 11.289562225341797 0
      vertex 6.18531608581543 11.307294845581055 0
    endloop
  endfacet
  facet normal 0 0 -1
    outer loop
      vertex 6.044526100158691 -11.137107849121094 0
      vertex 11.137107849121094 -6.044526100158691 0
      vertex 6.060747146606445 -11.146700859069824 0
    endloop
  endfacet
  facet normal 0 0 -1
    outer loop
      vertex 11.09999942779541 5.899999618530273 0
      vertex 6.17144775390625 11.272265434265137 0
      vertex 6.178932189941406 11.289562225341797 0
    endloop
  endfacet
  facet normal 0 0 -1
    outer loop
      vertex 11.137107849121094 -6.044526100158691 0
      vertex 6.044526100158691 -11.137107849121094 0
      vertex 11.128551483154297 -6.027732849121094 0
    endloop
  endfacet
  facet normal 0 0 -1
    outer loop
      vertex 11.09999942779541 5.899999618530273 0
      vertex 6.162891387939453 11.255473136901855 0
      vertex 6.17144775390625 11.272265434265137 0
    endloop
  endfacet
  facet normal 0 0 -1
    outer loop
      vertex 6.027732849121094 -11.128551483154297 0
      vertex 11.128551483154297 -6.027732849121094 0
      vertex 6.044526100158691 -11.137107849121094 0
    endloop
  endfacet
  facet normal 0 0 -1
    outer loop
      vertex 11.09999942779541 5.899999618530273 0
      vertex 6.153298377990723 11.239251136779785 0
      vertex 6.162891387939453 11.255473136901855 0
    endloop
  endfacet
  facet normal 0 0 -1
    outer loop
      vertex 11.128551483154297 -6.027732849121094 0
      vertex 6.027732849121094 -11.128551483154297 0
      vertex 11.12106704711914 -6.01043701171875 0
    endloop
  endfacet
  facet normal 0 0 -1
    outer loop
      vertex 11.09999942779541 5.899999618530273 0
      vertex 6.142704963684082 11.223664283752441 0
      vertex 6.153298377990723 11.239251136779785 0
    endloop
  endfacet
  facet normal 0 0 -1
    outer loop
      vertex 6.01043701171875 -11.12106704711914 0
      vertex 11.12106704711914 -6.01043701171875 0
      vertex 6.027732849121094 -11.128551483154297 0
    endloop
  endfacet
  facet normal 0 0 -1
    outer loop
      vertex 11.09999942779541 5.899999618530273 0
      vertex 6.131153106689453 11.208772659301758 0
      vertex 6.142704963684082 11.223664283752441 0
    endloop
  endfacet
  facet normal 0 0 -1
    outer loop
      vertex 11.12106704711914 -6.01043701171875 0
      vertex 6.01043701171875 -11.12106704711914 0
      vertex 11.1146821975708 -5.992704391479492 0
    endloop
  endfacet
  facet normal 0 0 -1
    outer loop
      vertex 11.09999942779541 5.899999618530273 0
      vertex 6.118690490722656 11.194635391235352 0
      vertex 6.131153106689453 11.208772659301758 0
    endloop
  endfacet
  facet normal 0 0 -1
    outer loop
      vertex 5.992704391479492 -11.1146821975708 0
      vertex 11.1146821975708 -5.992704391479492 0
      vertex 6.01043701171875 -11.12106704711914 0
    endloop
  endfacet
  facet normal 0 0 -1
    outer loop
      vertex 11.09999942779541 5.899999618530273 0
      vertex 6.105363845825195 11.18130874633789 0
      vertex 6.118690490722656 11.194635391235352 0
    endloop
  endfacet
  facet normal 0 0 -1
    outer loop
      vertex 11.1146821975708 -5.992704391479492 0
      vertex 5.992704391479492 -11.1146821975708 0
      vertex 11.109424591064453 -5.974606513977051 0
    endloop
  endfacet
  facet normal 0 0 -1
    outer loop
      vertex 11.09999942779541 5.899999618530273 0
      vertex 6.091226577758789 11.168845176696777 0
      vertex 6.105363845825195 11.18130874633789 0
    endloop
  endfacet
  facet normal 0 0 -1
    outer loop
      vertex 5.974606513977051 -11.109424591064453 0
      vertex 11.109424591064453 -5.974606513977051 0
      vertex 5.992704391479492 -11.1146821975708 0
    endloop
  endfacet
  facet normal 0 0 -1
    outer loop
      vertex 11.09999942779541 5.899999618530273 0
      vertex 6.0763349533081055 11.157294273376465 0
      vertex 6.091226577758789 11.168845176696777 0
    endloop
  endfacet
  facet normal 0 0 -1
    outer loop
      vertex 11.109424591064453 -5.974606513977051 0
      vertex 5.974606513977051 -11.109424591064453 0
      vertex 11.105313301086426 -5.95621395111084 0
    endloop
  endfacet
  facet normal 0 0 -1
    outer loop
      vertex 11.09999942779541 5.899999618530273 0
      vertex 6.060747146606445 11.146700859069824 0
      vertex 6.0763349533081055 11.157294273376465 0
    endloop
  endfacet
  facet normal 0 0 -1
    outer loop
      vertex 5.95621395111084 -11.105313301086426 0
      vertex 11.105313301086426 -5.95621395111084 0
      vertex 5.974606513977051 -11.109424591064453 0
    endloop
  endfacet
  facet normal 0 0 -1
    outer loop
      vertex 11.09999942779541 5.899999618530273 0
      vertex 6.044526100158691 11.137107849121094 0
      vertex 6.060747146606445 11.146700859069824 0
    endloop
  endfacet
  facet normal 0 0 -1
    outer loop
      vertex 11.105313301086426 -5.95621395111084 0
      vertex 5.95621395111084 -11.105313301086426 0
      vertex 11.102365493774414 -5.937599182128906 0
    endloop
  endfacet
  facet normal 0 0 -1
    outer loop
      vertex 11.09999942779541 5.899999618530273 0
      vertex 6.027732849121094 11.128551483154297 0
      vertex 6.044526100158691 11.137107849121094 0
    endloop
  endfacet
  facet normal 0 0 -1
    outer loop
      vertex 5.937599182128906 -11.102365493774414 0
      vertex 11.102365493774414 -5.937599182128906 0
      vertex 5.95621395111084 -11.105313301086426 0
    endloop
  endfacet
  facet normal 0 0 -1
    outer loop
      vertex 11.09999942779541 5.899999618530273 0
      vertex 6.01043701171875 11.12106704711914 0
      vertex 6.027732849121094 11.128551483154297 0
    endloop
  endfacet
  facet normal 0 0 -1
    outer loop
      vertex 11.102365493774414 -5.937599182128906 0
      vertex 5.937599182128906 -11.102365493774414 0
      vertex 11.100591659545898 -5.91883659362793 0
    endloop
  endfacet
  facet normal 0 0 -1
    outer loop
      vertex 11.09999942779541 5.899999618530273 0
      vertex 5.992704391479492 11.1146821975708 0
      vertex 6.01043701171875 11.12106704711914 0
    endloop
  endfacet
  facet normal 0 0 -1
    outer loop
      vertex 5.91883659362793 -11.100591659545898 0
      vertex 11.100591659545898 -5.91883659362793 0
      vertex 5.937599182128906 -11.102365493774414 0
    endloop
  endfacet
  facet normal 0 0 -1
    outer loop
      vertex 11.09999942779541 5.899999618530273 0
      vertex 5.974606513977051 11.109424591064453 0
      vertex 5.992704391479492 11.1146821975708 0
    endloop
  endfacet
  facet normal 0 0 -1
    outer loop
      vertex 11.100591659545898 -5.91883659362793 0
      vertex 5.91883659362793 -11.100591659545898 0
      vertex 11.09999942779541 -5.899999618530273 0
    endloop
  endfacet
  facet normal 0 0 -1
    outer loop
      vertex 11.09999942779541 5.899999618530273 0
      vertex 5.95621395111084 11.105313301086426 0
      vertex 5.974606513977051 11.109424591064453 0
    endloop
  endfacet
  facet normal 0 0 -1
    outer loop
      vertex 5.899999618530273 -11.09999942779541 0
      vertex 11.09999942779541 -5.899999618530273 0
      vertex 5.91883659362793 -11.100591659545898 0
    endloop
  endfacet
  facet normal 0 0 -1
    outer loop
      vertex 11.09999942779541 5.899999618530273 0
      vertex 5.937599182128906 11.102365493774414 0
      vertex 5.95621395111084 11.105313301086426 0
    endloop
  endfacet
  facet normal 0 0 -1
    outer loop
      vertex 11.09999942779541 -5.899999618530273 0
      vertex 5.899999618530273 -11.09999942779541 0
      vertex 11.09999942779541 5.899999618530273 0
    endloop
  endfacet
  facet normal 0 0 -1
    outer loop
      vertex 11.09999942779541 5.899999618530273 0
      vertex 5.91883659362793 11.100591659545898 0
      vertex 5.937599182128906 11.102365493774414 0
    endloop
  endfacet
  facet normal 0 0 -1
    outer loop
      vertex 5.899999618530273 11.09999942779541 0
      vertex 11.09999942779541 5.899999618530273 0
      vertex 5.899999618530273 -11.09999942779541 0
    endloop
  endfacet
  facet normal 0 0 -1
    outer loop
      vertex 11.09999942779541 5.899999618530273 0
      vertex 5.899999618530273 11.09999942779541 0
      vertex 5.91883659362793 11.100591659545898 0
    endloop
  endfacet
  facet normal 0 0 -1
    outer loop
      vertex -5.899999618530273 -11.09999942779541 0
      vertex 5.899999618530273 11.09999942779541 0
      vertex 5.899999618530273 -11.09999942779541 0
    endloop
  endfacet
  facet normal 0 0 -1
    outer loop
      vertex -5.899999618530273 -11.09999942779541 0
      vertex -5.899999618530273 11.09999942779541 0
      vertex 5.899999618530273 11.09999942779541 0
    endloop
  endfacet
  facet normal 0 0 -1
    outer loop
      vertex -11.09999942779541 -5.899999618530273 0
      vertex -5.899999618530273 -11.09999942779541 0
      vertex -5.91883659362793 -11.100591659545898 0
    endloop
  endfacet
  facet normal 0 0 -1
    outer loop
      vertex -5.899999618530273 -11.09999942779541 0
      vertex -11.09999942779541 -5.899999618530273 0
      vertex -5.899999618530273 11.09999942779541 0
    endloop
  endfacet
  facet normal 0 0 -1
    outer loop
      vertex -11.100591659545898 -5.91883659362793 0
      vertex -5.91883659362793 -11.100591659545898 0
      vertex -5.937599182128906 -11.102365493774414 0
    endloop
  endfacet
  facet normal 0 0 -1
    outer loop
      vertex -11.09999942779541 5.899999618530273 0
      vertex -5.899999618530273 11.09999942779541 0
      vertex -11.09999942779541 -5.899999618530273 0
    endloop
  endfacet
  facet normal 0 0 -1
    outer loop
      vertex -11.102365493774414 -5.937599182128906 0
      vertex -5.937599182128906 -11.102365493774414 0
      vertex -5.95621395111084 -11.105313301086426 0
    endloop
  endfacet
  facet normal 0 0 -1
    outer loop
      vertex -5.899999618530273 11.09999942779541 0
      vertex -11.09999942779541 5.899999618530273 0
      vertex -5.91883659362793 11.100591659545898 0
    endloop
  endfacet
  facet normal 0 0 -1
    outer loop
      vertex -11.105313301086426 -5.95621395111084 0
      vertex -5.95621395111084 -11.105313301086426 0
      vertex -5.974606513977051 -11.109424591064453 0
    endloop
  endfacet
  facet normal 0 0 -1
    outer loop
      vertex -11.100591659545898 5.91883659362793 0
      vertex -5.91883659362793 11.100591659545898 0
      vertex -11.09999942779541 5.899999618530273 0
    endloop
  endfacet
  facet normal 0 0 -1
    outer loop
      vertex -11.109424591064453 -5.974606513977051 0
      vertex -5.974606513977051 -11.109424591064453 0
      vertex -5.992704391479492 -11.1146821975708 0
    endloop
  endfacet
  facet normal 0 0 -1
    outer loop
      vertex -5.91883659362793 11.100591659545898 0
      vertex -11.100591659545898 5.91883659362793 0
      vertex -5.937599182128906 11.102365493774414 0
    endloop
  endfacet
  facet normal 0 0 -1
    outer loop
      vertex -11.1146821975708 -5.992704391479492 0
      vertex -5.992704391479492 -11.1146821975708 0
      vertex -6.01043701171875 -11.12106704711914 0
    endloop
  endfacet
  facet normal 0 0 -1
    outer loop
      vertex -11.102365493774414 5.937599182128906 0
      vertex -5.937599182128906 11.102365493774414 0
      vertex -11.100591659545898 5.91883659362793 0
    endloop
  endfacet
  facet normal 0 0 -1
    outer loop
      vertex -11.12106704711914 -6.01043701171875 0
      vertex -6.01043701171875 -11.12106704711914 0
      vertex -6.027732849121094 -11.128551483154297 0
    endloop
  endfacet
  facet normal 0 0 -1
    outer loop
      vertex -5.937599182128906 11.102365493774414 0
      vertex -11.102365493774414 5.937599182128906 0
      vertex -5.95621395111084 11.105313301086426 0
    endloop
  endfacet
  facet normal 0 0 -1
    outer loop
      vertex -11.128551483154297 -6.027732849121094 0
      vertex -6.027732849121094 -11.128551483154297 0
      vertex -6.044526100158691 -11.137107849121094 0
    endloop
  endfacet
  facet normal 0 0 -1
    outer loop
      vertex -11.105313301086426 5.95621395111084 0
      vertex -5.95621395111084 11.105313301086426 0
      vertex -11.102365493774414 5.937599182128906 0
    endloop
  endfacet
  facet normal 0 0 -1
    outer loop
      vertex -11.137107849121094 -6.044526100158691 0
      vertex -6.044526100158691 -11.137107849121094 0
      vertex -6.060747146606445 -11.146700859069824 0
    endloop
  endfacet
  facet normal 0 0 -1
    outer loop
      vertex -5.95621395111084 11.105313301086426 0
      vertex -11.105313301086426 5.95621395111084 0
      vertex -5.974606513977051 11.109424591064453 0
    endloop
  endfacet
  facet normal 0 0 -1
    outer loop
      vertex -11.146700859069824 -6.060747146606445 0
      vertex -6.060747146606445 -11.146700859069824 0
      vertex -6.0763349533081055 -11.157294273376465 0
    endloop
  endfacet
  facet normal 0 0 -1
    outer loop
      vertex -11.109424591064453 5.974606513977051 0
      vertex -5.974606513977051 11.109424591064453 0
      vertex -11.105313301086426 5.95621395111084 0
    endloop
  endfacet
  facet normal 0 0 -1
    outer loop
      vertex -11.157294273376465 -6.0763349533081055 0
      vertex -6.0763349533081055 -11.157294273376465 0
      vertex -6.091226577758789 -11.168845176696777 0
    endloop
  endfacet
  facet normal 0 0 -1
    outer loop
      vertex -5.974606513977051 11.109424591064453 0
      vertex -11.109424591064453 5.974606513977051 0
      vertex -5.992704391479492 11.1146821975708 0
    endloop
  endfacet
  facet normal 0 0 -1
    outer loop
      vertex -11.168845176696777 -6.091226577758789 0
      vertex -6.091226577758789 -11.168845176696777 0
      vertex -6.105363845825195 -11.18130874633789 0
    endloop
  endfacet
  facet normal 0 0 -1
    outer loop
      vertex -11.1146821975708 5.992704391479492 0
      vertex -5.992704391479492 11.1146821975708 0
      vertex -11.109424591064453 5.974606513977051 0
    endloop
  endfacet
  facet normal 0 0 -1
    outer loop
      vertex -11.18130874633789 -6.105363845825195 0
      vertex -6.105363845825195 -11.18130874633789 0
      vertex -6.118690490722656 -11.194635391235352 0
    endloop
  endfacet
  facet normal 0 0 -1
    outer loop
      vertex -5.992704391479492 11.1146821975708 0
      vertex -11.1146821975708 5.992704391479492 0
      vertex -6.01043701171875 11.12106704711914 0
    endloop
  endfacet
  facet normal 0 0 -1
    outer loop
      vertex -11.194635391235352 -6.118690490722656 0
      vertex -6.118690490722656 -11.194635391235352 0
      vertex -6.131153106689453 -11.208772659301758 0
    endloop
  endfacet
  facet normal 0 0 -1
    outer loop
      vertex -11.12106704711914 6.01043701171875 0
      vertex -6.01043701171875 11.12106704711914 0
      vertex -11.1146821975708 5.992704391479492 0
    endloop
  endfacet
  facet normal 0 0 -1
    outer loop
      vertex -11.208772659301758 -6.131153106689453 0
      vertex -6.131153106689453 -11.208772659301758 0
      vertex -6.142704963684082 -11.223664283752441 0
    endloop
  endfacet
  facet normal 0 0 -1
    outer loop
      vertex -6.01043701171875 11.12106704711914 0
      vertex -11.12106704711914 6.01043701171875 0
      vertex -6.027732849121094 11.128551483154297 0
    endloop
  endfacet
  facet normal 0 0 -1
    outer loop
      vertex -7.581629753112793 -12.399999618530273 0
      vertex -6.142704963684082 -11.223664283752441 0
      vertex -6.153298377990723 -11.239251136779785 0
    endloop
  endfacet
  facet normal 0 0 -1
    outer loop
      vertex -11.128551483154297 6.027732849121094 0
      vertex -6.027732849121094 11.128551483154297 0
      vertex -11.12106704711914 6.01043701171875 0
    endloop
  endfacet
  facet normal 0 0 -1
    outer loop
      vertex -7.581629753112793 -12.399999618530273 0
      vertex -6.153298377990723 -11.239251136779785 0
      vertex -6.162891387939453 -11.255473136901855 0
    endloop
  endfacet
  facet normal 0 0 -1
    outer loop
      vertex -6.027732849121094 11.128551483154297 0
      vertex -11.128551483154297 6.027732849121094 0
      vertex -6.044526100158691 11.137107849121094 0
    endloop
  endfacet
  facet normal 0 0 -1
    outer loop
      vertex -7.581629753112793 -12.399999618530273 0
      vertex -6.162891387939453 -11.255473136901855 0
      vertex -6.17144775390625 -11.272265434265137 0
    endloop
  endfacet
  facet normal 0 0 -1
    outer loop
      vertex -6.142704963684082 11.223664283752441 0
      vertex -7.581629753112793 12.399999618530273 0
      vertex -6.153298377990723 11.239251136779785 0
    endloop
  endfacet
  facet normal 0 0 -1
    outer loop
      vertex -7.581629753112793 -12.399999618530273 0
      vertex -6.17144775390625 -11.272265434265137 0
      vertex -6.178932189941406 -11.289562225341797 0
    endloop
  endfacet
  facet normal 0 0 -1
    outer loop
      vertex -6.153298377990723 11.239251136779785 0
      vertex -7.581629753112793 12.399999618530273 0
      vertex -6.162891387939453 11.255473136901855 0
    endloop
  endfacet
  facet normal 0 0 -1
    outer loop
      vertex -7.581629753112793 -12.399999618530273 0
      vertex -6.178932189941406 -11.289562225341797 0
      vertex -6.18531608581543 -11.307294845581055 0
    endloop
  endfacet
  facet normal 0 0 -1
    outer loop
      vertex -6.162891387939453 11.255473136901855 0
      vertex -7.581629753112793 12.399999618530273 0
      vertex -6.17144775390625 11.272265434265137 0
    endloop
  endfacet
  facet normal 0 0 -1
    outer loop
      vertex -7.581629753112793 -12.399999618530273 0
      vertex -6.18531608581543 -11.307294845581055 0
      vertex -6.190574645996094 -11.325392723083496 0
    endloop
  endfacet
  facet normal 0 0 -1
    outer loop
      vertex -6.17144775390625 11.272265434265137 0
      vertex -7.581629753112793 12.399999618530273 0
      vertex -6.178932189941406 11.289562225341797 0
    endloop
  endfacet
  facet normal 0 0 -1
    outer loop
      vertex -7.581629753112793 -12.399999618530273 0
      vertex -6.190574645996094 -11.325392723083496 0
      vertex -6.194685935974121 -11.343785285949707 0
    endloop
  endfacet
  facet normal 0 0 -1
    outer loop
      vertex -6.178932189941406 11.289562225341797 0
      vertex -7.581629753112793 12.399999618530273 0
      vertex -6.18531608581543 11.307294845581055 0
    endloop
  endfacet
  facet normal 0 0 -1
    outer loop
      vertex -7.581629753112793 -12.399999618530273 0
      vertex -6.194685935974121 -11.343785285949707 0
      vertex -6.197633743286133 -11.362399101257324 0
    endloop
  endfacet
  facet normal 0 0 -1
    outer loop
      vertex -6.18531608581543 11.307294845581055 0
      vertex -7.581629753112793 12.399999618530273 0
      vertex -6.190574645996094 11.325392723083496 0
    endloop
  endfacet
  facet normal 0 0 -1
    outer loop
      vertex -7.581629753112793 -12.399999618530273 0
      vertex -6.197633743286133 -11.362399101257324 0
      vertex -6.199407577514648 -11.381162643432617 0
    endloop
  endfacet
  facet normal 0 0 -1
    outer loop
      vertex -6.190574645996094 11.325392723083496 0
      vertex -7.581629753112793 12.399999618530273 0
      vertex -6.194685935974121 11.343785285949707 0
    endloop
  endfacet
  facet normal 0 0 -1
    outer loop
      vertex -7.581629753112793 -12.399999618530273 0
      vertex -6.199407577514648 -11.381162643432617 0
      vertex -6.199999809265137 -11.399999618530273 0
    endloop
  endfacet
  facet normal 0 0 -1
    outer loop
      vertex -6.194685935974121 11.343785285949707 0
      vertex -7.581629753112793 12.399999618530273 0
      vertex -6.197633743286133 11.362399101257324 0
    endloop
  endfacet
  facet normal 0 0 -1
    outer loop
      vertex 11.208772659301758 6.131153106689453 0
      vertex 6.199999809265137 11.399999618530273 0
      vertex 7.581629753112793 12.399999618530273 0
    endloop
  endfacet
  facet normal 0 0 -1
    outer loop
      vertex 6.199407577514648 11.41883659362793 0
      vertex 7.581629753112793 12.399999618530273 0
      vertex 6.199999809265137 11.399999618530273 0
    endloop
  endfacet
  facet normal 0 0 -1
    outer loop
      vertex 6.197633743286133 11.437599182128906 0
      vertex 7.581629753112793 12.399999618530273 0
      vertex 6.199407577514648 11.41883659362793 0
    endloop
  endfacet
  facet normal 0 0 -1
    outer loop
      vertex 6.194685935974121 11.45621395111084 0
      vertex 7.581629753112793 12.399999618530273 0
      vertex 6.197633743286133 11.437599182128906 0
    endloop
  endfacet
  facet normal 0 0 -1
    outer loop
      vertex 6.190574645996094 11.47460651397705 0
      vertex 7.581629753112793 12.399999618530273 0
      vertex 6.194685935974121 11.45621395111084 0
    endloop
  endfacet
  facet normal 0 0 -1
    outer loop
      vertex 6.18531608581543 11.492704391479492 0
      vertex 7.581629753112793 12.399999618530273 0
      vertex 6.190574645996094 11.47460651397705 0
    endloop
  endfacet
  facet normal 0 0 -1
    outer loop
      vertex 6.178932189941406 11.51043701171875 0
      vertex 7.581629753112793 12.399999618530273 0
      vertex 6.18531608581543 11.492704391479492 0
    endloop
  endfacet
  facet normal 0 0 -1
    outer loop
      vertex 6.17144775390625 11.527732849121094 0
      vertex 7.581629753112793 12.399999618530273 0
      vertex 6.178932189941406 11.51043701171875 0
    endloop
  endfacet
  facet normal 0 0 -1
    outer loop
      vertex 6.162891387939453 11.544526100158691 0
      vertex 7.581629753112793 12.399999618530273 0
      vertex 6.17144775390625 11.527732849121094 0
    endloop
  endfacet
  facet normal 0 0 -1
    outer loop
      vertex 6.153298377990723 11.560747146606445 0
      vertex 7.581629753112793 12.399999618530273 0
      vertex 6.162891387939453 11.544526100158691 0
    endloop
  endfacet
  facet normal 0 0 -1
    outer loop
      vertex 6.142704963684082 11.576334953308105 0
      vertex 7.581629753112793 12.399999618530273 0
      vertex 6.153298377990723 11.560747146606445 0
    endloop
  endfacet
  facet normal 0 0 -1
    outer loop
      vertex 6.131153106689453 11.591226577758789 0
      vertex 7.581629753112793 12.399999618530273 0
      vertex 6.142704963684082 11.576334953308105 0
    endloop
  endfacet
  facet normal 0 0 -1
    outer loop
      vertex 6.118690490722656 11.605363845825195 0
      vertex 7.581629753112793 12.399999618530273 0
      vertex 6.131153106689453 11.591226577758789 0
    endloop
  endfacet
  facet normal 0 0 -1
    outer loop
      vertex 6.105363845825195 11.618690490722656 0
      vertex 7.581629753112793 12.399999618530273 0
      vertex 6.118690490722656 11.605363845825195 0
    endloop
  endfacet
  facet normal 0 0 -1
    outer loop
      vertex 6.091226577758789 11.631153106689453 0
      vertex 7.581629753112793 12.399999618530273 0
      vertex 6.105363845825195 11.618690490722656 0
    endloop
  endfacet
  facet normal 0 0 -1
    outer loop
      vertex 6.0763349533081055 11.642704963684082 0
      vertex 7.581629753112793 12.399999618530273 0
      vertex 6.091226577758789 11.631153106689453 0
    endloop
  endfacet
  facet normal 0 0 -1
    outer loop
      vertex 6.060747146606445 11.653298377990723 0
      vertex 7.581629753112793 12.399999618530273 0
      vertex 6.0763349533081055 11.642704963684082 0
    endloop
  endfacet
  facet normal 0 0 -1
    outer loop
      vertex 6.044526100158691 11.662891387939453 0
      vertex 7.581629753112793 12.399999618530273 0
      vertex 6.060747146606445 11.653298377990723 0
    endloop
  endfacet
  facet normal 0 0 -1
    outer loop
      vertex 6.027732849121094 11.67144775390625 0
      vertex 7.581629753112793 12.399999618530273 0
      vertex 6.044526100158691 11.662891387939453 0
    endloop
  endfacet
  facet normal 0 0 -1
    outer loop
      vertex 6.01043701171875 11.678932189941406 0
      vertex 7.581629753112793 12.399999618530273 0
      vertex 6.027732849121094 11.67144775390625 0
    endloop
  endfacet
  facet normal 0 0 -1
    outer loop
      vertex 5.992704391479492 11.68531608581543 0
      vertex 7.581629753112793 12.399999618530273 0
      vertex 6.01043701171875 11.678932189941406 0
    endloop
  endfacet
  facet normal 0 0 -1
    outer loop
      vertex 5.974606513977051 11.690574645996094 0
      vertex 7.581629753112793 12.399999618530273 0
      vertex 5.992704391479492 11.68531608581543 0
    endloop
  endfacet
  facet normal 0 0 -1
    outer loop
      vertex 5.95621395111084 11.694685935974121 0
      vertex 7.581629753112793 12.399999618530273 0
      vertex 5.974606513977051 11.690574645996094 0
    endloop
  endfacet
  facet normal 0 0 -1
    outer loop
      vertex 5.937599182128906 11.697633743286133 0
      vertex 7.581629753112793 12.399999618530273 0
      vertex 5.95621395111084 11.694685935974121 0
    endloop
  endfacet
  facet normal 0 0 -1
    outer loop
      vertex 5.91883659362793 11.699407577514648 0
      vertex 7.581629753112793 12.399999618530273 0
      vertex 5.937599182128906 11.697633743286133 0
    endloop
  endfacet
  facet normal 0 0 -1
    outer loop
      vertex 5.899999618530273 11.699999809265137 0
      vertex 7.581629753112793 12.399999618530273 0
      vertex 5.91883659362793 11.699407577514648 0
    endloop
  endfacet
  facet normal 0 0 -1
    outer loop
      vertex -5.899999618530273 11.699999809265137 0
      vertex 7.581629753112793 12.399999618530273 0
      vertex 5.899999618530273 11.699999809265137 0
    endloop
  endfacet
  facet normal 0 0 -1
    outer loop
      vertex -7.581629753112793 12.399999618530273 0
      vertex -5.899999618530273 11.699999809265137 0
      vertex -5.91883659362793 11.699407577514648 0
    endloop
  endfacet
  facet normal 0 0 -1
    outer loop
      vertex -6.197633743286133 11.362399101257324 0
      vertex -7.581629753112793 12.399999618530273 0
      vertex -6.199407577514648 11.381162643432617 0
    endloop
  endfacet
  facet normal 0 0 -1
    outer loop
      vertex -5.899999618530273 11.699999809265137 0
      vertex -7.581629753112793 12.399999618530273 0
      vertex 7.581629753112793 12.399999618530273 0
    endloop
  endfacet
  facet normal 0 0 -1
    outer loop
      vertex -5.937599182128906 11.697633743286133 0
      vertex -7.581629753112793 12.399999618530273 0
      vertex -5.91883659362793 11.699407577514648 0
    endloop
  endfacet
  facet normal 0 0 -1
    outer loop
      vertex -5.95621395111084 11.694685935974121 0
      vertex -7.581629753112793 12.399999618530273 0
      vertex -5.937599182128906 11.697633743286133 0
    endloop
  endfacet
  facet normal 0 0 -1
    outer loop
      vertex -5.974606513977051 11.690574645996094 0
      vertex -7.581629753112793 12.399999618530273 0
      vertex -5.95621395111084 11.694685935974121 0
    endloop
  endfacet
  facet normal 0 0 -1
    outer loop
      vertex -5.992704391479492 11.68531608581543 0
      vertex -7.581629753112793 12.399999618530273 0
      vertex -5.974606513977051 11.690574645996094 0
    endloop
  endfacet
  facet normal 0 0 -1
    outer loop
      vertex -6.01043701171875 11.678932189941406 0
      vertex -7.581629753112793 12.399999618530273 0
      vertex -5.992704391479492 11.68531608581543 0
    endloop
  endfacet
  facet normal 0 0 -1
    outer loop
      vertex -6.027732849121094 11.67144775390625 0
      vertex -7.581629753112793 12.399999618530273 0
      vertex -6.01043701171875 11.678932189941406 0
    endloop
  endfacet
  facet normal 0 0 -1
    outer loop
      vertex -6.044526100158691 11.662891387939453 0
      vertex -7.581629753112793 12.399999618530273 0
      vertex -6.027732849121094 11.67144775390625 0
    endloop
  endfacet
  facet normal 0 0 -1
    outer loop
      vertex -6.060747146606445 11.653298377990723 0
      vertex -7.581629753112793 12.399999618530273 0
      vertex -6.044526100158691 11.662891387939453 0
    endloop
  endfacet
  facet normal 0 0 -1
    outer loop
      vertex -6.0763349533081055 11.642704963684082 0
      vertex -7.581629753112793 12.399999618530273 0
      vertex -6.060747146606445 11.653298377990723 0
    endloop
  endfacet
  facet normal 0 0 -1
    outer loop
      vertex -6.091226577758789 11.631153106689453 0
      vertex -7.581629753112793 12.399999618530273 0
      vertex -6.0763349533081055 11.642704963684082 0
    endloop
  endfacet
  facet normal 0 0 -1
    outer loop
      vertex -6.105363845825195 11.618690490722656 0
      vertex -7.581629753112793 12.399999618530273 0
      vertex -6.091226577758789 11.631153106689453 0
    endloop
  endfacet
  facet normal 0 0 -1
    outer loop
      vertex -6.118690490722656 11.605363845825195 0
      vertex -7.581629753112793 12.399999618530273 0
      vertex -6.105363845825195 11.618690490722656 0
    endloop
  endfacet
  facet normal 0 0 -1
    outer loop
      vertex -6.131153106689453 11.591226577758789 0
      vertex -7.581629753112793 12.399999618530273 0
      vertex -6.118690490722656 11.605363845825195 0
    endloop
  endfacet
  facet normal 0 0 -1
    outer loop
      vertex -6.142704963684082 11.576334953308105 0
      vertex -7.581629753112793 12.399999618530273 0
      vertex -6.131153106689453 11.591226577758789 0
    endloop
  endfacet
  facet normal 0 0 -1
    outer loop
      vertex -6.153298377990723 11.560747146606445 0
      vertex -7.581629753112793 12.399999618530273 0
      vertex -6.142704963684082 11.576334953308105 0
    endloop
  endfacet
  facet normal 0 0 -1
    outer loop
      vertex -6.162891387939453 11.544526100158691 0
      vertex -7.581629753112793 12.399999618530273 0
      vertex -6.153298377990723 11.560747146606445 0
    endloop
  endfacet
  facet normal 0 0 -1
    outer loop
      vertex -6.17144775390625 11.527732849121094 0
      vertex -7.581629753112793 12.399999618530273 0
      vertex -6.162891387939453 11.544526100158691 0
    endloop
  endfacet
  facet normal 0 0 -1
    outer loop
      vertex -6.178932189941406 11.51043701171875 0
      vertex -7.581629753112793 12.399999618530273 0
      vertex -6.17144775390625 11.527732849121094 0
    endloop
  endfacet
  facet normal 0 0 -1
    outer loop
      vertex -6.18531608581543 11.492704391479492 0
      vertex -7.581629753112793 12.399999618530273 0
      vertex -6.178932189941406 11.51043701171875 0
    endloop
  endfacet
  facet normal 0 0 -1
    outer loop
      vertex -6.190574645996094 11.47460651397705 0
      vertex -7.581629753112793 12.399999618530273 0
      vertex -6.18531608581543 11.492704391479492 0
    endloop
  endfacet
  facet normal 0 0 -1
    outer loop
      vertex -6.194685935974121 11.45621395111084 0
      vertex -7.581629753112793 12.399999618530273 0
      vertex -6.190574645996094 11.47460651397705 0
    endloop
  endfacet
  facet normal 0 0 -1
    outer loop
      vertex -6.197633743286133 11.437599182128906 0
      vertex -7.581629753112793 12.399999618530273 0
      vertex -6.194685935974121 11.45621395111084 0
    endloop
  endfacet
  facet normal 0 0 -1
    outer loop
      vertex -6.199407577514648 11.41883659362793 0
      vertex -7.581629753112793 12.399999618530273 0
      vertex -6.197633743286133 11.437599182128906 0
    endloop
  endfacet
  facet normal 0 0 -1
    outer loop
      vertex -6.199407577514648 11.381162643432617 0
      vertex -7.581629753112793 12.399999618530273 0
      vertex -6.199999809265137 11.399999618530273 0
    endloop
  endfacet
  facet normal 0 0 -1
    outer loop
      vertex -6.199999809265137 11.399999618530273 0
      vertex -7.581629753112793 12.399999618530273 0
      vertex -6.199407577514648 11.41883659362793 0
    endloop
  endfacet
  facet normal 0 0 -1
    outer loop
      vertex -5.91883659362793 -11.100591659545898 0
      vertex -11.100591659545898 -5.91883659362793 0
      vertex -11.09999942779541 -5.899999618530273 0
    endloop
  endfacet
  facet normal 0 0 -1
    outer loop
      vertex -5.937599182128906 -11.102365493774414 0
      vertex -11.102365493774414 -5.937599182128906 0
      vertex -11.100591659545898 -5.91883659362793 0
    endloop
  endfacet
  facet normal 0 0 -1
    outer loop
      vertex -5.95621395111084 -11.105313301086426 0
      vertex -11.105313301086426 -5.95621395111084 0
      vertex -11.102365493774414 -5.937599182128906 0
    endloop
  endfacet
  facet normal 0 0 -1
    outer loop
      vertex -5.974606513977051 -11.109424591064453 0
      vertex -11.109424591064453 -5.974606513977051 0
      vertex -11.105313301086426 -5.95621395111084 0
    endloop
  endfacet
  facet normal 0 0 -1
    outer loop
      vertex -5.992704391479492 -11.1146821975708 0
      vertex -11.1146821975708 -5.992704391479492 0
      vertex -11.109424591064453 -5.974606513977051 0
    endloop
  endfacet
  facet normal 0 0 -1
    outer loop
      vertex -6.01043701171875 -11.12106704711914 0
      vertex -11.12106704711914 -6.01043701171875 0
      vertex -11.1146821975708 -5.992704391479492 0
    endloop
  endfacet
  facet normal 0 0 -1
    outer loop
      vertex -6.027732849121094 -11.128551483154297 0
      vertex -11.128551483154297 -6.027732849121094 0
      vertex -11.12106704711914 -6.01043701171875 0
    endloop
  endfacet
  facet normal 0 0 -1
    outer loop
      vertex -6.044526100158691 -11.137107849121094 0
      vertex -11.137107849121094 -6.044526100158691 0
      vertex -11.128551483154297 -6.027732849121094 0
    endloop
  endfacet
  facet normal 0 0 -1
    outer loop
      vertex -6.060747146606445 -11.146700859069824 0
      vertex -11.146700859069824 -6.060747146606445 0
      vertex -11.137107849121094 -6.044526100158691 0
    endloop
  endfacet
  facet normal 0 0 -1
    outer loop
      vertex -6.0763349533081055 -11.157294273376465 0
      vertex -11.157294273376465 -6.0763349533081055 0
      vertex -11.146700859069824 -6.060747146606445 0
    endloop
  endfacet
  facet normal 0 0 -1
    outer loop
      vertex -6.091226577758789 -11.168845176696777 0
      vertex -11.168845176696777 -6.091226577758789 0
      vertex -11.157294273376465 -6.0763349533081055 0
    endloop
  endfacet
  facet normal 0 0 -1
    outer loop
      vertex -6.105363845825195 -11.18130874633789 0
      vertex -11.18130874633789 -6.105363845825195 0
      vertex -11.168845176696777 -6.091226577758789 0
    endloop
  endfacet
  facet normal 0 0 -1
    outer loop
      vertex -6.118690490722656 -11.194635391235352 0
      vertex -11.194635391235352 -6.118690490722656 0
      vertex -11.18130874633789 -6.105363845825195 0
    endloop
  endfacet
  facet normal 0 0 -1
    outer loop
      vertex -6.131153106689453 -11.208772659301758 0
      vertex -11.208772659301758 -6.131153106689453 0
      vertex -11.194635391235352 -6.118690490722656 0
    endloop
  endfacet
  facet normal 0 0 -1
    outer loop
      vertex -6.142704963684082 -11.223664283752441 0
      vertex -11.223664283752441 -6.142704963684082 0
      vertex -11.208772659301758 -6.131153106689453 0
    endloop
  endfacet
  facet normal 0 0 -1
    outer loop
      vertex -12.399999618530273 -7.581629753112793 0
      vertex -11.223664283752441 -6.142704963684082 0
      vertex -7.581629753112793 -12.399999618530273 0
    endloop
  endfacet
  facet normal 0 0 -1
    outer loop
      vertex -11.223664283752441 -6.142704963684082 0
      vertex -12.399999618530273 -7.581629753112793 0
      vertex -11.239251136779785 -6.153298377990723 0
    endloop
  endfacet
  facet normal 0 0 -1
    outer loop
      vertex -11.239251136779785 -6.153298377990723 0
      vertex -12.399999618530273 -7.581629753112793 0
      vertex -11.255473136901855 -6.162891387939453 0
    endloop
  endfacet
  facet normal 0 0 -1
    outer loop
      vertex -11.255473136901855 -6.162891387939453 0
      vertex -12.399999618530273 -7.581629753112793 0
      vertex -11.272265434265137 -6.17144775390625 0
    endloop
  endfacet
  facet normal 0 0 -1
    outer loop
      vertex -11.272265434265137 -6.17144775390625 0
      vertex -12.399999618530273 -7.581629753112793 0
      vertex -11.289562225341797 -6.178932189941406 0
    endloop
  endfacet
  facet normal 0 0 -1
    outer loop
      vertex -11.289562225341797 -6.178932189941406 0
      vertex -12.399999618530273 -7.581629753112793 0
      vertex -11.307294845581055 -6.18531608581543 0
    endloop
  endfacet
  facet normal 0 0 -1
    outer loop
      vertex -11.307294845581055 -6.18531608581543 0
      vertex -12.399999618530273 -7.581629753112793 0
      vertex -11.325392723083496 -6.190574645996094 0
    endloop
  endfacet
  facet normal 0 0 -1
    outer loop
      vertex -11.325392723083496 -6.190574645996094 0
      vertex -12.399999618530273 -7.581629753112793 0
      vertex -11.343785285949707 -6.194685935974121 0
    endloop
  endfacet
  facet normal 0 0 -1
    outer loop
      vertex -11.343785285949707 -6.194685935974121 0
      vertex -12.399999618530273 -7.581629753112793 0
      vertex -11.362399101257324 -6.197633743286133 0
    endloop
  endfacet
  facet normal 0 0 -1
    outer loop
      vertex -11.362399101257324 -6.197633743286133 0
      vertex -12.399999618530273 -7.581629753112793 0
      vertex -11.381162643432617 -6.199407577514648 0
    endloop
  endfacet
  facet normal 0 0 -1
    outer loop
      vertex -11.381162643432617 -6.199407577514648 0
      vertex -12.399999618530273 -7.581629753112793 0
      vertex -11.399999618530273 -6.199999809265137 0
    endloop
  endfacet
  facet normal 0 0 -1
    outer loop
      vertex -11.399999618530273 -6.199999809265137 0
      vertex -12.399999618530273 -7.581629753112793 0
      vertex -11.41883659362793 -6.199407577514648 0
    endloop
  endfacet
  facet normal 0 0 -1
    outer loop
      vertex -11.41883659362793 -6.199407577514648 0
      vertex -12.399999618530273 -7.581629753112793 0
      vertex -11.437599182128906 -6.197633743286133 0
    endloop
  endfacet
  facet normal 0 0 -1
    outer loop
      vertex -11.437599182128906 -6.197633743286133 0
      vertex -12.399999618530273 -7.581629753112793 0
      vertex -11.45621395111084 -6.194685935974121 0
    endloop
  endfacet
  facet normal 0 0 -1
    outer loop
      vertex -11.45621395111084 -6.194685935974121 0
      vertex -12.399999618530273 -7.581629753112793 0
      vertex -11.47460651397705 -6.190574645996094 0
    endloop
  endfacet
  facet normal 0 0 -1
    outer loop
      vertex -11.47460651397705 -6.190574645996094 0
      vertex -12.399999618530273 -7.581629753112793 0
      vertex -11.492704391479492 -6.18531608581543 0
    endloop
  endfacet
  facet normal 0 0 -1
    outer loop
      vertex -11.492704391479492 -6.18531608581543 0
      vertex -12.399999618530273 -7.581629753112793 0
      vertex -11.51043701171875 -6.178932189941406 0
    endloop
  endfacet
  facet normal 0 0 -1
    outer loop
      vertex -11.51043701171875 -6.178932189941406 0
      vertex -12.399999618530273 -7.581629753112793 0
      vertex -11.527732849121094 -6.17144775390625 0
    endloop
  endfacet
  facet normal 0 0 -1
    outer loop
      vertex -11.527732849121094 -6.17144775390625 0
      vertex -12.399999618530273 -7.581629753112793 0
      vertex -11.544526100158691 -6.162891387939453 0
    endloop
  endfacet
  facet normal 0 0 -1
    outer loop
      vertex -11.544526100158691 -6.162891387939453 0
      vertex -12.399999618530273 -7.581629753112793 0
      vertex -11.560747146606445 -6.153298377990723 0
    endloop
  endfacet
  facet normal 0 0 -1
    outer loop
      vertex -11.560747146606445 -6.153298377990723 0
      vertex -12.399999618530273 -7.581629753112793 0
      vertex -11.576334953308105 -6.142704963684082 0
    endloop
  endfacet
  facet normal 0 0 -1
    outer loop
      vertex -11.576334953308105 -6.142704963684082 0
      vertex -12.399999618530273 -7.581629753112793 0
      vertex -11.591226577758789 -6.131153106689453 0
    endloop
  endfacet
  facet normal 0 0 -1
    outer loop
      vertex -11.591226577758789 -6.131153106689453 0
      vertex -12.399999618530273 -7.581629753112793 0
      vertex -11.605363845825195 -6.118690490722656 0
    endloop
  endfacet
  facet normal 0 0 -1
    outer loop
      vertex -11.605363845825195 -6.118690490722656 0
      vertex -12.399999618530273 -7.581629753112793 0
      vertex -11.618690490722656 -6.105363845825195 0
    endloop
  endfacet
  facet normal 0 0 -1
    outer loop
      vertex -11.618690490722656 -6.105363845825195 0
      vertex -12.399999618530273 -7.581629753112793 0
      vertex -11.631153106689453 -6.091226577758789 0
    endloop
  endfacet
  facet normal 0 0 -1
    outer loop
      vertex -11.631153106689453 -6.091226577758789 0
      vertex -12.399999618530273 -7.581629753112793 0
      vertex -11.642704963684082 -6.0763349533081055 0
    endloop
  endfacet
  facet normal 0 0 -1
    outer loop
      vertex -11.699999809265137 -5.899999618530273 0
      vertex -12.399999618530273 -7.581629753112793 0
      vertex -11.699999809265137 5.899999618530273 0
    endloop
  endfacet
  facet normal 0 0 -1
    outer loop
      vertex -11.699407577514648 -5.91883659362793 0
      vertex -12.399999618530273 -7.581629753112793 0
      vertex -11.699999809265137 -5.899999618530273 0
    endloop
  endfacet
  facet normal 0 0 -1
    outer loop
      vertex -11.697633743286133 -5.937599182128906 0
      vertex -12.399999618530273 -7.581629753112793 0
      vertex -11.699407577514648 -5.91883659362793 0
    endloop
  endfacet
  facet normal 0 0 -1
    outer loop
      vertex -11.694685935974121 -5.95621395111084 0
      vertex -12.399999618530273 -7.581629753112793 0
      vertex -11.697633743286133 -5.937599182128906 0
    endloop
  endfacet
  facet normal 0 0 -1
    outer loop
      vertex -11.690574645996094 -5.974606513977051 0
      vertex -12.399999618530273 -7.581629753112793 0
      vertex -11.694685935974121 -5.95621395111084 0
    endloop
  endfacet
  facet normal 0 0 -1
    outer loop
      vertex -11.68531608581543 -5.992704391479492 0
      vertex -12.399999618530273 -7.581629753112793 0
      vertex -11.690574645996094 -5.974606513977051 0
    endloop
  endfacet
  facet normal 0 0 -1
    outer loop
      vertex -11.678932189941406 -6.01043701171875 0
      vertex -12.399999618530273 -7.581629753112793 0
      vertex -11.68531608581543 -5.992704391479492 0
    endloop
  endfacet
  facet normal 0 0 -1
    outer loop
      vertex -11.67144775390625 -6.027732849121094 0
      vertex -12.399999618530273 -7.581629753112793 0
      vertex -11.678932189941406 -6.01043701171875 0
    endloop
  endfacet
  facet normal 0 0 -1
    outer loop
      vertex -11.662891387939453 -6.044526100158691 0
      vertex -12.399999618530273 -7.581629753112793 0
      vertex -11.67144775390625 -6.027732849121094 0
    endloop
  endfacet
  facet normal 0 0 -1
    outer loop
      vertex -11.653298377990723 -6.060747146606445 0
      vertex -12.399999618530273 -7.581629753112793 0
      vertex -11.662891387939453 -6.044526100158691 0
    endloop
  endfacet
  facet normal 0 0 -1
    outer loop
      vertex -11.642704963684082 -6.0763349533081055 0
      vertex -12.399999618530273 -7.581629753112793 0
      vertex -11.653298377990723 -6.060747146606445 0
    endloop
  endfacet
  facet normal 0 0 -1
    outer loop
      vertex 12.399999618530273 -7.581629753112793 0
      vertex 11.699999809265137 -5.899999618530273 0
      vertex 12.399999618530273 7.581629753112793 0
    endloop
  endfacet
  facet normal 0 0 -1
    outer loop
      vertex 12.399999618530273 -7.581629753112793 0
      vertex 11.699407577514648 -5.91883659362793 0
      vertex 11.699999809265137 -5.899999618530273 0
    endloop
  endfacet
  facet normal 0 0 -1
    outer loop
      vertex 12.399999618530273 -7.581629753112793 0
      vertex 11.697633743286133 -5.937599182128906 0
      vertex 11.699407577514648 -5.91883659362793 0
    endloop
  endfacet
  facet normal 0 0 -1
    outer loop
      vertex 12.399999618530273 -7.581629753112793 0
      vertex 11.694685935974121 -5.95621395111084 0
      vertex 11.697633743286133 -5.937599182128906 0
    endloop
  endfacet
  facet normal 0 0 -1
    outer loop
      vertex 12.399999618530273 -7.581629753112793 0
      vertex 11.690574645996094 -5.974606513977051 0
      vertex 11.694685935974121 -5.95621395111084 0
    endloop
  endfacet
  facet normal 0 0 -1
    outer loop
      vertex 12.399999618530273 -7.581629753112793 0
      vertex 11.68531608581543 -5.992704391479492 0
      vertex 11.690574645996094 -5.974606513977051 0
    endloop
  endfacet
  facet normal 0 0 -1
    outer loop
      vertex 12.399999618530273 -7.581629753112793 0
      vertex 11.678932189941406 -6.01043701171875 0
      vertex 11.68531608581543 -5.992704391479492 0
    endloop
  endfacet
  facet normal 0 0 -1
    outer loop
      vertex 12.399999618530273 -7.581629753112793 0
      vertex 11.67144775390625 -6.027732849121094 0
      vertex 11.678932189941406 -6.01043701171875 0
    endloop
  endfacet
  facet normal 0 0 -1
    outer loop
      vertex 12.399999618530273 -7.581629753112793 0
      vertex 11.662891387939453 -6.044526100158691 0
      vertex 11.67144775390625 -6.027732849121094 0
    endloop
  endfacet
  facet normal 0 0 -1
    outer loop
      vertex 12.399999618530273 -7.581629753112793 0
      vertex 11.653298377990723 -6.060747146606445 0
      vertex 11.662891387939453 -6.044526100158691 0
    endloop
  endfacet
  facet normal 0 0 -1
    outer loop
      vertex 12.399999618530273 -7.581629753112793 0
      vertex 11.642704963684082 -6.0763349533081055 0
      vertex 11.653298377990723 -6.060747146606445 0
    endloop
  endfacet
  facet normal 0 0 -1
    outer loop
      vertex 12.399999618530273 -7.581629753112793 0
      vertex 11.631153106689453 -6.091226577758789 0
      vertex 11.642704963684082 -6.0763349533081055 0
    endloop
  endfacet
  facet normal 0 0 -1
    outer loop
      vertex 12.399999618530273 -7.581629753112793 0
      vertex 11.618690490722656 -6.105363845825195 0
      vertex 11.631153106689453 -6.091226577758789 0
    endloop
  endfacet
  facet normal 0 0 -1
    outer loop
      vertex 12.399999618530273 -7.581629753112793 0
      vertex 11.605363845825195 -6.118690490722656 0
      vertex 11.618690490722656 -6.105363845825195 0
    endloop
  endfacet
  facet normal 0 0 -1
    outer loop
      vertex 12.399999618530273 -7.581629753112793 0
      vertex 11.591226577758789 -6.131153106689453 0
      vertex 11.605363845825195 -6.118690490722656 0
    endloop
  endfacet
  facet normal 0 0 -1
    outer loop
      vertex 12.399999618530273 -7.581629753112793 0
      vertex 11.576334953308105 -6.142704963684082 0
      vertex 11.591226577758789 -6.131153106689453 0
    endloop
  endfacet
  facet normal 0 0 -1
    outer loop
      vertex 12.399999618530273 -7.581629753112793 0
      vertex 11.560747146606445 -6.153298377990723 0
      vertex 11.576334953308105 -6.142704963684082 0
    endloop
  endfacet
  facet normal 0 0 -1
    outer loop
      vertex 12.399999618530273 -7.581629753112793 0
      vertex 11.544526100158691 -6.162891387939453 0
      vertex 11.560747146606445 -6.153298377990723 0
    endloop
  endfacet
  facet normal 0 0 -1
    outer loop
      vertex 12.399999618530273 -7.581629753112793 0
      vertex 11.527732849121094 -6.17144775390625 0
      vertex 11.544526100158691 -6.162891387939453 0
    endloop
  endfacet
  facet normal 0 0 -1
    outer loop
      vertex 12.399999618530273 -7.581629753112793 0
      vertex 11.51043701171875 -6.178932189941406 0
      vertex 11.527732849121094 -6.17144775390625 0
    endloop
  endfacet
  facet normal 0 0 -1
    outer loop
      vertex 12.399999618530273 -7.581629753112793 0
      vertex 11.492704391479492 -6.18531608581543 0
      vertex 11.51043701171875 -6.178932189941406 0
    endloop
  endfacet
  facet normal 0 0 -1
    outer loop
      vertex 12.399999618530273 -7.581629753112793 0
      vertex 11.47460651397705 -6.190574645996094 0
      vertex 11.492704391479492 -6.18531608581543 0
    endloop
  endfacet
  facet normal 0 0 -1
    outer loop
      vertex 12.399999618530273 -7.581629753112793 0
      vertex 11.45621395111084 -6.194685935974121 0
      vertex 11.47460651397705 -6.190574645996094 0
    endloop
  endfacet
  facet normal 0 0 -1
    outer loop
      vertex 12.399999618530273 -7.581629753112793 0
      vertex 11.437599182128906 -6.197633743286133 0
      vertex 11.45621395111084 -6.194685935974121 0
    endloop
  endfacet
  facet normal 0 0 -1
    outer loop
      vertex 12.399999618530273 -7.581629753112793 0
      vertex 11.41883659362793 -6.199407577514648 0
      vertex 11.437599182128906 -6.197633743286133 0
    endloop
  endfacet
  facet normal 0 0 -1
    outer loop
      vertex 12.399999618530273 -7.581629753112793 0
      vertex 11.399999618530273 -6.199999809265137 0
      vertex 11.41883659362793 -6.199407577514648 0
    endloop
  endfacet
  facet normal 0 0 -1
    outer loop
      vertex 12.399999618530273 -7.581629753112793 0
      vertex 11.381162643432617 -6.199407577514648 0
      vertex 11.399999618530273 -6.199999809265137 0
    endloop
  endfacet
  facet normal 0 0 -1
    outer loop
      vertex 12.399999618530273 -7.581629753112793 0
      vertex 11.362399101257324 -6.197633743286133 0
      vertex 11.381162643432617 -6.199407577514648 0
    endloop
  endfacet
  facet normal 0 0 -1
    outer loop
      vertex 12.399999618530273 -7.581629753112793 0
      vertex 11.343785285949707 -6.194685935974121 0
      vertex 11.362399101257324 -6.197633743286133 0
    endloop
  endfacet
  facet normal 0 0 -1
    outer loop
      vertex 12.399999618530273 -7.581629753112793 0
      vertex 11.325392723083496 -6.190574645996094 0
      vertex 11.343785285949707 -6.194685935974121 0
    endloop
  endfacet
  facet normal 0 0 -1
    outer loop
      vertex 12.399999618530273 -7.581629753112793 0
      vertex 11.307294845581055 -6.18531608581543 0
      vertex 11.325392723083496 -6.190574645996094 0
    endloop
  endfacet
  facet normal 0 0 -1
    outer loop
      vertex 12.399999618530273 -7.581629753112793 0
      vertex 11.289562225341797 -6.178932189941406 0
      vertex 11.307294845581055 -6.18531608581543 0
    endloop
  endfacet
  facet normal 0 0 -1
    outer loop
      vertex 12.399999618530273 -7.581629753112793 0
      vertex 11.272265434265137 -6.17144775390625 0
      vertex 11.289562225341797 -6.178932189941406 0
    endloop
  endfacet
  facet normal 0 0 -1
    outer loop
      vertex 12.399999618530273 -7.581629753112793 0
      vertex 11.255473136901855 -6.162891387939453 0
      vertex 11.272265434265137 -6.17144775390625 0
    endloop
  endfacet
  facet normal 0 0 -1
    outer loop
      vertex 12.399999618530273 -7.581629753112793 0
      vertex 11.239251136779785 -6.153298377990723 0
      vertex 11.255473136901855 -6.162891387939453 0
    endloop
  endfacet
  facet normal 0 0 -1
    outer loop
      vertex 12.399999618530273 -7.581629753112793 0
      vertex 11.223664283752441 -6.142704963684082 0
      vertex 11.239251136779785 -6.153298377990723 0
    endloop
  endfacet
  facet normal 0 0 -1
    outer loop
      vertex 7.581629753112793 -12.399999618530273 0
      vertex 11.223664283752441 -6.142704963684082 0
      vertex 12.399999618530273 -7.581629753112793 0
    endloop
  endfacet
  facet normal 0 0 -1
    outer loop
      vertex 6.194685935974121 -11.343785285949707 0
      vertex 7.581629753112793 -12.399999618530273 0
      vertex 6.197633743286133 -11.362399101257324 0
    endloop
  endfacet
  facet normal 0 0 -1
    outer loop
      vertex 6.199407577514648 -11.381162643432617 0
      vertex 7.581629753112793 -12.399999618530273 0
      vertex 6.199999809265137 -11.399999618530273 0
    endloop
  endfacet
  facet normal 0 0 -1
    outer loop
      vertex 6.197633743286133 -11.362399101257324 0
      vertex 7.581629753112793 -12.399999618530273 0
      vertex 6.199407577514648 -11.381162643432617 0
    endloop
  endfacet
  facet normal 0 0 -1
    outer loop
      vertex 11.194635391235352 -6.118690490722656 0
      vertex 6.118690490722656 -11.194635391235352 0
      vertex 11.18130874633789 -6.105363845825195 0
    endloop
  endfacet
  facet normal 0 0 -1
    outer loop
      vertex 6.118690490722656 -11.194635391235352 0
      vertex 11.194635391235352 -6.118690490722656 0
      vertex 6.131153106689453 -11.208772659301758 0
    endloop
  endfacet
  facet normal 0 0 -1
    outer loop
      vertex 11.208772659301758 -6.131153106689453 0
      vertex 6.131153106689453 -11.208772659301758 0
      vertex 11.194635391235352 -6.118690490722656 0
    endloop
  endfacet
  facet normal 0 0 -1
    outer loop
      vertex 6.131153106689453 -11.208772659301758 0
      vertex 11.208772659301758 -6.131153106689453 0
      vertex 6.142704963684082 -11.223664283752441 0
    endloop
  endfacet
  facet normal 0 0 -1
    outer loop
      vertex 11.223664283752441 -6.142704963684082 0
      vertex 6.142704963684082 -11.223664283752441 0
      vertex 11.208772659301758 -6.131153106689453 0
    endloop
  endfacet
  facet normal 0 0 -1
    outer loop
      vertex 7.581629753112793 -12.399999618530273 0
      vertex 6.142704963684082 -11.223664283752441 0
      vertex 11.223664283752441 -6.142704963684082 0
    endloop
  endfacet
  facet normal 0 0 -1
    outer loop
      vertex 6.142704963684082 -11.223664283752441 0
      vertex 7.581629753112793 -12.399999618530273 0
      vertex 6.153298377990723 -11.239251136779785 0
    endloop
  endfacet
  facet normal 0 0 -1
    outer loop
      vertex 6.153298377990723 -11.239251136779785 0
      vertex 7.581629753112793 -12.399999618530273 0
      vertex 6.162891387939453 -11.255473136901855 0
    endloop
  endfacet
  facet normal 0 0 -1
    outer loop
      vertex 6.162891387939453 -11.255473136901855 0
      vertex 7.581629753112793 -12.399999618530273 0
      vertex 6.17144775390625 -11.272265434265137 0
    endloop
  endfacet
  facet normal 0 0 -1
    outer loop
      vertex 6.17144775390625 -11.272265434265137 0
      vertex 7.581629753112793 -12.399999618530273 0
      vertex 6.178932189941406 -11.289562225341797 0
    endloop
  endfacet
  facet normal 0 0 -1
    outer loop
      vertex 6.178932189941406 -11.289562225341797 0
      vertex 7.581629753112793 -12.399999618530273 0
      vertex 6.18531608581543 -11.307294845581055 0
    endloop
  endfacet
  facet normal 0 0 -1
    outer loop
      vertex 6.18531608581543 -11.307294845581055 0
      vertex 7.581629753112793 -12.399999618530273 0
      vertex 6.190574645996094 -11.325392723083496 0
    endloop
  endfacet
  facet normal 0 0 -1
    outer loop
      vertex 6.190574645996094 -11.325392723083496 0
      vertex 7.581629753112793 -12.399999618530273 0
      vertex 6.194685935974121 -11.343785285949707 0
    endloop
  endfacet
  facet normal 0 0 -1
    outer loop
      vertex 11.699999809265137 5.899999618530273 0
      vertex 12.399999618530273 7.581629753112793 0
      vertex 11.699999809265137 -5.899999618530273 0
    endloop
  endfacet
  facet normal 0 0 -1
    outer loop
      vertex 11.699407577514648 5.91883659362793 0
      vertex 12.399999618530273 7.581629753112793 0
      vertex 11.699999809265137 5.899999618530273 0
    endloop
  endfacet
  facet normal 0 0 -1
    outer loop
      vertex 11.697633743286133 5.937599182128906 0
      vertex 12.399999618530273 7.581629753112793 0
      vertex 11.699407577514648 5.91883659362793 0
    endloop
  endfacet
  facet normal 0 0 -1
    outer loop
      vertex 11.694685935974121 5.95621395111084 0
      vertex 12.399999618530273 7.581629753112793 0
      vertex 11.697633743286133 5.937599182128906 0
    endloop
  endfacet
  facet normal 0 0 -1
    outer loop
      vertex 11.690574645996094 5.974606513977051 0
      vertex 12.399999618530273 7.581629753112793 0
      vertex 11.694685935974121 5.95621395111084 0
    endloop
  endfacet
  facet normal 0 0 -1
    outer loop
      vertex 11.68531608581543 5.992704391479492 0
      vertex 12.399999618530273 7.581629753112793 0
      vertex 11.690574645996094 5.974606513977051 0
    endloop
  endfacet
  facet normal 0 0 -1
    outer loop
      vertex 11.678932189941406 6.01043701171875 0
      vertex 12.399999618530273 7.581629753112793 0
      vertex 11.68531608581543 5.992704391479492 0
    endloop
  endfacet
  facet normal 0 0 -1
    outer loop
      vertex 11.67144775390625 6.027732849121094 0
      vertex 12.399999618530273 7.581629753112793 0
      vertex 11.678932189941406 6.01043701171875 0
    endloop
  endfacet
  facet normal 0 0 -1
    outer loop
      vertex 11.662891387939453 6.044526100158691 0
      vertex 12.399999618530273 7.581629753112793 0
      vertex 11.67144775390625 6.027732849121094 0
    endloop
  endfacet
  facet normal 0 0 -1
    outer loop
      vertex 11.653298377990723 6.060747146606445 0
      vertex 12.399999618530273 7.581629753112793 0
      vertex 11.662891387939453 6.044526100158691 0
    endloop
  endfacet
  facet normal 0 0 -1
    outer loop
      vertex 11.642704963684082 6.0763349533081055 0
      vertex 12.399999618530273 7.581629753112793 0
      vertex 11.653298377990723 6.060747146606445 0
    endloop
  endfacet
  facet normal 0 0 -1
    outer loop
      vertex 11.631153106689453 6.091226577758789 0
      vertex 12.399999618530273 7.581629753112793 0
      vertex 11.642704963684082 6.0763349533081055 0
    endloop
  endfacet
  facet normal 0 0 -1
    outer loop
      vertex 11.618690490722656 6.105363845825195 0
      vertex 12.399999618530273 7.581629753112793 0
      vertex 11.631153106689453 6.091226577758789 0
    endloop
  endfacet
  facet normal 0 0 -1
    outer loop
      vertex 11.605363845825195 6.118690490722656 0
      vertex 12.399999618530273 7.581629753112793 0
      vertex 11.618690490722656 6.105363845825195 0
    endloop
  endfacet
  facet normal 0 0 -1
    outer loop
      vertex 11.591226577758789 6.131153106689453 0
      vertex 12.399999618530273 7.581629753112793 0
      vertex 11.605363845825195 6.118690490722656 0
    endloop
  endfacet
  facet normal 0 0 -1
    outer loop
      vertex 11.576334953308105 6.142704963684082 0
      vertex 12.399999618530273 7.581629753112793 0
      vertex 11.591226577758789 6.131153106689453 0
    endloop
  endfacet
  facet normal 0 0 -1
    outer loop
      vertex 11.560747146606445 6.153298377990723 0
      vertex 12.399999618530273 7.581629753112793 0
      vertex 11.576334953308105 6.142704963684082 0
    endloop
  endfacet
  facet normal 0 0 -1
    outer loop
      vertex 11.544526100158691 6.162891387939453 0
      vertex 12.399999618530273 7.581629753112793 0
      vertex 11.560747146606445 6.153298377990723 0
    endloop
  endfacet
  facet normal 0 0 -1
    outer loop
      vertex 11.527732849121094 6.17144775390625 0
      vertex 12.399999618530273 7.581629753112793 0
      vertex 11.544526100158691 6.162891387939453 0
    endloop
  endfacet
  facet normal 0 0 -1
    outer loop
      vertex 11.51043701171875 6.178932189941406 0
      vertex 12.399999618530273 7.581629753112793 0
      vertex 11.527732849121094 6.17144775390625 0
    endloop
  endfacet
  facet normal 0 0 -1
    outer loop
      vertex 11.492704391479492 6.18531608581543 0
      vertex 12.399999618530273 7.581629753112793 0
      vertex 11.51043701171875 6.178932189941406 0
    endloop
  endfacet
  facet normal 0 0 -1
    outer loop
      vertex 11.47460651397705 6.190574645996094 0
      vertex 12.399999618530273 7.581629753112793 0
      vertex 11.492704391479492 6.18531608581543 0
    endloop
  endfacet
  facet normal 0 0 -1
    outer loop
      vertex 11.45621395111084 6.194685935974121 0
      vertex 12.399999618530273 7.581629753112793 0
      vertex 11.47460651397705 6.190574645996094 0
    endloop
  endfacet
  facet normal 0 0 -1
    outer loop
      vertex 11.437599182128906 6.197633743286133 0
      vertex 12.399999618530273 7.581629753112793 0
      vertex 11.45621395111084 6.194685935974121 0
    endloop
  endfacet
  facet normal 0 0 -1
    outer loop
      vertex 11.41883659362793 6.199407577514648 0
      vertex 12.399999618530273 7.581629753112793 0
      vertex 11.437599182128906 6.197633743286133 0
    endloop
  endfacet
  facet normal 0 0 -1
    outer loop
      vertex 11.399999618530273 6.199999809265137 0
      vertex 12.399999618530273 7.581629753112793 0
      vertex 11.41883659362793 6.199407577514648 0
    endloop
  endfacet
  facet normal 0 0 -1
    outer loop
      vertex 11.381162643432617 6.199407577514648 0
      vertex 12.399999618530273 7.581629753112793 0
      vertex 11.399999618530273 6.199999809265137 0
    endloop
  endfacet
  facet normal 0 0 -1
    outer loop
      vertex 11.362399101257324 6.197633743286133 0
      vertex 12.399999618530273 7.581629753112793 0
      vertex 11.381162643432617 6.199407577514648 0
    endloop
  endfacet
  facet normal 0 0 -1
    outer loop
      vertex 11.343785285949707 6.194685935974121 0
      vertex 12.399999618530273 7.581629753112793 0
      vertex 11.362399101257324 6.197633743286133 0
    endloop
  endfacet
  facet normal 0 0 -1
    outer loop
      vertex 11.325392723083496 6.190574645996094 0
      vertex 12.399999618530273 7.581629753112793 0
      vertex 11.343785285949707 6.194685935974121 0
    endloop
  endfacet
  facet normal 0 0 -1
    outer loop
      vertex 11.307294845581055 6.18531608581543 0
      vertex 12.399999618530273 7.581629753112793 0
      vertex 11.325392723083496 6.190574645996094 0
    endloop
  endfacet
  facet normal 0 0 -1
    outer loop
      vertex 11.289562225341797 6.178932189941406 0
      vertex 12.399999618530273 7.581629753112793 0
      vertex 11.307294845581055 6.18531608581543 0
    endloop
  endfacet
  facet normal 0 0 -1
    outer loop
      vertex 11.272265434265137 6.17144775390625 0
      vertex 12.399999618530273 7.581629753112793 0
      vertex 11.289562225341797 6.178932189941406 0
    endloop
  endfacet
  facet normal 0 0 -1
    outer loop
      vertex 11.255473136901855 6.162891387939453 0
      vertex 12.399999618530273 7.581629753112793 0
      vertex 11.272265434265137 6.17144775390625 0
    endloop
  endfacet
  facet normal 0 0 -1
    outer loop
      vertex 11.239251136779785 6.153298377990723 0
      vertex 12.399999618530273 7.581629753112793 0
      vertex 11.255473136901855 6.162891387939453 0
    endloop
  endfacet
  facet normal 0 0 -1
    outer loop
      vertex 11.223664283752441 6.142704963684082 0
      vertex 12.399999618530273 7.581629753112793 0
      vertex 11.239251136779785 6.153298377990723 0
    endloop
  endfacet
  facet normal 0 0 -1
    outer loop
      vertex 7.581629753112793 12.399999618530273 0
      vertex 11.223664283752441 6.142704963684082 0
      vertex 11.208772659301758 6.131153106689453 0
    endloop
  endfacet
  facet normal 0 0 -1
    outer loop
      vertex 6.199999809265137 11.399999618530273 0
      vertex 11.208772659301758 6.131153106689453 0
      vertex 11.194635391235352 6.118690490722656 0
    endloop
  endfacet
  facet normal 0 0 -1
    outer loop
      vertex 6.199999809265137 11.399999618530273 0
      vertex 11.194635391235352 6.118690490722656 0
      vertex 11.18130874633789 6.105363845825195 0
    endloop
  endfacet
  facet normal 0 0 -1
    outer loop
      vertex 6.199999809265137 11.399999618530273 0
      vertex 11.18130874633789 6.105363845825195 0
      vertex 11.168845176696777 6.091226577758789 0
    endloop
  endfacet
  facet normal 0 0 -1
    outer loop
      vertex 6.105363845825195 -11.18130874633789 0
      vertex 11.18130874633789 -6.105363845825195 0
      vertex 6.118690490722656 -11.194635391235352 0
    endloop
  endfacet
  facet normal 0 0 -1
    outer loop
      vertex 11.18130874633789 -6.105363845825195 0
      vertex 6.105363845825195 -11.18130874633789 0
      vertex 11.168845176696777 -6.091226577758789 0
    endloop
  endfacet
  facet normal 0 0 -1
    outer loop
      vertex 6.199999809265137 11.399999618530273 0
      vertex 11.100591659545898 5.91883659362793 0
      vertex 11.09999942779541 5.899999618530273 0
    endloop
  endfacet
  facet normal 0 0 -1
    outer loop
      vertex 11.223664283752441 6.142704963684082 0
      vertex 7.581629753112793 12.399999618530273 0
      vertex 12.399999618530273 7.581629753112793 0
    endloop
  endfacet
  facet normal 0 0 -1
    outer loop
      vertex 6.199999809265137 11.399999618530273 0
      vertex 11.168845176696777 6.091226577758789 0
      vertex 11.157294273376465 6.0763349533081055 0
    endloop
  endfacet
  facet normal 0 0 -1
    outer loop
      vertex 6.199999809265137 11.399999618530273 0
      vertex 11.157294273376465 6.0763349533081055 0
      vertex 11.146700859069824 6.060747146606445 0
    endloop
  endfacet
  facet normal 0 0 -1
    outer loop
      vertex 6.199999809265137 11.399999618530273 0
      vertex 11.146700859069824 6.060747146606445 0
      vertex 11.137107849121094 6.044526100158691 0
    endloop
  endfacet
  facet normal 0 0 -1
    outer loop
      vertex 6.199999809265137 11.399999618530273 0
      vertex 11.137107849121094 6.044526100158691 0
      vertex 11.128551483154297 6.027732849121094 0
    endloop
  endfacet
  facet normal 0 0 -1
    outer loop
      vertex 6.199999809265137 11.399999618530273 0
      vertex 11.128551483154297 6.027732849121094 0
      vertex 11.12106704711914 6.01043701171875 0
    endloop
  endfacet
  facet normal 0 0 -1
    outer loop
      vertex 6.199999809265137 11.399999618530273 0
      vertex 11.12106704711914 6.01043701171875 0
      vertex 11.1146821975708 5.992704391479492 0
    endloop
  endfacet
  facet normal 0 0 -1
    outer loop
      vertex 6.199999809265137 11.399999618530273 0
      vertex 11.1146821975708 5.992704391479492 0
      vertex 11.109424591064453 5.974606513977051 0
    endloop
  endfacet
  facet normal 0 0 -1
    outer loop
      vertex 6.199999809265137 11.399999618530273 0
      vertex 11.109424591064453 5.974606513977051 0
      vertex 11.105313301086426 5.95621395111084 0
    endloop
  endfacet
  facet normal 0 0 -1
    outer loop
      vertex 6.199999809265137 11.399999618530273 0
      vertex 11.102365493774414 5.937599182128906 0
      vertex 11.100591659545898 5.91883659362793 0
    endloop
  endfacet
  facet normal 0 0 -1
    outer loop
      vertex 6.199999809265137 11.399999618530273 0
      vertex 11.105313301086426 5.95621395111084 0
      vertex 11.102365493774414 5.937599182128906 0
    endloop
  endfacet
  facet normal 0 0 -1
    outer loop
      vertex 7.581629753112793 -12.399999618530273 0
      vertex 6.199407577514648 -11.41883659362793 0
      vertex 6.199999809265137 -11.399999618530273 0
    endloop
  endfacet
  facet normal 0 0 -1
    outer loop
      vertex 7.581629753112793 -12.399999618530273 0
      vertex 6.197633743286133 -11.437599182128906 0
      vertex 6.199407577514648 -11.41883659362793 0
    endloop
  endfacet
  facet normal 0 0 -1
    outer loop
      vertex 7.581629753112793 -12.399999618530273 0
      vertex 6.194685935974121 -11.45621395111084 0
      vertex 6.197633743286133 -11.437599182128906 0
    endloop
  endfacet
  facet normal 0 0 -1
    outer loop
      vertex 7.581629753112793 -12.399999618530273 0
      vertex 6.190574645996094 -11.47460651397705 0
      vertex 6.194685935974121 -11.45621395111084 0
    endloop
  endfacet
  facet normal 0 0 -1
    outer loop
      vertex 7.581629753112793 -12.399999618530273 0
      vertex 6.18531608581543 -11.492704391479492 0
      vertex 6.190574645996094 -11.47460651397705 0
    endloop
  endfacet
  facet normal 0 0 -1
    outer loop
      vertex 7.581629753112793 -12.399999618530273 0
      vertex 6.178932189941406 -11.51043701171875 0
      vertex 6.18531608581543 -11.492704391479492 0
    endloop
  endfacet
  facet normal 0 0 -1
    outer loop
      vertex 7.581629753112793 -12.399999618530273 0
      vertex 6.17144775390625 -11.527732849121094 0
      vertex 6.178932189941406 -11.51043701171875 0
    endloop
  endfacet
  facet normal 0 0 -1
    outer loop
      vertex 7.581629753112793 -12.399999618530273 0
      vertex 6.162891387939453 -11.544526100158691 0
      vertex 6.17144775390625 -11.527732849121094 0
    endloop
  endfacet
  facet normal 0 0 -1
    outer loop
      vertex 7.581629753112793 -12.399999618530273 0
      vertex 6.153298377990723 -11.560747146606445 0
      vertex 6.162891387939453 -11.544526100158691 0
    endloop
  endfacet
  facet normal 0 0 -1
    outer loop
      vertex 7.581629753112793 -12.399999618530273 0
      vertex 6.142704963684082 -11.576334953308105 0
      vertex 6.153298377990723 -11.560747146606445 0
    endloop
  endfacet
  facet normal 0 0 -1
    outer loop
      vertex 7.581629753112793 -12.399999618530273 0
      vertex 6.131153106689453 -11.591226577758789 0
      vertex 6.142704963684082 -11.576334953308105 0
    endloop
  endfacet
  facet normal 0 0 -1
    outer loop
      vertex 7.581629753112793 -12.399999618530273 0
      vertex 6.118690490722656 -11.605363845825195 0
      vertex 6.131153106689453 -11.591226577758789 0
    endloop
  endfacet
  facet normal 0 0 -1
    outer loop
      vertex 7.581629753112793 -12.399999618530273 0
      vertex 6.105363845825195 -11.618690490722656 0
      vertex 6.118690490722656 -11.605363845825195 0
    endloop
  endfacet
  facet normal 0 0 -1
    outer loop
      vertex 7.581629753112793 -12.399999618530273 0
      vertex 6.091226577758789 -11.631153106689453 0
      vertex 6.105363845825195 -11.618690490722656 0
    endloop
  endfacet
  facet normal 0 0 -1
    outer loop
      vertex 7.581629753112793 -12.399999618530273 0
      vertex 6.0763349533081055 -11.642704963684082 0
      vertex 6.091226577758789 -11.631153106689453 0
    endloop
  endfacet
  facet normal 0 0 -1
    outer loop
      vertex 7.581629753112793 -12.399999618530273 0
      vertex 6.060747146606445 -11.653298377990723 0
      vertex 6.0763349533081055 -11.642704963684082 0
    endloop
  endfacet
  facet normal 0 0 -1
    outer loop
      vertex 7.581629753112793 -12.399999618530273 0
      vertex 6.044526100158691 -11.662891387939453 0
      vertex 6.060747146606445 -11.653298377990723 0
    endloop
  endfacet
  facet normal 0 0 -1
    outer loop
      vertex 7.581629753112793 -12.399999618530273 0
      vertex 6.027732849121094 -11.67144775390625 0
      vertex 6.044526100158691 -11.662891387939453 0
    endloop
  endfacet
  facet normal 0 0 -1
    outer loop
      vertex 7.581629753112793 -12.399999618530273 0
      vertex 6.01043701171875 -11.678932189941406 0
      vertex 6.027732849121094 -11.67144775390625 0
    endloop
  endfacet
  facet normal 0 0 -1
    outer loop
      vertex 7.581629753112793 -12.399999618530273 0
      vertex 5.992704391479492 -11.68531608581543 0
      vertex 6.01043701171875 -11.678932189941406 0
    endloop
  endfacet
  facet normal 0 0 -1
    outer loop
      vertex 7.581629753112793 -12.399999618530273 0
      vertex 5.974606513977051 -11.690574645996094 0
      vertex 5.992704391479492 -11.68531608581543 0
    endloop
  endfacet
  facet normal 0 0 -1
    outer loop
      vertex 7.581629753112793 -12.399999618530273 0
      vertex 5.95621395111084 -11.694685935974121 0
      vertex 5.974606513977051 -11.690574645996094 0
    endloop
  endfacet
  facet normal 0 0 -1
    outer loop
      vertex 7.581629753112793 -12.399999618530273 0
      vertex 5.937599182128906 -11.697633743286133 0
      vertex 5.95621395111084 -11.694685935974121 0
    endloop
  endfacet
  facet normal 0 0 -1
    outer loop
      vertex 7.581629753112793 -12.399999618530273 0
      vertex 5.91883659362793 -11.699407577514648 0
      vertex 5.937599182128906 -11.697633743286133 0
    endloop
  endfacet
  facet normal 0 0 -1
    outer loop
      vertex 7.581629753112793 -12.399999618530273 0
      vertex 5.899999618530273 -11.699999809265137 0
      vertex 5.91883659362793 -11.699407577514648 0
    endloop
  endfacet
  facet normal 0 0 -1
    outer loop
      vertex 7.581629753112793 -12.399999618530273 0
      vertex -5.899999618530273 -11.699999809265137 0
      vertex 5.899999618530273 -11.699999809265137 0
    endloop
  endfacet
  facet normal 0 0 -1
    outer loop
      vertex -7.581629753112793 -12.399999618530273 0
      vertex -5.899999618530273 -11.699999809265137 0
      vertex 7.581629753112793 -12.399999618530273 0
    endloop
  endfacet
  facet normal 0 0 -1
    outer loop
      vertex -6.142704963684082 -11.223664283752441 0
      vertex -7.581629753112793 -12.399999618530273 0
      vertex -11.223664283752441 -6.142704963684082 0
    endloop
  endfacet
  facet normal 0 0 -1
    outer loop
      vertex -6.199407577514648 -11.41883659362793 0
      vertex -7.581629753112793 -12.399999618530273 0
      vertex -6.199999809265137 -11.399999618530273 0
    endloop
  endfacet
  facet normal 0 0 -1
    outer loop
      vertex -6.197633743286133 -11.437599182128906 0
      vertex -7.581629753112793 -12.399999618530273 0
      vertex -6.199407577514648 -11.41883659362793 0
    endloop
  endfacet
  facet normal 0 0 -1
    outer loop
      vertex -6.194685935974121 -11.45621395111084 0
      vertex -7.581629753112793 -12.399999618530273 0
      vertex -6.197633743286133 -11.437599182128906 0
    endloop
  endfacet
  facet normal 0 0 -1
    outer loop
      vertex -6.190574645996094 -11.47460651397705 0
      vertex -7.581629753112793 -12.399999618530273 0
      vertex -6.194685935974121 -11.45621395111084 0
    endloop
  endfacet
  facet normal 0 0 -1
    outer loop
      vertex -6.18531608581543 -11.492704391479492 0
      vertex -7.581629753112793 -12.399999618530273 0
      vertex -6.190574645996094 -11.47460651397705 0
    endloop
  endfacet
  facet normal 0 0 -1
    outer loop
      vertex -6.178932189941406 -11.51043701171875 0
      vertex -7.581629753112793 -12.399999618530273 0
      vertex -6.18531608581543 -11.492704391479492 0
    endloop
  endfacet
  facet normal 0 0 -1
    outer loop
      vertex -6.17144775390625 -11.527732849121094 0
      vertex -7.581629753112793 -12.399999618530273 0
      vertex -6.178932189941406 -11.51043701171875 0
    endloop
  endfacet
  facet normal 0 0 -1
    outer loop
      vertex -6.162891387939453 -11.544526100158691 0
      vertex -7.581629753112793 -12.399999618530273 0
      vertex -6.17144775390625 -11.527732849121094 0
    endloop
  endfacet
  facet normal 0 0 -1
    outer loop
      vertex -6.153298377990723 -11.560747146606445 0
      vertex -7.581629753112793 -12.399999618530273 0
      vertex -6.162891387939453 -11.544526100158691 0
    endloop
  endfacet
  facet normal 0 0 -1
    outer loop
      vertex -6.142704963684082 -11.576334953308105 0
      vertex -7.581629753112793 -12.399999618530273 0
      vertex -6.153298377990723 -11.560747146606445 0
    endloop
  endfacet
  facet normal 0 0 -1
    outer loop
      vertex -6.131153106689453 -11.591226577758789 0
      vertex -7.581629753112793 -12.399999618530273 0
      vertex -6.142704963684082 -11.576334953308105 0
    endloop
  endfacet
  facet normal 0 0 -1
    outer loop
      vertex -6.118690490722656 -11.605363845825195 0
      vertex -7.581629753112793 -12.399999618530273 0
      vertex -6.131153106689453 -11.591226577758789 0
    endloop
  endfacet
  facet normal 0 0 -1
    outer loop
      vertex -6.105363845825195 -11.618690490722656 0
      vertex -7.581629753112793 -12.399999618530273 0
      vertex -6.118690490722656 -11.605363845825195 0
    endloop
  endfacet
  facet normal 0 0 -1
    outer loop
      vertex -6.091226577758789 -11.631153106689453 0
      vertex -7.581629753112793 -12.399999618530273 0
      vertex -6.105363845825195 -11.618690490722656 0
    endloop
  endfacet
  facet normal 0 0 -1
    outer loop
      vertex -6.0763349533081055 -11.642704963684082 0
      vertex -7.581629753112793 -12.399999618530273 0
      vertex -6.091226577758789 -11.631153106689453 0
    endloop
  endfacet
  facet normal 0 0 -1
    outer loop
      vertex -6.060747146606445 -11.653298377990723 0
      vertex -7.581629753112793 -12.399999618530273 0
      vertex -6.0763349533081055 -11.642704963684082 0
    endloop
  endfacet
  facet normal 0 0 -1
    outer loop
      vertex -6.044526100158691 -11.662891387939453 0
      vertex -7.581629753112793 -12.399999618530273 0
      vertex -6.060747146606445 -11.653298377990723 0
    endloop
  endfacet
  facet normal 0 0 -1
    outer loop
      vertex -6.027732849121094 -11.67144775390625 0
      vertex -7.581629753112793 -12.399999618530273 0
      vertex -6.044526100158691 -11.662891387939453 0
    endloop
  endfacet
  facet normal 0 0 -1
    outer loop
      vertex -6.01043701171875 -11.678932189941406 0
      vertex -7.581629753112793 -12.399999618530273 0
      vertex -6.027732849121094 -11.67144775390625 0
    endloop
  endfacet
  facet normal 0 0 -1
    outer loop
      vertex -5.992704391479492 -11.68531608581543 0
      vertex -7.581629753112793 -12.399999618530273 0
      vertex -6.01043701171875 -11.678932189941406 0
    endloop
  endfacet
  facet normal 0 0 -1
    outer loop
      vertex -5.974606513977051 -11.690574645996094 0
      vertex -7.581629753112793 -12.399999618530273 0
      vertex -5.992704391479492 -11.68531608581543 0
    endloop
  endfacet
  facet normal 0 0 -1
    outer loop
      vertex -5.95621395111084 -11.694685935974121 0
      vertex -7.581629753112793 -12.399999618530273 0
      vertex -5.974606513977051 -11.690574645996094 0
    endloop
  endfacet
  facet normal 0 0 -1
    outer loop
      vertex -5.937599182128906 -11.697633743286133 0
      vertex -7.581629753112793 -12.399999618530273 0
      vertex -5.95621395111084 -11.694685935974121 0
    endloop
  endfacet
  facet normal 0 0 -1
    outer loop
      vertex -5.91883659362793 -11.699407577514648 0
      vertex -7.581629753112793 -12.399999618530273 0
      vertex -5.937599182128906 -11.697633743286133 0
    endloop
  endfacet
  facet normal 0 0 -1
    outer loop
      vertex -5.899999618530273 -11.699999809265137 0
      vertex -7.581629753112793 -12.399999618530273 0
      vertex -5.91883659362793 -11.699407577514648 0
    endloop
  endfacet
  facet normal -0.7071067811865475 0.7071067811865475 0
    outer loop
      vertex -12.399999618530273 7.581629753112793 0
      vertex -7.581629753112793 12.399999618530273 2.9900007247924805
      vertex -7.581629753112793 12.399999618530273 0
    endloop
  endfacet
  facet normal -0.7071067811865475 0.7071067811865475 0
    outer loop
      vertex -7.581629753112793 12.399999618530273 2.9900007247924805
      vertex -12.399999618530273 7.581629753112793 0
      vertex -12.399999618530273 7.581629753112793 2.9900007247924805
    endloop
  endfacet
  facet normal -0.7901362790005535 -0.6129312038125971 0
    outer loop
      vertex 11.642704963684082 6.0763349533081055 0
      vertex 11.631153106689453 6.091226577758789 2.799999237060547
      vertex 11.631153106689453 6.091226577758789 0
    endloop
  endfacet
  facet normal -0.7901362790005535 -0.6129312038125971 0
    outer loop
      vertex 11.631153106689453 6.091226577758789 2.799999237060547
      vertex 11.642704963684082 6.0763349533081055 0
      vertex 11.642704963684082 6.0763349533081055 2.799999237060547
    endloop
  endfacet
  facet normal 1 0 0
    outer loop
      vertex 11.09999942779541 -5.899999618530273 2.799999237060547
      vertex 11.09999942779541 5.899999618530273 0
      vertex 11.09999942779541 5.899999618530273 2.799999237060547
    endloop
  endfacet
  facet normal 1 0 0
    outer loop
      vertex 11.09999942779541 5.899999618530273 0
      vertex 11.09999942779541 -5.899999618530273 2.799999237060547
      vertex 11.09999942779541 -5.899999618530273 0
    endloop
  endfacet
  facet normal 0.15641731011281643 -0.9876910575159983 0
    outer loop
      vertex 11.343785285949707 6.194685935974121 0
      vertex 11.362399101257324 6.197633743286133 2.799999237060547
      vertex 11.343785285949707 6.194685935974121 2.799999237060547
    endloop
  endfacet
  facet normal 0.15641731011281643 -0.9876910575159983 0
    outer loop
      vertex 11.362399101257324 6.197633743286133 2.799999237060547
      vertex 11.343785285949707 6.194685935974121 0
      vertex 11.362399101257324 6.197633743286133 0
    endloop
  endfacet
  facet normal -0.09412132591765666 0.9955607344645039 0
    outer loop
      vertex 11.437599182128906 -6.197633743286133 0
      vertex 11.41883659362793 -6.199407577514648 2.799999237060547
      vertex 11.437599182128906 -6.197633743286133 2.799999237060547
    endloop
  endfacet
  facet normal -0.09412132591765666 0.9955607344645039 0
    outer loop
      vertex 11.41883659362793 -6.199407577514648 2.799999237060547
      vertex 11.437599182128906 -6.197633743286133 0
      vertex 11.41883659362793 -6.199407577514648 0
    endloop
  endfacet
  facet normal -0.2790224565203386 0.9602845769652638 0
    outer loop
      vertex 11.492704391479492 -6.18531608581543 0
      vertex 11.47460651397705 -6.190574645996094 2.799999237060547
      vertex 11.492704391479492 -6.18531608581543 2.799999237060547
    endloop
  endfacet
  facet normal -0.2790224565203386 0.9602845769652638 0
    outer loop
      vertex 11.47460651397705 -6.190574645996094 2.799999237060547
      vertex 11.492704391479492 -6.18531608581543 0
      vertex 11.47460651397705 -6.190574645996094 0
    endloop
  endfacet
  facet normal 0.9995061338808694 0.03142432711320473 0
    outer loop
      vertex 11.100591659545898 -5.91883659362793 2.799999237060547
      vertex 11.09999942779541 -5.899999618530273 0
      vertex 11.09999942779541 -5.899999618530273 2.799999237060547
    endloop
  endfacet
  facet normal 0.9995061338808694 0.03142432711320473 0
    outer loop
      vertex 11.09999942779541 -5.899999618530273 0
      vertex 11.100591659545898 -5.91883659362793 2.799999237060547
      vertex 11.100591659545898 -5.91883659362793 0
    endloop
  endfacet
  facet normal 0.5090156985725443 0.8607572355819642 0
    outer loop
      vertex 11.255473136901855 -6.162891387939453 0
      vertex 11.239251136779785 -6.153298377990723 2.799999237060547
      vertex 11.255473136901855 -6.162891387939453 2.799999237060547
    endloop
  endfacet
  facet normal 0.5090156985725443 0.8607572355819642 0
    outer loop
      vertex 11.239251136779785 -6.153298377990723 2.799999237060547
      vertex 11.255473136901855 -6.162891387939453 0
      vertex 11.239251136779785 -6.153298377990723 0
    endloop
  endfacet
  facet normal 0.8607441236376201 0.5090378705197731 0
    outer loop
      vertex 11.146700859069824 -6.060747146606445 2.799999237060547
      vertex 11.137107849121094 -6.044526100158691 0
      vertex 11.137107849121094 -6.044526100158691 2.799999237060547
    endloop
  endfacet
  facet normal 0.8607441236376201 0.5090378705197731 0
    outer loop
      vertex 11.137107849121094 -6.044526100158691 0
      vertex 11.146700859069824 -6.060747146606445 2.799999237060547
      vertex 11.146700859069824 -6.060747146606445 0
    endloop
  endfacet
  facet normal -0.4539811142068577 0.8910113062938652 0
    outer loop
      vertex 11.544526100158691 -6.162891387939453 0
      vertex 11.527732849121094 -6.17144775390625 2.799999237060547
      vertex 11.544526100158691 -6.162891387939453 2.799999237060547
    endloop
  endfacet
  facet normal -0.4539811142068577 0.8910113062938652 0
    outer loop
      vertex 11.527732849121094 -6.17144775390625 2.799999237060547
      vertex 11.544526100158691 -6.162891387939453 0
      vertex 11.527732849121094 -6.17144775390625 0
    endloop
  endfacet
  facet normal -0.9177573557291627 0.3971415818131048 0
    outer loop
      vertex 11.67144775390625 -6.027732849121094 0
      vertex 11.678932189941406 -6.01043701171875 2.799999237060547
      vertex 11.678932189941406 -6.01043701171875 0
    endloop
  endfacet
  facet normal -0.9177573557291627 0.3971415818131048 0
    outer loop
      vertex 11.678932189941406 -6.01043701171875 2.799999237060547
      vertex 11.67144775390625 -6.027732849121094 0
      vertex 11.67144775390625 -6.027732849121094 2.799999237060547
    endloop
  endfacet
  facet normal -1 0 0
    outer loop
      vertex 11.699999809265137 -5.899999618530273 0
      vertex 11.699999809265137 5.899999618530273 2.1999998092651367
      vertex 11.699999809265137 5.899999618530273 0
    endloop
  endfacet
  facet normal -1 0 0
    outer loop
      vertex 11.699999809265137 5.899999618530273 2.1999998092651367
      vertex 11.699999809265137 -5.899999618530273 0
      vertex 11.699999809265137 -5.899999618530273 2.1999998092651367
    endloop
  endfacet
  facet normal -1 0 0
    outer loop
      vertex 11.699999809265137 -5.899999618530273 2.59999942779541
      vertex 11.699999809265137 5.899999618530273 2.799999237060547
      vertex 11.699999809265137 5.899999618530273 2.59999942779541
    endloop
  endfacet
  facet normal -1 0 0
    outer loop
      vertex 11.699999809265137 5.899999618530273 2.799999237060547
      vertex 11.699999809265137 -5.899999618530273 2.59999942779541
      vertex 11.699999809265137 -5.899999618530273 2.799999237060547
    endloop
  endfacet
  facet normal 1 0 0
    outer loop
      vertex 11.699999809265137 5.899999618530273 2.59999942779541
      vertex 11.699999809265137 6 2.1999998092651367
      vertex 11.699999809265137 6 2.59999942779541
    endloop
  endfacet
  facet normal 1 0 0
    outer loop
      vertex 11.699999809265137 6 2.1999998092651367
      vertex 11.699999809265137 5.899999618530273 2.59999942779541
      vertex 11.699999809265137 5.899999618530273 2.1999998092651367
    endloop
  endfacet
  facet normal 1 0 0
    outer loop
      vertex 11.699999809265137 -6 2.59999942779541
      vertex 11.699999809265137 -5.899999618530273 2.1999998092651367
      vertex 11.699999809265137 -5.899999618530273 2.59999942779541
    endloop
  endfacet
  facet normal 1 0 0
    outer loop
      vertex 11.699999809265137 -5.899999618530273 2.1999998092651367
      vertex 11.699999809265137 -6 2.59999942779541
      vertex 11.699999809265137 -6 2.1999998092651367
    endloop
  endfacet
  facet normal -0.987692295522357 0.15640949256927125 0
    outer loop
      vertex 11.694685935974121 -5.95621395111084 0
      vertex 11.697633743286133 -5.937599182128906 2.799999237060547
      vertex 11.697633743286133 -5.937599182128906 0
    endloop
  endfacet
  facet normal -0.987692295522357 0.15640949256927125 0
    outer loop
      vertex 11.697633743286133 -5.937599182128906 2.799999237060547
      vertex 11.694685935974121 -5.95621395111084 0
      vertex 11.694685935974121 -5.95621395111084 2.799999237060547
    endloop
  endfacet
  facet normal -0.03142432711320473 -0.9995061338808694 0
    outer loop
      vertex 11.399999618530273 6.199999809265137 0
      vertex 11.41883659362793 6.199407577514648 2.799999237060547
      vertex 11.399999618530273 6.199999809265137 2.799999237060547
    endloop
  endfacet
  facet normal -0.03142432711320473 -0.9995061338808694 0
    outer loop
      vertex 11.41883659362793 6.199407577514648 2.799999237060547
      vertex 11.399999618530273 6.199999809265137 0
      vertex 11.41883659362793 6.199407577514648 0
    endloop
  endfacet
  facet normal -0.8270817629306938 0.5620816287937686 0
    outer loop
      vertex 11.642704963684082 -6.0763349533081055 0
      vertex 11.653298377990723 -6.060747146606445 2.799999237060547
      vertex 11.653298377990723 -6.060747146606445 0
    endloop
  endfacet
  facet normal -0.8270817629306938 0.5620816287937686 0
    outer loop
      vertex 11.653298377990723 -6.060747146606445 2.799999237060547
      vertex 11.642704963684082 -6.0763349533081055 0
      vertex 11.642704963684082 -6.0763349533081055 2.799999237060547
    endloop
  endfacet
  facet normal -0.03142432711320473 0.9995061338808694 0
    outer loop
      vertex 11.41883659362793 -6.199407577514648 0
      vertex 11.399999618530273 -6.199999809265137 2.799999237060547
      vertex 11.41883659362793 -6.199407577514648 2.799999237060547
    endloop
  endfacet
  facet normal -0.03142432711320473 0.9995061338808694 0
    outer loop
      vertex 11.399999618530273 -6.199999809265137 2.799999237060547
      vertex 11.41883659362793 -6.199407577514648 0
      vertex 11.399999618530273 -6.199999809265137 0
    endloop
  endfacet
  facet normal -0.8270817629306938 -0.5620816287937686 0
    outer loop
      vertex 11.653298377990723 6.060747146606445 0
      vertex 11.642704963684082 6.0763349533081055 2.799999237060547
      vertex 11.642704963684082 6.0763349533081055 0
    endloop
  endfacet
  facet normal -0.8270817629306938 -0.5620816287937686 0
    outer loop
      vertex 11.642704963684082 6.0763349533081055 2.799999237060547
      vertex 11.653298377990723 6.060747146606445 0
      vertex 11.653298377990723 6.060747146606445 2.799999237060547
    endloop
  endfacet
  facet normal 0.9759160266868775 0.21814653069828524 0
    outer loop
      vertex 11.109424591064453 -5.974606513977051 2.799999237060547
      vertex 11.105313301086426 -5.95621395111084 0
      vertex 11.105313301086426 -5.95621395111084 2.799999237060547
    endloop
  endfacet
  facet normal 0.9759160266868775 0.21814653069828524 0
    outer loop
      vertex 11.105313301086426 -5.95621395111084 0
      vertex 11.109424591064453 -5.974606513977051 2.799999237060547
      vertex 11.109424591064453 -5.974606513977051 0
    endloop
  endfacet
  facet normal 0.987692295522357 0.15640949256927125 0
    outer loop
      vertex 11.105313301086426 -5.95621395111084 2.799999237060547
      vertex 11.102365493774414 -5.937599182128906 0
      vertex 11.102365493774414 -5.937599182128906 2.799999237060547
    endloop
  endfacet
  facet normal 0.987692295522357 0.15640949256927125 0
    outer loop
      vertex 11.102365493774414 -5.937599182128906 0
      vertex 11.105313301086426 -5.95621395111084 2.799999237060547
      vertex 11.105313301086426 -5.95621395111084 0
    endloop
  endfacet
  facet normal 0.21814653069828524 0.9759160266868775 0
    outer loop
      vertex 11.343785285949707 -6.194685935974121 0
      vertex 11.325392723083496 -6.190574645996094 2.799999237060547
      vertex 11.343785285949707 -6.194685935974121 2.799999237060547
    endloop
  endfacet
  facet normal 0.21814653069828524 0.9759160266868775 0
    outer loop
      vertex 11.325392723083496 -6.190574645996094 2.799999237060547
      vertex 11.343785285949707 -6.194685935974121 0
      vertex 11.325392723083496 -6.190574645996094 0
    endloop
  endfacet
  facet normal 0.7071067811865476 0.7071067811865476 0
    outer loop
      vertex 11.194635391235352 -6.118690490722656 2.799999237060547
      vertex 11.18130874633789 -6.105363845825195 0
      vertex 11.18130874633789 -6.105363845825195 2.799999237060547
    endloop
  endfacet
  facet normal 0.7071067811865476 0.7071067811865476 0
    outer loop
      vertex 11.18130874633789 -6.105363845825195 0
      vertex 11.194635391235352 -6.118690490722656 2.799999237060547
      vertex 11.194635391235352 -6.118690490722656 0
    endloop
  endfacet
  facet normal 0.6129312038125971 0.7901362790005535 0
    outer loop
      vertex 11.223664283752441 -6.142704963684082 0
      vertex 11.208772659301758 -6.131153106689453 2.799999237060547
      vertex 11.223664283752441 -6.142704963684082 2.799999237060547
    endloop
  endfacet
  facet normal 0.6129312038125971 0.7901362790005535 0
    outer loop
      vertex 11.208772659301758 -6.131153106689453 2.799999237060547
      vertex 11.223664283752441 -6.142704963684082 0
      vertex 11.208772659301758 -6.131153106689453 0
    endloop
  endfacet
  facet normal -0.987692295522357 -0.15640949256927125 0
    outer loop
      vertex 11.697633743286133 5.937599182128906 0
      vertex 11.694685935974121 5.95621395111084 2.799999237060547
      vertex 11.694685935974121 5.95621395111084 0
    endloop
  endfacet
  facet normal -0.987692295522357 -0.15640949256927125 0
    outer loop
      vertex 11.694685935974121 5.95621395111084 2.799999237060547
      vertex 11.697633743286133 5.937599182128906 0
      vertex 11.697633743286133 5.937599182128906 2.799999237060547
    endloop
  endfacet
  facet normal 0.3387266356183068 0.9408848315934861 0
    outer loop
      vertex 11.307294845581055 -6.18531608581543 0
      vertex 11.289562225341797 -6.178932189941406 2.799999237060547
      vertex 11.307294845581055 -6.18531608581543 2.799999237060547
    endloop
  endfacet
  facet normal 0.3387266356183068 0.9408848315934861 0
    outer loop
      vertex 11.289562225341797 -6.178932189941406 2.799999237060547
      vertex 11.307294845581055 -6.18531608581543 0
      vertex 11.289562225341797 -6.178932189941406 0
    endloop
  endfacet
  facet normal -0.3971415818131048 0.9177573557291627 0
    outer loop
      vertex 11.527732849121094 -6.17144775390625 0
      vertex 11.51043701171875 -6.178932189941406 2.799999237060547
      vertex 11.527732849121094 -6.17144775390625 2.799999237060547
    endloop
  endfacet
  facet normal -0.3971415818131048 0.9177573557291627 0
    outer loop
      vertex 11.51043701171875 -6.178932189941406 2.799999237060547
      vertex 11.527732849121094 -6.17144775390625 0
      vertex 11.51043701171875 -6.178932189941406 0
    endloop
  endfacet
  facet normal 0.9955607344645039 -0.09412132591765666 0
    outer loop
      vertex 11.100591659545898 5.91883659362793 2.799999237060547
      vertex 11.102365493774414 5.937599182128906 0
      vertex 11.102365493774414 5.937599182128906 2.799999237060547
    endloop
  endfacet
  facet normal 0.9955607344645039 -0.09412132591765666 0
    outer loop
      vertex 11.102365493774414 5.937599182128906 0
      vertex 11.100591659545898 5.91883659362793 2.799999237060547
      vertex 11.100591659545898 5.91883659362793 0
    endloop
  endfacet
  facet normal -0.5090378705197731 -0.8607441236376201 0
    outer loop
      vertex 11.544526100158691 6.162891387939453 0
      vertex 11.560747146606445 6.153298377990723 2.799999237060547
      vertex 11.544526100158691 6.162891387939453 2.799999237060547
    endloop
  endfacet
  facet normal -0.5090378705197731 -0.8607441236376201 0
    outer loop
      vertex 11.560747146606445 6.153298377990723 2.799999237060547
      vertex 11.544526100158691 6.162891387939453 0
      vertex 11.560747146606445 6.153298377990723 0
    endloop
  endfacet
  facet normal 0.21814653069828524 -0.9759160266868775 0
    outer loop
      vertex 11.325392723083496 6.190574645996094 0
      vertex 11.343785285949707 6.194685935974121 2.799999237060547
      vertex 11.325392723083496 6.190574645996094 2.799999237060547
    endloop
  endfacet
  facet normal 0.21814653069828524 -0.9759160266868775 0
    outer loop
      vertex 11.343785285949707 6.194685935974121 2.799999237060547
      vertex 11.325392723083496 6.190574645996094 0
      vertex 11.343785285949707 6.194685935974121 0
    endloop
  endfacet
  facet normal 0.6129312038125971 -0.7901362790005535 0
    outer loop
      vertex 11.208772659301758 6.131153106689453 0
      vertex 11.223664283752441 6.142704963684082 2.799999237060547
      vertex 11.208772659301758 6.131153106689453 2.799999237060547
    endloop
  endfacet
  facet normal 0.6129312038125971 -0.7901362790005535 0
    outer loop
      vertex 11.223664283752441 6.142704963684082 2.799999237060547
      vertex 11.208772659301758 6.131153106689453 0
      vertex 11.223664283752441 6.142704963684082 0
    endloop
  endfacet
  facet normal -0.8607441236376201 -0.5090378705197731 0
    outer loop
      vertex 11.662891387939453 6.044526100158691 0
      vertex 11.653298377990723 6.060747146606445 2.799999237060547
      vertex 11.653298377990723 6.060747146606445 0
    endloop
  endfacet
  facet normal -0.8607441236376201 -0.5090378705197731 0
    outer loop
      vertex 11.653298377990723 6.060747146606445 2.799999237060547
      vertex 11.662891387939453 6.044526100158691 0
      vertex 11.662891387939453 6.044526100158691 2.799999237060547
    endloop
  endfacet
  facet normal 0.5621051535609614 0.8270657750990594 0
    outer loop
      vertex 11.239251136779785 -6.153298377990723 0
      vertex 11.223664283752441 -6.142704963684082 2.799999237060547
      vertex 11.239251136779785 -6.153298377990723 2.799999237060547
    endloop
  endfacet
  facet normal 0.5621051535609614 0.8270657750990594 0
    outer loop
      vertex 11.223664283752441 -6.142704963684082 2.799999237060547
      vertex 11.239251136779785 -6.153298377990723 0
      vertex 11.223664283752441 -6.142704963684082 0
    endloop
  endfacet
  facet normal 0.9177573557291627 -0.3971415818131048 0
    outer loop
      vertex 11.12106704711914 6.01043701171875 2.799999237060547
      vertex 11.128551483154297 6.027732849121094 0
      vertex 11.128551483154297 6.027732849121094 2.799999237060547
    endloop
  endfacet
  facet normal 0.9177573557291627 -0.3971415818131048 0
    outer loop
      vertex 11.128551483154297 6.027732849121094 0
      vertex 11.12106704711914 6.01043701171875 2.799999237060547
      vertex 11.12106704711914 6.01043701171875 0
    endloop
  endfacet
  facet normal -0.2790224565203386 -0.9602845769652638 0
    outer loop
      vertex 11.47460651397705 6.190574645996094 0
      vertex 11.492704391479492 6.18531608581543 2.799999237060547
      vertex 11.47460651397705 6.190574645996094 2.799999237060547
    endloop
  endfacet
  facet normal -0.2790224565203386 -0.9602845769652638 0
    outer loop
      vertex 11.492704391479492 6.18531608581543 2.799999237060547
      vertex 11.47460651397705 6.190574645996094 0
      vertex 11.492704391479492 6.18531608581543 0
    endloop
  endfacet
  facet normal 0.3971231383988389 -0.9177653365366643 0
    outer loop
      vertex 11.272265434265137 6.17144775390625 0
      vertex 11.289562225341797 6.178932189941406 2.799999237060547
      vertex 11.272265434265137 6.17144775390625 2.799999237060547
    endloop
  endfacet
  facet normal 0.3971231383988389 -0.9177653365366643 0
    outer loop
      vertex 11.289562225341797 6.178932189941406 2.799999237060547
      vertex 11.272265434265137 6.17144775390625 0
      vertex 11.289562225341797 6.178932189941406 0
    endloop
  endfacet
  facet normal 0.3971231383988389 0.9177653365366643 0
    outer loop
      vertex 11.289562225341797 -6.178932189941406 0
      vertex 11.272265434265137 -6.17144775390625 2.799999237060547
      vertex 11.289562225341797 -6.178932189941406 2.799999237060547
    endloop
  endfacet
  facet normal 0.3971231383988389 0.9177653365366643 0
    outer loop
      vertex 11.272265434265137 -6.17144775390625 2.799999237060547
      vertex 11.289562225341797 -6.178932189941406 0
      vertex 11.272265434265137 -6.17144775390625 0
    endloop
  endfacet
  facet normal 0.45400158273251634 0.8910008770345684 0
    outer loop
      vertex 11.272265434265137 -6.17144775390625 0
      vertex 11.255473136901855 -6.162891387939453 2.799999237060547
      vertex 11.272265434265137 -6.17144775390625 2.799999237060547
    endloop
  endfacet
  facet normal 0.45400158273251634 0.8910008770345684 0
    outer loop
      vertex 11.255473136901855 -6.162891387939453 2.799999237060547
      vertex 11.272265434265137 -6.17144775390625 0
      vertex 11.255473136901855 -6.162891387939453 0
    endloop
  endfacet
  facet normal -0.09412132591765666 -0.9955607344645039 0
    outer loop
      vertex 11.41883659362793 6.199407577514648 0
      vertex 11.437599182128906 6.197633743286133 2.799999237060547
      vertex 11.41883659362793 6.199407577514648 2.799999237060547
    endloop
  endfacet
  facet normal -0.09412132591765666 -0.9955607344645039 0
    outer loop
      vertex 11.437599182128906 6.197633743286133 2.799999237060547
      vertex 11.41883659362793 6.199407577514648 0
      vertex 11.437599182128906 6.197633743286133 0
    endloop
  endfacet
  facet normal -0.9408848315934861 -0.3387266356183068 0
    outer loop
      vertex 11.68531608581543 5.992704391479492 0
      vertex 11.678932189941406 6.01043701171875 2.799999237060547
      vertex 11.678932189941406 6.01043701171875 0
    endloop
  endfacet
  facet normal -0.9408848315934861 -0.3387266356183068 0
    outer loop
      vertex 11.678932189941406 6.01043701171875 2.799999237060547
      vertex 11.68531608581543 5.992704391479492 0
      vertex 11.68531608581543 5.992704391479492 2.799999237060547
    endloop
  endfacet
  facet normal -0.8607441236376201 0.5090378705197731 0
    outer loop
      vertex 11.653298377990723 -6.060747146606445 0
      vertex 11.662891387939453 -6.044526100158691 2.799999237060547
      vertex 11.662891387939453 -6.044526100158691 0
    endloop
  endfacet
  facet normal -0.8607441236376201 0.5090378705197731 0
    outer loop
      vertex 11.662891387939453 -6.044526100158691 2.799999237060547
      vertex 11.653298377990723 -6.060747146606445 0
      vertex 11.653298377990723 -6.060747146606445 2.799999237060547
    endloop
  endfacet
  facet normal 0.3387266356183068 -0.9408848315934861 0
    outer loop
      vertex 11.289562225341797 6.178932189941406 0
      vertex 11.307294845581055 6.18531608581543 2.799999237060547
      vertex 11.289562225341797 6.178932189941406 2.799999237060547
    endloop
  endfacet
  facet normal 0.3387266356183068 -0.9408848315934861 0
    outer loop
      vertex 11.307294845581055 6.18531608581543 2.799999237060547
      vertex 11.289562225341797 6.178932189941406 0
      vertex 11.307294845581055 6.18531608581543 0
    endloop
  endfacet
  facet normal -0.21814653069828524 -0.9759160266868775 0
    outer loop
      vertex 11.45621395111084 6.194685935974121 0
      vertex 11.47460651397705 6.190574645996094 2.799999237060547
      vertex 11.45621395111084 6.194685935974121 2.799999237060547
    endloop
  endfacet
  facet normal -0.21814653069828524 -0.9759160266868775 0
    outer loop
      vertex 11.47460651397705 6.190574645996094 2.799999237060547
      vertex 11.45621395111084 6.194685935974121 0
      vertex 11.47460651397705 6.190574645996094 0
    endloop
  endfacet
  facet normal -0.9759160266868775 -0.21814653069828524 0
    outer loop
      vertex 11.694685935974121 5.95621395111084 0
      vertex 11.690574645996094 5.974606513977051 2.799999237060547
      vertex 11.690574645996094 5.974606513977051 0
    endloop
  endfacet
  facet normal -0.9759160266868775 -0.21814653069828524 0
    outer loop
      vertex 11.690574645996094 5.974606513977051 2.799999237060547
      vertex 11.694685935974121 5.95621395111084 0
      vertex 11.694685935974121 5.95621395111084 2.799999237060547
    endloop
  endfacet
  facet normal -0.15640949256927125 0.987692295522357 0
    outer loop
      vertex 11.45621395111084 -6.194685935974121 0
      vertex 11.437599182128906 -6.197633743286133 2.799999237060547
      vertex 11.45621395111084 -6.194685935974121 2.799999237060547
    endloop
  endfacet
  facet normal -0.15640949256927125 0.987692295522357 0
    outer loop
      vertex 11.437599182128906 -6.197633743286133 2.799999237060547
      vertex 11.45621395111084 -6.194685935974121 0
      vertex 11.437599182128906 -6.197633743286133 0
    endloop
  endfacet
  facet normal 0.03142432711320473 0.9995061338808694 0
    outer loop
      vertex 11.399999618530273 -6.199999809265137 0
      vertex 11.381162643432617 -6.199407577514648 2.799999237060547
      vertex 11.399999618530273 -6.199999809265137 2.799999237060547
    endloop
  endfacet
  facet normal 0.03142432711320473 0.9995061338808694 0
    outer loop
      vertex 11.381162643432617 -6.199407577514648 2.799999237060547
      vertex 11.399999618530273 -6.199999809265137 0
      vertex 11.381162643432617 -6.199407577514648 0
    endloop
  endfacet
  facet normal -0.6129312038125971 0.7901362790005535 0
    outer loop
      vertex 11.591226577758789 -6.131153106689453 0
      vertex 11.576334953308105 -6.142704963684082 2.799999237060547
      vertex 11.591226577758789 -6.131153106689453 2.799999237060547
    endloop
  endfacet
  facet normal -0.6129312038125971 0.7901362790005535 0
    outer loop
      vertex 11.576334953308105 -6.142704963684082 2.799999237060547
      vertex 11.591226577758789 -6.131153106689453 0
      vertex 11.576334953308105 -6.142704963684082 0
    endloop
  endfacet
  facet normal 0.9408687039569372 -0.33877143019208855 0
    outer loop
      vertex 11.1146821975708 5.992704391479492 2.799999237060547
      vertex 11.12106704711914 6.01043701171875 0
      vertex 11.12106704711914 6.01043701171875 2.799999237060547
    endloop
  endfacet
  facet normal 0.9408687039569372 -0.33877143019208855 0
    outer loop
      vertex 11.12106704711914 6.01043701171875 0
      vertex 11.1146821975708 5.992704391479492 2.799999237060547
      vertex 11.1146821975708 5.992704391479492 0
    endloop
  endfacet
  facet normal -0.5090378705197731 0.8607441236376201 0
    outer loop
      vertex 11.560747146606445 -6.153298377990723 0
      vertex 11.544526100158691 -6.162891387939453 2.799999237060547
      vertex 11.560747146606445 -6.153298377990723 2.799999237060547
    endloop
  endfacet
  facet normal -0.5090378705197731 0.8607441236376201 0
    outer loop
      vertex 11.544526100158691 -6.162891387939453 2.799999237060547
      vertex 11.560747146606445 -6.153298377990723 0
      vertex 11.544526100158691 -6.162891387939453 0
    endloop
  endfacet
  facet normal -0.9602845769652638 0.2790224565203386 0
    outer loop
      vertex 11.68531608581543 -5.992704391479492 0
      vertex 11.690574645996094 -5.974606513977051 2.799999237060547
      vertex 11.690574645996094 -5.974606513977051 0
    endloop
  endfacet
  facet normal -0.9602845769652638 0.2790224565203386 0
    outer loop
      vertex 11.690574645996094 -5.974606513977051 2.799999237060547
      vertex 11.68531608581543 -5.992704391479492 0
      vertex 11.68531608581543 -5.992704391479492 2.799999237060547
    endloop
  endfacet
  facet normal 0.03142432711320473 -0.9995061338808694 0
    outer loop
      vertex 11.381162643432617 6.199407577514648 0
      vertex 11.399999618530273 6.199999809265137 2.799999237060547
      vertex 11.381162643432617 6.199407577514648 2.799999237060547
    endloop
  endfacet
  facet normal 0.03142432711320473 -0.9995061338808694 0
    outer loop
      vertex 11.399999618530273 6.199999809265137 2.799999237060547
      vertex 11.381162643432617 6.199407577514648 0
      vertex 11.399999618530273 6.199999809265137 0
    endloop
  endfacet
  facet normal -0.8910113062938652 -0.4539811142068577 0
    outer loop
      vertex 11.67144775390625 6.027732849121094 0
      vertex 11.662891387939453 6.044526100158691 2.799999237060547
      vertex 11.662891387939453 6.044526100158691 0
    endloop
  endfacet
  facet normal -0.8910113062938652 -0.4539811142068577 0
    outer loop
      vertex 11.662891387939453 6.044526100158691 2.799999237060547
      vertex 11.67144775390625 6.027732849121094 0
      vertex 11.67144775390625 6.027732849121094 2.799999237060547
    endloop
  endfacet
  facet normal -0.15640949256927125 -0.987692295522357 0
    outer loop
      vertex 11.437599182128906 6.197633743286133 0
      vertex 11.45621395111084 6.194685935974121 2.799999237060547
      vertex 11.437599182128906 6.197633743286133 2.799999237060547
    endloop
  endfacet
  facet normal -0.15640949256927125 -0.987692295522357 0
    outer loop
      vertex 11.45621395111084 6.194685935974121 2.799999237060547
      vertex 11.437599182128906 6.197633743286133 0
      vertex 11.45621395111084 6.194685935974121 0
    endloop
  endfacet
  facet normal -0.5620816287937686 0.8270817629306938 0
    outer loop
      vertex 11.576334953308105 -6.142704963684082 0
      vertex 11.560747146606445 -6.153298377990723 2.799999237060547
      vertex 11.576334953308105 -6.142704963684082 2.799999237060547
    endloop
  endfacet
  facet normal -0.5620816287937686 0.8270817629306938 0
    outer loop
      vertex 11.560747146606445 -6.153298377990723 2.799999237060547
      vertex 11.576334953308105 -6.142704963684082 0
      vertex 11.560747146606445 -6.153298377990723 0
    endloop
  endfacet
  facet normal -0.9995061338808693 -0.03142432711320473 0
    outer loop
      vertex 11.699999809265137 5.899999618530273 2.1999998092651367
      vertex 11.699407577514648 5.91883659362793 0
      vertex 11.699999809265137 5.899999618530273 0
    endloop
  endfacet
  facet normal -0.9995061338808694 -0.03142432711320473 0
    outer loop
      vertex 11.699407577514648 5.91883659362793 0
      vertex 11.699999809265137 5.899999618530273 2.1999998092651367
      vertex 11.699407577514648 5.91883659362793 2.799999237060547
    endloop
  endfacet
  facet normal -0.9995061338808694 -0.03142432711320473 0
    outer loop
      vertex 11.699999809265137 5.899999618530273 2.59999942779541
      vertex 11.699407577514648 5.91883659362793 2.799999237060547
      vertex 11.699999809265137 5.899999618530273 2.1999998092651367
    endloop
  endfacet
  facet normal -0.9995061338808694 -0.03142432711320473 0
    outer loop
      vertex 11.699407577514648 5.91883659362793 2.799999237060547
      vertex 11.699999809265137 5.899999618530273 2.59999942779541
      vertex 11.699999809265137 5.899999618530273 2.799999237060547
    endloop
  endfacet
  facet normal 0.750113931486298 -0.6613086191712378 0
    outer loop
      vertex 11.168845176696777 6.091226577758789 2.799999237060547
      vertex 11.18130874633789 6.105363845825195 0
      vertex 11.18130874633789 6.105363845825195 2.799999237060547
    endloop
  endfacet
  facet normal 0.750113931486298 -0.6613086191712378 0
    outer loop
      vertex 11.18130874633789 6.105363845825195 0
      vertex 11.168845176696777 6.091226577758789 2.799999237060547
      vertex 11.168845176696777 6.091226577758789 0
    endloop
  endfacet
  facet normal -0.9177573557291627 -0.3971415818131048 0
    outer loop
      vertex 11.678932189941406 6.01043701171875 0
      vertex 11.67144775390625 6.027732849121094 2.799999237060547
      vertex 11.67144775390625 6.027732849121094 0
    endloop
  endfacet
  facet normal -0.9177573557291627 -0.3971415818131048 0
    outer loop
      vertex 11.67144775390625 6.027732849121094 2.799999237060547
      vertex 11.678932189941406 6.01043701171875 0
      vertex 11.678932189941406 6.01043701171875 2.799999237060547
    endloop
  endfacet
  facet normal 0.9955607344645039 0.09412132591765666 0
    outer loop
      vertex 11.102365493774414 -5.937599182128906 2.799999237060547
      vertex 11.100591659545898 -5.91883659362793 0
      vertex 11.100591659545898 -5.91883659362793 2.799999237060547
    endloop
  endfacet
  facet normal 0.9955607344645039 0.09412132591765666 0
    outer loop
      vertex 11.100591659545898 -5.91883659362793 0
      vertex 11.102365493774414 -5.937599182128906 2.799999237060547
      vertex 11.102365493774414 -5.937599182128906 0
    endloop
  endfacet
  facet normal 0.9408687039569372 0.33877143019208855 0
    outer loop
      vertex 11.12106704711914 -6.01043701171875 2.799999237060547
      vertex 11.1146821975708 -5.992704391479492 0
      vertex 11.1146821975708 -5.992704391479492 2.799999237060547
    endloop
  endfacet
  facet normal 0.9408687039569372 0.33877143019208855 0
    outer loop
      vertex 11.1146821975708 -5.992704391479492 0
      vertex 11.12106704711914 -6.01043701171875 2.799999237060547
      vertex 11.12106704711914 -6.01043701171875 0
    endloop
  endfacet
  facet normal -0.5620816287937686 -0.8270817629306938 0
    outer loop
      vertex 11.560747146606445 6.153298377990723 0
      vertex 11.576334953308105 6.142704963684082 2.799999237060547
      vertex 11.560747146606445 6.153298377990723 2.799999237060547
    endloop
  endfacet
  facet normal -0.5620816287937686 -0.8270817629306938 0
    outer loop
      vertex 11.576334953308105 6.142704963684082 2.799999237060547
      vertex 11.560747146606445 6.153298377990723 0
      vertex 11.576334953308105 6.142704963684082 0
    endloop
  endfacet
  facet normal 0.750113931486298 0.6613086191712378 0
    outer loop
      vertex 11.18130874633789 -6.105363845825195 2.799999237060547
      vertex 11.168845176696777 -6.091226577758789 0
      vertex 11.168845176696777 -6.091226577758789 2.799999237060547
    endloop
  endfacet
  facet normal 0.750113931486298 0.6613086191712378 0
    outer loop
      vertex 11.168845176696777 -6.091226577758789 0
      vertex 11.18130874633789 -6.105363845825195 2.799999237060547
      vertex 11.18130874633789 -6.105363845825195 0
    endloop
  endfacet
  facet normal 0.5090156985725443 -0.8607572355819642 0
    outer loop
      vertex 11.239251136779785 6.153298377990723 0
      vertex 11.255473136901855 6.162891387939453 2.799999237060547
      vertex 11.239251136779785 6.153298377990723 2.799999237060547
    endloop
  endfacet
  facet normal 0.5090156985725443 -0.8607572355819642 0
    outer loop
      vertex 11.255473136901855 6.162891387939453 2.799999237060547
      vertex 11.239251136779785 6.153298377990723 0
      vertex 11.255473136901855 6.162891387939453 0
    endloop
  endfacet
  facet normal 0.6612801458526502 0.7501390329139643 0
    outer loop
      vertex 11.208772659301758 -6.131153106689453 0
      vertex 11.194635391235352 -6.118690490722656 2.799999237060547
      vertex 11.208772659301758 -6.131153106689453 2.799999237060547
    endloop
  endfacet
  facet normal 0.6612801458526502 0.7501390329139643 0
    outer loop
      vertex 11.194635391235352 -6.118690490722656 2.799999237060547
      vertex 11.208772659301758 -6.131153106689453 0
      vertex 11.194635391235352 -6.118690490722656 0
    endloop
  endfacet
  facet normal -0.7071067811865476 0.7071067811865476 0
    outer loop
      vertex 11.605363845825195 -6.118690490722656 0
      vertex 11.618690490722656 -6.105363845825195 2.799999237060547
      vertex 11.618690490722656 -6.105363845825195 0
    endloop
  endfacet
  facet normal -0.7071067811865476 0.7071067811865476 0
    outer loop
      vertex 11.618690490722656 -6.105363845825195 2.799999237060547
      vertex 11.605363845825195 -6.118690490722656 0
      vertex 11.605363845825195 -6.118690490722656 2.799999237060547
    endloop
  endfacet
  facet normal -0.7501390329139643 -0.6612801458526502 0
    outer loop
      vertex 11.631153106689453 6.091226577758789 0
      vertex 11.618690490722656 6.105363845825195 2.799999237060547
      vertex 11.618690490722656 6.105363845825195 0
    endloop
  endfacet
  facet normal -0.7501390329139643 -0.6612801458526502 0
    outer loop
      vertex 11.618690490722656 6.105363845825195 2.799999237060547
      vertex 11.631153106689453 6.091226577758789 0
      vertex 11.631153106689453 6.091226577758789 2.799999237060547
    endloop
  endfacet
  facet normal -0.21814653069828524 0.9759160266868775 0
    outer loop
      vertex 11.47460651397705 -6.190574645996094 0
      vertex 11.45621395111084 -6.194685935974121 2.799999237060547
      vertex 11.47460651397705 -6.190574645996094 2.799999237060547
    endloop
  endfacet
  facet normal -0.21814653069828524 0.9759160266868775 0
    outer loop
      vertex 11.45621395111084 -6.194685935974121 2.799999237060547
      vertex 11.47460651397705 -6.190574645996094 0
      vertex 11.45621395111084 -6.194685935974121 0
    endloop
  endfacet
  facet normal -0.6129312038125971 -0.7901362790005535 0
    outer loop
      vertex 11.576334953308105 6.142704963684082 0
      vertex 11.591226577758789 6.131153106689453 2.799999237060547
      vertex 11.576334953308105 6.142704963684082 2.799999237060547
    endloop
  endfacet
  facet normal -0.6129312038125971 -0.7901362790005535 0
    outer loop
      vertex 11.591226577758789 6.131153106689453 2.799999237060547
      vertex 11.576334953308105 6.142704963684082 0
      vertex 11.591226577758789 6.131153106689453 0
    endloop
  endfacet
  facet normal -0.6612801458526502 -0.7501390329139643 0
    outer loop
      vertex 11.591226577758789 6.131153106689453 0
      vertex 11.605363845825195 6.118690490722656 2.799999237060547
      vertex 11.591226577758789 6.131153106689453 2.799999237060547
    endloop
  endfacet
  facet normal -0.6612801458526502 -0.7501390329139643 0
    outer loop
      vertex 11.605363845825195 6.118690490722656 2.799999237060547
      vertex 11.591226577758789 6.131153106689453 0
      vertex 11.605363845825195 6.118690490722656 0
    endloop
  endfacet
  facet normal 0.5621051535609614 -0.8270657750990594 0
    outer loop
      vertex 11.223664283752441 6.142704963684082 0
      vertex 11.239251136779785 6.153298377990723 2.799999237060547
      vertex 11.223664283752441 6.142704963684082 2.799999237060547
    endloop
  endfacet
  facet normal 0.5621051535609614 -0.8270657750990594 0
    outer loop
      vertex 11.239251136779785 6.153298377990723 2.799999237060547
      vertex 11.223664283752441 6.142704963684082 0
      vertex 11.239251136779785 6.153298377990723 0
    endloop
  endfacet
  facet normal 0 0 -1
    outer loop
      vertex 11.09999942779541 -5.899999618530273 2.799999237060547
      vertex 11.699999809265137 -5.899999618530273 2.799999237060547
      vertex 11.699407577514648 -5.91883659362793 2.799999237060547
    endloop
  endfacet
  facet normal 0 0 -1
    outer loop
      vertex 11.699999809265137 -5.899999618530273 2.799999237060547
      vertex 11.09999942779541 -5.899999618530273 2.799999237060547
      vertex 11.699999809265137 5.899999618530273 2.799999237060547
    endloop
  endfacet
  facet normal 0 0 -1
    outer loop
      vertex 11.09999942779541 -5.899999618530273 2.799999237060547
      vertex 11.699407577514648 -5.91883659362793 2.799999237060547
      vertex 11.697633743286133 -5.937599182128906 2.799999237060547
    endloop
  endfacet
  facet normal 0 0 -1
    outer loop
      vertex 11.09999942779541 5.899999618530273 2.799999237060547
      vertex 11.699999809265137 5.899999618530273 2.799999237060547
      vertex 11.09999942779541 -5.899999618530273 2.799999237060547
    endloop
  endfacet
  facet normal 0 0 -1
    outer loop
      vertex 11.09999942779541 -5.899999618530273 2.799999237060547
      vertex 11.697633743286133 -5.937599182128906 2.799999237060547
      vertex 11.694685935974121 -5.95621395111084 2.799999237060547
    endloop
  endfacet
  facet normal 0 0 -1
    outer loop
      vertex 11.699999809265137 5.899999618530273 2.799999237060547
      vertex 11.09999942779541 5.899999618530273 2.799999237060547
      vertex 11.699407577514648 5.91883659362793 2.799999237060547
    endloop
  endfacet
  facet normal 0 0 -1
    outer loop
      vertex 11.09999942779541 -5.899999618530273 2.799999237060547
      vertex 11.694685935974121 -5.95621395111084 2.799999237060547
      vertex 11.690574645996094 -5.974606513977051 2.799999237060547
    endloop
  endfacet
  facet normal 0 0 -1
    outer loop
      vertex 11.699407577514648 5.91883659362793 2.799999237060547
      vertex 11.09999942779541 5.899999618530273 2.799999237060547
      vertex 11.697633743286133 5.937599182128906 2.799999237060547
    endloop
  endfacet
  facet normal 0 0 -1
    outer loop
      vertex 11.09999942779541 -5.899999618530273 2.799999237060547
      vertex 11.690574645996094 -5.974606513977051 2.799999237060547
      vertex 11.68531608581543 -5.992704391479492 2.799999237060547
    endloop
  endfacet
  facet normal 0 0 -1
    outer loop
      vertex 11.697633743286133 5.937599182128906 2.799999237060547
      vertex 11.09999942779541 5.899999618530273 2.799999237060547
      vertex 11.694685935974121 5.95621395111084 2.799999237060547
    endloop
  endfacet
  facet normal 0 0 -1
    outer loop
      vertex 11.09999942779541 -5.899999618530273 2.799999237060547
      vertex 11.68531608581543 -5.992704391479492 2.799999237060547
      vertex 11.678932189941406 -6.01043701171875 2.799999237060547
    endloop
  endfacet
  facet normal 0 0 -1
    outer loop
      vertex 11.694685935974121 5.95621395111084 2.799999237060547
      vertex 11.09999942779541 5.899999618530273 2.799999237060547
      vertex 11.690574645996094 5.974606513977051 2.799999237060547
    endloop
  endfacet
  facet normal 0 0 -1
    outer loop
      vertex 11.09999942779541 -5.899999618530273 2.799999237060547
      vertex 11.678932189941406 -6.01043701171875 2.799999237060547
      vertex 11.67144775390625 -6.027732849121094 2.799999237060547
    endloop
  endfacet
  facet normal 0 0 -1
    outer loop
      vertex 11.690574645996094 5.974606513977051 2.799999237060547
      vertex 11.09999942779541 5.899999618530273 2.799999237060547
      vertex 11.68531608581543 5.992704391479492 2.799999237060547
    endloop
  endfacet
  facet normal 0 0 -1
    outer loop
      vertex 11.09999942779541 -5.899999618530273 2.799999237060547
      vertex 11.67144775390625 -6.027732849121094 2.799999237060547
      vertex 11.662891387939453 -6.044526100158691 2.799999237060547
    endloop
  endfacet
  facet normal 0 0 -1
    outer loop
      vertex 11.68531608581543 5.992704391479492 2.799999237060547
      vertex 11.09999942779541 5.899999618530273 2.799999237060547
      vertex 11.678932189941406 6.01043701171875 2.799999237060547
    endloop
  endfacet
  facet normal 0 0 -1
    outer loop
      vertex 11.09999942779541 -5.899999618530273 2.799999237060547
      vertex 11.662891387939453 -6.044526100158691 2.799999237060547
      vertex 11.653298377990723 -6.060747146606445 2.799999237060547
    endloop
  endfacet
  facet normal 0 0 -1
    outer loop
      vertex 11.678932189941406 6.01043701171875 2.799999237060547
      vertex 11.09999942779541 5.899999618530273 2.799999237060547
      vertex 11.67144775390625 6.027732849121094 2.799999237060547
    endloop
  endfacet
  facet normal 0 0 -1
    outer loop
      vertex 11.09999942779541 -5.899999618530273 2.799999237060547
      vertex 11.653298377990723 -6.060747146606445 2.799999237060547
      vertex 11.642704963684082 -6.0763349533081055 2.799999237060547
    endloop
  endfacet
  facet normal 0 0 -1
    outer loop
      vertex 11.67144775390625 6.027732849121094 2.799999237060547
      vertex 11.09999942779541 5.899999618530273 2.799999237060547
      vertex 11.662891387939453 6.044526100158691 2.799999237060547
    endloop
  endfacet
  facet normal 0 0 -1
    outer loop
      vertex 11.09999942779541 -5.899999618530273 2.799999237060547
      vertex 11.642704963684082 -6.0763349533081055 2.799999237060547
      vertex 11.631153106689453 -6.091226577758789 2.799999237060547
    endloop
  endfacet
  facet normal 0 0 -1
    outer loop
      vertex 11.662891387939453 6.044526100158691 2.799999237060547
      vertex 11.09999942779541 5.899999618530273 2.799999237060547
      vertex 11.653298377990723 6.060747146606445 2.799999237060547
    endloop
  endfacet
  facet normal 0 0 -1
    outer loop
      vertex 11.09999942779541 -5.899999618530273 2.799999237060547
      vertex 11.631153106689453 -6.091226577758789 2.799999237060547
      vertex 11.618690490722656 -6.105363845825195 2.799999237060547
    endloop
  endfacet
  facet normal 0 0 -1
    outer loop
      vertex 11.653298377990723 6.060747146606445 2.799999237060547
      vertex 11.09999942779541 5.899999618530273 2.799999237060547
      vertex 11.642704963684082 6.0763349533081055 2.799999237060547
    endloop
  endfacet
  facet normal 0 0 -1
    outer loop
      vertex 11.09999942779541 -5.899999618530273 2.799999237060547
      vertex 11.618690490722656 -6.105363845825195 2.799999237060547
      vertex 11.605363845825195 -6.118690490722656 2.799999237060547
    endloop
  endfacet
  facet normal 0 0 -1
    outer loop
      vertex 11.642704963684082 6.0763349533081055 2.799999237060547
      vertex 11.09999942779541 5.899999618530273 2.799999237060547
      vertex 11.631153106689453 6.091226577758789 2.799999237060547
    endloop
  endfacet
  facet normal 0 0 -1
    outer loop
      vertex 11.09999942779541 -5.899999618530273 2.799999237060547
      vertex 11.605363845825195 -6.118690490722656 2.799999237060547
      vertex 11.591226577758789 -6.131153106689453 2.799999237060547
    endloop
  endfacet
  facet normal 0 0 -1
    outer loop
      vertex 11.631153106689453 6.091226577758789 2.799999237060547
      vertex 11.09999942779541 5.899999618530273 2.799999237060547
      vertex 11.618690490722656 6.105363845825195 2.799999237060547
    endloop
  endfacet
  facet normal 0 0 -1
    outer loop
      vertex 11.09999942779541 -5.899999618530273 2.799999237060547
      vertex 11.591226577758789 -6.131153106689453 2.799999237060547
      vertex 11.576334953308105 -6.142704963684082 2.799999237060547
    endloop
  endfacet
  facet normal 0 0 -1
    outer loop
      vertex 11.618690490722656 6.105363845825195 2.799999237060547
      vertex 11.09999942779541 5.899999618530273 2.799999237060547
      vertex 11.605363845825195 6.118690490722656 2.799999237060547
    endloop
  endfacet
  facet normal 0 0 -1
    outer loop
      vertex 11.09999942779541 -5.899999618530273 2.799999237060547
      vertex 11.576334953308105 -6.142704963684082 2.799999237060547
      vertex 11.560747146606445 -6.153298377990723 2.799999237060547
    endloop
  endfacet
  facet normal 0 0 -1
    outer loop
      vertex 11.605363845825195 6.118690490722656 2.799999237060547
      vertex 11.09999942779541 5.899999618530273 2.799999237060547
      vertex 11.591226577758789 6.131153106689453 2.799999237060547
    endloop
  endfacet
  facet normal 0 0 -1
    outer loop
      vertex 11.09999942779541 -5.899999618530273 2.799999237060547
      vertex 11.560747146606445 -6.153298377990723 2.799999237060547
      vertex 11.544526100158691 -6.162891387939453 2.799999237060547
    endloop
  endfacet
  facet normal 0 0 -1
    outer loop
      vertex 11.591226577758789 6.131153106689453 2.799999237060547
      vertex 11.09999942779541 5.899999618530273 2.799999237060547
      vertex 11.576334953308105 6.142704963684082 2.799999237060547
    endloop
  endfacet
  facet normal 0 0 -1
    outer loop
      vertex 11.09999942779541 -5.899999618530273 2.799999237060547
      vertex 11.544526100158691 -6.162891387939453 2.799999237060547
      vertex 11.527732849121094 -6.17144775390625 2.799999237060547
    endloop
  endfacet
  facet normal 0 0 -1
    outer loop
      vertex 11.576334953308105 6.142704963684082 2.799999237060547
      vertex 11.09999942779541 5.899999618530273 2.799999237060547
      vertex 11.560747146606445 6.153298377990723 2.799999237060547
    endloop
  endfacet
  facet normal 0 0 -1
    outer loop
      vertex 11.09999942779541 -5.899999618530273 2.799999237060547
      vertex 11.527732849121094 -6.17144775390625 2.799999237060547
      vertex 11.51043701171875 -6.178932189941406 2.799999237060547
    endloop
  endfacet
  facet normal 0 0 -1
    outer loop
      vertex 11.560747146606445 6.153298377990723 2.799999237060547
      vertex 11.09999942779541 5.899999618530273 2.799999237060547
      vertex 11.544526100158691 6.162891387939453 2.799999237060547
    endloop
  endfacet
  facet normal 0 0 -1
    outer loop
      vertex 11.09999942779541 -5.899999618530273 2.799999237060547
      vertex 11.51043701171875 -6.178932189941406 2.799999237060547
      vertex 11.492704391479492 -6.18531608581543 2.799999237060547
    endloop
  endfacet
  facet normal 0 0 -1
    outer loop
      vertex 11.544526100158691 6.162891387939453 2.799999237060547
      vertex 11.09999942779541 5.899999618530273 2.799999237060547
      vertex 11.527732849121094 6.17144775390625 2.799999237060547
    endloop
  endfacet
  facet normal 0 0 -1
    outer loop
      vertex 11.09999942779541 -5.899999618530273 2.799999237060547
      vertex 11.492704391479492 -6.18531608581543 2.799999237060547
      vertex 11.47460651397705 -6.190574645996094 2.799999237060547
    endloop
  endfacet
  facet normal 0 0 -1
    outer loop
      vertex 11.527732849121094 6.17144775390625 2.799999237060547
      vertex 11.09999942779541 5.899999618530273 2.799999237060547
      vertex 11.51043701171875 6.178932189941406 2.799999237060547
    endloop
  endfacet
  facet normal 0 0 -1
    outer loop
      vertex 11.09999942779541 -5.899999618530273 2.799999237060547
      vertex 11.47460651397705 -6.190574645996094 2.799999237060547
      vertex 11.45621395111084 -6.194685935974121 2.799999237060547
    endloop
  endfacet
  facet normal 0 0 -1
    outer loop
      vertex 11.51043701171875 6.178932189941406 2.799999237060547
      vertex 11.09999942779541 5.899999618530273 2.799999237060547
      vertex 11.492704391479492 6.18531608581543 2.799999237060547
    endloop
  endfacet
  facet normal 0 0 -1
    outer loop
      vertex 11.09999942779541 -5.899999618530273 2.799999237060547
      vertex 11.45621395111084 -6.194685935974121 2.799999237060547
      vertex 11.437599182128906 -6.197633743286133 2.799999237060547
    endloop
  endfacet
  facet normal 0 0 -1
    outer loop
      vertex 11.492704391479492 6.18531608581543 2.799999237060547
      vertex 11.09999942779541 5.899999618530273 2.799999237060547
      vertex 11.47460651397705 6.190574645996094 2.799999237060547
    endloop
  endfacet
  facet normal 0 0 -1
    outer loop
      vertex 11.09999942779541 -5.899999618530273 2.799999237060547
      vertex 11.437599182128906 -6.197633743286133 2.799999237060547
      vertex 11.41883659362793 -6.199407577514648 2.799999237060547
    endloop
  endfacet
  facet normal 0 0 -1
    outer loop
      vertex 11.47460651397705 6.190574645996094 2.799999237060547
      vertex 11.09999942779541 5.899999618530273 2.799999237060547
      vertex 11.45621395111084 6.194685935974121 2.799999237060547
    endloop
  endfacet
  facet normal 0 0 -1
    outer loop
      vertex 11.09999942779541 -5.899999618530273 2.799999237060547
      vertex 11.41883659362793 -6.199407577514648 2.799999237060547
      vertex 11.399999618530273 -6.199999809265137 2.799999237060547
    endloop
  endfacet
  facet normal 0 0 -1
    outer loop
      vertex 11.45621395111084 6.194685935974121 2.799999237060547
      vertex 11.09999942779541 5.899999618530273 2.799999237060547
      vertex 11.437599182128906 6.197633743286133 2.799999237060547
    endloop
  endfacet
  facet normal 0 0 -1
    outer loop
      vertex 11.09999942779541 -5.899999618530273 2.799999237060547
      vertex 11.399999618530273 -6.199999809265137 2.799999237060547
      vertex 11.381162643432617 -6.199407577514648 2.799999237060547
    endloop
  endfacet
  facet normal 0 0 -1
    outer loop
      vertex 11.437599182128906 6.197633743286133 2.799999237060547
      vertex 11.09999942779541 5.899999618530273 2.799999237060547
      vertex 11.41883659362793 6.199407577514648 2.799999237060547
    endloop
  endfacet
  facet normal 0 0 -1
    outer loop
      vertex 11.09999942779541 -5.899999618530273 2.799999237060547
      vertex 11.381162643432617 -6.199407577514648 2.799999237060547
      vertex 11.362399101257324 -6.197633743286133 2.799999237060547
    endloop
  endfacet
  facet normal 0 0 -1
    outer loop
      vertex 11.41883659362793 6.199407577514648 2.799999237060547
      vertex 11.09999942779541 5.899999618530273 2.799999237060547
      vertex 11.399999618530273 6.199999809265137 2.799999237060547
    endloop
  endfacet
  facet normal 0 0 -1
    outer loop
      vertex 11.09999942779541 -5.899999618530273 2.799999237060547
      vertex 11.362399101257324 -6.197633743286133 2.799999237060547
      vertex 11.343785285949707 -6.194685935974121 2.799999237060547
    endloop
  endfacet
  facet normal 0 0 -1
    outer loop
      vertex 11.399999618530273 6.199999809265137 2.799999237060547
      vertex 11.09999942779541 5.899999618530273 2.799999237060547
      vertex 11.381162643432617 6.199407577514648 2.799999237060547
    endloop
  endfacet
  facet normal 0 0 -1
    outer loop
      vertex 11.09999942779541 -5.899999618530273 2.799999237060547
      vertex 11.343785285949707 -6.194685935974121 2.799999237060547
      vertex 11.325392723083496 -6.190574645996094 2.799999237060547
    endloop
  endfacet
  facet normal 0 0 -1
    outer loop
      vertex 11.381162643432617 6.199407577514648 2.799999237060547
      vertex 11.09999942779541 5.899999618530273 2.799999237060547
      vertex 11.362399101257324 6.197633743286133 2.799999237060547
    endloop
  endfacet
  facet normal 0 0 -1
    outer loop
      vertex 11.09999942779541 -5.899999618530273 2.799999237060547
      vertex 11.325392723083496 -6.190574645996094 2.799999237060547
      vertex 11.307294845581055 -6.18531608581543 2.799999237060547
    endloop
  endfacet
  facet normal 0 0 -1
    outer loop
      vertex 11.362399101257324 6.197633743286133 2.799999237060547
      vertex 11.09999942779541 5.899999618530273 2.799999237060547
      vertex 11.343785285949707 6.194685935974121 2.799999237060547
    endloop
  endfacet
  facet normal 0 0 -1
    outer loop
      vertex 11.09999942779541 -5.899999618530273 2.799999237060547
      vertex 11.307294845581055 -6.18531608581543 2.799999237060547
      vertex 11.289562225341797 -6.178932189941406 2.799999237060547
    endloop
  endfacet
  facet normal 0 0 -1
    outer loop
      vertex 11.343785285949707 6.194685935974121 2.799999237060547
      vertex 11.09999942779541 5.899999618530273 2.799999237060547
      vertex 11.325392723083496 6.190574645996094 2.799999237060547
    endloop
  endfacet
  facet normal 0 0 -1
    outer loop
      vertex 11.09999942779541 -5.899999618530273 2.799999237060547
      vertex 11.289562225341797 -6.178932189941406 2.799999237060547
      vertex 11.272265434265137 -6.17144775390625 2.799999237060547
    endloop
  endfacet
  facet normal 0 0 -1
    outer loop
      vertex 11.325392723083496 6.190574645996094 2.799999237060547
      vertex 11.09999942779541 5.899999618530273 2.799999237060547
      vertex 11.307294845581055 6.18531608581543 2.799999237060547
    endloop
  endfacet
  facet normal 0 0 -1
    outer loop
      vertex 11.09999942779541 -5.899999618530273 2.799999237060547
      vertex 11.272265434265137 -6.17144775390625 2.799999237060547
      vertex 11.255473136901855 -6.162891387939453 2.799999237060547
    endloop
  endfacet
  facet normal 0 0 -1
    outer loop
      vertex 11.307294845581055 6.18531608581543 2.799999237060547
      vertex 11.09999942779541 5.899999618530273 2.799999237060547
      vertex 11.289562225341797 6.178932189941406 2.799999237060547
    endloop
  endfacet
  facet normal 0 0 -1
    outer loop
      vertex 11.09999942779541 -5.899999618530273 2.799999237060547
      vertex 11.255473136901855 -6.162891387939453 2.799999237060547
      vertex 11.239251136779785 -6.153298377990723 2.799999237060547
    endloop
  endfacet
  facet normal 0 0 -1
    outer loop
      vertex 11.289562225341797 6.178932189941406 2.799999237060547
      vertex 11.09999942779541 5.899999618530273 2.799999237060547
      vertex 11.272265434265137 6.17144775390625 2.799999237060547
    endloop
  endfacet
  facet normal 0 0 -1
    outer loop
      vertex 11.09999942779541 -5.899999618530273 2.799999237060547
      vertex 11.239251136779785 -6.153298377990723 2.799999237060547
      vertex 11.223664283752441 -6.142704963684082 2.799999237060547
    endloop
  endfacet
  facet normal 0 0 -1
    outer loop
      vertex 11.272265434265137 6.17144775390625 2.799999237060547
      vertex 11.09999942779541 5.899999618530273 2.799999237060547
      vertex 11.255473136901855 6.162891387939453 2.799999237060547
    endloop
  endfacet
  facet normal 0 0 -1
    outer loop
      vertex 11.09999942779541 -5.899999618530273 2.799999237060547
      vertex 11.223664283752441 -6.142704963684082 2.799999237060547
      vertex 11.208772659301758 -6.131153106689453 2.799999237060547
    endloop
  endfacet
  facet normal 0 0 -1
    outer loop
      vertex 11.255473136901855 6.162891387939453 2.799999237060547
      vertex 11.09999942779541 5.899999618530273 2.799999237060547
      vertex 11.239251136779785 6.153298377990723 2.799999237060547
    endloop
  endfacet
  facet normal 0 0 -1
    outer loop
      vertex 11.09999942779541 -5.899999618530273 2.799999237060547
      vertex 11.208772659301758 -6.131153106689453 2.799999237060547
      vertex 11.194635391235352 -6.118690490722656 2.799999237060547
    endloop
  endfacet
  facet normal 0 0 -1
    outer loop
      vertex 11.239251136779785 6.153298377990723 2.799999237060547
      vertex 11.09999942779541 5.899999618530273 2.799999237060547
      vertex 11.223664283752441 6.142704963684082 2.799999237060547
    endloop
  endfacet
  facet normal 0 0 -1
    outer loop
      vertex 11.09999942779541 -5.899999618530273 2.799999237060547
      vertex 11.194635391235352 -6.118690490722656 2.799999237060547
      vertex 11.18130874633789 -6.105363845825195 2.799999237060547
    endloop
  endfacet
  facet normal 0 0 -1
    outer loop
      vertex 11.223664283752441 6.142704963684082 2.799999237060547
      vertex 11.09999942779541 5.899999618530273 2.799999237060547
      vertex 11.208772659301758 6.131153106689453 2.799999237060547
    endloop
  endfacet
  facet normal 0 0 -1
    outer loop
      vertex 11.09999942779541 -5.899999618530273 2.799999237060547
      vertex 11.18130874633789 -6.105363845825195 2.799999237060547
      vertex 11.168845176696777 -6.091226577758789 2.799999237060547
    endloop
  endfacet
  facet normal 0 0 -1
    outer loop
      vertex 11.208772659301758 6.131153106689453 2.799999237060547
      vertex 11.09999942779541 5.899999618530273 2.799999237060547
      vertex 11.194635391235352 6.118690490722656 2.799999237060547
    endloop
  endfacet
  facet normal 0 0 -1
    outer loop
      vertex 11.09999942779541 -5.899999618530273 2.799999237060547
      vertex 11.168845176696777 -6.091226577758789 2.799999237060547
      vertex 11.157294273376465 -6.0763349533081055 2.799999237060547
    endloop
  endfacet
  facet normal 0 0 -1
    outer loop
      vertex 11.194635391235352 6.118690490722656 2.799999237060547
      vertex 11.09999942779541 5.899999618530273 2.799999237060547
      vertex 11.18130874633789 6.105363845825195 2.799999237060547
    endloop
  endfacet
  facet normal 0 0 -1
    outer loop
      vertex 11.09999942779541 -5.899999618530273 2.799999237060547
      vertex 11.157294273376465 -6.0763349533081055 2.799999237060547
      vertex 11.146700859069824 -6.060747146606445 2.799999237060547
    endloop
  endfacet
  facet normal 0 0 -1
    outer loop
      vertex 11.18130874633789 6.105363845825195 2.799999237060547
      vertex 11.09999942779541 5.899999618530273 2.799999237060547
      vertex 11.168845176696777 6.091226577758789 2.799999237060547
    endloop
  endfacet
  facet normal 0 0 -1
    outer loop
      vertex 11.09999942779541 -5.899999618530273 2.799999237060547
      vertex 11.146700859069824 -6.060747146606445 2.799999237060547
      vertex 11.137107849121094 -6.044526100158691 2.799999237060547
    endloop
  endfacet
  facet normal 0 0 -1
    outer loop
      vertex 11.168845176696777 6.091226577758789 2.799999237060547
      vertex 11.09999942779541 5.899999618530273 2.799999237060547
      vertex 11.157294273376465 6.0763349533081055 2.799999237060547
    endloop
  endfacet
  facet normal 0 0 -1
    outer loop
      vertex 11.09999942779541 -5.899999618530273 2.799999237060547
      vertex 11.137107849121094 -6.044526100158691 2.799999237060547
      vertex 11.128551483154297 -6.027732849121094 2.799999237060547
    endloop
  endfacet
  facet normal 0 0 -1
    outer loop
      vertex 11.157294273376465 6.0763349533081055 2.799999237060547
      vertex 11.09999942779541 5.899999618530273 2.799999237060547
      vertex 11.146700859069824 6.060747146606445 2.799999237060547
    endloop
  endfacet
  facet normal 0 0 -1
    outer loop
      vertex 11.09999942779541 -5.899999618530273 2.799999237060547
      vertex 11.128551483154297 -6.027732849121094 2.799999237060547
      vertex 11.12106704711914 -6.01043701171875 2.799999237060547
    endloop
  endfacet
  facet normal 0 0 -1
    outer loop
      vertex 11.146700859069824 6.060747146606445 2.799999237060547
      vertex 11.09999942779541 5.899999618530273 2.799999237060547
      vertex 11.137107849121094 6.044526100158691 2.799999237060547
    endloop
  endfacet
  facet normal 0 0 -1
    outer loop
      vertex 11.09999942779541 -5.899999618530273 2.799999237060547
      vertex 11.12106704711914 -6.01043701171875 2.799999237060547
      vertex 11.1146821975708 -5.992704391479492 2.799999237060547
    endloop
  endfacet
  facet normal 0 0 -1
    outer loop
      vertex 11.137107849121094 6.044526100158691 2.799999237060547
      vertex 11.09999942779541 5.899999618530273 2.799999237060547
      vertex 11.128551483154297 6.027732849121094 2.799999237060547
    endloop
  endfacet
  facet normal 0 0 -1
    outer loop
      vertex 11.09999942779541 -5.899999618530273 2.799999237060547
      vertex 11.1146821975708 -5.992704391479492 2.799999237060547
      vertex 11.109424591064453 -5.974606513977051 2.799999237060547
    endloop
  endfacet
  facet normal 0 0 -1
    outer loop
      vertex 11.128551483154297 6.027732849121094 2.799999237060547
      vertex 11.09999942779541 5.899999618530273 2.799999237060547
      vertex 11.12106704711914 6.01043701171875 2.799999237060547
    endloop
  endfacet
  facet normal 0 0 -1
    outer loop
      vertex 11.09999942779541 -5.899999618530273 2.799999237060547
      vertex 11.109424591064453 -5.974606513977051 2.799999237060547
      vertex 11.105313301086426 -5.95621395111084 2.799999237060547
    endloop
  endfacet
  facet normal 0 0 -1
    outer loop
      vertex 11.12106704711914 6.01043701171875 2.799999237060547
      vertex 11.09999942779541 5.899999618530273 2.799999237060547
      vertex 11.1146821975708 5.992704391479492 2.799999237060547
    endloop
  endfacet
  facet normal 0 0 -1
    outer loop
      vertex 11.09999942779541 -5.899999618530273 2.799999237060547
      vertex 11.105313301086426 -5.95621395111084 2.799999237060547
      vertex 11.102365493774414 -5.937599182128906 2.799999237060547
    endloop
  endfacet
  facet normal 0 0 -1
    outer loop
      vertex 11.1146821975708 5.992704391479492 2.799999237060547
      vertex 11.09999942779541 5.899999618530273 2.799999237060547
      vertex 11.109424591064453 5.974606513977051 2.799999237060547
    endloop
  endfacet
  facet normal 0 0 -1
    outer loop
      vertex 11.09999942779541 -5.899999618530273 2.799999237060547
      vertex 11.102365493774414 -5.937599182128906 2.799999237060547
      vertex 11.100591659545898 -5.91883659362793 2.799999237060547
    endloop
  endfacet
  facet normal 0 0 -1
    outer loop
      vertex 11.109424591064453 5.974606513977051 2.799999237060547
      vertex 11.09999942779541 5.899999618530273 2.799999237060547
      vertex 11.105313301086426 5.95621395111084 2.799999237060547
    endloop
  endfacet
  facet normal 0 0 -1
    outer loop
      vertex 11.105313301086426 5.95621395111084 2.799999237060547
      vertex 11.09999942779541 5.899999618530273 2.799999237060547
      vertex 11.102365493774414 5.937599182128906 2.799999237060547
    endloop
  endfacet
  facet normal 0 0 -1
    outer loop
      vertex 11.102365493774414 5.937599182128906 2.799999237060547
      vertex 11.09999942779541 5.899999618530273 2.799999237060547
      vertex 11.100591659545898 5.91883659362793 2.799999237060547
    endloop
  endfacet
  facet normal 0.7071067811865476 -0.7071067811865476 0
    outer loop
      vertex 11.18130874633789 6.105363845825195 2.799999237060547
      vertex 11.194635391235352 6.118690490722656 0
      vertex 11.194635391235352 6.118690490722656 2.799999237060547
    endloop
  endfacet
  facet normal 0.7071067811865476 -0.7071067811865476 0
    outer loop
      vertex 11.194635391235352 6.118690490722656 0
      vertex 11.18130874633789 6.105363845825195 2.799999237060547
      vertex 11.18130874633789 6.105363845825195 0
    endloop
  endfacet
  facet normal -0.9955607344645039 0.09412132591765666 0
    outer loop
      vertex 11.697633743286133 -5.937599182128906 0
      vertex 11.699407577514648 -5.91883659362793 2.799999237060547
      vertex 11.699407577514648 -5.91883659362793 0
    endloop
  endfacet
  facet normal -0.9955607344645039 0.09412132591765666 0
    outer loop
      vertex 11.699407577514648 -5.91883659362793 2.799999237060547
      vertex 11.697633743286133 -5.937599182128906 0
      vertex 11.697633743286133 -5.937599182128906 2.799999237060547
    endloop
  endfacet
  facet normal 0.8910113062938652 0.4539811142068577 0
    outer loop
      vertex 11.137107849121094 -6.044526100158691 2.799999237060547
      vertex 11.128551483154297 -6.027732849121094 0
      vertex 11.128551483154297 -6.027732849121094 2.799999237060547
    endloop
  endfacet
  facet normal 0.8910113062938652 0.4539811142068577 0
    outer loop
      vertex 11.128551483154297 -6.027732849121094 0
      vertex 11.137107849121094 -6.044526100158691 2.799999237060547
      vertex 11.137107849121094 -6.044526100158691 0
    endloop
  endfacet
  facet normal -0.3971415818131048 -0.9177573557291627 0
    outer loop
      vertex 11.51043701171875 6.178932189941406 0
      vertex 11.527732849121094 6.17144775390625 2.799999237060547
      vertex 11.51043701171875 6.178932189941406 2.799999237060547
    endloop
  endfacet
  facet normal -0.3971415818131048 -0.9177573557291627 0
    outer loop
      vertex 11.527732849121094 6.17144775390625 2.799999237060547
      vertex 11.51043701171875 6.178932189941406 0
      vertex 11.527732849121094 6.17144775390625 0
    endloop
  endfacet
  facet normal 0.15641731011281643 0.9876910575159983 0
    outer loop
      vertex 11.362399101257324 -6.197633743286133 0
      vertex 11.343785285949707 -6.194685935974121 2.799999237060547
      vertex 11.362399101257324 -6.197633743286133 2.799999237060547
    endloop
  endfacet
  facet normal 0.15641731011281643 0.9876910575159983 0
    outer loop
      vertex 11.343785285949707 -6.194685935974121 2.799999237060547
      vertex 11.362399101257324 -6.197633743286133 0
      vertex 11.343785285949707 -6.194685935974121 0
    endloop
  endfacet
  facet normal 0.2790224565203386 0.9602845769652638 0
    outer loop
      vertex 11.325392723083496 -6.190574645996094 0
      vertex 11.307294845581055 -6.18531608581543 2.799999237060547
      vertex 11.325392723083496 -6.190574645996094 2.799999237060547
    endloop
  endfacet
  facet normal 0.2790224565203386 0.9602845769652638 0
    outer loop
      vertex 11.307294845581055 -6.18531608581543 2.799999237060547
      vertex 11.325392723083496 -6.190574645996094 0
      vertex 11.307294845581055 -6.18531608581543 0
    endloop
  endfacet
  facet normal -0.8910113062938652 0.4539811142068577 0
    outer loop
      vertex 11.662891387939453 -6.044526100158691 0
      vertex 11.67144775390625 -6.027732849121094 2.799999237060547
      vertex 11.67144775390625 -6.027732849121094 0
    endloop
  endfacet
  facet normal -0.8910113062938652 0.4539811142068577 0
    outer loop
      vertex 11.67144775390625 -6.027732849121094 2.799999237060547
      vertex 11.662891387939453 -6.044526100158691 0
      vertex 11.662891387939453 -6.044526100158691 2.799999237060547
    endloop
  endfacet
  facet normal -0.9759160266868775 0.21814653069828524 0
    outer loop
      vertex 11.690574645996094 -5.974606513977051 0
      vertex 11.694685935974121 -5.95621395111084 2.799999237060547
      vertex 11.694685935974121 -5.95621395111084 0
    endloop
  endfacet
  facet normal -0.9759160266868775 0.21814653069828524 0
    outer loop
      vertex 11.694685935974121 -5.95621395111084 2.799999237060547
      vertex 11.690574645996094 -5.974606513977051 0
      vertex 11.690574645996094 -5.974606513977051 2.799999237060547
    endloop
  endfacet
  facet normal -0.7071067811865476 -0.7071067811865476 0
    outer loop
      vertex 11.618690490722656 6.105363845825195 0
      vertex 11.605363845825195 6.118690490722656 2.799999237060547
      vertex 11.605363845825195 6.118690490722656 0
    endloop
  endfacet
  facet normal -0.7071067811865476 -0.7071067811865476 0
    outer loop
      vertex 11.605363845825195 6.118690490722656 2.799999237060547
      vertex 11.618690490722656 6.105363845825195 0
      vertex 11.618690490722656 6.105363845825195 2.799999237060547
    endloop
  endfacet
  facet normal 0.09411658449022786 0.9955611827124909 0
    outer loop
      vertex 11.381162643432617 -6.199407577514648 0
      vertex 11.362399101257324 -6.197633743286133 2.799999237060547
      vertex 11.381162643432617 -6.199407577514648 2.799999237060547
    endloop
  endfacet
  facet normal 0.09411658449022786 0.9955611827124909 0
    outer loop
      vertex 11.362399101257324 -6.197633743286133 2.799999237060547
      vertex 11.381162643432617 -6.199407577514648 0
      vertex 11.362399101257324 -6.197633743286133 0
    endloop
  endfacet
  facet normal -0.7901362790005535 0.6129312038125971 0
    outer loop
      vertex 11.631153106689453 -6.091226577758789 0
      vertex 11.642704963684082 -6.0763349533081055 2.799999237060547
      vertex 11.642704963684082 -6.0763349533081055 0
    endloop
  endfacet
  facet normal -0.7901362790005535 0.6129312038125971 0
    outer loop
      vertex 11.642704963684082 -6.0763349533081055 2.799999237060547
      vertex 11.631153106689453 -6.091226577758789 0
      vertex 11.631153106689453 -6.091226577758789 2.799999237060547
    endloop
  endfacet
  facet normal -0.7501390329139643 0.6612801458526502 0
    outer loop
      vertex 11.618690490722656 -6.105363845825195 0
      vertex 11.631153106689453 -6.091226577758789 2.799999237060547
      vertex 11.631153106689453 -6.091226577758789 0
    endloop
  endfacet
  facet normal -0.7501390329139643 0.6612801458526502 0
    outer loop
      vertex 11.631153106689453 -6.091226577758789 2.799999237060547
      vertex 11.618690490722656 -6.105363845825195 0
      vertex 11.618690490722656 -6.105363845825195 2.799999237060547
    endloop
  endfacet
  facet normal -0.9995061338808693 0.03142432711320473 0
    outer loop
      vertex 11.699407577514648 -5.91883659362793 0
      vertex 11.699999809265137 -5.899999618530273 2.1999998092651367
      vertex 11.699999809265137 -5.899999618530273 0
    endloop
  endfacet
  facet normal -0.9995061338808694 0.03142432711320473 0
    outer loop
      vertex 11.699407577514648 -5.91883659362793 2.799999237060547
      vertex 11.699999809265137 -5.899999618530273 2.1999998092651367
      vertex 11.699407577514648 -5.91883659362793 0
    endloop
  endfacet
  facet normal -0.9995061338808694 0.03142432711320473 0
    outer loop
      vertex 11.699999809265137 -5.899999618530273 2.1999998092651367
      vertex 11.699407577514648 -5.91883659362793 2.799999237060547
      vertex 11.699999809265137 -5.899999618530273 2.59999942779541
    endloop
  endfacet
  facet normal -0.9995061338808694 0.03142432711320473 0
    outer loop
      vertex 11.699999809265137 -5.899999618530273 2.59999942779541
      vertex 11.699407577514648 -5.91883659362793 2.799999237060547
      vertex 11.699999809265137 -5.899999618530273 2.799999237060547
    endloop
  endfacet
  facet normal -0.3387266356183068 -0.9408848315934861 0
    outer loop
      vertex 11.492704391479492 6.18531608581543 0
      vertex 11.51043701171875 6.178932189941406 2.799999237060547
      vertex 11.492704391479492 6.18531608581543 2.799999237060547
    endloop
  endfacet
  facet normal -0.3387266356183068 -0.9408848315934861 0
    outer loop
      vertex 11.51043701171875 6.178932189941406 2.799999237060547
      vertex 11.492704391479492 6.18531608581543 0
      vertex 11.51043701171875 6.178932189941406 0
    endloop
  endfacet
  facet normal 0.8910113062938652 -0.4539811142068577 0
    outer loop
      vertex 11.128551483154297 6.027732849121094 2.799999237060547
      vertex 11.137107849121094 6.044526100158691 0
      vertex 11.137107849121094 6.044526100158691 2.799999237060547
    endloop
  endfacet
  facet normal 0.8910113062938652 -0.4539811142068577 0
    outer loop
      vertex 11.137107849121094 6.044526100158691 0
      vertex 11.128551483154297 6.027732849121094 2.799999237060547
      vertex 11.128551483154297 6.027732849121094 0
    endloop
  endfacet
  facet normal -0.6612801458526502 0.7501390329139643 0
    outer loop
      vertex 11.605363845825195 -6.118690490722656 0
      vertex 11.591226577758789 -6.131153106689453 2.799999237060547
      vertex 11.605363845825195 -6.118690490722656 2.799999237060547
    endloop
  endfacet
  facet normal -0.6612801458526502 0.7501390329139643 0
    outer loop
      vertex 11.591226577758789 -6.131153106689453 2.799999237060547
      vertex 11.605363845825195 -6.118690490722656 0
      vertex 11.591226577758789 -6.131153106689453 0
    endloop
  endfacet
  facet normal 0.9759160266868775 -0.21814653069828524 0
    outer loop
      vertex 11.105313301086426 5.95621395111084 2.799999237060547
      vertex 11.109424591064453 5.974606513977051 0
      vertex 11.109424591064453 5.974606513977051 2.799999237060547
    endloop
  endfacet
  facet normal 0.9759160266868775 -0.21814653069828524 0
    outer loop
      vertex 11.109424591064453 5.974606513977051 0
      vertex 11.105313301086426 5.95621395111084 2.799999237060547
      vertex 11.105313301086426 5.95621395111084 0
    endloop
  endfacet
  facet normal -0.3387266356183068 0.9408848315934861 0
    outer loop
      vertex 11.51043701171875 -6.178932189941406 0
      vertex 11.492704391479492 -6.18531608581543 2.799999237060547
      vertex 11.51043701171875 -6.178932189941406 2.799999237060547
    endloop
  endfacet
  facet normal -0.3387266356183068 0.9408848315934861 0
    outer loop
      vertex 11.492704391479492 -6.18531608581543 2.799999237060547
      vertex 11.51043701171875 -6.178932189941406 0
      vertex 11.492704391479492 -6.18531608581543 0
    endloop
  endfacet
  facet normal 0.9177573557291627 0.3971415818131048 0
    outer loop
      vertex 11.128551483154297 -6.027732849121094 2.799999237060547
      vertex 11.12106704711914 -6.01043701171875 0
      vertex 11.12106704711914 -6.01043701171875 2.799999237060547
    endloop
  endfacet
  facet normal 0.9177573557291627 0.3971415818131048 0
    outer loop
      vertex 11.12106704711914 -6.01043701171875 0
      vertex 11.128551483154297 -6.027732849121094 2.799999237060547
      vertex 11.128551483154297 -6.027732849121094 0
    endloop
  endfacet
  facet normal 0.987692295522357 -0.15640949256927125 0
    outer loop
      vertex 11.102365493774414 5.937599182128906 2.799999237060547
      vertex 11.105313301086426 5.95621395111084 0
      vertex 11.105313301086426 5.95621395111084 2.799999237060547
    endloop
  endfacet
  facet normal 0.987692295522357 -0.15640949256927125 0
    outer loop
      vertex 11.105313301086426 5.95621395111084 0
      vertex 11.102365493774414 5.937599182128906 2.799999237060547
      vertex 11.102365493774414 5.937599182128906 0
    endloop
  endfacet
  facet normal 0.09411658449022786 -0.9955611827124909 0
    outer loop
      vertex 11.362399101257324 6.197633743286133 0
      vertex 11.381162643432617 6.199407577514648 2.799999237060547
      vertex 11.362399101257324 6.197633743286133 2.799999237060547
    endloop
  endfacet
  facet normal 0.09411658449022786 -0.9955611827124909 0
    outer loop
      vertex 11.381162643432617 6.199407577514648 2.799999237060547
      vertex 11.362399101257324 6.197633743286133 0
      vertex 11.381162643432617 6.199407577514648 0
    endloop
  endfacet
  facet normal 0.8270817629306938 -0.5620816287937686 0
    outer loop
      vertex 11.146700859069824 6.060747146606445 2.799999237060547
      vertex 11.157294273376465 6.0763349533081055 0
      vertex 11.157294273376465 6.0763349533081055 2.799999237060547
    endloop
  endfacet
  facet normal 0.8270817629306938 -0.5620816287937686 0
    outer loop
      vertex 11.157294273376465 6.0763349533081055 0
      vertex 11.146700859069824 6.060747146606445 2.799999237060547
      vertex 11.146700859069824 6.060747146606445 0
    endloop
  endfacet
  facet normal 0.7901607852034909 0.6128996112958489 0
    outer loop
      vertex 11.168845176696777 -6.091226577758789 2.799999237060547
      vertex 11.157294273376465 -6.0763349533081055 0
      vertex 11.157294273376465 -6.0763349533081055 2.799999237060547
    endloop
  endfacet
  facet normal 0.7901607852034909 0.6128996112958489 0
    outer loop
      vertex 11.157294273376465 -6.0763349533081055 0
      vertex 11.168845176696777 -6.091226577758789 2.799999237060547
      vertex 11.168845176696777 -6.091226577758789 0
    endloop
  endfacet
  facet normal -0.9602845769652638 -0.2790224565203386 0
    outer loop
      vertex 11.690574645996094 5.974606513977051 0
      vertex 11.68531608581543 5.992704391479492 2.799999237060547
      vertex 11.68531608581543 5.992704391479492 0
    endloop
  endfacet
  facet normal -0.9602845769652638 -0.2790224565203386 0
    outer loop
      vertex 11.68531608581543 5.992704391479492 2.799999237060547
      vertex 11.690574645996094 5.974606513977051 0
      vertex 11.690574645996094 5.974606513977051 2.799999237060547
    endloop
  endfacet
  facet normal 0.2790224565203386 -0.9602845769652638 0
    outer loop
      vertex 11.307294845581055 6.18531608581543 0
      vertex 11.325392723083496 6.190574645996094 2.799999237060547
      vertex 11.307294845581055 6.18531608581543 2.799999237060547
    endloop
  endfacet
  facet normal 0.2790224565203386 -0.9602845769652638 0
    outer loop
      vertex 11.325392723083496 6.190574645996094 2.799999237060547
      vertex 11.307294845581055 6.18531608581543 0
      vertex 11.325392723083496 6.190574645996094 0
    endloop
  endfacet
  facet normal -0.9408848315934861 0.3387266356183068 0
    outer loop
      vertex 11.678932189941406 -6.01043701171875 0
      vertex 11.68531608581543 -5.992704391479492 2.799999237060547
      vertex 11.68531608581543 -5.992704391479492 0
    endloop
  endfacet
  facet normal -0.9408848315934861 0.3387266356183068 0
    outer loop
      vertex 11.68531608581543 -5.992704391479492 2.799999237060547
      vertex 11.678932189941406 -6.01043701171875 0
      vertex 11.678932189941406 -6.01043701171875 2.799999237060547
    endloop
  endfacet
  facet normal 0.6612801458526502 -0.7501390329139643 0
    outer loop
      vertex 11.194635391235352 6.118690490722656 0
      vertex 11.208772659301758 6.131153106689453 2.799999237060547
      vertex 11.194635391235352 6.118690490722656 2.799999237060547
    endloop
  endfacet
  facet normal 0.6612801458526502 -0.7501390329139643 0
    outer loop
      vertex 11.208772659301758 6.131153106689453 2.799999237060547
      vertex 11.194635391235352 6.118690490722656 0
      vertex 11.208772659301758 6.131153106689453 0
    endloop
  endfacet
  facet normal 0.9602981345186157 0.27897579257001254 0
    outer loop
      vertex 11.1146821975708 -5.992704391479492 2.799999237060547
      vertex 11.109424591064453 -5.974606513977051 0
      vertex 11.109424591064453 -5.974606513977051 2.799999237060547
    endloop
  endfacet
  facet normal 0.9602981345186157 0.27897579257001254 0
    outer loop
      vertex 11.109424591064453 -5.974606513977051 0
      vertex 11.1146821975708 -5.992704391479492 2.799999237060547
      vertex 11.1146821975708 -5.992704391479492 0
    endloop
  endfacet
  facet normal 0.8270817629306938 0.5620816287937686 0
    outer loop
      vertex 11.157294273376465 -6.0763349533081055 2.799999237060547
      vertex 11.146700859069824 -6.060747146606445 0
      vertex 11.146700859069824 -6.060747146606445 2.799999237060547
    endloop
  endfacet
  facet normal 0.8270817629306938 0.5620816287937686 0
    outer loop
      vertex 11.146700859069824 -6.060747146606445 0
      vertex 11.157294273376465 -6.0763349533081055 2.799999237060547
      vertex 11.157294273376465 -6.0763349533081055 0
    endloop
  endfacet
  facet normal 0.7901607852034909 -0.6128996112958489 0
    outer loop
      vertex 11.157294273376465 6.0763349533081055 2.799999237060547
      vertex 11.168845176696777 6.091226577758789 0
      vertex 11.168845176696777 6.091226577758789 2.799999237060547
    endloop
  endfacet
  facet normal 0.7901607852034909 -0.6128996112958489 0
    outer loop
      vertex 11.168845176696777 6.091226577758789 0
      vertex 11.157294273376465 6.0763349533081055 2.799999237060547
      vertex 11.157294273376465 6.0763349533081055 0
    endloop
  endfacet
  facet normal -0.4539811142068577 -0.8910113062938652 0
    outer loop
      vertex 11.527732849121094 6.17144775390625 0
      vertex 11.544526100158691 6.162891387939453 2.799999237060547
      vertex 11.527732849121094 6.17144775390625 2.799999237060547
    endloop
  endfacet
  facet normal -0.4539811142068577 -0.8910113062938652 0
    outer loop
      vertex 11.544526100158691 6.162891387939453 2.799999237060547
      vertex 11.527732849121094 6.17144775390625 0
      vertex 11.544526100158691 6.162891387939453 0
    endloop
  endfacet
  facet normal 0.9602981345186157 -0.27897579257001254 0
    outer loop
      vertex 11.109424591064453 5.974606513977051 2.799999237060547
      vertex 11.1146821975708 5.992704391479492 0
      vertex 11.1146821975708 5.992704391479492 2.799999237060547
    endloop
  endfacet
  facet normal 0.9602981345186157 -0.27897579257001254 0
    outer loop
      vertex 11.1146821975708 5.992704391479492 0
      vertex 11.109424591064453 5.974606513977051 2.799999237060547
      vertex 11.109424591064453 5.974606513977051 0
    endloop
  endfacet
  facet normal 0.8607441236376201 -0.5090378705197731 0
    outer loop
      vertex 11.137107849121094 6.044526100158691 2.799999237060547
      vertex 11.146700859069824 6.060747146606445 0
      vertex 11.146700859069824 6.060747146606445 2.799999237060547
    endloop
  endfacet
  facet normal 0.8607441236376201 -0.5090378705197731 0
    outer loop
      vertex 11.146700859069824 6.060747146606445 0
      vertex 11.137107849121094 6.044526100158691 2.799999237060547
      vertex 11.137107849121094 6.044526100158691 0
    endloop
  endfacet
  facet normal 0.45400158273251634 -0.8910008770345684 0
    outer loop
      vertex 11.255473136901855 6.162891387939453 0
      vertex 11.272265434265137 6.17144775390625 2.799999237060547
      vertex 11.255473136901855 6.162891387939453 2.799999237060547
    endloop
  endfacet
  facet normal 0.45400158273251634 -0.8910008770345684 0
    outer loop
      vertex 11.272265434265137 6.17144775390625 2.799999237060547
      vertex 11.255473136901855 6.162891387939453 0
      vertex 11.272265434265137 6.17144775390625 0
    endloop
  endfacet
  facet normal -0.9955607344645039 -0.09412132591765666 0
    outer loop
      vertex 11.699407577514648 5.91883659362793 0
      vertex 11.697633743286133 5.937599182128906 2.799999237060547
      vertex 11.697633743286133 5.937599182128906 0
    endloop
  endfacet
  facet normal -0.9955607344645039 -0.09412132591765666 0
    outer loop
      vertex 11.697633743286133 5.937599182128906 2.799999237060547
      vertex 11.699407577514648 5.91883659362793 0
      vertex 11.699407577514648 5.91883659362793 2.799999237060547
    endloop
  endfacet
  facet normal 0.9995061338808694 -0.03142432711320473 0
    outer loop
      vertex 11.09999942779541 5.899999618530273 2.799999237060547
      vertex 11.100591659545898 5.91883659362793 0
      vertex 11.100591659545898 5.91883659362793 2.799999237060547
    endloop
  endfacet
  facet normal 0.9995061338808694 -0.03142432711320473 0
    outer loop
      vertex 11.100591659545898 5.91883659362793 0
      vertex 11.09999942779541 5.899999618530273 2.799999237060547
      vertex 11.09999942779541 5.899999618530273 0
    endloop
  endfacet
  facet normal 0.6129312038125971 -0.7901362790005535 0
    outer loop
      vertex -6.091226577758789 11.631153106689453 0
      vertex -6.0763349533081055 11.642704963684082 2.799999237060547
      vertex -6.091226577758789 11.631153106689453 2.799999237060547
    endloop
  endfacet
  facet normal 0.6129312038125971 -0.7901362790005535 0
    outer loop
      vertex -6.0763349533081055 11.642704963684082 2.799999237060547
      vertex -6.091226577758789 11.631153106689453 0
      vertex -6.0763349533081055 11.642704963684082 0
    endloop
  endfacet
  facet normal 0 1 0
    outer loop
      vertex 5.899999618530273 11.09999942779541 0
      vertex -5.899999618530273 11.09999942779541 2.799999237060547
      vertex 5.899999618530273 11.09999942779541 2.799999237060547
    endloop
  endfacet
  facet normal 0 1 0
    outer loop
      vertex -5.899999618530273 11.09999942779541 2.799999237060547
      vertex 5.899999618530273 11.09999942779541 0
      vertex -5.899999618530273 11.09999942779541 0
    endloop
  endfacet
  facet normal 0 -1 0
    outer loop
      vertex -5.899999618530273 11.699999809265137 0
      vertex 5.899999618530273 11.699999809265137 2.1999998092651367
      vertex -5.899999618530273 11.699999809265137 2.1999998092651367
    endloop
  endfacet
  facet normal 0 -1 0
    outer loop
      vertex 5.899999618530273 11.699999809265137 2.1999998092651367
      vertex -5.899999618530273 11.699999809265137 0
      vertex 5.899999618530273 11.699999809265137 0
    endloop
  endfacet
  facet normal 0 -1 0
    outer loop
      vertex -5.899999618530273 11.699999809265137 2.59999942779541
      vertex 5.899999618530273 11.699999809265137 2.799999237060547
      vertex -5.899999618530273 11.699999809265137 2.799999237060547
    endloop
  endfacet
  facet normal 0 -1 0
    outer loop
      vertex 5.899999618530273 11.699999809265137 2.799999237060547
      vertex -5.899999618530273 11.699999809265137 2.59999942779541
      vertex 5.899999618530273 11.699999809265137 2.59999942779541
    endloop
  endfacet
  facet normal 0 1 0
    outer loop
      vertex -5.899999618530273 11.699999809265137 2.1999998092651367
      vertex -6 11.699999809265137 2.59999942779541
      vertex -5.899999618530273 11.699999809265137 2.59999942779541
    endloop
  endfacet
  facet normal 0 1 0
    outer loop
      vertex -6 11.699999809265137 2.59999942779541
      vertex -5.899999618530273 11.699999809265137 2.1999998092651367
      vertex -6 11.699999809265137 2.1999998092651367
    endloop
  endfacet
  facet normal 0 1 0
    outer loop
      vertex 6 11.699999809265137 2.1999998092651367
      vertex 5.899999618530273 11.699999809265137 2.59999942779541
      vertex 6 11.699999809265137 2.59999942779541
    endloop
  endfacet
  facet normal 0 1 0
    outer loop
      vertex 5.899999618530273 11.699999809265137 2.59999942779541
      vertex 6 11.699999809265137 2.1999998092651367
      vertex 5.899999618530273 11.699999809265137 2.1999998092651367
    endloop
  endfacet
  facet normal 0.9876910575159983 0.15641731011281643 0
    outer loop
      vertex -6.194685935974121 11.343785285949707 2.799999237060547
      vertex -6.197633743286133 11.362399101257324 0
      vertex -6.197633743286133 11.362399101257324 2.799999237060547
    endloop
  endfacet
  facet normal 0.9876910575159983 0.15641731011281643 0
    outer loop
      vertex -6.197633743286133 11.362399101257324 0
      vertex -6.194685935974121 11.343785285949707 2.799999237060547
      vertex -6.194685935974121 11.343785285949707 0
    endloop
  endfacet
  facet normal -0.03142432711320473 0.9995061338808694 0
    outer loop
      vertex 5.91883659362793 11.100591659545898 0
      vertex 5.899999618530273 11.09999942779541 2.799999237060547
      vertex 5.91883659362793 11.100591659545898 2.799999237060547
    endloop
  endfacet
  facet normal -0.03142432711320473 0.9995061338808694 0
    outer loop
      vertex 5.899999618530273 11.09999942779541 2.799999237060547
      vertex 5.91883659362793 11.100591659545898 0
      vertex 5.899999618530273 11.09999942779541 0
    endloop
  endfacet
  facet normal -0.8607572355819642 0.5090156985725443 0
    outer loop
      vertex 6.153298377990723 11.239251136779785 0
      vertex 6.162891387939453 11.255473136901855 2.799999237060547
      vertex 6.162891387939453 11.255473136901855 0
    endloop
  endfacet
  facet normal -0.8607572355819642 0.5090156985725443 0
    outer loop
      vertex 6.162891387939453 11.255473136901855 2.799999237060547
      vertex 6.153298377990723 11.239251136779785 0
      vertex 6.153298377990723 11.239251136779785 2.799999237060547
    endloop
  endfacet
  facet normal -0.5090378705197731 0.8607441236376201 0
    outer loop
      vertex 6.060747146606445 11.146700859069824 0
      vertex 6.044526100158691 11.137107849121094 2.799999237060547
      vertex 6.060747146606445 11.146700859069824 2.799999237060547
    endloop
  endfacet
  facet normal -0.5090378705197731 0.8607441236376201 0
    outer loop
      vertex 6.044526100158691 11.137107849121094 2.799999237060547
      vertex 6.060747146606445 11.146700859069824 0
      vertex 6.044526100158691 11.137107849121094 0
    endloop
  endfacet
  facet normal -0.3971415818131048 -0.9177573557291627 0
    outer loop
      vertex 6.01043701171875 11.678932189941406 0
      vertex 6.027732849121094 11.67144775390625 2.799999237060547
      vertex 6.01043701171875 11.678932189941406 2.799999237060547
    endloop
  endfacet
  facet normal -0.3971415818131048 -0.9177573557291627 0
    outer loop
      vertex 6.027732849121094 11.67144775390625 2.799999237060547
      vertex 6.01043701171875 11.678932189941406 0
      vertex 6.027732849121094 11.67144775390625 0
    endloop
  endfacet
  facet normal 0.9177653365366643 0.3971231383988389 0
    outer loop
      vertex -6.17144775390625 11.272265434265137 2.799999237060547
      vertex -6.178932189941406 11.289562225341797 0
      vertex -6.178932189941406 11.289562225341797 2.799999237060547
    endloop
  endfacet
  facet normal 0.9177653365366643 0.3971231383988389 0
    outer loop
      vertex -6.178932189941406 11.289562225341797 0
      vertex -6.17144775390625 11.272265434265137 2.799999237060547
      vertex -6.17144775390625 11.272265434265137 0
    endloop
  endfacet
  facet normal 0.9995061338808694 -0.03142432711320473 0
    outer loop
      vertex -6.199999809265137 11.399999618530273 2.799999237060547
      vertex -6.199407577514648 11.41883659362793 0
      vertex -6.199407577514648 11.41883659362793 2.799999237060547
    endloop
  endfacet
  facet normal 0.9995061338808694 -0.03142432711320473 0
    outer loop
      vertex -6.199407577514648 11.41883659362793 0
      vertex -6.199999809265137 11.399999618530273 2.799999237060547
      vertex -6.199999809265137 11.399999618530273 0
    endloop
  endfacet
  facet normal -0.5620816287937686 -0.8270817629306938 0
    outer loop
      vertex 6.060747146606445 11.653298377990723 0
      vertex 6.0763349533081055 11.642704963684082 2.799999237060547
      vertex 6.060747146606445 11.653298377990723 2.799999237060547
    endloop
  endfacet
  facet normal -0.5620816287937686 -0.8270817629306938 0
    outer loop
      vertex 6.0763349533081055 11.642704963684082 2.799999237060547
      vertex 6.060747146606445 11.653298377990723 0
      vertex 6.0763349533081055 11.642704963684082 0
    endloop
  endfacet
  facet normal 0.03142432711320473 0.9995061338808694 0
    outer loop
      vertex -5.899999618530273 11.09999942779541 0
      vertex -5.91883659362793 11.100591659545898 2.799999237060547
      vertex -5.899999618530273 11.09999942779541 2.799999237060547
    endloop
  endfacet
  facet normal 0.03142432711320473 0.9995061338808694 0
    outer loop
      vertex -5.91883659362793 11.100591659545898 2.799999237060547
      vertex -5.899999618530273 11.09999942779541 0
      vertex -5.91883659362793 11.100591659545898 0
    endloop
  endfacet
  facet normal -0.9995061338808694 -0.03142432711320473 0
    outer loop
      vertex 6.199999809265137 11.399999618530273 0
      vertex 6.199407577514648 11.41883659362793 2.799999237060547
      vertex 6.199407577514648 11.41883659362793 0
    endloop
  endfacet
  facet normal -0.9995061338808694 -0.03142432711320473 0
    outer loop
      vertex 6.199407577514648 11.41883659362793 2.799999237060547
      vertex 6.199999809265137 11.399999618530273 0
      vertex 6.199999809265137 11.399999618530273 2.799999237060547
    endloop
  endfacet
  facet normal 0.5620816287937686 -0.8270817629306938 0
    outer loop
      vertex -6.0763349533081055 11.642704963684082 0
      vertex -6.060747146606445 11.653298377990723 2.799999237060547
      vertex -6.0763349533081055 11.642704963684082 2.799999237060547
    endloop
  endfacet
  facet normal 0.5620816287937686 -0.8270817629306938 0
    outer loop
      vertex -6.060747146606445 11.653298377990723 2.799999237060547
      vertex -6.0763349533081055 11.642704963684082 0
      vertex -6.060747146606445 11.653298377990723 0
    endloop
  endfacet
  facet normal -0.21814653069828524 0.9759160266868775 0
    outer loop
      vertex 5.974606513977051 11.109424591064453 0
      vertex 5.95621395111084 11.105313301086426 2.799999237060547
      vertex 5.974606513977051 11.109424591064453 2.799999237060547
    endloop
  endfacet
  facet normal -0.21814653069828524 0.9759160266868775 0
    outer loop
      vertex 5.95621395111084 11.105313301086426 2.799999237060547
      vertex 5.974606513977051 11.109424591064453 0
      vertex 5.95621395111084 11.105313301086426 0
    endloop
  endfacet
  facet normal -0.15640949256927125 0.987692295522357 0
    outer loop
      vertex 5.95621395111084 11.105313301086426 0
      vertex 5.937599182128906 11.102365493774414 2.799999237060547
      vertex 5.95621395111084 11.105313301086426 2.799999237060547
    endloop
  endfacet
  facet normal -0.15640949256927125 0.987692295522357 0
    outer loop
      vertex 5.937599182128906 11.102365493774414 2.799999237060547
      vertex 5.95621395111084 11.105313301086426 0
      vertex 5.937599182128906 11.102365493774414 0
    endloop
  endfacet
  facet normal -0.9955607344645039 -0.09412132591765666 0
    outer loop
      vertex 6.199407577514648 11.41883659362793 0
      vertex 6.197633743286133 11.437599182128906 2.799999237060547
      vertex 6.197633743286133 11.437599182128906 0
    endloop
  endfacet
  facet normal -0.9955607344645039 -0.09412132591765666 0
    outer loop
      vertex 6.197633743286133 11.437599182128906 2.799999237060547
      vertex 6.199407577514648 11.41883659362793 0
      vertex 6.199407577514648 11.41883659362793 2.799999237060547
    endloop
  endfacet
  facet normal -0.9759160266868775 0.21814653069828524 0
    outer loop
      vertex 6.190574645996094 11.325392723083496 0
      vertex 6.194685935974121 11.343785285949707 2.799999237060547
      vertex 6.194685935974121 11.343785285949707 0
    endloop
  endfacet
  facet normal -0.9759160266868775 0.21814653069828524 0
    outer loop
      vertex 6.194685935974121 11.343785285949707 2.799999237060547
      vertex 6.190574645996094 11.325392723083496 0
      vertex 6.190574645996094 11.325392723083496 2.799999237060547
    endloop
  endfacet
  facet normal -0.15640949256927125 -0.987692295522357 0
    outer loop
      vertex 5.937599182128906 11.697633743286133 0
      vertex 5.95621395111084 11.694685935974121 2.799999237060547
      vertex 5.937599182128906 11.697633743286133 2.799999237060547
    endloop
  endfacet
  facet normal -0.15640949256927125 -0.987692295522357 0
    outer loop
      vertex 5.95621395111084 11.694685935974121 2.799999237060547
      vertex 5.937599182128906 11.697633743286133 0
      vertex 5.95621395111084 11.694685935974121 0
    endloop
  endfacet
  facet normal 0.7071067811865476 -0.7071067811865476 0
    outer loop
      vertex -6.118690490722656 11.605363845825195 2.799999237060547
      vertex -6.105363845825195 11.618690490722656 0
      vertex -6.105363845825195 11.618690490722656 2.799999237060547
    endloop
  endfacet
  facet normal 0.7071067811865476 -0.7071067811865476 0
    outer loop
      vertex -6.105363845825195 11.618690490722656 0
      vertex -6.118690490722656 11.605363845825195 2.799999237060547
      vertex -6.118690490722656 11.605363845825195 0
    endloop
  endfacet
  facet normal -0.8910113062938652 -0.4539811142068577 0
    outer loop
      vertex 6.17144775390625 11.527732849121094 0
      vertex 6.162891387939453 11.544526100158691 2.799999237060547
      vertex 6.162891387939453 11.544526100158691 0
    endloop
  endfacet
  facet normal -0.8910113062938652 -0.4539811142068577 0
    outer loop
      vertex 6.162891387939453 11.544526100158691 2.799999237060547
      vertex 6.17144775390625 11.527732849121094 0
      vertex 6.17144775390625 11.527732849121094 2.799999237060547
    endloop
  endfacet
  facet normal -0.7071067811865476 0.7071067811865476 0
    outer loop
      vertex 6.105363845825195 11.18130874633789 0
      vertex 6.118690490722656 11.194635391235352 2.799999237060547
      vertex 6.118690490722656 11.194635391235352 0
    endloop
  endfacet
  facet normal -0.7071067811865476 0.7071067811865476 0
    outer loop
      vertex 6.118690490722656 11.194635391235352 2.799999237060547
      vertex 6.105363845825195 11.18130874633789 0
      vertex 6.105363845825195 11.18130874633789 2.799999237060547
    endloop
  endfacet
  facet normal -0.7901362790005535 0.6129312038125971 0
    outer loop
      vertex 6.131153106689453 11.208772659301758 0
      vertex 6.142704963684082 11.223664283752441 2.799999237060547
      vertex 6.142704963684082 11.223664283752441 0
    endloop
  endfacet
  facet normal -0.7901362790005535 0.6129312038125971 0
    outer loop
      vertex 6.142704963684082 11.223664283752441 2.799999237060547
      vertex 6.131153106689453 11.208772659301758 0
      vertex 6.131153106689453 11.208772659301758 2.799999237060547
    endloop
  endfacet
  facet normal 0.15640949256927125 -0.987692295522357 0
    outer loop
      vertex -5.95621395111084 11.694685935974121 0
      vertex -5.937599182128906 11.697633743286133 2.799999237060547
      vertex -5.95621395111084 11.694685935974121 2.799999237060547
    endloop
  endfacet
  facet normal 0.15640949256927125 -0.987692295522357 0
    outer loop
      vertex -5.937599182128906 11.697633743286133 2.799999237060547
      vertex -5.95621395111084 11.694685935974121 0
      vertex -5.937599182128906 11.697633743286133 0
    endloop
  endfacet
  facet normal -0.9408848315934861 0.3387266356183068 0
    outer loop
      vertex 6.178932189941406 11.289562225341797 0
      vertex 6.18531608581543 11.307294845581055 2.799999237060547
      vertex 6.18531608581543 11.307294845581055 0
    endloop
  endfacet
  facet normal -0.9408848315934861 0.3387266356183068 0
    outer loop
      vertex 6.18531608581543 11.307294845581055 2.799999237060547
      vertex 6.178932189941406 11.289562225341797 0
      vertex 6.178932189941406 11.289562225341797 2.799999237060547
    endloop
  endfacet
  facet normal 0.8910113062938652 -0.4539811142068577 0
    outer loop
      vertex -6.17144775390625 11.527732849121094 2.799999237060547
      vertex -6.162891387939453 11.544526100158691 0
      vertex -6.162891387939453 11.544526100158691 2.799999237060547
    endloop
  endfacet
  facet normal 0.8910113062938652 -0.4539811142068577 0
    outer loop
      vertex -6.162891387939453 11.544526100158691 0
      vertex -6.17144775390625 11.527732849121094 2.799999237060547
      vertex -6.17144775390625 11.527732849121094 0
    endloop
  endfacet
  facet normal -0.9177573557291627 -0.3971415818131048 0
    outer loop
      vertex 6.178932189941406 11.51043701171875 0
      vertex 6.17144775390625 11.527732849121094 2.799999237060547
      vertex 6.17144775390625 11.527732849121094 0
    endloop
  endfacet
  facet normal -0.9177573557291627 -0.3971415818131048 0
    outer loop
      vertex 6.17144775390625 11.527732849121094 2.799999237060547
      vertex 6.178932189941406 11.51043701171875 0
      vertex 6.178932189941406 11.51043701171875 2.799999237060547
    endloop
  endfacet
  facet normal 0.5090378705197731 0.8607441236376201 0
    outer loop
      vertex -6.044526100158691 11.137107849121094 0
      vertex -6.060747146606445 11.146700859069824 2.799999237060547
      vertex -6.044526100158691 11.137107849121094 2.799999237060547
    endloop
  endfacet
  facet normal 0.5090378705197731 0.8607441236376201 0
    outer loop
      vertex -6.060747146606445 11.146700859069824 2.799999237060547
      vertex -6.044526100158691 11.137107849121094 0
      vertex -6.060747146606445 11.146700859069824 0
    endloop
  endfacet
  facet normal 0.8607441236376201 -0.5090378705197731 0
    outer loop
      vertex -6.162891387939453 11.544526100158691 2.799999237060547
      vertex -6.153298377990723 11.560747146606445 0
      vertex -6.153298377990723 11.560747146606445 2.799999237060547
    endloop
  endfacet
  facet normal 0.8607441236376201 -0.5090378705197731 0
    outer loop
      vertex -6.153298377990723 11.560747146606445 0
      vertex -6.162891387939453 11.544526100158691 2.799999237060547
      vertex -6.162891387939453 11.544526100158691 0
    endloop
  endfacet
  facet normal 0.5090378705197731 -0.8607441236376201 0
    outer loop
      vertex -6.060747146606445 11.653298377990723 0
      vertex -6.044526100158691 11.662891387939453 2.799999237060547
      vertex -6.060747146606445 11.653298377990723 2.799999237060547
    endloop
  endfacet
  facet normal 0.5090378705197731 -0.8607441236376201 0
    outer loop
      vertex -6.044526100158691 11.662891387939453 2.799999237060547
      vertex -6.060747146606445 11.653298377990723 0
      vertex -6.044526100158691 11.662891387939453 0
    endloop
  endfacet
  facet normal -0.8270657750990594 0.5621051535609614 0
    outer loop
      vertex 6.142704963684082 11.223664283752441 0
      vertex 6.153298377990723 11.239251136779785 2.799999237060547
      vertex 6.153298377990723 11.239251136779785 0
    endloop
  endfacet
  facet normal -0.8270657750990594 0.5621051535609614 0
    outer loop
      vertex 6.153298377990723 11.239251136779785 2.799999237060547
      vertex 6.142704963684082 11.223664283752441 0
      vertex 6.142704963684082 11.223664283752441 2.799999237060547
    endloop
  endfacet
  facet normal 0.7071067811865476 0.7071067811865476 0
    outer loop
      vertex -6.105363845825195 11.18130874633789 2.799999237060547
      vertex -6.118690490722656 11.194635391235352 0
      vertex -6.118690490722656 11.194635391235352 2.799999237060547
    endloop
  endfacet
  facet normal 0.7071067811865476 0.7071067811865476 0
    outer loop
      vertex -6.118690490722656 11.194635391235352 0
      vertex -6.105363845825195 11.18130874633789 2.799999237060547
      vertex -6.105363845825195 11.18130874633789 0
    endloop
  endfacet
  facet normal -0.8607441236376201 -0.5090378705197731 0
    outer loop
      vertex 6.162891387939453 11.544526100158691 0
      vertex 6.153298377990723 11.560747146606445 2.799999237060547
      vertex 6.153298377990723 11.560747146606445 0
    endloop
  endfacet
  facet normal -0.8607441236376201 -0.5090378705197731 0
    outer loop
      vertex 6.153298377990723 11.560747146606445 2.799999237060547
      vertex 6.162891387939453 11.544526100158691 0
      vertex 6.162891387939453 11.544526100158691 2.799999237060547
    endloop
  endfacet
  facet normal 0.9602845769652638 -0.2790224565203386 0
    outer loop
      vertex -6.190574645996094 11.47460651397705 2.799999237060547
      vertex -6.18531608581543 11.492704391479492 0
      vertex -6.18531608581543 11.492704391479492 2.799999237060547
    endloop
  endfacet
  facet normal 0.9602845769652638 -0.2790224565203386 0
    outer loop
      vertex -6.18531608581543 11.492704391479492 0
      vertex -6.190574645996094 11.47460651397705 2.799999237060547
      vertex -6.190574645996094 11.47460651397705 0
    endloop
  endfacet
  facet normal -0.9177653365366643 0.3971231383988389 0
    outer loop
      vertex 6.17144775390625 11.272265434265137 0
      vertex 6.178932189941406 11.289562225341797 2.799999237060547
      vertex 6.178932189941406 11.289562225341797 0
    endloop
  endfacet
  facet normal -0.9177653365366643 0.3971231383988389 0
    outer loop
      vertex 6.178932189941406 11.289562225341797 2.799999237060547
      vertex 6.17144775390625 11.272265434265137 0
      vertex 6.17144775390625 11.272265434265137 2.799999237060547
    endloop
  endfacet
  facet normal -0.8910008770345684 0.45400158273251634 0
    outer loop
      vertex 6.162891387939453 11.255473136901855 0
      vertex 6.17144775390625 11.272265434265137 2.799999237060547
      vertex 6.17144775390625 11.272265434265137 0
    endloop
  endfacet
  facet normal -0.8910008770345684 0.45400158273251634 0
    outer loop
      vertex 6.17144775390625 11.272265434265137 2.799999237060547
      vertex 6.162891387939453 11.255473136901855 0
      vertex 6.162891387939453 11.255473136901855 2.799999237060547
    endloop
  endfacet
  facet normal 0.9955607344645039 -0.09412132591765666 0
    outer loop
      vertex -6.199407577514648 11.41883659362793 2.799999237060547
      vertex -6.197633743286133 11.437599182128906 0
      vertex -6.197633743286133 11.437599182128906 2.799999237060547
    endloop
  endfacet
  facet normal 0.9955607344645039 -0.09412132591765666 0
    outer loop
      vertex -6.197633743286133 11.437599182128906 0
      vertex -6.199407577514648 11.41883659362793 2.799999237060547
      vertex -6.199407577514648 11.41883659362793 0
    endloop
  endfacet
  facet normal 0.3387266356183068 -0.9408848315934861 0
    outer loop
      vertex -6.01043701171875 11.678932189941406 0
      vertex -5.992704391479492 11.68531608581543 2.799999237060547
      vertex -6.01043701171875 11.678932189941406 2.799999237060547
    endloop
  endfacet
  facet normal 0.3387266356183068 -0.9408848315934861 0
    outer loop
      vertex -5.992704391479492 11.68531608581543 2.799999237060547
      vertex -6.01043701171875 11.678932189941406 0
      vertex -5.992704391479492 11.68531608581543 0
    endloop
  endfacet
  facet normal 0.9759160266868775 -0.21814653069828524 0
    outer loop
      vertex -6.194685935974121 11.45621395111084 2.799999237060547
      vertex -6.190574645996094 11.47460651397705 0
      vertex -6.190574645996094 11.47460651397705 2.799999237060547
    endloop
  endfacet
  facet normal 0.9759160266868775 -0.21814653069828524 0
    outer loop
      vertex -6.190574645996094 11.47460651397705 0
      vertex -6.194685935974121 11.45621395111084 2.799999237060547
      vertex -6.194685935974121 11.45621395111084 0
    endloop
  endfacet
  facet normal 0.21814653069828524 -0.9759160266868775 0
    outer loop
      vertex -5.974606513977051 11.690574645996094 0
      vertex -5.95621395111084 11.694685935974121 2.799999237060547
      vertex -5.974606513977051 11.690574645996094 2.799999237060547
    endloop
  endfacet
  facet normal 0.21814653069828524 -0.9759160266868775 0
    outer loop
      vertex -5.95621395111084 11.694685935974121 2.799999237060547
      vertex -5.974606513977051 11.690574645996094 0
      vertex -5.95621395111084 11.694685935974121 0
    endloop
  endfacet
  facet normal -0.987692295522357 -0.15640949256927125 0
    outer loop
      vertex 6.197633743286133 11.437599182128906 0
      vertex 6.194685935974121 11.45621395111084 2.799999237060547
      vertex 6.194685935974121 11.45621395111084 0
    endloop
  endfacet
  facet normal -0.987692295522357 -0.15640949256927125 0
    outer loop
      vertex 6.194685935974121 11.45621395111084 2.799999237060547
      vertex 6.197633743286133 11.437599182128906 0
      vertex 6.197633743286133 11.437599182128906 2.799999237060547
    endloop
  endfacet
  facet normal -0.9995061338808694 0.03142432711320473 0
    outer loop
      vertex 6.199407577514648 11.381162643432617 0
      vertex 6.199999809265137 11.399999618530273 2.799999237060547
      vertex 6.199999809265137 11.399999618530273 0
    endloop
  endfacet
  facet normal -0.9995061338808694 0.03142432711320473 0
    outer loop
      vertex 6.199999809265137 11.399999618530273 2.799999237060547
      vertex 6.199407577514648 11.381162643432617 0
      vertex 6.199407577514648 11.381162643432617 2.799999237060547
    endloop
  endfacet
  facet normal -0.7901362790005535 -0.6129312038125971 0
    outer loop
      vertex 6.142704963684082 11.576334953308105 0
      vertex 6.131153106689453 11.591226577758789 2.799999237060547
      vertex 6.131153106689453 11.591226577758789 0
    endloop
  endfacet
  facet normal -0.7901362790005535 -0.6129312038125971 0
    outer loop
      vertex 6.131153106689453 11.591226577758789 2.799999237060547
      vertex 6.142704963684082 11.576334953308105 0
      vertex 6.142704963684082 11.576334953308105 2.799999237060547
    endloop
  endfacet
  facet normal 0.8607572355819642 0.5090156985725443 0
    outer loop
      vertex -6.153298377990723 11.239251136779785 2.799999237060547
      vertex -6.162891387939453 11.255473136901855 0
      vertex -6.162891387939453 11.255473136901855 2.799999237060547
    endloop
  endfacet
  facet normal 0.8607572355819642 0.5090156985725443 0
    outer loop
      vertex -6.162891387939453 11.255473136901855 0
      vertex -6.153298377990723 11.239251136779785 2.799999237060547
      vertex -6.153298377990723 11.239251136779785 0
    endloop
  endfacet
  facet normal 0.33877143019208855 0.9408687039569372 0
    outer loop
      vertex -5.992704391479492 11.1146821975708 0
      vertex -6.01043701171875 11.12106704711914 2.799999237060547
      vertex -5.992704391479492 11.1146821975708 2.799999237060547
    endloop
  endfacet
  facet normal 0.33877143019208855 0.9408687039569372 0
    outer loop
      vertex -6.01043701171875 11.12106704711914 2.799999237060547
      vertex -5.992704391479492 11.1146821975708 0
      vertex -6.01043701171875 11.12106704711914 0
    endloop
  endfacet
  facet normal 0.7901362790005535 0.6129312038125971 0
    outer loop
      vertex -6.131153106689453 11.208772659301758 2.799999237060547
      vertex -6.142704963684082 11.223664283752441 0
      vertex -6.142704963684082 11.223664283752441 2.799999237060547
    endloop
  endfacet
  facet normal 0.7901362790005535 0.6129312038125971 0
    outer loop
      vertex -6.142704963684082 11.223664283752441 0
      vertex -6.131153106689453 11.208772659301758 2.799999237060547
      vertex -6.131153106689453 11.208772659301758 0
    endloop
  endfacet
  facet normal -0.2790224565203386 -0.9602845769652638 0
    outer loop
      vertex 5.974606513977051 11.690574645996094 0
      vertex 5.992704391479492 11.68531608581543 2.799999237060547
      vertex 5.974606513977051 11.690574645996094 2.799999237060547
    endloop
  endfacet
  facet normal -0.2790224565203386 -0.9602845769652638 0
    outer loop
      vertex 5.992704391479492 11.68531608581543 2.799999237060547
      vertex 5.974606513977051 11.690574645996094 0
      vertex 5.992704391479492 11.68531608581543 0
    endloop
  endfacet
  facet normal 0.5620816287937686 0.8270817629306938 0
    outer loop
      vertex -6.060747146606445 11.146700859069824 0
      vertex -6.0763349533081055 11.157294273376465 2.799999237060547
      vertex -6.060747146606445 11.146700859069824 2.799999237060547
    endloop
  endfacet
  facet normal 0.5620816287937686 0.8270817629306938 0
    outer loop
      vertex -6.0763349533081055 11.157294273376465 2.799999237060547
      vertex -6.060747146606445 11.146700859069824 0
      vertex -6.0763349533081055 11.157294273376465 0
    endloop
  endfacet
  facet normal -0.6612801458526502 -0.7501390329139643 0
    outer loop
      vertex 6.091226577758789 11.631153106689453 0
      vertex 6.105363845825195 11.618690490722656 2.799999237060547
      vertex 6.091226577758789 11.631153106689453 2.799999237060547
    endloop
  endfacet
  facet normal -0.6612801458526502 -0.7501390329139643 0
    outer loop
      vertex 6.105363845825195 11.618690490722656 2.799999237060547
      vertex 6.091226577758789 11.631153106689453 0
      vertex 6.105363845825195 11.618690490722656 0
    endloop
  endfacet
  facet normal 0.9995061338808694 0.03142432711320473 0
    outer loop
      vertex -6.199407577514648 11.381162643432617 2.799999237060547
      vertex -6.199999809265137 11.399999618530273 0
      vertex -6.199999809265137 11.399999618530273 2.799999237060547
    endloop
  endfacet
  facet normal 0.9995061338808694 0.03142432711320473 0
    outer loop
      vertex -6.199999809265137 11.399999618530273 0
      vertex -6.199407577514648 11.381162643432617 2.799999237060547
      vertex -6.199407577514648 11.381162643432617 0
    endloop
  endfacet
  facet normal 0.4539811142068577 -0.8910113062938652 0
    outer loop
      vertex -6.044526100158691 11.662891387939453 0
      vertex -6.027732849121094 11.67144775390625 2.799999237060547
      vertex -6.044526100158691 11.662891387939453 2.799999237060547
    endloop
  endfacet
  facet normal 0.4539811142068577 -0.8910113062938652 0
    outer loop
      vertex -6.027732849121094 11.67144775390625 2.799999237060547
      vertex -6.044526100158691 11.662891387939453 0
      vertex -6.027732849121094 11.67144775390625 0
    endloop
  endfacet
  facet normal 0.987692295522357 -0.15640949256927125 0
    outer loop
      vertex -6.197633743286133 11.437599182128906 2.799999237060547
      vertex -6.194685935974121 11.45621395111084 0
      vertex -6.194685935974121 11.45621395111084 2.799999237060547
    endloop
  endfacet
  facet normal 0.987692295522357 -0.15640949256927125 0
    outer loop
      vertex -6.194685935974121 11.45621395111084 0
      vertex -6.197633743286133 11.437599182128906 2.799999237060547
      vertex -6.197633743286133 11.437599182128906 0
    endloop
  endfacet
  facet normal -0.8270817629306938 -0.5620816287937686 0
    outer loop
      vertex 6.153298377990723 11.560747146606445 0
      vertex 6.142704963684082 11.576334953308105 2.799999237060547
      vertex 6.142704963684082 11.576334953308105 0
    endloop
  endfacet
  facet normal -0.8270817629306938 -0.5620816287937686 0
    outer loop
      vertex 6.142704963684082 11.576334953308105 2.799999237060547
      vertex 6.153298377990723 11.560747146606445 0
      vertex 6.153298377990723 11.560747146606445 2.799999237060547
    endloop
  endfacet
  facet normal 0.09412132591765666 0.9955607344645039 0
    outer loop
      vertex -5.91883659362793 11.100591659545898 0
      vertex -5.937599182128906 11.102365493774414 2.799999237060547
      vertex -5.91883659362793 11.100591659545898 2.799999237060547
    endloop
  endfacet
  facet normal 0.09412132591765666 0.9955607344645039 0
    outer loop
      vertex -5.937599182128906 11.102365493774414 2.799999237060547
      vertex -5.91883659362793 11.100591659545898 0
      vertex -5.937599182128906 11.102365493774414 0
    endloop
  endfacet
  facet normal 0.03142432711320473 -0.9995061338808694 0
    outer loop
      vertex -5.91883659362793 11.699407577514648 2.799999237060547
      vertex -5.899999618530273 11.699999809265137 2.59999942779541
      vertex -5.899999618530273 11.699999809265137 2.799999237060547
    endloop
  endfacet
  facet normal 0.03142432711320473 -0.9995061338808694 0
    outer loop
      vertex -5.91883659362793 11.699407577514648 2.799999237060547
      vertex -5.899999618530273 11.699999809265137 2.1999998092651367
      vertex -5.899999618530273 11.699999809265137 2.59999942779541
    endloop
  endfacet
  facet normal 0.03142432711320473 -0.9995061338808694 0
    outer loop
      vertex -5.91883659362793 11.699407577514648 0
      vertex -5.899999618530273 11.699999809265137 2.1999998092651367
      vertex -5.91883659362793 11.699407577514648 2.799999237060547
    endloop
  endfacet
  facet normal 0.03142432711320473 -0.9995061338808693 0
    outer loop
      vertex -5.899999618530273 11.699999809265137 2.1999998092651367
      vertex -5.91883659362793 11.699407577514648 0
      vertex -5.899999618530273 11.699999809265137 0
    endloop
  endfacet
  facet normal 0.6613086191712378 0.750113931486298 0
    outer loop
      vertex -6.091226577758789 11.168845176696777 0
      vertex -6.105363845825195 11.18130874633789 2.799999237060547
      vertex -6.091226577758789 11.168845176696777 2.799999237060547
    endloop
  endfacet
  facet normal 0.6613086191712378 0.750113931486298 0
    outer loop
      vertex -6.105363845825195 11.18130874633789 2.799999237060547
      vertex -6.091226577758789 11.168845176696777 0
      vertex -6.105363845825195 11.18130874633789 0
    endloop
  endfacet
  facet normal 0.8270657750990594 0.5621051535609614 0
    outer loop
      vertex -6.142704963684082 11.223664283752441 2.799999237060547
      vertex -6.153298377990723 11.239251136779785 0
      vertex -6.153298377990723 11.239251136779785 2.799999237060547
    endloop
  endfacet
  facet normal 0.8270657750990594 0.5621051535609614 0
    outer loop
      vertex -6.153298377990723 11.239251136779785 0
      vertex -6.142704963684082 11.223664283752441 2.799999237060547
      vertex -6.142704963684082 11.223664283752441 0
    endloop
  endfacet
  facet normal 0.3971415818131048 -0.9177573557291627 0
    outer loop
      vertex -6.027732849121094 11.67144775390625 0
      vertex -6.01043701171875 11.678932189941406 2.799999237060547
      vertex -6.027732849121094 11.67144775390625 2.799999237060547
    endloop
  endfacet
  facet normal 0.3971415818131048 -0.9177573557291627 0
    outer loop
      vertex -6.01043701171875 11.678932189941406 2.799999237060547
      vertex -6.027732849121094 11.67144775390625 0
      vertex -6.01043701171875 11.678932189941406 0
    endloop
  endfacet
  facet normal -0.09412132591765666 0.9955607344645039 0
    outer loop
      vertex 5.937599182128906 11.102365493774414 0
      vertex 5.91883659362793 11.100591659545898 2.799999237060547
      vertex 5.937599182128906 11.102365493774414 2.799999237060547
    endloop
  endfacet
  facet normal -0.09412132591765666 0.9955607344645039 0
    outer loop
      vertex 5.91883659362793 11.100591659545898 2.799999237060547
      vertex 5.937599182128906 11.102365493774414 0
      vertex 5.91883659362793 11.100591659545898 0
    endloop
  endfacet
  facet normal -0.33877143019208855 0.9408687039569372 0
    outer loop
      vertex 6.01043701171875 11.12106704711914 0
      vertex 5.992704391479492 11.1146821975708 2.799999237060547
      vertex 6.01043701171875 11.12106704711914 2.799999237060547
    endloop
  endfacet
  facet normal -0.33877143019208855 0.9408687039569372 0
    outer loop
      vertex 5.992704391479492 11.1146821975708 2.799999237060547
      vertex 6.01043701171875 11.12106704711914 0
      vertex 5.992704391479492 11.1146821975708 0
    endloop
  endfacet
  facet normal 0.8270817629306938 -0.5620816287937686 0
    outer loop
      vertex -6.153298377990723 11.560747146606445 2.799999237060547
      vertex -6.142704963684082 11.576334953308105 0
      vertex -6.142704963684082 11.576334953308105 2.799999237060547
    endloop
  endfacet
  facet normal 0.8270817629306938 -0.5620816287937686 0
    outer loop
      vertex -6.142704963684082 11.576334953308105 0
      vertex -6.153298377990723 11.560747146606445 2.799999237060547
      vertex -6.153298377990723 11.560747146606445 0
    endloop
  endfacet
  facet normal -0.6613086191712378 0.750113931486298 0
    outer loop
      vertex 6.105363845825195 11.18130874633789 0
      vertex 6.091226577758789 11.168845176696777 2.799999237060547
      vertex 6.105363845825195 11.18130874633789 2.799999237060547
    endloop
  endfacet
  facet normal -0.6613086191712378 0.750113931486298 0
    outer loop
      vertex 6.091226577758789 11.168845176696777 2.799999237060547
      vertex 6.105363845825195 11.18130874633789 0
      vertex 6.091226577758789 11.168845176696777 0
    endloop
  endfacet
  facet normal -0.7501390329139643 0.6612801458526502 0
    outer loop
      vertex 6.118690490722656 11.194635391235352 0
      vertex 6.131153106689453 11.208772659301758 2.799999237060547
      vertex 6.131153106689453 11.208772659301758 0
    endloop
  endfacet
  facet normal -0.7501390329139643 0.6612801458526502 0
    outer loop
      vertex 6.131153106689453 11.208772659301758 2.799999237060547
      vertex 6.118690490722656 11.194635391235352 0
      vertex 6.118690490722656 11.194635391235352 2.799999237060547
    endloop
  endfacet
  facet normal -0.7071067811865476 -0.7071067811865476 0
    outer loop
      vertex 6.118690490722656 11.605363845825195 0
      vertex 6.105363845825195 11.618690490722656 2.799999237060547
      vertex 6.105363845825195 11.618690490722656 0
    endloop
  endfacet
  facet normal -0.7071067811865476 -0.7071067811865476 0
    outer loop
      vertex 6.105363845825195 11.618690490722656 2.799999237060547
      vertex 6.118690490722656 11.605363845825195 0
      vertex 6.118690490722656 11.605363845825195 2.799999237060547
    endloop
  endfacet
  facet normal 0.6612801458526502 -0.7501390329139643 0
    outer loop
      vertex -6.105363845825195 11.618690490722656 0
      vertex -6.091226577758789 11.631153106689453 2.799999237060547
      vertex -6.105363845825195 11.618690490722656 2.799999237060547
    endloop
  endfacet
  facet normal 0.6612801458526502 -0.7501390329139643 0
    outer loop
      vertex -6.091226577758789 11.631153106689453 2.799999237060547
      vertex -6.105363845825195 11.618690490722656 0
      vertex -6.091226577758789 11.631153106689453 0
    endloop
  endfacet
  facet normal -0.9759160266868775 -0.21814653069828524 0
    outer loop
      vertex 6.194685935974121 11.45621395111084 0
      vertex 6.190574645996094 11.47460651397705 2.799999237060547
      vertex 6.190574645996094 11.47460651397705 0
    endloop
  endfacet
  facet normal -0.9759160266868775 -0.21814653069828524 0
    outer loop
      vertex 6.190574645996094 11.47460651397705 2.799999237060547
      vertex 6.194685935974121 11.45621395111084 0
      vertex 6.194685935974121 11.45621395111084 2.799999237060547
    endloop
  endfacet
  facet normal 0.7901362790005535 -0.6129312038125971 0
    outer loop
      vertex -6.142704963684082 11.576334953308105 2.799999237060547
      vertex -6.131153106689453 11.591226577758789 0
      vertex -6.131153106689453 11.591226577758789 2.799999237060547
    endloop
  endfacet
  facet normal 0.7901362790005535 -0.6129312038125971 0
    outer loop
      vertex -6.131153106689453 11.591226577758789 0
      vertex -6.142704963684082 11.576334953308105 2.799999237060547
      vertex -6.142704963684082 11.576334953308105 0
    endloop
  endfacet
  facet normal 0.7501390329139643 -0.6612801458526502 0
    outer loop
      vertex -6.131153106689453 11.591226577758789 2.799999237060547
      vertex -6.118690490722656 11.605363845825195 0
      vertex -6.118690490722656 11.605363845825195 2.799999237060547
    endloop
  endfacet
  facet normal 0.7501390329139643 -0.6612801458526502 0
    outer loop
      vertex -6.118690490722656 11.605363845825195 0
      vertex -6.131153106689453 11.591226577758789 2.799999237060547
      vertex -6.131153106689453 11.591226577758789 0
    endloop
  endfacet
  facet normal -0.9602845769652638 -0.2790224565203386 0
    outer loop
      vertex 6.190574645996094 11.47460651397705 0
      vertex 6.18531608581543 11.492704391479492 2.799999237060547
      vertex 6.18531608581543 11.492704391479492 0
    endloop
  endfacet
  facet normal -0.9602845769652638 -0.2790224565203386 0
    outer loop
      vertex 6.18531608581543 11.492704391479492 2.799999237060547
      vertex 6.190574645996094 11.47460651397705 0
      vertex 6.190574645996094 11.47460651397705 2.799999237060547
    endloop
  endfacet
  facet normal -0.09412132591765666 -0.9955607344645039 0
    outer loop
      vertex 5.91883659362793 11.699407577514648 0
      vertex 5.937599182128906 11.697633743286133 2.799999237060547
      vertex 5.91883659362793 11.699407577514648 2.799999237060547
    endloop
  endfacet
  facet normal -0.09412132591765666 -0.9955607344645039 0
    outer loop
      vertex 5.937599182128906 11.697633743286133 2.799999237060547
      vertex 5.91883659362793 11.699407577514648 0
      vertex 5.937599182128906 11.697633743286133 0
    endloop
  endfacet
  facet normal -0.7501390329139643 -0.6612801458526502 0
    outer loop
      vertex 6.131153106689453 11.591226577758789 0
      vertex 6.118690490722656 11.605363845825195 2.799999237060547
      vertex 6.118690490722656 11.605363845825195 0
    endloop
  endfacet
  facet normal -0.7501390329139643 -0.6612801458526502 0
    outer loop
      vertex 6.118690490722656 11.605363845825195 2.799999237060547
      vertex 6.131153106689453 11.591226577758789 0
      vertex 6.131153106689453 11.591226577758789 2.799999237060547
    endloop
  endfacet
  facet normal -0.4539811142068577 0.8910113062938652 0
    outer loop
      vertex 6.044526100158691 11.137107849121094 0
      vertex 6.027732849121094 11.128551483154297 2.799999237060547
      vertex 6.044526100158691 11.137107849121094 2.799999237060547
    endloop
  endfacet
  facet normal -0.4539811142068577 0.8910113062938652 0
    outer loop
      vertex 6.027732849121094 11.128551483154297 2.799999237060547
      vertex 6.044526100158691 11.137107849121094 0
      vertex 6.027732849121094 11.128551483154297 0
    endloop
  endfacet
  facet normal 0.9177573557291627 -0.3971415818131048 0
    outer loop
      vertex -6.178932189941406 11.51043701171875 2.799999237060547
      vertex -6.17144775390625 11.527732849121094 0
      vertex -6.17144775390625 11.527732849121094 2.799999237060547
    endloop
  endfacet
  facet normal 0.9177573557291627 -0.3971415818131048 0
    outer loop
      vertex -6.17144775390625 11.527732849121094 0
      vertex -6.178932189941406 11.51043701171875 2.799999237060547
      vertex -6.178932189941406 11.51043701171875 0
    endloop
  endfacet
  facet normal -0.9876910575159983 0.15641731011281643 0
    outer loop
      vertex 6.194685935974121 11.343785285949707 0
      vertex 6.197633743286133 11.362399101257324 2.799999237060547
      vertex 6.197633743286133 11.362399101257324 0
    endloop
  endfacet
  facet normal -0.9876910575159983 0.15641731011281643 0
    outer loop
      vertex 6.197633743286133 11.362399101257324 2.799999237060547
      vertex 6.194685935974121 11.343785285949707 0
      vertex 6.194685935974121 11.343785285949707 2.799999237060547
    endloop
  endfacet
  facet normal -0.9602845769652638 0.2790224565203386 0
    outer loop
      vertex 6.18531608581543 11.307294845581055 0
      vertex 6.190574645996094 11.325392723083496 2.799999237060547
      vertex 6.190574645996094 11.325392723083496 0
    endloop
  endfacet
  facet normal -0.9602845769652638 0.2790224565203386 0
    outer loop
      vertex 6.190574645996094 11.325392723083496 2.799999237060547
      vertex 6.18531608581543 11.307294845581055 0
      vertex 6.18531608581543 11.307294845581055 2.799999237060547
    endloop
  endfacet
  facet normal -0.21814653069828524 -0.9759160266868775 0
    outer loop
      vertex 5.95621395111084 11.694685935974121 0
      vertex 5.974606513977051 11.690574645996094 2.799999237060547
      vertex 5.95621395111084 11.694685935974121 2.799999237060547
    endloop
  endfacet
  facet normal -0.21814653069828524 -0.9759160266868775 0
    outer loop
      vertex 5.974606513977051 11.690574645996094 2.799999237060547
      vertex 5.95621395111084 11.694685935974121 0
      vertex 5.974606513977051 11.690574645996094 0
    endloop
  endfacet
  facet normal -0.9955611827124909 0.09411658449022786 0
    outer loop
      vertex 6.197633743286133 11.362399101257324 0
      vertex 6.199407577514648 11.381162643432617 2.799999237060547
      vertex 6.199407577514648 11.381162643432617 0
    endloop
  endfacet
  facet normal -0.9955611827124909 0.09411658449022786 0
    outer loop
      vertex 6.199407577514648 11.381162643432617 2.799999237060547
      vertex 6.197633743286133 11.362399101257324 0
      vertex 6.197633743286133 11.362399101257324 2.799999237060547
    endloop
  endfacet
  facet normal -0.6129312038125971 -0.7901362790005535 0
    outer loop
      vertex 6.0763349533081055 11.642704963684082 0
      vertex 6.091226577758789 11.631153106689453 2.799999237060547
      vertex 6.0763349533081055 11.642704963684082 2.799999237060547
    endloop
  endfacet
  facet normal -0.6129312038125971 -0.7901362790005535 0
    outer loop
      vertex 6.091226577758789 11.631153106689453 2.799999237060547
      vertex 6.0763349533081055 11.642704963684082 0
      vertex 6.091226577758789 11.631153106689453 0
    endloop
  endfacet
  facet normal -0.03142432711320473 -0.9995061338808694 0
    outer loop
      vertex 5.899999618530273 11.699999809265137 2.59999942779541
      vertex 5.91883659362793 11.699407577514648 2.799999237060547
      vertex 5.899999618530273 11.699999809265137 2.799999237060547
    endloop
  endfacet
  facet normal -0.03142432711320473 -0.9995061338808694 0
    outer loop
      vertex 5.899999618530273 11.699999809265137 2.1999998092651367
      vertex 5.91883659362793 11.699407577514648 2.799999237060547
      vertex 5.899999618530273 11.699999809265137 2.59999942779541
    endloop
  endfacet
  facet normal -0.03142432711320473 -0.9995061338808693 0
    outer loop
      vertex 5.91883659362793 11.699407577514648 0
      vertex 5.899999618530273 11.699999809265137 2.1999998092651367
      vertex 5.899999618530273 11.699999809265137 0
    endloop
  endfacet
  facet normal -0.03142432711320473 -0.9995061338808694 0
    outer loop
      vertex 5.899999618530273 11.699999809265137 2.1999998092651367
      vertex 5.91883659362793 11.699407577514648 0
      vertex 5.91883659362793 11.699407577514648 2.799999237060547
    endloop
  endfacet
  facet normal 0.9408848315934861 -0.3387266356183068 0
    outer loop
      vertex -6.18531608581543 11.492704391479492 2.799999237060547
      vertex -6.178932189941406 11.51043701171875 0
      vertex -6.178932189941406 11.51043701171875 2.799999237060547
    endloop
  endfacet
  facet normal 0.9408848315934861 -0.3387266356183068 0
    outer loop
      vertex -6.178932189941406 11.51043701171875 0
      vertex -6.18531608581543 11.492704391479492 2.799999237060547
      vertex -6.18531608581543 11.492704391479492 0
    endloop
  endfacet
  facet normal 0.4539811142068577 0.8910113062938652 0
    outer loop
      vertex -6.027732849121094 11.128551483154297 0
      vertex -6.044526100158691 11.137107849121094 2.799999237060547
      vertex -6.027732849121094 11.128551483154297 2.799999237060547
    endloop
  endfacet
  facet normal 0.4539811142068577 0.8910113062938652 0
    outer loop
      vertex -6.044526100158691 11.137107849121094 2.799999237060547
      vertex -6.027732849121094 11.128551483154297 0
      vertex -6.044526100158691 11.137107849121094 0
    endloop
  endfacet
  facet normal 0.9759160266868775 0.21814653069828524 0
    outer loop
      vertex -6.190574645996094 11.325392723083496 2.799999237060547
      vertex -6.194685935974121 11.343785285949707 0
      vertex -6.194685935974121 11.343785285949707 2.799999237060547
    endloop
  endfacet
  facet normal 0.9759160266868775 0.21814653069828524 0
    outer loop
      vertex -6.194685935974121 11.343785285949707 0
      vertex -6.190574645996094 11.325392723083496 2.799999237060547
      vertex -6.190574645996094 11.325392723083496 0
    endloop
  endfacet
  facet normal 0.21814653069828524 0.9759160266868775 0
    outer loop
      vertex -5.95621395111084 11.105313301086426 0
      vertex -5.974606513977051 11.109424591064453 2.799999237060547
      vertex -5.95621395111084 11.105313301086426 2.799999237060547
    endloop
  endfacet
  facet normal 0.21814653069828524 0.9759160266868775 0
    outer loop
      vertex -5.974606513977051 11.109424591064453 2.799999237060547
      vertex -5.95621395111084 11.105313301086426 0
      vertex -5.974606513977051 11.109424591064453 0
    endloop
  endfacet
  facet normal 0.3971415818131048 0.9177573557291627 0
    outer loop
      vertex -6.01043701171875 11.12106704711914 0
      vertex -6.027732849121094 11.128551483154297 2.799999237060547
      vertex -6.01043701171875 11.12106704711914 2.799999237060547
    endloop
  endfacet
  facet normal 0.3971415818131048 0.9177573557291627 0
    outer loop
      vertex -6.027732849121094 11.128551483154297 2.799999237060547
      vertex -6.01043701171875 11.12106704711914 0
      vertex -6.027732849121094 11.128551483154297 0
    endloop
  endfacet
  facet normal -0.9408848315934861 -0.3387266356183068 0
    outer loop
      vertex 6.18531608581543 11.492704391479492 0
      vertex 6.178932189941406 11.51043701171875 2.799999237060547
      vertex 6.178932189941406 11.51043701171875 0
    endloop
  endfacet
  facet normal -0.9408848315934861 -0.3387266356183068 0
    outer loop
      vertex 6.178932189941406 11.51043701171875 2.799999237060547
      vertex 6.18531608581543 11.492704391479492 0
      vertex 6.18531608581543 11.492704391479492 2.799999237060547
    endloop
  endfacet
  facet normal -0.3971415818131048 0.9177573557291627 0
    outer loop
      vertex 6.027732849121094 11.128551483154297 0
      vertex 6.01043701171875 11.12106704711914 2.799999237060547
      vertex 6.027732849121094 11.128551483154297 2.799999237060547
    endloop
  endfacet
  facet normal -0.3971415818131048 0.9177573557291627 0
    outer loop
      vertex 6.01043701171875 11.12106704711914 2.799999237060547
      vertex 6.027732849121094 11.128551483154297 0
      vertex 6.01043701171875 11.12106704711914 0
    endloop
  endfacet
  facet normal 0.15640949256927125 0.987692295522357 0
    outer loop
      vertex -5.937599182128906 11.102365493774414 0
      vertex -5.95621395111084 11.105313301086426 2.799999237060547
      vertex -5.937599182128906 11.102365493774414 2.799999237060547
    endloop
  endfacet
  facet normal 0.15640949256927125 0.987692295522357 0
    outer loop
      vertex -5.95621395111084 11.105313301086426 2.799999237060547
      vertex -5.937599182128906 11.102365493774414 0
      vertex -5.95621395111084 11.105313301086426 0
    endloop
  endfacet
  facet normal 0.9955611827124909 0.09411658449022786 0
    outer loop
      vertex -6.197633743286133 11.362399101257324 2.799999237060547
      vertex -6.199407577514648 11.381162643432617 0
      vertex -6.199407577514648 11.381162643432617 2.799999237060547
    endloop
  endfacet
  facet normal 0.9955611827124909 0.09411658449022786 0
    outer loop
      vertex -6.199407577514648 11.381162643432617 0
      vertex -6.197633743286133 11.362399101257324 2.799999237060547
      vertex -6.197633743286133 11.362399101257324 0
    endloop
  endfacet
  facet normal 0.9408848315934861 0.3387266356183068 0
    outer loop
      vertex -6.178932189941406 11.289562225341797 2.799999237060547
      vertex -6.18531608581543 11.307294845581055 0
      vertex -6.18531608581543 11.307294845581055 2.799999237060547
    endloop
  endfacet
  facet normal 0.9408848315934861 0.3387266356183068 0
    outer loop
      vertex -6.18531608581543 11.307294845581055 0
      vertex -6.178932189941406 11.289562225341797 2.799999237060547
      vertex -6.178932189941406 11.289562225341797 0
    endloop
  endfacet
  facet normal -0.4539811142068577 -0.8910113062938652 0
    outer loop
      vertex 6.027732849121094 11.67144775390625 0
      vertex 6.044526100158691 11.662891387939453 2.799999237060547
      vertex 6.027732849121094 11.67144775390625 2.799999237060547
    endloop
  endfacet
  facet normal -0.4539811142068577 -0.8910113062938652 0
    outer loop
      vertex 6.044526100158691 11.662891387939453 2.799999237060547
      vertex 6.027732849121094 11.67144775390625 0
      vertex 6.044526100158691 11.662891387939453 0
    endloop
  endfacet
  facet normal -0.6128996112958489 0.7901607852034909 0
    outer loop
      vertex 6.091226577758789 11.168845176696777 0
      vertex 6.0763349533081055 11.157294273376465 2.799999237060547
      vertex 6.091226577758789 11.168845176696777 2.799999237060547
    endloop
  endfacet
  facet normal -0.6128996112958489 0.7901607852034909 0
    outer loop
      vertex 6.0763349533081055 11.157294273376465 2.799999237060547
      vertex 6.091226577758789 11.168845176696777 0
      vertex 6.0763349533081055 11.157294273376465 0
    endloop
  endfacet
  facet normal 0.2790224565203386 -0.9602845769652638 0
    outer loop
      vertex -5.992704391479492 11.68531608581543 0
      vertex -5.974606513977051 11.690574645996094 2.799999237060547
      vertex -5.992704391479492 11.68531608581543 2.799999237060547
    endloop
  endfacet
  facet normal 0.2790224565203386 -0.9602845769652638 0
    outer loop
      vertex -5.974606513977051 11.690574645996094 2.799999237060547
      vertex -5.992704391479492 11.68531608581543 0
      vertex -5.974606513977051 11.690574645996094 0
    endloop
  endfacet
  facet normal 0.9602845769652638 0.2790224565203386 0
    outer loop
      vertex -6.18531608581543 11.307294845581055 2.799999237060547
      vertex -6.190574645996094 11.325392723083496 0
      vertex -6.190574645996094 11.325392723083496 2.799999237060547
    endloop
  endfacet
  facet normal 0.9602845769652638 0.2790224565203386 0
    outer loop
      vertex -6.190574645996094 11.325392723083496 0
      vertex -6.18531608581543 11.307294845581055 2.799999237060547
      vertex -6.18531608581543 11.307294845581055 0
    endloop
  endfacet
  facet normal -0.3387266356183068 -0.9408848315934861 0
    outer loop
      vertex 5.992704391479492 11.68531608581543 0
      vertex 6.01043701171875 11.678932189941406 2.799999237060547
      vertex 5.992704391479492 11.68531608581543 2.799999237060547
    endloop
  endfacet
  facet normal -0.3387266356183068 -0.9408848315934861 0
    outer loop
      vertex 6.01043701171875 11.678932189941406 2.799999237060547
      vertex 5.992704391479492 11.68531608581543 0
      vertex 6.01043701171875 11.678932189941406 0
    endloop
  endfacet
  facet normal -0.5090378705197731 -0.8607441236376201 0
    outer loop
      vertex 6.044526100158691 11.662891387939453 0
      vertex 6.060747146606445 11.653298377990723 2.799999237060547
      vertex 6.044526100158691 11.662891387939453 2.799999237060547
    endloop
  endfacet
  facet normal -0.5090378705197731 -0.8607441236376201 0
    outer loop
      vertex 6.060747146606445 11.653298377990723 2.799999237060547
      vertex 6.044526100158691 11.662891387939453 0
      vertex 6.060747146606445 11.653298377990723 0
    endloop
  endfacet
  facet normal 0.7501390329139643 0.6612801458526502 0
    outer loop
      vertex -6.118690490722656 11.194635391235352 2.799999237060547
      vertex -6.131153106689453 11.208772659301758 0
      vertex -6.131153106689453 11.208772659301758 2.799999237060547
    endloop
  endfacet
  facet normal 0.7501390329139643 0.6612801458526502 0
    outer loop
      vertex -6.131153106689453 11.208772659301758 0
      vertex -6.118690490722656 11.194635391235352 2.799999237060547
      vertex -6.118690490722656 11.194635391235352 0
    endloop
  endfacet
  facet normal -0.27897579257001254 0.9602981345186157 0
    outer loop
      vertex 5.992704391479492 11.1146821975708 0
      vertex 5.974606513977051 11.109424591064453 2.799999237060547
      vertex 5.992704391479492 11.1146821975708 2.799999237060547
    endloop
  endfacet
  facet normal -0.27897579257001254 0.9602981345186157 0
    outer loop
      vertex 5.974606513977051 11.109424591064453 2.799999237060547
      vertex 5.992704391479492 11.1146821975708 0
      vertex 5.974606513977051 11.109424591064453 0
    endloop
  endfacet
  facet normal -0.5620816287937686 0.8270817629306938 0
    outer loop
      vertex 6.0763349533081055 11.157294273376465 0
      vertex 6.060747146606445 11.146700859069824 2.799999237060547
      vertex 6.0763349533081055 11.157294273376465 2.799999237060547
    endloop
  endfacet
  facet normal -0.5620816287937686 0.8270817629306938 0
    outer loop
      vertex 6.060747146606445 11.146700859069824 2.799999237060547
      vertex 6.0763349533081055 11.157294273376465 0
      vertex 6.060747146606445 11.146700859069824 0
    endloop
  endfacet
  facet normal 0.6128996112958489 0.7901607852034909 0
    outer loop
      vertex -6.0763349533081055 11.157294273376465 0
      vertex -6.091226577758789 11.168845176696777 2.799999237060547
      vertex -6.0763349533081055 11.157294273376465 2.799999237060547
    endloop
  endfacet
  facet normal 0.6128996112958489 0.7901607852034909 0
    outer loop
      vertex -6.091226577758789 11.168845176696777 2.799999237060547
      vertex -6.0763349533081055 11.157294273376465 0
      vertex -6.091226577758789 11.168845176696777 0
    endloop
  endfacet
  facet normal 0.27897579257001254 0.9602981345186157 0
    outer loop
      vertex -5.974606513977051 11.109424591064453 0
      vertex -5.992704391479492 11.1146821975708 2.799999237060547
      vertex -5.974606513977051 11.109424591064453 2.799999237060547
    endloop
  endfacet
  facet normal 0.27897579257001254 0.9602981345186157 0
    outer loop
      vertex -5.992704391479492 11.1146821975708 2.799999237060547
      vertex -5.974606513977051 11.109424591064453 0
      vertex -5.992704391479492 11.1146821975708 0
    endloop
  endfacet
  facet normal 0.8910008770345684 0.45400158273251634 0
    outer loop
      vertex -6.162891387939453 11.255473136901855 2.799999237060547
      vertex -6.17144775390625 11.272265434265137 0
      vertex -6.17144775390625 11.272265434265137 2.799999237060547
    endloop
  endfacet
  facet normal 0.8910008770345684 0.45400158273251634 0
    outer loop
      vertex -6.17144775390625 11.272265434265137 0
      vertex -6.162891387939453 11.255473136901855 2.799999237060547
      vertex -6.162891387939453 11.255473136901855 0
    endloop
  endfacet
  facet normal 0.09412132591765666 -0.9955607344645039 0
    outer loop
      vertex -5.937599182128906 11.697633743286133 0
      vertex -5.91883659362793 11.699407577514648 2.799999237060547
      vertex -5.937599182128906 11.697633743286133 2.799999237060547
    endloop
  endfacet
  facet normal 0.09412132591765666 -0.9955607344645039 0
    outer loop
      vertex -5.91883659362793 11.699407577514648 2.799999237060547
      vertex -5.937599182128906 11.697633743286133 0
      vertex -5.91883659362793 11.699407577514648 0
    endloop
  endfacet
  facet normal 0 0 -1
    outer loop
      vertex 6.199407577514648 11.381162643432617 2.799999237060547
      vertex 6.199407577514648 11.41883659362793 2.799999237060547
      vertex 6.199999809265137 11.399999618530273 2.799999237060547
    endloop
  endfacet
  facet normal 0 0 -1
    outer loop
      vertex 6.197633743286133 11.362399101257324 2.799999237060547
      vertex 6.199407577514648 11.41883659362793 2.799999237060547
      vertex 6.199407577514648 11.381162643432617 2.799999237060547
    endloop
  endfacet
  facet normal 0 0 -1
    outer loop
      vertex 6.197633743286133 11.362399101257324 2.799999237060547
      vertex 6.197633743286133 11.437599182128906 2.799999237060547
      vertex 6.199407577514648 11.41883659362793 2.799999237060547
    endloop
  endfacet
  facet normal 0 0 -1
    outer loop
      vertex 6.194685935974121 11.343785285949707 2.799999237060547
      vertex 6.197633743286133 11.437599182128906 2.799999237060547
      vertex 6.197633743286133 11.362399101257324 2.799999237060547
    endloop
  endfacet
  facet normal 0 0 -1
    outer loop
      vertex 6.194685935974121 11.343785285949707 2.799999237060547
      vertex 6.194685935974121 11.45621395111084 2.799999237060547
      vertex 6.197633743286133 11.437599182128906 2.799999237060547
    endloop
  endfacet
  facet normal 0 0 -1
    outer loop
      vertex 6.190574645996094 11.325392723083496 2.799999237060547
      vertex 6.194685935974121 11.45621395111084 2.799999237060547
      vertex 6.194685935974121 11.343785285949707 2.799999237060547
    endloop
  endfacet
  facet normal 0 0 -1
    outer loop
      vertex 6.190574645996094 11.325392723083496 2.799999237060547
      vertex 6.190574645996094 11.47460651397705 2.799999237060547
      vertex 6.194685935974121 11.45621395111084 2.799999237060547
    endloop
  endfacet
  facet normal 0 0 -1
    outer loop
      vertex 6.18531608581543 11.307294845581055 2.799999237060547
      vertex 6.190574645996094 11.47460651397705 2.799999237060547
      vertex 6.190574645996094 11.325392723083496 2.799999237060547
    endloop
  endfacet
  facet normal 0 0 -1
    outer loop
      vertex 6.18531608581543 11.307294845581055 2.799999237060547
      vertex 6.18531608581543 11.492704391479492 2.799999237060547
      vertex 6.190574645996094 11.47460651397705 2.799999237060547
    endloop
  endfacet
  facet normal 0 0 -1
    outer loop
      vertex 6.178932189941406 11.289562225341797 2.799999237060547
      vertex 6.18531608581543 11.492704391479492 2.799999237060547
      vertex 6.18531608581543 11.307294845581055 2.799999237060547
    endloop
  endfacet
  facet normal 0 0 -1
    outer loop
      vertex 6.178932189941406 11.289562225341797 2.799999237060547
      vertex 6.178932189941406 11.51043701171875 2.799999237060547
      vertex 6.18531608581543 11.492704391479492 2.799999237060547
    endloop
  endfacet
  facet normal 0 0 -1
    outer loop
      vertex 6.17144775390625 11.272265434265137 2.799999237060547
      vertex 6.178932189941406 11.51043701171875 2.799999237060547
      vertex 6.178932189941406 11.289562225341797 2.799999237060547
    endloop
  endfacet
  facet normal 0 0 -1
    outer loop
      vertex 6.17144775390625 11.272265434265137 2.799999237060547
      vertex 6.17144775390625 11.527732849121094 2.799999237060547
      vertex 6.178932189941406 11.51043701171875 2.799999237060547
    endloop
  endfacet
  facet normal 0 0 -1
    outer loop
      vertex 6.162891387939453 11.255473136901855 2.799999237060547
      vertex 6.17144775390625 11.527732849121094 2.799999237060547
      vertex 6.17144775390625 11.272265434265137 2.799999237060547
    endloop
  endfacet
  facet normal 0 0 -1
    outer loop
      vertex 6.162891387939453 11.255473136901855 2.799999237060547
      vertex 6.162891387939453 11.544526100158691 2.799999237060547
      vertex 6.17144775390625 11.527732849121094 2.799999237060547
    endloop
  endfacet
  facet normal 0 0 -1
    outer loop
      vertex 6.153298377990723 11.239251136779785 2.799999237060547
      vertex 6.162891387939453 11.544526100158691 2.799999237060547
      vertex 6.162891387939453 11.255473136901855 2.799999237060547
    endloop
  endfacet
  facet normal 0 0 -1
    outer loop
      vertex 6.153298377990723 11.239251136779785 2.799999237060547
      vertex 6.153298377990723 11.560747146606445 2.799999237060547
      vertex 6.162891387939453 11.544526100158691 2.799999237060547
    endloop
  endfacet
  facet normal 0 0 -1
    outer loop
      vertex 6.142704963684082 11.223664283752441 2.799999237060547
      vertex 6.153298377990723 11.560747146606445 2.799999237060547
      vertex 6.153298377990723 11.239251136779785 2.799999237060547
    endloop
  endfacet
  facet normal 0 0 -1
    outer loop
      vertex 6.142704963684082 11.223664283752441 2.799999237060547
      vertex 6.142704963684082 11.576334953308105 2.799999237060547
      vertex 6.153298377990723 11.560747146606445 2.799999237060547
    endloop
  endfacet
  facet normal 0 0 -1
    outer loop
      vertex 6.131153106689453 11.208772659301758 2.799999237060547
      vertex 6.142704963684082 11.576334953308105 2.799999237060547
      vertex 6.142704963684082 11.223664283752441 2.799999237060547
    endloop
  endfacet
  facet normal 0 0 -1
    outer loop
      vertex 6.131153106689453 11.208772659301758 2.799999237060547
      vertex 6.131153106689453 11.591226577758789 2.799999237060547
      vertex 6.142704963684082 11.576334953308105 2.799999237060547
    endloop
  endfacet
  facet normal 0 0 -1
    outer loop
      vertex 6.118690490722656 11.194635391235352 2.799999237060547
      vertex 6.131153106689453 11.591226577758789 2.799999237060547
      vertex 6.131153106689453 11.208772659301758 2.799999237060547
    endloop
  endfacet
  facet normal 0 0 -1
    outer loop
      vertex 6.118690490722656 11.194635391235352 2.799999237060547
      vertex 6.118690490722656 11.605363845825195 2.799999237060547
      vertex 6.131153106689453 11.591226577758789 2.799999237060547
    endloop
  endfacet
  facet normal 0 0 -1
    outer loop
      vertex 6.105363845825195 11.18130874633789 2.799999237060547
      vertex 6.118690490722656 11.605363845825195 2.799999237060547
      vertex 6.118690490722656 11.194635391235352 2.799999237060547
    endloop
  endfacet
  facet normal 0 0 -1
    outer loop
      vertex 6.105363845825195 11.18130874633789 2.799999237060547
      vertex 6.105363845825195 11.618690490722656 2.799999237060547
      vertex 6.118690490722656 11.605363845825195 2.799999237060547
    endloop
  endfacet
  facet normal 0 0 -1
    outer loop
      vertex 6.091226577758789 11.168845176696777 2.799999237060547
      vertex 6.105363845825195 11.618690490722656 2.799999237060547
      vertex 6.105363845825195 11.18130874633789 2.799999237060547
    endloop
  endfacet
  facet normal 0 0 -1
    outer loop
      vertex 6.091226577758789 11.168845176696777 2.799999237060547
      vertex 6.091226577758789 11.631153106689453 2.799999237060547
      vertex 6.105363845825195 11.618690490722656 2.799999237060547
    endloop
  endfacet
  facet normal 0 0 -1
    outer loop
      vertex 6.0763349533081055 11.157294273376465 2.799999237060547
      vertex 6.091226577758789 11.631153106689453 2.799999237060547
      vertex 6.091226577758789 11.168845176696777 2.799999237060547
    endloop
  endfacet
  facet normal 0 0 -1
    outer loop
      vertex 6.0763349533081055 11.157294273376465 2.799999237060547
      vertex 6.0763349533081055 11.642704963684082 2.799999237060547
      vertex 6.091226577758789 11.631153106689453 2.799999237060547
    endloop
  endfacet
  facet normal 0 0 -1
    outer loop
      vertex 6.060747146606445 11.146700859069824 2.799999237060547
      vertex 6.0763349533081055 11.642704963684082 2.799999237060547
      vertex 6.0763349533081055 11.157294273376465 2.799999237060547
    endloop
  endfacet
  facet normal 0 0 -1
    outer loop
      vertex 6.060747146606445 11.146700859069824 2.799999237060547
      vertex 6.060747146606445 11.653298377990723 2.799999237060547
      vertex 6.0763349533081055 11.642704963684082 2.799999237060547
    endloop
  endfacet
  facet normal 0 0 -1
    outer loop
      vertex 6.044526100158691 11.137107849121094 2.799999237060547
      vertex 6.060747146606445 11.653298377990723 2.799999237060547
      vertex 6.060747146606445 11.146700859069824 2.799999237060547
    endloop
  endfacet
  facet normal 0 0 -1
    outer loop
      vertex 6.044526100158691 11.137107849121094 2.799999237060547
      vertex 6.044526100158691 11.662891387939453 2.799999237060547
      vertex 6.060747146606445 11.653298377990723 2.799999237060547
    endloop
  endfacet
  facet normal 0 0 -1
    outer loop
      vertex 6.027732849121094 11.128551483154297 2.799999237060547
      vertex 6.044526100158691 11.662891387939453 2.799999237060547
      vertex 6.044526100158691 11.137107849121094 2.799999237060547
    endloop
  endfacet
  facet normal 0 0 -1
    outer loop
      vertex 6.027732849121094 11.128551483154297 2.799999237060547
      vertex 6.027732849121094 11.67144775390625 2.799999237060547
      vertex 6.044526100158691 11.662891387939453 2.799999237060547
    endloop
  endfacet
  facet normal 0 0 -1
    outer loop
      vertex 6.01043701171875 11.12106704711914 2.799999237060547
      vertex 6.027732849121094 11.67144775390625 2.799999237060547
      vertex 6.027732849121094 11.128551483154297 2.799999237060547
    endloop
  endfacet
  facet normal 0 0 -1
    outer loop
      vertex 6.01043701171875 11.12106704711914 2.799999237060547
      vertex 6.01043701171875 11.678932189941406 2.799999237060547
      vertex 6.027732849121094 11.67144775390625 2.799999237060547
    endloop
  endfacet
  facet normal 0 0 -1
    outer loop
      vertex 5.992704391479492 11.1146821975708 2.799999237060547
      vertex 6.01043701171875 11.678932189941406 2.799999237060547
      vertex 6.01043701171875 11.12106704711914 2.799999237060547
    endloop
  endfacet
  facet normal 0 0 -1
    outer loop
      vertex 5.992704391479492 11.1146821975708 2.799999237060547
      vertex 5.992704391479492 11.68531608581543 2.799999237060547
      vertex 6.01043701171875 11.678932189941406 2.799999237060547
    endloop
  endfacet
  facet normal 0 0 -1
    outer loop
      vertex 5.974606513977051 11.109424591064453 2.799999237060547
      vertex 5.992704391479492 11.68531608581543 2.799999237060547
      vertex 5.992704391479492 11.1146821975708 2.799999237060547
    endloop
  endfacet
  facet normal 0 0 -1
    outer loop
      vertex 5.974606513977051 11.109424591064453 2.799999237060547
      vertex 5.974606513977051 11.690574645996094 2.799999237060547
      vertex 5.992704391479492 11.68531608581543 2.799999237060547
    endloop
  endfacet
  facet normal 0 0 -1
    outer loop
      vertex 5.95621395111084 11.105313301086426 2.799999237060547
      vertex 5.974606513977051 11.690574645996094 2.799999237060547
      vertex 5.974606513977051 11.109424591064453 2.799999237060547
    endloop
  endfacet
  facet normal 0 0 -1
    outer loop
      vertex 5.95621395111084 11.105313301086426 2.799999237060547
      vertex 5.95621395111084 11.694685935974121 2.799999237060547
      vertex 5.974606513977051 11.690574645996094 2.799999237060547
    endloop
  endfacet
  facet normal 0 0 -1
    outer loop
      vertex 5.937599182128906 11.102365493774414 2.799999237060547
      vertex 5.95621395111084 11.694685935974121 2.799999237060547
      vertex 5.95621395111084 11.105313301086426 2.799999237060547
    endloop
  endfacet
  facet normal 0 0 -1
    outer loop
      vertex 5.937599182128906 11.102365493774414 2.799999237060547
      vertex 5.937599182128906 11.697633743286133 2.799999237060547
      vertex 5.95621395111084 11.694685935974121 2.799999237060547
    endloop
  endfacet
  facet normal 0 0 -1
    outer loop
      vertex 5.91883659362793 11.100591659545898 2.799999237060547
      vertex 5.937599182128906 11.697633743286133 2.799999237060547
      vertex 5.937599182128906 11.102365493774414 2.799999237060547
    endloop
  endfacet
  facet normal 0 0 -1
    outer loop
      vertex 5.91883659362793 11.100591659545898 2.799999237060547
      vertex 5.91883659362793 11.699407577514648 2.799999237060547
      vertex 5.937599182128906 11.697633743286133 2.799999237060547
    endloop
  endfacet
  facet normal 0 0 -1
    outer loop
      vertex 5.899999618530273 11.09999942779541 2.799999237060547
      vertex 5.91883659362793 11.699407577514648 2.799999237060547
      vertex 5.91883659362793 11.100591659545898 2.799999237060547
    endloop
  endfacet
  facet normal 0 0 -1
    outer loop
      vertex 5.899999618530273 11.09999942779541 2.799999237060547
      vertex 5.899999618530273 11.699999809265137 2.799999237060547
      vertex 5.91883659362793 11.699407577514648 2.799999237060547
    endloop
  endfacet
  facet normal 0 0 -1
    outer loop
      vertex -5.899999618530273 11.09999942779541 2.799999237060547
      vertex 5.899999618530273 11.699999809265137 2.799999237060547
      vertex 5.899999618530273 11.09999942779541 2.799999237060547
    endloop
  endfacet
  facet normal 0 0 -1
    outer loop
      vertex -5.899999618530273 11.09999942779541 2.799999237060547
      vertex -5.899999618530273 11.699999809265137 2.799999237060547
      vertex 5.899999618530273 11.699999809265137 2.799999237060547
    endloop
  endfacet
  facet normal 0 0 -1
    outer loop
      vertex -5.91883659362793 11.100591659545898 2.799999237060547
      vertex -5.899999618530273 11.699999809265137 2.799999237060547
      vertex -5.899999618530273 11.09999942779541 2.799999237060547
    endloop
  endfacet
  facet normal 0 0 -1
    outer loop
      vertex -5.91883659362793 11.100591659545898 2.799999237060547
      vertex -5.91883659362793 11.699407577514648 2.799999237060547
      vertex -5.899999618530273 11.699999809265137 2.799999237060547
    endloop
  endfacet
  facet normal 0 0 -1
    outer loop
      vertex -5.937599182128906 11.102365493774414 2.799999237060547
      vertex -5.91883659362793 11.699407577514648 2.799999237060547
      vertex -5.91883659362793 11.100591659545898 2.799999237060547
    endloop
  endfacet
  facet normal 0 0 -1
    outer loop
      vertex -5.937599182128906 11.102365493774414 2.799999237060547
      vertex -5.937599182128906 11.697633743286133 2.799999237060547
      vertex -5.91883659362793 11.699407577514648 2.799999237060547
    endloop
  endfacet
  facet normal 0 0 -1
    outer loop
      vertex -5.95621395111084 11.105313301086426 2.799999237060547
      vertex -5.937599182128906 11.697633743286133 2.799999237060547
      vertex -5.937599182128906 11.102365493774414 2.799999237060547
    endloop
  endfacet
  facet normal 0 0 -1
    outer loop
      vertex -5.95621395111084 11.105313301086426 2.799999237060547
      vertex -5.95621395111084 11.694685935974121 2.799999237060547
      vertex -5.937599182128906 11.697633743286133 2.799999237060547
    endloop
  endfacet
  facet normal 0 0 -1
    outer loop
      vertex -5.974606513977051 11.109424591064453 2.799999237060547
      vertex -5.95621395111084 11.694685935974121 2.799999237060547
      vertex -5.95621395111084 11.105313301086426 2.799999237060547
    endloop
  endfacet
  facet normal 0 0 -1
    outer loop
      vertex -5.974606513977051 11.109424591064453 2.799999237060547
      vertex -5.974606513977051 11.690574645996094 2.799999237060547
      vertex -5.95621395111084 11.694685935974121 2.799999237060547
    endloop
  endfacet
  facet normal 0 0 -1
    outer loop
      vertex -5.992704391479492 11.1146821975708 2.799999237060547
      vertex -5.974606513977051 11.690574645996094 2.799999237060547
      vertex -5.974606513977051 11.109424591064453 2.799999237060547
    endloop
  endfacet
  facet normal 0 0 -1
    outer loop
      vertex -5.992704391479492 11.1146821975708 2.799999237060547
      vertex -5.992704391479492 11.68531608581543 2.799999237060547
      vertex -5.974606513977051 11.690574645996094 2.799999237060547
    endloop
  endfacet
  facet normal 0 0 -1
    outer loop
      vertex -6.01043701171875 11.12106704711914 2.799999237060547
      vertex -5.992704391479492 11.68531608581543 2.799999237060547
      vertex -5.992704391479492 11.1146821975708 2.799999237060547
    endloop
  endfacet
  facet normal 0 0 -1
    outer loop
      vertex -6.01043701171875 11.12106704711914 2.799999237060547
      vertex -6.01043701171875 11.678932189941406 2.799999237060547
      vertex -5.992704391479492 11.68531608581543 2.799999237060547
    endloop
  endfacet
  facet normal 0 0 -1
    outer loop
      vertex -6.027732849121094 11.128551483154297 2.799999237060547
      vertex -6.01043701171875 11.678932189941406 2.799999237060547
      vertex -6.01043701171875 11.12106704711914 2.799999237060547
    endloop
  endfacet
  facet normal 0 0 -1
    outer loop
      vertex -6.027732849121094 11.128551483154297 2.799999237060547
      vertex -6.027732849121094 11.67144775390625 2.799999237060547
      vertex -6.01043701171875 11.678932189941406 2.799999237060547
    endloop
  endfacet
  facet normal 0 0 -1
    outer loop
      vertex -6.044526100158691 11.137107849121094 2.799999237060547
      vertex -6.027732849121094 11.67144775390625 2.799999237060547
      vertex -6.027732849121094 11.128551483154297 2.799999237060547
    endloop
  endfacet
  facet normal 0 0 -1
    outer loop
      vertex -6.044526100158691 11.137107849121094 2.799999237060547
      vertex -6.044526100158691 11.662891387939453 2.799999237060547
      vertex -6.027732849121094 11.67144775390625 2.799999237060547
    endloop
  endfacet
  facet normal 0 0 -1
    outer loop
      vertex -6.060747146606445 11.146700859069824 2.799999237060547
      vertex -6.044526100158691 11.662891387939453 2.799999237060547
      vertex -6.044526100158691 11.137107849121094 2.799999237060547
    endloop
  endfacet
  facet normal 0 0 -1
    outer loop
      vertex -6.060747146606445 11.146700859069824 2.799999237060547
      vertex -6.060747146606445 11.653298377990723 2.799999237060547
      vertex -6.044526100158691 11.662891387939453 2.799999237060547
    endloop
  endfacet
  facet normal 0 0 -1
    outer loop
      vertex -6.0763349533081055 11.157294273376465 2.799999237060547
      vertex -6.060747146606445 11.653298377990723 2.799999237060547
      vertex -6.060747146606445 11.146700859069824 2.799999237060547
    endloop
  endfacet
  facet normal 0 0 -1
    outer loop
      vertex -6.0763349533081055 11.157294273376465 2.799999237060547
      vertex -6.0763349533081055 11.642704963684082 2.799999237060547
      vertex -6.060747146606445 11.653298377990723 2.799999237060547
    endloop
  endfacet
  facet normal 0 0 -1
    outer loop
      vertex -6.091226577758789 11.168845176696777 2.799999237060547
      vertex -6.0763349533081055 11.642704963684082 2.799999237060547
      vertex -6.0763349533081055 11.157294273376465 2.799999237060547
    endloop
  endfacet
  facet normal 0 0 -1
    outer loop
      vertex -6.091226577758789 11.168845176696777 2.799999237060547
      vertex -6.091226577758789 11.631153106689453 2.799999237060547
      vertex -6.0763349533081055 11.642704963684082 2.799999237060547
    endloop
  endfacet
  facet normal 0 0 -1
    outer loop
      vertex -6.105363845825195 11.18130874633789 2.799999237060547
      vertex -6.091226577758789 11.631153106689453 2.799999237060547
      vertex -6.091226577758789 11.168845176696777 2.799999237060547
    endloop
  endfacet
  facet normal 0 0 -1
    outer loop
      vertex -6.105363845825195 11.18130874633789 2.799999237060547
      vertex -6.105363845825195 11.618690490722656 2.799999237060547
      vertex -6.091226577758789 11.631153106689453 2.799999237060547
    endloop
  endfacet
  facet normal 0 0 -1
    outer loop
      vertex -6.118690490722656 11.194635391235352 2.799999237060547
      vertex -6.105363845825195 11.618690490722656 2.799999237060547
      vertex -6.105363845825195 11.18130874633789 2.799999237060547
    endloop
  endfacet
  facet normal 0 0 -1
    outer loop
      vertex -6.118690490722656 11.194635391235352 2.799999237060547
      vertex -6.118690490722656 11.605363845825195 2.799999237060547
      vertex -6.105363845825195 11.618690490722656 2.799999237060547
    endloop
  endfacet
  facet normal 0 0 -1
    outer loop
      vertex -6.131153106689453 11.208772659301758 2.799999237060547
      vertex -6.118690490722656 11.605363845825195 2.799999237060547
      vertex -6.118690490722656 11.194635391235352 2.799999237060547
    endloop
  endfacet
  facet normal 0 0 -1
    outer loop
      vertex -6.131153106689453 11.208772659301758 2.799999237060547
      vertex -6.131153106689453 11.591226577758789 2.799999237060547
      vertex -6.118690490722656 11.605363845825195 2.799999237060547
    endloop
  endfacet
  facet normal 0 0 -1
    outer loop
      vertex -6.142704963684082 11.223664283752441 2.799999237060547
      vertex -6.131153106689453 11.591226577758789 2.799999237060547
      vertex -6.131153106689453 11.208772659301758 2.799999237060547
    endloop
  endfacet
  facet normal 0 0 -1
    outer loop
      vertex -6.142704963684082 11.223664283752441 2.799999237060547
      vertex -6.142704963684082 11.576334953308105 2.799999237060547
      vertex -6.131153106689453 11.591226577758789 2.799999237060547
    endloop
  endfacet
  facet normal 0 0 -1
    outer loop
      vertex -6.153298377990723 11.239251136779785 2.799999237060547
      vertex -6.142704963684082 11.576334953308105 2.799999237060547
      vertex -6.142704963684082 11.223664283752441 2.799999237060547
    endloop
  endfacet
  facet normal 0 0 -1
    outer loop
      vertex -6.153298377990723 11.239251136779785 2.799999237060547
      vertex -6.153298377990723 11.560747146606445 2.799999237060547
      vertex -6.142704963684082 11.576334953308105 2.799999237060547
    endloop
  endfacet
  facet normal 0 0 -1
    outer loop
      vertex -6.162891387939453 11.255473136901855 2.799999237060547
      vertex -6.153298377990723 11.560747146606445 2.799999237060547
      vertex -6.153298377990723 11.239251136779785 2.799999237060547
    endloop
  endfacet
  facet normal 0 0 -1
    outer loop
      vertex -6.162891387939453 11.255473136901855 2.799999237060547
      vertex -6.162891387939453 11.544526100158691 2.799999237060547
      vertex -6.153298377990723 11.560747146606445 2.799999237060547
    endloop
  endfacet
  facet normal 0 0 -1
    outer loop
      vertex -6.17144775390625 11.272265434265137 2.799999237060547
      vertex -6.162891387939453 11.544526100158691 2.799999237060547
      vertex -6.162891387939453 11.255473136901855 2.799999237060547
    endloop
  endfacet
  facet normal 0 0 -1
    outer loop
      vertex -6.17144775390625 11.272265434265137 2.799999237060547
      vertex -6.17144775390625 11.527732849121094 2.799999237060547
      vertex -6.162891387939453 11.544526100158691 2.799999237060547
    endloop
  endfacet
  facet normal 0 0 -1
    outer loop
      vertex -6.178932189941406 11.289562225341797 2.799999237060547
      vertex -6.17144775390625 11.527732849121094 2.799999237060547
      vertex -6.17144775390625 11.272265434265137 2.799999237060547
    endloop
  endfacet
  facet normal 0 0 -1
    outer loop
      vertex -6.178932189941406 11.289562225341797 2.799999237060547
      vertex -6.178932189941406 11.51043701171875 2.799999237060547
      vertex -6.17144775390625 11.527732849121094 2.799999237060547
    endloop
  endfacet
  facet normal 0 0 -1
    outer loop
      vertex -6.18531608581543 11.307294845581055 2.799999237060547
      vertex -6.178932189941406 11.51043701171875 2.799999237060547
      vertex -6.178932189941406 11.289562225341797 2.799999237060547
    endloop
  endfacet
  facet normal 0 0 -1
    outer loop
      vertex -6.18531608581543 11.307294845581055 2.799999237060547
      vertex -6.18531608581543 11.492704391479492 2.799999237060547
      vertex -6.178932189941406 11.51043701171875 2.799999237060547
    endloop
  endfacet
  facet normal 0 0 -1
    outer loop
      vertex -6.190574645996094 11.325392723083496 2.799999237060547
      vertex -6.18531608581543 11.492704391479492 2.799999237060547
      vertex -6.18531608581543 11.307294845581055 2.799999237060547
    endloop
  endfacet
  facet normal 0 0 -1
    outer loop
      vertex -6.190574645996094 11.325392723083496 2.799999237060547
      vertex -6.190574645996094 11.47460651397705 2.799999237060547
      vertex -6.18531608581543 11.492704391479492 2.799999237060547
    endloop
  endfacet
  facet normal 0 0 -1
    outer loop
      vertex -6.194685935974121 11.343785285949707 2.799999237060547
      vertex -6.190574645996094 11.47460651397705 2.799999237060547
      vertex -6.190574645996094 11.325392723083496 2.799999237060547
    endloop
  endfacet
  facet normal 0 0 -1
    outer loop
      vertex -6.194685935974121 11.343785285949707 2.799999237060547
      vertex -6.194685935974121 11.45621395111084 2.799999237060547
      vertex -6.190574645996094 11.47460651397705 2.799999237060547
    endloop
  endfacet
  facet normal 0 0 -1
    outer loop
      vertex -6.197633743286133 11.362399101257324 2.799999237060547
      vertex -6.194685935974121 11.45621395111084 2.799999237060547
      vertex -6.194685935974121 11.343785285949707 2.799999237060547
    endloop
  endfacet
  facet normal 0 0 -1
    outer loop
      vertex -6.197633743286133 11.362399101257324 2.799999237060547
      vertex -6.197633743286133 11.437599182128906 2.799999237060547
      vertex -6.194685935974121 11.45621395111084 2.799999237060547
    endloop
  endfacet
  facet normal 0 0 -1
    outer loop
      vertex -6.199407577514648 11.381162643432617 2.799999237060547
      vertex -6.197633743286133 11.437599182128906 2.799999237060547
      vertex -6.197633743286133 11.362399101257324 2.799999237060547
    endloop
  endfacet
  facet normal 0 0 -1
    outer loop
      vertex -6.199407577514648 11.381162643432617 2.799999237060547
      vertex -6.199407577514648 11.41883659362793 2.799999237060547
      vertex -6.197633743286133 11.437599182128906 2.799999237060547
    endloop
  endfacet
  facet normal 0 0 -1
    outer loop
      vertex -6.199407577514648 11.41883659362793 2.799999237060547
      vertex -6.199407577514648 11.381162643432617 2.799999237060547
      vertex -6.199999809265137 11.399999618530273 2.799999237060547
    endloop
  endfacet
  facet normal -1 0 0
    outer loop
      vertex -11.09999942779541 -5.899999618530273 0
      vertex -11.09999942779541 5.899999618530273 2.799999237060547
      vertex -11.09999942779541 5.899999618530273 0
    endloop
  endfacet
  facet normal -1 0 0
    outer loop
      vertex -11.09999942779541 5.899999618530273 2.799999237060547
      vertex -11.09999942779541 -5.899999618530273 0
      vertex -11.09999942779541 -5.899999618530273 2.799999237060547
    endloop
  endfacet
  facet normal 1 0 0
    outer loop
      vertex -11.699999809265137 -5.899999618530273 2.1999998092651367
      vertex -11.699999809265137 5.899999618530273 0
      vertex -11.699999809265137 5.899999618530273 2.1999998092651367
    endloop
  endfacet
  facet normal 1 0 0
    outer loop
      vertex -11.699999809265137 5.899999618530273 0
      vertex -11.699999809265137 -5.899999618530273 2.1999998092651367
      vertex -11.699999809265137 -5.899999618530273 0
    endloop
  endfacet
  facet normal 1 0 0
    outer loop
      vertex -11.699999809265137 -5.899999618530273 2.799999237060547
      vertex -11.699999809265137 5.899999618530273 2.59999942779541
      vertex -11.699999809265137 5.899999618530273 2.799999237060547
    endloop
  endfacet
  facet normal 1 0 0
    outer loop
      vertex -11.699999809265137 5.899999618530273 2.59999942779541
      vertex -11.699999809265137 -5.899999618530273 2.799999237060547
      vertex -11.699999809265137 -5.899999618530273 2.59999942779541
    endloop
  endfacet
  facet normal -1 0 0
    outer loop
      vertex -11.699999809265137 -6 2.1999998092651367
      vertex -11.699999809265137 -5.899999618530273 2.59999942779541
      vertex -11.699999809265137 -5.899999618530273 2.1999998092651367
    endloop
  endfacet
  facet normal -1 0 0
    outer loop
      vertex -11.699999809265137 -5.899999618530273 2.59999942779541
      vertex -11.699999809265137 -6 2.1999998092651367
      vertex -11.699999809265137 -6 2.59999942779541
    endloop
  endfacet
  facet normal -1 0 0
    outer loop
      vertex -11.699999809265137 5.899999618530273 2.1999998092651367
      vertex -11.699999809265137 6 2.59999942779541
      vertex -11.699999809265137 6 2.1999998092651367
    endloop
  endfacet
  facet normal -1 0 0
    outer loop
      vertex -11.699999809265137 6 2.59999942779541
      vertex -11.699999809265137 5.899999618530273 2.1999998092651367
      vertex -11.699999809265137 5.899999618530273 2.59999942779541
    endloop
  endfacet
  facet normal -0.15641731011281643 0.9876910575159983 0
    outer loop
      vertex -11.343785285949707 -6.194685935974121 0
      vertex -11.362399101257324 -6.197633743286133 2.799999237060547
      vertex -11.343785285949707 -6.194685935974121 2.799999237060547
    endloop
  endfacet
  facet normal -0.15641731011281643 0.9876910575159983 0
    outer loop
      vertex -11.362399101257324 -6.197633743286133 2.799999237060547
      vertex -11.343785285949707 -6.194685935974121 0
      vertex -11.362399101257324 -6.197633743286133 0
    endloop
  endfacet
  facet normal -0.5090156985725443 -0.8607572355819642 0
    outer loop
      vertex -11.255473136901855 6.162891387939453 0
      vertex -11.239251136779785 6.153298377990723 2.799999237060547
      vertex -11.255473136901855 6.162891387939453 2.799999237060547
    endloop
  endfacet
  facet normal -0.5090156985725443 -0.8607572355819642 0
    outer loop
      vertex -11.239251136779785 6.153298377990723 2.799999237060547
      vertex -11.255473136901855 6.162891387939453 0
      vertex -11.239251136779785 6.153298377990723 0
    endloop
  endfacet
  facet normal -0.8607441236376201 -0.5090378705197731 0
    outer loop
      vertex -11.137107849121094 6.044526100158691 0
      vertex -11.146700859069824 6.060747146606445 2.799999237060547
      vertex -11.146700859069824 6.060747146606445 0
    endloop
  endfacet
  facet normal -0.8607441236376201 -0.5090378705197731 0
    outer loop
      vertex -11.146700859069824 6.060747146606445 2.799999237060547
      vertex -11.137107849121094 6.044526100158691 0
      vertex -11.137107849121094 6.044526100158691 2.799999237060547
    endloop
  endfacet
  facet normal 0.9177573557291627 -0.3971415818131048 0
    outer loop
      vertex -11.678932189941406 6.01043701171875 2.799999237060547
      vertex -11.67144775390625 6.027732849121094 0
      vertex -11.67144775390625 6.027732849121094 2.799999237060547
    endloop
  endfacet
  facet normal 0.9177573557291627 -0.3971415818131048 0
    outer loop
      vertex -11.67144775390625 6.027732849121094 0
      vertex -11.678932189941406 6.01043701171875 2.799999237060547
      vertex -11.678932189941406 6.01043701171875 0
    endloop
  endfacet
  facet normal -0.3387266356183068 -0.9408848315934861 0
    outer loop
      vertex -11.307294845581055 6.18531608581543 0
      vertex -11.289562225341797 6.178932189941406 2.799999237060547
      vertex -11.307294845581055 6.18531608581543 2.799999237060547
    endloop
  endfacet
  facet normal -0.3387266356183068 -0.9408848315934861 0
    outer loop
      vertex -11.289562225341797 6.178932189941406 2.799999237060547
      vertex -11.307294845581055 6.18531608581543 0
      vertex -11.289562225341797 6.178932189941406 0
    endloop
  endfacet
  facet normal -0.3971231383988389 0.9177653365366643 0
    outer loop
      vertex -11.272265434265137 -6.17144775390625 0
      vertex -11.289562225341797 -6.178932189941406 2.799999237060547
      vertex -11.272265434265137 -6.17144775390625 2.799999237060547
    endloop
  endfacet
  facet normal -0.3971231383988389 0.9177653365366643 0
    outer loop
      vertex -11.289562225341797 -6.178932189941406 2.799999237060547
      vertex -11.272265434265137 -6.17144775390625 0
      vertex -11.289562225341797 -6.178932189941406 0
    endloop
  endfacet
  facet normal 0.03142432711320473 0.9995061338808694 0
    outer loop
      vertex -11.399999618530273 -6.199999809265137 0
      vertex -11.41883659362793 -6.199407577514648 2.799999237060547
      vertex -11.399999618530273 -6.199999809265137 2.799999237060547
    endloop
  endfacet
  facet normal 0.03142432711320473 0.9995061338808694 0
    outer loop
      vertex -11.41883659362793 -6.199407577514648 2.799999237060547
      vertex -11.399999618530273 -6.199999809265137 0
      vertex -11.41883659362793 -6.199407577514648 0
    endloop
  endfacet
  facet normal 0.8270817629306938 -0.5620816287937686 0
    outer loop
      vertex -11.653298377990723 6.060747146606445 2.799999237060547
      vertex -11.642704963684082 6.0763349533081055 0
      vertex -11.642704963684082 6.0763349533081055 2.799999237060547
    endloop
  endfacet
  facet normal 0.8270817629306938 -0.5620816287937686 0
    outer loop
      vertex -11.642704963684082 6.0763349533081055 0
      vertex -11.653298377990723 6.060747146606445 2.799999237060547
      vertex -11.653298377990723 6.060747146606445 0
    endloop
  endfacet
  facet normal -0.9995061338808694 0.03142432711320473 0
    outer loop
      vertex -11.100591659545898 -5.91883659362793 0
      vertex -11.09999942779541 -5.899999618530273 2.799999237060547
      vertex -11.09999942779541 -5.899999618530273 0
    endloop
  endfacet
  facet normal -0.9995061338808694 0.03142432711320473 0
    outer loop
      vertex -11.09999942779541 -5.899999618530273 2.799999237060547
      vertex -11.100591659545898 -5.91883659362793 0
      vertex -11.100591659545898 -5.91883659362793 2.799999237060547
    endloop
  endfacet
  facet normal 0.03142432711320473 -0.9995061338808694 0
    outer loop
      vertex -11.41883659362793 6.199407577514648 0
      vertex -11.399999618530273 6.199999809265137 2.799999237060547
      vertex -11.41883659362793 6.199407577514648 2.799999237060547
    endloop
  endfacet
  facet normal 0.03142432711320473 -0.9995061338808694 0
    outer loop
      vertex -11.399999618530273 6.199999809265137 2.799999237060547
      vertex -11.41883659362793 6.199407577514648 0
      vertex -11.399999618530273 6.199999809265137 0
    endloop
  endfacet
  facet normal 0.8270817629306938 0.5620816287937686 0
    outer loop
      vertex -11.642704963684082 -6.0763349533081055 2.799999237060547
      vertex -11.653298377990723 -6.060747146606445 0
      vertex -11.653298377990723 -6.060747146606445 2.799999237060547
    endloop
  endfacet
  facet normal 0.8270817629306938 0.5620816287937686 0
    outer loop
      vertex -11.653298377990723 -6.060747146606445 0
      vertex -11.642704963684082 -6.0763349533081055 2.799999237060547
      vertex -11.642704963684082 -6.0763349533081055 0
    endloop
  endfacet
  facet normal -0.9759160266868775 -0.21814653069828524 0
    outer loop
      vertex -11.105313301086426 5.95621395111084 0
      vertex -11.109424591064453 5.974606513977051 2.799999237060547
      vertex -11.109424591064453 5.974606513977051 0
    endloop
  endfacet
  facet normal -0.9759160266868775 -0.21814653069828524 0
    outer loop
      vertex -11.109424591064453 5.974606513977051 2.799999237060547
      vertex -11.105313301086426 5.95621395111084 0
      vertex -11.105313301086426 5.95621395111084 2.799999237060547
    endloop
  endfacet
  facet normal 0.21814653069828524 0.9759160266868775 0
    outer loop
      vertex -11.45621395111084 -6.194685935974121 0
      vertex -11.47460651397705 -6.190574645996094 2.799999237060547
      vertex -11.45621395111084 -6.194685935974121 2.799999237060547
    endloop
  endfacet
  facet normal 0.21814653069828524 0.9759160266868775 0
    outer loop
      vertex -11.47460651397705 -6.190574645996094 2.799999237060547
      vertex -11.45621395111084 -6.194685935974121 0
      vertex -11.47460651397705 -6.190574645996094 0
    endloop
  endfacet
  facet normal -0.9602981345186157 -0.27897579257001254 0
    outer loop
      vertex -11.109424591064453 5.974606513977051 0
      vertex -11.1146821975708 5.992704391479492 2.799999237060547
      vertex -11.1146821975708 5.992704391479492 0
    endloop
  endfacet
  facet normal -0.9602981345186157 -0.27897579257001254 0
    outer loop
      vertex -11.1146821975708 5.992704391479492 2.799999237060547
      vertex -11.109424591064453 5.974606513977051 0
      vertex -11.109424591064453 5.974606513977051 2.799999237060547
    endloop
  endfacet
  facet normal -0.8270817629306938 -0.5620816287937686 0
    outer loop
      vertex -11.146700859069824 6.060747146606445 0
      vertex -11.157294273376465 6.0763349533081055 2.799999237060547
      vertex -11.157294273376465 6.0763349533081055 0
    endloop
  endfacet
  facet normal -0.8270817629306938 -0.5620816287937686 0
    outer loop
      vertex -11.157294273376465 6.0763349533081055 2.799999237060547
      vertex -11.146700859069824 6.060747146606445 0
      vertex -11.146700859069824 6.060747146606445 2.799999237060547
    endloop
  endfacet
  facet normal -0.9995061338808694 -0.03142432711320473 0
    outer loop
      vertex -11.09999942779541 5.899999618530273 0
      vertex -11.100591659545898 5.91883659362793 2.799999237060547
      vertex -11.100591659545898 5.91883659362793 0
    endloop
  endfacet
  facet normal -0.9995061338808694 -0.03142432711320473 0
    outer loop
      vertex -11.100591659545898 5.91883659362793 2.799999237060547
      vertex -11.09999942779541 5.899999618530273 0
      vertex -11.09999942779541 5.899999618530273 2.799999237060547
    endloop
  endfacet
  facet normal 0.09412132591765666 -0.9955607344645039 0
    outer loop
      vertex -11.437599182128906 6.197633743286133 0
      vertex -11.41883659362793 6.199407577514648 2.799999237060547
      vertex -11.437599182128906 6.197633743286133 2.799999237060547
    endloop
  endfacet
  facet normal 0.09412132591765666 -0.9955607344645039 0
    outer loop
      vertex -11.41883659362793 6.199407577514648 2.799999237060547
      vertex -11.437599182128906 6.197633743286133 0
      vertex -11.41883659362793 6.199407577514648 0
    endloop
  endfacet
  facet normal -0.21814653069828524 -0.9759160266868775 0
    outer loop
      vertex -11.343785285949707 6.194685935974121 0
      vertex -11.325392723083496 6.190574645996094 2.799999237060547
      vertex -11.343785285949707 6.194685935974121 2.799999237060547
    endloop
  endfacet
  facet normal -0.21814653069828524 -0.9759160266868775 0
    outer loop
      vertex -11.325392723083496 6.190574645996094 2.799999237060547
      vertex -11.343785285949707 6.194685935974121 0
      vertex -11.325392723083496 6.190574645996094 0
    endloop
  endfacet
  facet normal 0.987692295522357 -0.15640949256927125 0
    outer loop
      vertex -11.697633743286133 5.937599182128906 2.799999237060547
      vertex -11.694685935974121 5.95621395111084 0
      vertex -11.694685935974121 5.95621395111084 2.799999237060547
    endloop
  endfacet
  facet normal 0.987692295522357 -0.15640949256927125 0
    outer loop
      vertex -11.694685935974121 5.95621395111084 0
      vertex -11.697633743286133 5.937599182128906 2.799999237060547
      vertex -11.697633743286133 5.937599182128906 0
    endloop
  endfacet
  facet normal 0.7071067811865476 0.7071067811865476 0
    outer loop
      vertex -11.605363845825195 -6.118690490722656 2.799999237060547
      vertex -11.618690490722656 -6.105363845825195 0
      vertex -11.618690490722656 -6.105363845825195 2.799999237060547
    endloop
  endfacet
  facet normal 0.7071067811865476 0.7071067811865476 0
    outer loop
      vertex -11.618690490722656 -6.105363845825195 0
      vertex -11.605363845825195 -6.118690490722656 2.799999237060547
      vertex -11.605363845825195 -6.118690490722656 0
    endloop
  endfacet
  facet normal 0.4539811142068577 -0.8910113062938652 0
    outer loop
      vertex -11.544526100158691 6.162891387939453 0
      vertex -11.527732849121094 6.17144775390625 2.799999237060547
      vertex -11.544526100158691 6.162891387939453 2.799999237060547
    endloop
  endfacet
  facet normal 0.4539811142068577 -0.8910113062938652 0
    outer loop
      vertex -11.527732849121094 6.17144775390625 2.799999237060547
      vertex -11.544526100158691 6.162891387939453 0
      vertex -11.527732849121094 6.17144775390625 0
    endloop
  endfacet
  facet normal 0.5620816287937686 0.8270817629306938 0
    outer loop
      vertex -11.560747146606445 -6.153298377990723 0
      vertex -11.576334953308105 -6.142704963684082 2.799999237060547
      vertex -11.560747146606445 -6.153298377990723 2.799999237060547
    endloop
  endfacet
  facet normal 0.5620816287937686 0.8270817629306938 0
    outer loop
      vertex -11.576334953308105 -6.142704963684082 2.799999237060547
      vertex -11.560747146606445 -6.153298377990723 0
      vertex -11.576334953308105 -6.142704963684082 0
    endloop
  endfacet
  facet normal -0.7071067811865476 -0.7071067811865476 0
    outer loop
      vertex -11.18130874633789 6.105363845825195 0
      vertex -11.194635391235352 6.118690490722656 2.799999237060547
      vertex -11.194635391235352 6.118690490722656 0
    endloop
  endfacet
  facet normal -0.7071067811865476 -0.7071067811865476 0
    outer loop
      vertex -11.194635391235352 6.118690490722656 2.799999237060547
      vertex -11.18130874633789 6.105363845825195 0
      vertex -11.18130874633789 6.105363845825195 2.799999237060547
    endloop
  endfacet
  facet normal -0.6129312038125971 -0.7901362790005535 0
    outer loop
      vertex -11.223664283752441 6.142704963684082 0
      vertex -11.208772659301758 6.131153106689453 2.799999237060547
      vertex -11.223664283752441 6.142704963684082 2.799999237060547
    endloop
  endfacet
  facet normal -0.6129312038125971 -0.7901362790005535 0
    outer loop
      vertex -11.208772659301758 6.131153106689453 2.799999237060547
      vertex -11.223664283752441 6.142704963684082 0
      vertex -11.208772659301758 6.131153106689453 0
    endloop
  endfacet
  facet normal 0.3971415818131048 -0.9177573557291627 0
    outer loop
      vertex -11.527732849121094 6.17144775390625 0
      vertex -11.51043701171875 6.178932189941406 2.799999237060547
      vertex -11.527732849121094 6.17144775390625 2.799999237060547
    endloop
  endfacet
  facet normal 0.3971415818131048 -0.9177573557291627 0
    outer loop
      vertex -11.51043701171875 6.178932189941406 2.799999237060547
      vertex -11.527732849121094 6.17144775390625 0
      vertex -11.51043701171875 6.178932189941406 0
    endloop
  endfacet
  facet normal -0.8607441236376201 0.5090378705197731 0
    outer loop
      vertex -11.146700859069824 -6.060747146606445 0
      vertex -11.137107849121094 -6.044526100158691 2.799999237060547
      vertex -11.137107849121094 -6.044526100158691 0
    endloop
  endfacet
  facet normal -0.8607441236376201 0.5090378705197731 0
    outer loop
      vertex -11.137107849121094 -6.044526100158691 2.799999237060547
      vertex -11.146700859069824 -6.060747146606445 0
      vertex -11.146700859069824 -6.060747146606445 2.799999237060547
    endloop
  endfacet
  facet normal 0.9759160266868775 0.21814653069828524 0
    outer loop
      vertex -11.690574645996094 -5.974606513977051 2.799999237060547
      vertex -11.694685935974121 -5.95621395111084 0
      vertex -11.694685935974121 -5.95621395111084 2.799999237060547
    endloop
  endfacet
  facet normal 0.9759160266868775 0.21814653069828524 0
    outer loop
      vertex -11.694685935974121 -5.95621395111084 0
      vertex -11.690574645996094 -5.974606513977051 2.799999237060547
      vertex -11.690574645996094 -5.974606513977051 0
    endloop
  endfacet
  facet normal 0.5090378705197731 0.8607441236376201 0
    outer loop
      vertex -11.544526100158691 -6.162891387939453 0
      vertex -11.560747146606445 -6.153298377990723 2.799999237060547
      vertex -11.544526100158691 -6.162891387939453 2.799999237060547
    endloop
  endfacet
  facet normal 0.5090378705197731 0.8607441236376201 0
    outer loop
      vertex -11.560747146606445 -6.153298377990723 2.799999237060547
      vertex -11.544526100158691 -6.162891387939453 0
      vertex -11.560747146606445 -6.153298377990723 0
    endloop
  endfacet
  facet normal -0.5621051535609614 -0.8270657750990594 0
    outer loop
      vertex -11.239251136779785 6.153298377990723 0
      vertex -11.223664283752441 6.142704963684082 2.799999237060547
      vertex -11.239251136779785 6.153298377990723 2.799999237060547
    endloop
  endfacet
  facet normal -0.5621051535609614 -0.8270657750990594 0
    outer loop
      vertex -11.223664283752441 6.142704963684082 2.799999237060547
      vertex -11.239251136779785 6.153298377990723 0
      vertex -11.223664283752441 6.142704963684082 0
    endloop
  endfacet
  facet normal -0.7071067811865476 0.7071067811865476 0
    outer loop
      vertex -11.194635391235352 -6.118690490722656 0
      vertex -11.18130874633789 -6.105363845825195 2.799999237060547
      vertex -11.18130874633789 -6.105363845825195 0
    endloop
  endfacet
  facet normal -0.7071067811865476 0.7071067811865476 0
    outer loop
      vertex -11.18130874633789 -6.105363845825195 2.799999237060547
      vertex -11.194635391235352 -6.118690490722656 0
      vertex -11.194635391235352 -6.118690490722656 2.799999237060547
    endloop
  endfacet
  facet normal 0.5090378705197731 -0.8607441236376201 0
    outer loop
      vertex -11.560747146606445 6.153298377990723 0
      vertex -11.544526100158691 6.162891387939453 2.799999237060547
      vertex -11.560747146606445 6.153298377990723 2.799999237060547
    endloop
  endfacet
  facet normal 0.5090378705197731 -0.8607441236376201 0
    outer loop
      vertex -11.544526100158691 6.162891387939453 2.799999237060547
      vertex -11.560747146606445 6.153298377990723 0
      vertex -11.544526100158691 6.162891387939453 0
    endloop
  endfacet
  facet normal 0.2790224565203386 0.9602845769652638 0
    outer loop
      vertex -11.47460651397705 -6.190574645996094 0
      vertex -11.492704391479492 -6.18531608581543 2.799999237060547
      vertex -11.47460651397705 -6.190574645996094 2.799999237060547
    endloop
  endfacet
  facet normal 0.2790224565203386 0.9602845769652638 0
    outer loop
      vertex -11.492704391479492 -6.18531608581543 2.799999237060547
      vertex -11.47460651397705 -6.190574645996094 0
      vertex -11.492704391479492 -6.18531608581543 0
    endloop
  endfacet
  facet normal 0.09412132591765666 0.9955607344645039 0
    outer loop
      vertex -11.41883659362793 -6.199407577514648 0
      vertex -11.437599182128906 -6.197633743286133 2.799999237060547
      vertex -11.41883659362793 -6.199407577514648 2.799999237060547
    endloop
  endfacet
  facet normal 0.09412132591765666 0.9955607344645039 0
    outer loop
      vertex -11.437599182128906 -6.197633743286133 2.799999237060547
      vertex -11.41883659362793 -6.199407577514648 0
      vertex -11.437599182128906 -6.197633743286133 0
    endloop
  endfacet
  facet normal 0.9408848315934861 0.3387266356183068 0
    outer loop
      vertex -11.678932189941406 -6.01043701171875 2.799999237060547
      vertex -11.68531608581543 -5.992704391479492 0
      vertex -11.68531608581543 -5.992704391479492 2.799999237060547
    endloop
  endfacet
  facet normal 0.9408848315934861 0.3387266356183068 0
    outer loop
      vertex -11.68531608581543 -5.992704391479492 0
      vertex -11.678932189941406 -6.01043701171875 2.799999237060547
      vertex -11.678932189941406 -6.01043701171875 0
    endloop
  endfacet
  facet normal -0.45400158273251634 -0.8910008770345684 0
    outer loop
      vertex -11.272265434265137 6.17144775390625 0
      vertex -11.255473136901855 6.162891387939453 2.799999237060547
      vertex -11.272265434265137 6.17144775390625 2.799999237060547
    endloop
  endfacet
  facet normal -0.45400158273251634 -0.8910008770345684 0
    outer loop
      vertex -11.255473136901855 6.162891387939453 2.799999237060547
      vertex -11.272265434265137 6.17144775390625 0
      vertex -11.255473136901855 6.162891387939453 0
    endloop
  endfacet
  facet normal 0.7901362790005535 0.6129312038125971 0
    outer loop
      vertex -11.631153106689453 -6.091226577758789 2.799999237060547
      vertex -11.642704963684082 -6.0763349533081055 0
      vertex -11.642704963684082 -6.0763349533081055 2.799999237060547
    endloop
  endfacet
  facet normal 0.7901362790005535 0.6129312038125971 0
    outer loop
      vertex -11.642704963684082 -6.0763349533081055 0
      vertex -11.631153106689453 -6.091226577758789 2.799999237060547
      vertex -11.631153106689453 -6.091226577758789 0
    endloop
  endfacet
  facet normal -0.6612801458526502 -0.7501390329139643 0
    outer loop
      vertex -11.208772659301758 6.131153106689453 0
      vertex -11.194635391235352 6.118690490722656 2.799999237060547
      vertex -11.208772659301758 6.131153106689453 2.799999237060547
    endloop
  endfacet
  facet normal -0.6612801458526502 -0.7501390329139643 0
    outer loop
      vertex -11.194635391235352 6.118690490722656 2.799999237060547
      vertex -11.208772659301758 6.131153106689453 0
      vertex -11.194635391235352 6.118690490722656 0
    endloop
  endfacet
  facet normal 0.15640949256927125 -0.987692295522357 0
    outer loop
      vertex -11.45621395111084 6.194685935974121 0
      vertex -11.437599182128906 6.197633743286133 2.799999237060547
      vertex -11.45621395111084 6.194685935974121 2.799999237060547
    endloop
  endfacet
  facet normal 0.15640949256927125 -0.987692295522357 0
    outer loop
      vertex -11.437599182128906 6.197633743286133 2.799999237060547
      vertex -11.45621395111084 6.194685935974121 0
      vertex -11.437599182128906 6.197633743286133 0
    endloop
  endfacet
  facet normal 0.8910113062938652 0.4539811142068577 0
    outer loop
      vertex -11.662891387939453 -6.044526100158691 2.799999237060547
      vertex -11.67144775390625 -6.027732849121094 0
      vertex -11.67144775390625 -6.027732849121094 2.799999237060547
    endloop
  endfacet
  facet normal 0.8910113062938652 0.4539811142068577 0
    outer loop
      vertex -11.67144775390625 -6.027732849121094 0
      vertex -11.662891387939453 -6.044526100158691 2.799999237060547
      vertex -11.662891387939453 -6.044526100158691 0
    endloop
  endfacet
  facet normal 0.6129312038125971 -0.7901362790005535 0
    outer loop
      vertex -11.591226577758789 6.131153106689453 0
      vertex -11.576334953308105 6.142704963684082 2.799999237060547
      vertex -11.591226577758789 6.131153106689453 2.799999237060547
    endloop
  endfacet
  facet normal 0.6129312038125971 -0.7901362790005535 0
    outer loop
      vertex -11.576334953308105 6.142704963684082 2.799999237060547
      vertex -11.591226577758789 6.131153106689453 0
      vertex -11.576334953308105 6.142704963684082 0
    endloop
  endfacet
  facet normal -0.5090156985725443 0.8607572355819642 0
    outer loop
      vertex -11.239251136779785 -6.153298377990723 0
      vertex -11.255473136901855 -6.162891387939453 2.799999237060547
      vertex -11.239251136779785 -6.153298377990723 2.799999237060547
    endloop
  endfacet
  facet normal -0.5090156985725443 0.8607572355819642 0
    outer loop
      vertex -11.255473136901855 -6.162891387939453 2.799999237060547
      vertex -11.239251136779785 -6.153298377990723 0
      vertex -11.255473136901855 -6.162891387939453 0
    endloop
  endfacet
  facet normal -0.9408687039569372 0.33877143019208855 0
    outer loop
      vertex -11.12106704711914 -6.01043701171875 0
      vertex -11.1146821975708 -5.992704391479492 2.799999237060547
      vertex -11.1146821975708 -5.992704391479492 0
    endloop
  endfacet
  facet normal -0.9408687039569372 0.33877143019208855 0
    outer loop
      vertex -11.1146821975708 -5.992704391479492 2.799999237060547
      vertex -11.12106704711914 -6.01043701171875 0
      vertex -11.12106704711914 -6.01043701171875 2.799999237060547
    endloop
  endfacet
  facet normal -0.6129312038125971 0.7901362790005535 0
    outer loop
      vertex -11.208772659301758 -6.131153106689453 0
      vertex -11.223664283752441 -6.142704963684082 2.799999237060547
      vertex -11.208772659301758 -6.131153106689453 2.799999237060547
    endloop
  endfacet
  facet normal -0.6129312038125971 0.7901362790005535 0
    outer loop
      vertex -11.223664283752441 -6.142704963684082 2.799999237060547
      vertex -11.208772659301758 -6.131153106689453 0
      vertex -11.223664283752441 -6.142704963684082 0
    endloop
  endfacet
  facet normal -0.03142432711320473 -0.9995061338808694 0
    outer loop
      vertex -11.399999618530273 6.199999809265137 0
      vertex -11.381162643432617 6.199407577514648 2.799999237060547
      vertex -11.399999618530273 6.199999809265137 2.799999237060547
    endloop
  endfacet
  facet normal -0.03142432711320473 -0.9995061338808694 0
    outer loop
      vertex -11.381162643432617 6.199407577514648 2.799999237060547
      vertex -11.399999618530273 6.199999809265137 0
      vertex -11.381162643432617 6.199407577514648 0
    endloop
  endfacet
  facet normal 0.9602845769652638 -0.2790224565203386 0
    outer loop
      vertex -11.690574645996094 5.974606513977051 2.799999237060547
      vertex -11.68531608581543 5.992704391479492 0
      vertex -11.68531608581543 5.992704391479492 2.799999237060547
    endloop
  endfacet
  facet normal 0.9602845769652638 -0.2790224565203386 0
    outer loop
      vertex -11.68531608581543 5.992704391479492 0
      vertex -11.690574645996094 5.974606513977051 2.799999237060547
      vertex -11.690574645996094 5.974606513977051 0
    endloop
  endfacet
  facet normal 0 0 -1
    outer loop
      vertex -11.699999809265137 -5.899999618530273 2.799999237060547
      vertex -11.09999942779541 -5.899999618530273 2.799999237060547
      vertex -11.100591659545898 -5.91883659362793 2.799999237060547
    endloop
  endfacet
  facet normal 0 0 -1
    outer loop
      vertex -11.09999942779541 -5.899999618530273 2.799999237060547
      vertex -11.699999809265137 -5.899999618530273 2.799999237060547
      vertex -11.09999942779541 5.899999618530273 2.799999237060547
    endloop
  endfacet
  facet normal 0 0 -1
    outer loop
      vertex -11.699999809265137 -5.899999618530273 2.799999237060547
      vertex -11.100591659545898 -5.91883659362793 2.799999237060547
      vertex -11.102365493774414 -5.937599182128906 2.799999237060547
    endloop
  endfacet
  facet normal 0 0 -1
    outer loop
      vertex -11.699999809265137 5.899999618530273 2.799999237060547
      vertex -11.09999942779541 5.899999618530273 2.799999237060547
      vertex -11.699999809265137 -5.899999618530273 2.799999237060547
    endloop
  endfacet
  facet normal 0 0 -1
    outer loop
      vertex -11.699999809265137 -5.899999618530273 2.799999237060547
      vertex -11.102365493774414 -5.937599182128906 2.799999237060547
      vertex -11.105313301086426 -5.95621395111084 2.799999237060547
    endloop
  endfacet
  facet normal 0 0 -1
    outer loop
      vertex -11.09999942779541 5.899999618530273 2.799999237060547
      vertex -11.699999809265137 5.899999618530273 2.799999237060547
      vertex -11.100591659545898 5.91883659362793 2.799999237060547
    endloop
  endfacet
  facet normal 0 0 -1
    outer loop
      vertex -11.699999809265137 -5.899999618530273 2.799999237060547
      vertex -11.105313301086426 -5.95621395111084 2.799999237060547
      vertex -11.109424591064453 -5.974606513977051 2.799999237060547
    endloop
  endfacet
  facet normal 0 0 -1
    outer loop
      vertex -11.100591659545898 5.91883659362793 2.799999237060547
      vertex -11.699999809265137 5.899999618530273 2.799999237060547
      vertex -11.102365493774414 5.937599182128906 2.799999237060547
    endloop
  endfacet
  facet normal 0 0 -1
    outer loop
      vertex -11.699999809265137 -5.899999618530273 2.799999237060547
      vertex -11.109424591064453 -5.974606513977051 2.799999237060547
      vertex -11.1146821975708 -5.992704391479492 2.799999237060547
    endloop
  endfacet
  facet normal 0 0 -1
    outer loop
      vertex -11.102365493774414 5.937599182128906 2.799999237060547
      vertex -11.699999809265137 5.899999618530273 2.799999237060547
      vertex -11.105313301086426 5.95621395111084 2.799999237060547
    endloop
  endfacet
  facet normal 0 0 -1
    outer loop
      vertex -11.699999809265137 -5.899999618530273 2.799999237060547
      vertex -11.1146821975708 -5.992704391479492 2.799999237060547
      vertex -11.12106704711914 -6.01043701171875 2.799999237060547
    endloop
  endfacet
  facet normal 0 0 -1
    outer loop
      vertex -11.105313301086426 5.95621395111084 2.799999237060547
      vertex -11.699999809265137 5.899999618530273 2.799999237060547
      vertex -11.109424591064453 5.974606513977051 2.799999237060547
    endloop
  endfacet
  facet normal 0 0 -1
    outer loop
      vertex -11.699999809265137 -5.899999618530273 2.799999237060547
      vertex -11.12106704711914 -6.01043701171875 2.799999237060547
      vertex -11.128551483154297 -6.027732849121094 2.799999237060547
    endloop
  endfacet
  facet normal 0 0 -1
    outer loop
      vertex -11.109424591064453 5.974606513977051 2.799999237060547
      vertex -11.699999809265137 5.899999618530273 2.799999237060547
      vertex -11.1146821975708 5.992704391479492 2.799999237060547
    endloop
  endfacet
  facet normal 0 0 -1
    outer loop
      vertex -11.699999809265137 -5.899999618530273 2.799999237060547
      vertex -11.128551483154297 -6.027732849121094 2.799999237060547
      vertex -11.137107849121094 -6.044526100158691 2.799999237060547
    endloop
  endfacet
  facet normal 0 0 -1
    outer loop
      vertex -11.1146821975708 5.992704391479492 2.799999237060547
      vertex -11.699999809265137 5.899999618530273 2.799999237060547
      vertex -11.12106704711914 6.01043701171875 2.799999237060547
    endloop
  endfacet
  facet normal 0 0 -1
    outer loop
      vertex -11.699999809265137 -5.899999618530273 2.799999237060547
      vertex -11.137107849121094 -6.044526100158691 2.799999237060547
      vertex -11.146700859069824 -6.060747146606445 2.799999237060547
    endloop
  endfacet
  facet normal 0 0 -1
    outer loop
      vertex -11.12106704711914 6.01043701171875 2.799999237060547
      vertex -11.699999809265137 5.899999618530273 2.799999237060547
      vertex -11.128551483154297 6.027732849121094 2.799999237060547
    endloop
  endfacet
  facet normal 0 0 -1
    outer loop
      vertex -11.699999809265137 -5.899999618530273 2.799999237060547
      vertex -11.146700859069824 -6.060747146606445 2.799999237060547
      vertex -11.157294273376465 -6.0763349533081055 2.799999237060547
    endloop
  endfacet
  facet normal 0 0 -1
    outer loop
      vertex -11.128551483154297 6.027732849121094 2.799999237060547
      vertex -11.699999809265137 5.899999618530273 2.799999237060547
      vertex -11.137107849121094 6.044526100158691 2.799999237060547
    endloop
  endfacet
  facet normal 0 0 -1
    outer loop
      vertex -11.699999809265137 -5.899999618530273 2.799999237060547
      vertex -11.157294273376465 -6.0763349533081055 2.799999237060547
      vertex -11.168845176696777 -6.091226577758789 2.799999237060547
    endloop
  endfacet
  facet normal 0 0 -1
    outer loop
      vertex -11.137107849121094 6.044526100158691 2.799999237060547
      vertex -11.699999809265137 5.899999618530273 2.799999237060547
      vertex -11.146700859069824 6.060747146606445 2.799999237060547
    endloop
  endfacet
  facet normal 0 0 -1
    outer loop
      vertex -11.699999809265137 -5.899999618530273 2.799999237060547
      vertex -11.168845176696777 -6.091226577758789 2.799999237060547
      vertex -11.18130874633789 -6.105363845825195 2.799999237060547
    endloop
  endfacet
  facet normal 0 0 -1
    outer loop
      vertex -11.146700859069824 6.060747146606445 2.799999237060547
      vertex -11.699999809265137 5.899999618530273 2.799999237060547
      vertex -11.157294273376465 6.0763349533081055 2.799999237060547
    endloop
  endfacet
  facet normal 0 0 -1
    outer loop
      vertex -11.699999809265137 -5.899999618530273 2.799999237060547
      vertex -11.18130874633789 -6.105363845825195 2.799999237060547
      vertex -11.194635391235352 -6.118690490722656 2.799999237060547
    endloop
  endfacet
  facet normal 0 0 -1
    outer loop
      vertex -11.157294273376465 6.0763349533081055 2.799999237060547
      vertex -11.699999809265137 5.899999618530273 2.799999237060547
      vertex -11.168845176696777 6.091226577758789 2.799999237060547
    endloop
  endfacet
  facet normal 0 0 -1
    outer loop
      vertex -11.699999809265137 -5.899999618530273 2.799999237060547
      vertex -11.194635391235352 -6.118690490722656 2.799999237060547
      vertex -11.208772659301758 -6.131153106689453 2.799999237060547
    endloop
  endfacet
  facet normal 0 0 -1
    outer loop
      vertex -11.168845176696777 6.091226577758789 2.799999237060547
      vertex -11.699999809265137 5.899999618530273 2.799999237060547
      vertex -11.18130874633789 6.105363845825195 2.799999237060547
    endloop
  endfacet
  facet normal 0 0 -1
    outer loop
      vertex -11.699999809265137 -5.899999618530273 2.799999237060547
      vertex -11.208772659301758 -6.131153106689453 2.799999237060547
      vertex -11.223664283752441 -6.142704963684082 2.799999237060547
    endloop
  endfacet
  facet normal 0 0 -1
    outer loop
      vertex -11.18130874633789 6.105363845825195 2.799999237060547
      vertex -11.699999809265137 5.899999618530273 2.799999237060547
      vertex -11.194635391235352 6.118690490722656 2.799999237060547
    endloop
  endfacet
  facet normal 0 0 -1
    outer loop
      vertex -11.699999809265137 -5.899999618530273 2.799999237060547
      vertex -11.223664283752441 -6.142704963684082 2.799999237060547
      vertex -11.239251136779785 -6.153298377990723 2.799999237060547
    endloop
  endfacet
  facet normal 0 0 -1
    outer loop
      vertex -11.194635391235352 6.118690490722656 2.799999237060547
      vertex -11.699999809265137 5.899999618530273 2.799999237060547
      vertex -11.208772659301758 6.131153106689453 2.799999237060547
    endloop
  endfacet
  facet normal 0 0 -1
    outer loop
      vertex -11.699999809265137 -5.899999618530273 2.799999237060547
      vertex -11.239251136779785 -6.153298377990723 2.799999237060547
      vertex -11.255473136901855 -6.162891387939453 2.799999237060547
    endloop
  endfacet
  facet normal 0 0 -1
    outer loop
      vertex -11.208772659301758 6.131153106689453 2.799999237060547
      vertex -11.699999809265137 5.899999618530273 2.799999237060547
      vertex -11.223664283752441 6.142704963684082 2.799999237060547
    endloop
  endfacet
  facet normal 0 0 -1
    outer loop
      vertex -11.699999809265137 -5.899999618530273 2.799999237060547
      vertex -11.255473136901855 -6.162891387939453 2.799999237060547
      vertex -11.272265434265137 -6.17144775390625 2.799999237060547
    endloop
  endfacet
  facet normal 0 0 -1
    outer loop
      vertex -11.223664283752441 6.142704963684082 2.799999237060547
      vertex -11.699999809265137 5.899999618530273 2.799999237060547
      vertex -11.239251136779785 6.153298377990723 2.799999237060547
    endloop
  endfacet
  facet normal 0 0 -1
    outer loop
      vertex -11.699999809265137 -5.899999618530273 2.799999237060547
      vertex -11.272265434265137 -6.17144775390625 2.799999237060547
      vertex -11.289562225341797 -6.178932189941406 2.799999237060547
    endloop
  endfacet
  facet normal 0 0 -1
    outer loop
      vertex -11.239251136779785 6.153298377990723 2.799999237060547
      vertex -11.699999809265137 5.899999618530273 2.799999237060547
      vertex -11.255473136901855 6.162891387939453 2.799999237060547
    endloop
  endfacet
  facet normal 0 0 -1
    outer loop
      vertex -11.699999809265137 -5.899999618530273 2.799999237060547
      vertex -11.289562225341797 -6.178932189941406 2.799999237060547
      vertex -11.307294845581055 -6.18531608581543 2.799999237060547
    endloop
  endfacet
  facet normal 0 0 -1
    outer loop
      vertex -11.255473136901855 6.162891387939453 2.799999237060547
      vertex -11.699999809265137 5.899999618530273 2.799999237060547
      vertex -11.272265434265137 6.17144775390625 2.799999237060547
    endloop
  endfacet
  facet normal 0 0 -1
    outer loop
      vertex -11.699999809265137 -5.899999618530273 2.799999237060547
      vertex -11.307294845581055 -6.18531608581543 2.799999237060547
      vertex -11.325392723083496 -6.190574645996094 2.799999237060547
    endloop
  endfacet
  facet normal 0 0 -1
    outer loop
      vertex -11.272265434265137 6.17144775390625 2.799999237060547
      vertex -11.699999809265137 5.899999618530273 2.799999237060547
      vertex -11.289562225341797 6.178932189941406 2.799999237060547
    endloop
  endfacet
  facet normal 0 0 -1
    outer loop
      vertex -11.699999809265137 -5.899999618530273 2.799999237060547
      vertex -11.325392723083496 -6.190574645996094 2.799999237060547
      vertex -11.343785285949707 -6.194685935974121 2.799999237060547
    endloop
  endfacet
  facet normal 0 0 -1
    outer loop
      vertex -11.289562225341797 6.178932189941406 2.799999237060547
      vertex -11.699999809265137 5.899999618530273 2.799999237060547
      vertex -11.307294845581055 6.18531608581543 2.799999237060547
    endloop
  endfacet
  facet normal 0 0 -1
    outer loop
      vertex -11.699999809265137 -5.899999618530273 2.799999237060547
      vertex -11.343785285949707 -6.194685935974121 2.799999237060547
      vertex -11.362399101257324 -6.197633743286133 2.799999237060547
    endloop
  endfacet
  facet normal 0 0 -1
    outer loop
      vertex -11.307294845581055 6.18531608581543 2.799999237060547
      vertex -11.699999809265137 5.899999618530273 2.799999237060547
      vertex -11.325392723083496 6.190574645996094 2.799999237060547
    endloop
  endfacet
  facet normal 0 0 -1
    outer loop
      vertex -11.699999809265137 -5.899999618530273 2.799999237060547
      vertex -11.362399101257324 -6.197633743286133 2.799999237060547
      vertex -11.381162643432617 -6.199407577514648 2.799999237060547
    endloop
  endfacet
  facet normal 0 0 -1
    outer loop
      vertex -11.325392723083496 6.190574645996094 2.799999237060547
      vertex -11.699999809265137 5.899999618530273 2.799999237060547
      vertex -11.343785285949707 6.194685935974121 2.799999237060547
    endloop
  endfacet
  facet normal 0 0 -1
    outer loop
      vertex -11.699999809265137 -5.899999618530273 2.799999237060547
      vertex -11.381162643432617 -6.199407577514648 2.799999237060547
      vertex -11.399999618530273 -6.199999809265137 2.799999237060547
    endloop
  endfacet
  facet normal 0 0 -1
    outer loop
      vertex -11.343785285949707 6.194685935974121 2.799999237060547
      vertex -11.699999809265137 5.899999618530273 2.799999237060547
      vertex -11.362399101257324 6.197633743286133 2.799999237060547
    endloop
  endfacet
  facet normal 0 0 -1
    outer loop
      vertex -11.699999809265137 -5.899999618530273 2.799999237060547
      vertex -11.399999618530273 -6.199999809265137 2.799999237060547
      vertex -11.41883659362793 -6.199407577514648 2.799999237060547
    endloop
  endfacet
  facet normal 0 0 -1
    outer loop
      vertex -11.362399101257324 6.197633743286133 2.799999237060547
      vertex -11.699999809265137 5.899999618530273 2.799999237060547
      vertex -11.381162643432617 6.199407577514648 2.799999237060547
    endloop
  endfacet
  facet normal 0 0 -1
    outer loop
      vertex -11.699999809265137 -5.899999618530273 2.799999237060547
      vertex -11.41883659362793 -6.199407577514648 2.799999237060547
      vertex -11.437599182128906 -6.197633743286133 2.799999237060547
    endloop
  endfacet
  facet normal 0 0 -1
    outer loop
      vertex -11.381162643432617 6.199407577514648 2.799999237060547
      vertex -11.699999809265137 5.899999618530273 2.799999237060547
      vertex -11.399999618530273 6.199999809265137 2.799999237060547
    endloop
  endfacet
  facet normal 0 0 -1
    outer loop
      vertex -11.699999809265137 -5.899999618530273 2.799999237060547
      vertex -11.437599182128906 -6.197633743286133 2.799999237060547
      vertex -11.45621395111084 -6.194685935974121 2.799999237060547
    endloop
  endfacet
  facet normal 0 0 -1
    outer loop
      vertex -11.399999618530273 6.199999809265137 2.799999237060547
      vertex -11.699999809265137 5.899999618530273 2.799999237060547
      vertex -11.41883659362793 6.199407577514648 2.799999237060547
    endloop
  endfacet
  facet normal 0 0 -1
    outer loop
      vertex -11.699999809265137 -5.899999618530273 2.799999237060547
      vertex -11.45621395111084 -6.194685935974121 2.799999237060547
      vertex -11.47460651397705 -6.190574645996094 2.799999237060547
    endloop
  endfacet
  facet normal 0 0 -1
    outer loop
      vertex -11.41883659362793 6.199407577514648 2.799999237060547
      vertex -11.699999809265137 5.899999618530273 2.799999237060547
      vertex -11.437599182128906 6.197633743286133 2.799999237060547
    endloop
  endfacet
  facet normal 0 0 -1
    outer loop
      vertex -11.699999809265137 -5.899999618530273 2.799999237060547
      vertex -11.47460651397705 -6.190574645996094 2.799999237060547
      vertex -11.492704391479492 -6.18531608581543 2.799999237060547
    endloop
  endfacet
  facet normal 0 0 -1
    outer loop
      vertex -11.437599182128906 6.197633743286133 2.799999237060547
      vertex -11.699999809265137 5.899999618530273 2.799999237060547
      vertex -11.45621395111084 6.194685935974121 2.799999237060547
    endloop
  endfacet
  facet normal 0 0 -1
    outer loop
      vertex -11.699999809265137 -5.899999618530273 2.799999237060547
      vertex -11.492704391479492 -6.18531608581543 2.799999237060547
      vertex -11.51043701171875 -6.178932189941406 2.799999237060547
    endloop
  endfacet
  facet normal 0 0 -1
    outer loop
      vertex -11.45621395111084 6.194685935974121 2.799999237060547
      vertex -11.699999809265137 5.899999618530273 2.799999237060547
      vertex -11.47460651397705 6.190574645996094 2.799999237060547
    endloop
  endfacet
  facet normal 0 0 -1
    outer loop
      vertex -11.699999809265137 -5.899999618530273 2.799999237060547
      vertex -11.51043701171875 -6.178932189941406 2.799999237060547
      vertex -11.527732849121094 -6.17144775390625 2.799999237060547
    endloop
  endfacet
  facet normal 0 0 -1
    outer loop
      vertex -11.47460651397705 6.190574645996094 2.799999237060547
      vertex -11.699999809265137 5.899999618530273 2.799999237060547
      vertex -11.492704391479492 6.18531608581543 2.799999237060547
    endloop
  endfacet
  facet normal 0 0 -1
    outer loop
      vertex -11.699999809265137 -5.899999618530273 2.799999237060547
      vertex -11.527732849121094 -6.17144775390625 2.799999237060547
      vertex -11.544526100158691 -6.162891387939453 2.799999237060547
    endloop
  endfacet
  facet normal 0 0 -1
    outer loop
      vertex -11.492704391479492 6.18531608581543 2.799999237060547
      vertex -11.699999809265137 5.899999618530273 2.799999237060547
      vertex -11.51043701171875 6.178932189941406 2.799999237060547
    endloop
  endfacet
  facet normal 0 0 -1
    outer loop
      vertex -11.699999809265137 -5.899999618530273 2.799999237060547
      vertex -11.544526100158691 -6.162891387939453 2.799999237060547
      vertex -11.560747146606445 -6.153298377990723 2.799999237060547
    endloop
  endfacet
  facet normal 0 0 -1
    outer loop
      vertex -11.51043701171875 6.178932189941406 2.799999237060547
      vertex -11.699999809265137 5.899999618530273 2.799999237060547
      vertex -11.527732849121094 6.17144775390625 2.799999237060547
    endloop
  endfacet
  facet normal 0 0 -1
    outer loop
      vertex -11.699999809265137 -5.899999618530273 2.799999237060547
      vertex -11.560747146606445 -6.153298377990723 2.799999237060547
      vertex -11.576334953308105 -6.142704963684082 2.799999237060547
    endloop
  endfacet
  facet normal 0 0 -1
    outer loop
      vertex -11.527732849121094 6.17144775390625 2.799999237060547
      vertex -11.699999809265137 5.899999618530273 2.799999237060547
      vertex -11.544526100158691 6.162891387939453 2.799999237060547
    endloop
  endfacet
  facet normal 0 0 -1
    outer loop
      vertex -11.699999809265137 -5.899999618530273 2.799999237060547
      vertex -11.576334953308105 -6.142704963684082 2.799999237060547
      vertex -11.591226577758789 -6.131153106689453 2.799999237060547
    endloop
  endfacet
  facet normal 0 0 -1
    outer loop
      vertex -11.544526100158691 6.162891387939453 2.799999237060547
      vertex -11.699999809265137 5.899999618530273 2.799999237060547
      vertex -11.560747146606445 6.153298377990723 2.799999237060547
    endloop
  endfacet
  facet normal 0 0 -1
    outer loop
      vertex -11.699999809265137 -5.899999618530273 2.799999237060547
      vertex -11.591226577758789 -6.131153106689453 2.799999237060547
      vertex -11.605363845825195 -6.118690490722656 2.799999237060547
    endloop
  endfacet
  facet normal 0 0 -1
    outer loop
      vertex -11.560747146606445 6.153298377990723 2.799999237060547
      vertex -11.699999809265137 5.899999618530273 2.799999237060547
      vertex -11.576334953308105 6.142704963684082 2.799999237060547
    endloop
  endfacet
  facet normal 0 0 -1
    outer loop
      vertex -11.699999809265137 -5.899999618530273 2.799999237060547
      vertex -11.605363845825195 -6.118690490722656 2.799999237060547
      vertex -11.618690490722656 -6.105363845825195 2.799999237060547
    endloop
  endfacet
  facet normal 0 0 -1
    outer loop
      vertex -11.576334953308105 6.142704963684082 2.799999237060547
      vertex -11.699999809265137 5.899999618530273 2.799999237060547
      vertex -11.591226577758789 6.131153106689453 2.799999237060547
    endloop
  endfacet
  facet normal 0 0 -1
    outer loop
      vertex -11.699999809265137 -5.899999618530273 2.799999237060547
      vertex -11.618690490722656 -6.105363845825195 2.799999237060547
      vertex -11.631153106689453 -6.091226577758789 2.799999237060547
    endloop
  endfacet
  facet normal 0 0 -1
    outer loop
      vertex -11.591226577758789 6.131153106689453 2.799999237060547
      vertex -11.699999809265137 5.899999618530273 2.799999237060547
      vertex -11.605363845825195 6.118690490722656 2.799999237060547
    endloop
  endfacet
  facet normal 0 0 -1
    outer loop
      vertex -11.699999809265137 -5.899999618530273 2.799999237060547
      vertex -11.631153106689453 -6.091226577758789 2.799999237060547
      vertex -11.642704963684082 -6.0763349533081055 2.799999237060547
    endloop
  endfacet
  facet normal 0 0 -1
    outer loop
      vertex -11.605363845825195 6.118690490722656 2.799999237060547
      vertex -11.699999809265137 5.899999618530273 2.799999237060547
      vertex -11.618690490722656 6.105363845825195 2.799999237060547
    endloop
  endfacet
  facet normal 0 0 -1
    outer loop
      vertex -11.699999809265137 -5.899999618530273 2.799999237060547
      vertex -11.642704963684082 -6.0763349533081055 2.799999237060547
      vertex -11.653298377990723 -6.060747146606445 2.799999237060547
    endloop
  endfacet
  facet normal 0 0 -1
    outer loop
      vertex -11.618690490722656 6.105363845825195 2.799999237060547
      vertex -11.699999809265137 5.899999618530273 2.799999237060547
      vertex -11.631153106689453 6.091226577758789 2.799999237060547
    endloop
  endfacet
  facet normal 0 0 -1
    outer loop
      vertex -11.699999809265137 -5.899999618530273 2.799999237060547
      vertex -11.653298377990723 -6.060747146606445 2.799999237060547
      vertex -11.662891387939453 -6.044526100158691 2.799999237060547
    endloop
  endfacet
  facet normal 0 0 -1
    outer loop
      vertex -11.631153106689453 6.091226577758789 2.799999237060547
      vertex -11.699999809265137 5.899999618530273 2.799999237060547
      vertex -11.642704963684082 6.0763349533081055 2.799999237060547
    endloop
  endfacet
  facet normal 0 0 -1
    outer loop
      vertex -11.699999809265137 -5.899999618530273 2.799999237060547
      vertex -11.662891387939453 -6.044526100158691 2.799999237060547
      vertex -11.67144775390625 -6.027732849121094 2.799999237060547
    endloop
  endfacet
  facet normal 0 0 -1
    outer loop
      vertex -11.642704963684082 6.0763349533081055 2.799999237060547
      vertex -11.699999809265137 5.899999618530273 2.799999237060547
      vertex -11.653298377990723 6.060747146606445 2.799999237060547
    endloop
  endfacet
  facet normal 0 0 -1
    outer loop
      vertex -11.699999809265137 -5.899999618530273 2.799999237060547
      vertex -11.67144775390625 -6.027732849121094 2.799999237060547
      vertex -11.678932189941406 -6.01043701171875 2.799999237060547
    endloop
  endfacet
  facet normal 0 0 -1
    outer loop
      vertex -11.653298377990723 6.060747146606445 2.799999237060547
      vertex -11.699999809265137 5.899999618530273 2.799999237060547
      vertex -11.662891387939453 6.044526100158691 2.799999237060547
    endloop
  endfacet
  facet normal 0 0 -1
    outer loop
      vertex -11.699999809265137 -5.899999618530273 2.799999237060547
      vertex -11.678932189941406 -6.01043701171875 2.799999237060547
      vertex -11.68531608581543 -5.992704391479492 2.799999237060547
    endloop
  endfacet
  facet normal 0 0 -1
    outer loop
      vertex -11.662891387939453 6.044526100158691 2.799999237060547
      vertex -11.699999809265137 5.899999618530273 2.799999237060547
      vertex -11.67144775390625 6.027732849121094 2.799999237060547
    endloop
  endfacet
  facet normal 0 0 -1
    outer loop
      vertex -11.699999809265137 -5.899999618530273 2.799999237060547
      vertex -11.68531608581543 -5.992704391479492 2.799999237060547
      vertex -11.690574645996094 -5.974606513977051 2.799999237060547
    endloop
  endfacet
  facet normal 0 0 -1
    outer loop
      vertex -11.67144775390625 6.027732849121094 2.799999237060547
      vertex -11.699999809265137 5.899999618530273 2.799999237060547
      vertex -11.678932189941406 6.01043701171875 2.799999237060547
    endloop
  endfacet
  facet normal 0 0 -1
    outer loop
      vertex -11.699999809265137 -5.899999618530273 2.799999237060547
      vertex -11.690574645996094 -5.974606513977051 2.799999237060547
      vertex -11.694685935974121 -5.95621395111084 2.799999237060547
    endloop
  endfacet
  facet normal 0 0 -1
    outer loop
      vertex -11.678932189941406 6.01043701171875 2.799999237060547
      vertex -11.699999809265137 5.899999618530273 2.799999237060547
      vertex -11.68531608581543 5.992704391479492 2.799999237060547
    endloop
  endfacet
  facet normal 0 0 -1
    outer loop
      vertex -11.699999809265137 -5.899999618530273 2.799999237060547
      vertex -11.694685935974121 -5.95621395111084 2.799999237060547
      vertex -11.697633743286133 -5.937599182128906 2.799999237060547
    endloop
  endfacet
  facet normal 0 0 -1
    outer loop
      vertex -11.68531608581543 5.992704391479492 2.799999237060547
      vertex -11.699999809265137 5.899999618530273 2.799999237060547
      vertex -11.690574645996094 5.974606513977051 2.799999237060547
    endloop
  endfacet
  facet normal 0 0 -1
    outer loop
      vertex -11.699999809265137 -5.899999618530273 2.799999237060547
      vertex -11.697633743286133 -5.937599182128906 2.799999237060547
      vertex -11.699407577514648 -5.91883659362793 2.799999237060547
    endloop
  endfacet
  facet normal 0 0 -1
    outer loop
      vertex -11.690574645996094 5.974606513977051 2.799999237060547
      vertex -11.699999809265137 5.899999618530273 2.799999237060547
      vertex -11.694685935974121 5.95621395111084 2.799999237060547
    endloop
  endfacet
  facet normal 0 0 -1
    outer loop
      vertex -11.694685935974121 5.95621395111084 2.799999237060547
      vertex -11.699999809265137 5.899999618530273 2.799999237060547
      vertex -11.697633743286133 5.937599182128906 2.799999237060547
    endloop
  endfacet
  facet normal 0 0 -1
    outer loop
      vertex -11.697633743286133 5.937599182128906 2.799999237060547
      vertex -11.699999809265137 5.899999618530273 2.799999237060547
      vertex -11.699407577514648 5.91883659362793 2.799999237060547
    endloop
  endfacet
  facet normal -0.8270817629306938 0.5620816287937686 0
    outer loop
      vertex -11.157294273376465 -6.0763349533081055 0
      vertex -11.146700859069824 -6.060747146606445 2.799999237060547
      vertex -11.146700859069824 -6.060747146606445 0
    endloop
  endfacet
  facet normal -0.8270817629306938 0.5620816287937686 0
    outer loop
      vertex -11.146700859069824 -6.060747146606445 2.799999237060547
      vertex -11.157294273376465 -6.0763349533081055 0
      vertex -11.157294273376465 -6.0763349533081055 2.799999237060547
    endloop
  endfacet
  facet normal 0.7501390329139643 -0.6612801458526502 0
    outer loop
      vertex -11.631153106689453 6.091226577758789 2.799999237060547
      vertex -11.618690490722656 6.105363845825195 0
      vertex -11.618690490722656 6.105363845825195 2.799999237060547
    endloop
  endfacet
  facet normal 0.7501390329139643 -0.6612801458526502 0
    outer loop
      vertex -11.618690490722656 6.105363845825195 0
      vertex -11.631153106689453 6.091226577758789 2.799999237060547
      vertex -11.631153106689453 6.091226577758789 0
    endloop
  endfacet
  facet normal -0.03142432711320473 0.9995061338808694 0
    outer loop
      vertex -11.381162643432617 -6.199407577514648 0
      vertex -11.399999618530273 -6.199999809265137 2.799999237060547
      vertex -11.381162643432617 -6.199407577514648 2.799999237060547
    endloop
  endfacet
  facet normal -0.03142432711320473 0.9995061338808694 0
    outer loop
      vertex -11.399999618530273 -6.199999809265137 2.799999237060547
      vertex -11.381162643432617 -6.199407577514648 0
      vertex -11.399999618530273 -6.199999809265137 0
    endloop
  endfacet
  facet normal 0.8607441236376201 0.5090378705197731 0
    outer loop
      vertex -11.653298377990723 -6.060747146606445 2.799999237060547
      vertex -11.662891387939453 -6.044526100158691 0
      vertex -11.662891387939453 -6.044526100158691 2.799999237060547
    endloop
  endfacet
  facet normal 0.8607441236376201 0.5090378705197731 0
    outer loop
      vertex -11.662891387939453 -6.044526100158691 0
      vertex -11.653298377990723 -6.060747146606445 2.799999237060547
      vertex -11.653298377990723 -6.060747146606445 0
    endloop
  endfacet
  facet normal 0.15640949256927125 0.987692295522357 0
    outer loop
      vertex -11.437599182128906 -6.197633743286133 0
      vertex -11.45621395111084 -6.194685935974121 2.799999237060547
      vertex -11.437599182128906 -6.197633743286133 2.799999237060547
    endloop
  endfacet
  facet normal 0.15640949256927125 0.987692295522357 0
    outer loop
      vertex -11.45621395111084 -6.194685935974121 2.799999237060547
      vertex -11.437599182128906 -6.197633743286133 0
      vertex -11.45621395111084 -6.194685935974121 0
    endloop
  endfacet
  facet normal 0.5620816287937686 -0.8270817629306938 0
    outer loop
      vertex -11.576334953308105 6.142704963684082 0
      vertex -11.560747146606445 6.153298377990723 2.799999237060547
      vertex -11.576334953308105 6.142704963684082 2.799999237060547
    endloop
  endfacet
  facet normal 0.5620816287937686 -0.8270817629306938 0
    outer loop
      vertex -11.560747146606445 6.153298377990723 2.799999237060547
      vertex -11.576334953308105 6.142704963684082 0
      vertex -11.560747146606445 6.153298377990723 0
    endloop
  endfacet
  facet normal -0.9955607344645039 0.09412132591765666 0
    outer loop
      vertex -11.102365493774414 -5.937599182128906 0
      vertex -11.100591659545898 -5.91883659362793 2.799999237060547
      vertex -11.100591659545898 -5.91883659362793 0
    endloop
  endfacet
  facet normal -0.9955607344645039 0.09412132591765666 0
    outer loop
      vertex -11.100591659545898 -5.91883659362793 2.799999237060547
      vertex -11.102365493774414 -5.937599182128906 0
      vertex -11.102365493774414 -5.937599182128906 2.799999237060547
    endloop
  endfacet
  facet normal 0.9995061338808694 0.03142432711320473 0
    outer loop
      vertex -11.699407577514648 -5.91883659362793 2.799999237060547
      vertex -11.699999809265137 -5.899999618530273 2.59999942779541
      vertex -11.699999809265137 -5.899999618530273 2.799999237060547
    endloop
  endfacet
  facet normal 0.9995061338808694 0.03142432711320473 0
    outer loop
      vertex -11.699999809265137 -5.899999618530273 2.59999942779541
      vertex -11.699407577514648 -5.91883659362793 2.799999237060547
      vertex -11.699999809265137 -5.899999618530273 2.1999998092651367
    endloop
  endfacet
  facet normal 0.9995061338808694 0.03142432711320473 0
    outer loop
      vertex -11.699407577514648 -5.91883659362793 0
      vertex -11.699999809265137 -5.899999618530273 2.1999998092651367
      vertex -11.699407577514648 -5.91883659362793 2.799999237060547
    endloop
  endfacet
  facet normal 0.9995061338808693 0.03142432711320473 0
    outer loop
      vertex -11.699999809265137 -5.899999618530273 2.1999998092651367
      vertex -11.699407577514648 -5.91883659362793 0
      vertex -11.699999809265137 -5.899999618530273 0
    endloop
  endfacet
  facet normal -0.750113931486298 0.6613086191712378 0
    outer loop
      vertex -11.18130874633789 -6.105363845825195 0
      vertex -11.168845176696777 -6.091226577758789 2.799999237060547
      vertex -11.168845176696777 -6.091226577758789 0
    endloop
  endfacet
  facet normal -0.750113931486298 0.6613086191712378 0
    outer loop
      vertex -11.168845176696777 -6.091226577758789 2.799999237060547
      vertex -11.18130874633789 -6.105363845825195 0
      vertex -11.18130874633789 -6.105363845825195 2.799999237060547
    endloop
  endfacet
  facet normal -0.5621051535609614 0.8270657750990594 0
    outer loop
      vertex -11.223664283752441 -6.142704963684082 0
      vertex -11.239251136779785 -6.153298377990723 2.799999237060547
      vertex -11.223664283752441 -6.142704963684082 2.799999237060547
    endloop
  endfacet
  facet normal -0.5621051535609614 0.8270657750990594 0
    outer loop
      vertex -11.239251136779785 -6.153298377990723 2.799999237060547
      vertex -11.223664283752441 -6.142704963684082 0
      vertex -11.239251136779785 -6.153298377990723 0
    endloop
  endfacet
  facet normal -0.3971231383988389 -0.9177653365366643 0
    outer loop
      vertex -11.289562225341797 6.178932189941406 0
      vertex -11.272265434265137 6.17144775390625 2.799999237060547
      vertex -11.289562225341797 6.178932189941406 2.799999237060547
    endloop
  endfacet
  facet normal -0.3971231383988389 -0.9177653365366643 0
    outer loop
      vertex -11.272265434265137 6.17144775390625 2.799999237060547
      vertex -11.289562225341797 6.178932189941406 0
      vertex -11.272265434265137 6.17144775390625 0
    endloop
  endfacet
  facet normal 0.9177573557291627 0.3971415818131048 0
    outer loop
      vertex -11.67144775390625 -6.027732849121094 2.799999237060547
      vertex -11.678932189941406 -6.01043701171875 0
      vertex -11.678932189941406 -6.01043701171875 2.799999237060547
    endloop
  endfacet
  facet normal 0.9177573557291627 0.3971415818131048 0
    outer loop
      vertex -11.678932189941406 -6.01043701171875 0
      vertex -11.67144775390625 -6.027732849121094 2.799999237060547
      vertex -11.67144775390625 -6.027732849121094 0
    endloop
  endfacet
  facet normal -0.9955607344645039 -0.09412132591765666 0
    outer loop
      vertex -11.100591659545898 5.91883659362793 0
      vertex -11.102365493774414 5.937599182128906 2.799999237060547
      vertex -11.102365493774414 5.937599182128906 0
    endloop
  endfacet
  facet normal -0.9955607344645039 -0.09412132591765666 0
    outer loop
      vertex -11.102365493774414 5.937599182128906 2.799999237060547
      vertex -11.100591659545898 5.91883659362793 0
      vertex -11.100591659545898 5.91883659362793 2.799999237060547
    endloop
  endfacet
  facet normal 0.7071067811865476 -0.7071067811865476 0
    outer loop
      vertex -11.618690490722656 6.105363845825195 2.799999237060547
      vertex -11.605363845825195 6.118690490722656 0
      vertex -11.605363845825195 6.118690490722656 2.799999237060547
    endloop
  endfacet
  facet normal 0.7071067811865476 -0.7071067811865476 0
    outer loop
      vertex -11.605363845825195 6.118690490722656 0
      vertex -11.618690490722656 6.105363845825195 2.799999237060547
      vertex -11.618690490722656 6.105363845825195 0
    endloop
  endfacet
  facet normal 0.7501390329139643 0.6612801458526502 0
    outer loop
      vertex -11.618690490722656 -6.105363845825195 2.799999237060547
      vertex -11.631153106689453 -6.091226577758789 0
      vertex -11.631153106689453 -6.091226577758789 2.799999237060547
    endloop
  endfacet
  facet normal 0.7501390329139643 0.6612801458526502 0
    outer loop
      vertex -11.631153106689453 -6.091226577758789 0
      vertex -11.618690490722656 -6.105363845825195 2.799999237060547
      vertex -11.618690490722656 -6.105363845825195 0
    endloop
  endfacet
  facet normal 0.21814653069828524 -0.9759160266868775 0
    outer loop
      vertex -11.47460651397705 6.190574645996094 0
      vertex -11.45621395111084 6.194685935974121 2.799999237060547
      vertex -11.47460651397705 6.190574645996094 2.799999237060547
    endloop
  endfacet
  facet normal 0.21814653069828524 -0.9759160266868775 0
    outer loop
      vertex -11.45621395111084 6.194685935974121 2.799999237060547
      vertex -11.47460651397705 6.190574645996094 0
      vertex -11.45621395111084 6.194685935974121 0
    endloop
  endfacet
  facet normal 0.6129312038125971 0.7901362790005535 0
    outer loop
      vertex -11.576334953308105 -6.142704963684082 0
      vertex -11.591226577758789 -6.131153106689453 2.799999237060547
      vertex -11.576334953308105 -6.142704963684082 2.799999237060547
    endloop
  endfacet
  facet normal 0.6129312038125971 0.7901362790005535 0
    outer loop
      vertex -11.591226577758789 -6.131153106689453 2.799999237060547
      vertex -11.576334953308105 -6.142704963684082 0
      vertex -11.591226577758789 -6.131153106689453 0
    endloop
  endfacet
  facet normal 0.2790224565203386 -0.9602845769652638 0
    outer loop
      vertex -11.492704391479492 6.18531608581543 0
      vertex -11.47460651397705 6.190574645996094 2.799999237060547
      vertex -11.492704391479492 6.18531608581543 2.799999237060547
    endloop
  endfacet
  facet normal 0.2790224565203386 -0.9602845769652638 0
    outer loop
      vertex -11.47460651397705 6.190574645996094 2.799999237060547
      vertex -11.492704391479492 6.18531608581543 0
      vertex -11.47460651397705 6.190574645996094 0
    endloop
  endfacet
  facet normal 0.6612801458526502 0.7501390329139643 0
    outer loop
      vertex -11.591226577758789 -6.131153106689453 0
      vertex -11.605363845825195 -6.118690490722656 2.799999237060547
      vertex -11.591226577758789 -6.131153106689453 2.799999237060547
    endloop
  endfacet
  facet normal 0.6612801458526502 0.7501390329139643 0
    outer loop
      vertex -11.605363845825195 -6.118690490722656 2.799999237060547
      vertex -11.591226577758789 -6.131153106689453 0
      vertex -11.605363845825195 -6.118690490722656 0
    endloop
  endfacet
  facet normal 0.9955607344645039 -0.09412132591765666 0
    outer loop
      vertex -11.699407577514648 5.91883659362793 2.799999237060547
      vertex -11.697633743286133 5.937599182128906 0
      vertex -11.697633743286133 5.937599182128906 2.799999237060547
    endloop
  endfacet
  facet normal 0.9955607344645039 -0.09412132591765666 0
    outer loop
      vertex -11.697633743286133 5.937599182128906 0
      vertex -11.699407577514648 5.91883659362793 2.799999237060547
      vertex -11.699407577514648 5.91883659362793 0
    endloop
  endfacet
  facet normal 0.6612801458526502 -0.7501390329139643 0
    outer loop
      vertex -11.605363845825195 6.118690490722656 0
      vertex -11.591226577758789 6.131153106689453 2.799999237060547
      vertex -11.605363845825195 6.118690490722656 2.799999237060547
    endloop
  endfacet
  facet normal 0.6612801458526502 -0.7501390329139643 0
    outer loop
      vertex -11.591226577758789 6.131153106689453 2.799999237060547
      vertex -11.605363845825195 6.118690490722656 0
      vertex -11.591226577758789 6.131153106689453 0
    endloop
  endfacet
  facet normal -0.8910113062938652 -0.4539811142068577 0
    outer loop
      vertex -11.128551483154297 6.027732849121094 0
      vertex -11.137107849121094 6.044526100158691 2.799999237060547
      vertex -11.137107849121094 6.044526100158691 0
    endloop
  endfacet
  facet normal -0.8910113062938652 -0.4539811142068577 0
    outer loop
      vertex -11.137107849121094 6.044526100158691 2.799999237060547
      vertex -11.128551483154297 6.027732849121094 0
      vertex -11.128551483154297 6.027732849121094 2.799999237060547
    endloop
  endfacet
  facet normal -0.987692295522357 -0.15640949256927125 0
    outer loop
      vertex -11.102365493774414 5.937599182128906 0
      vertex -11.105313301086426 5.95621395111084 2.799999237060547
      vertex -11.105313301086426 5.95621395111084 0
    endloop
  endfacet
  facet normal -0.987692295522357 -0.15640949256927125 0
    outer loop
      vertex -11.105313301086426 5.95621395111084 2.799999237060547
      vertex -11.102365493774414 5.937599182128906 0
      vertex -11.102365493774414 5.937599182128906 2.799999237060547
    endloop
  endfacet
  facet normal -0.2790224565203386 -0.9602845769652638 0
    outer loop
      vertex -11.325392723083496 6.190574645996094 0
      vertex -11.307294845581055 6.18531608581543 2.799999237060547
      vertex -11.325392723083496 6.190574645996094 2.799999237060547
    endloop
  endfacet
  facet normal -0.2790224565203386 -0.9602845769652638 0
    outer loop
      vertex -11.307294845581055 6.18531608581543 2.799999237060547
      vertex -11.325392723083496 6.190574645996094 0
      vertex -11.307294845581055 6.18531608581543 0
    endloop
  endfacet
  facet normal -0.750113931486298 -0.6613086191712378 0
    outer loop
      vertex -11.168845176696777 6.091226577758789 0
      vertex -11.18130874633789 6.105363845825195 2.799999237060547
      vertex -11.18130874633789 6.105363845825195 0
    endloop
  endfacet
  facet normal -0.750113931486298 -0.6613086191712378 0
    outer loop
      vertex -11.18130874633789 6.105363845825195 2.799999237060547
      vertex -11.168845176696777 6.091226577758789 0
      vertex -11.168845176696777 6.091226577758789 2.799999237060547
    endloop
  endfacet
  facet normal 0.9759160266868775 -0.21814653069828524 0
    outer loop
      vertex -11.694685935974121 5.95621395111084 2.799999237060547
      vertex -11.690574645996094 5.974606513977051 0
      vertex -11.690574645996094 5.974606513977051 2.799999237060547
    endloop
  endfacet
  facet normal 0.9759160266868775 -0.21814653069828524 0
    outer loop
      vertex -11.690574645996094 5.974606513977051 0
      vertex -11.694685935974121 5.95621395111084 2.799999237060547
      vertex -11.694685935974121 5.95621395111084 0
    endloop
  endfacet
  facet normal -0.15641731011281643 -0.9876910575159983 0
    outer loop
      vertex -11.362399101257324 6.197633743286133 0
      vertex -11.343785285949707 6.194685935974121 2.799999237060547
      vertex -11.362399101257324 6.197633743286133 2.799999237060547
    endloop
  endfacet
  facet normal -0.15641731011281643 -0.9876910575159983 0
    outer loop
      vertex -11.343785285949707 6.194685935974121 2.799999237060547
      vertex -11.362399101257324 6.197633743286133 0
      vertex -11.343785285949707 6.194685935974121 0
    endloop
  endfacet
  facet normal -0.09411658449022786 -0.9955611827124909 0
    outer loop
      vertex -11.381162643432617 6.199407577514648 0
      vertex -11.362399101257324 6.197633743286133 2.799999237060547
      vertex -11.381162643432617 6.199407577514648 2.799999237060547
    endloop
  endfacet
  facet normal -0.09411658449022786 -0.9955611827124909 0
    outer loop
      vertex -11.362399101257324 6.197633743286133 2.799999237060547
      vertex -11.381162643432617 6.199407577514648 0
      vertex -11.362399101257324 6.197633743286133 0
    endloop
  endfacet
  facet normal 0.7901362790005535 -0.6129312038125971 0
    outer loop
      vertex -11.642704963684082 6.0763349533081055 2.799999237060547
      vertex -11.631153106689453 6.091226577758789 0
      vertex -11.631153106689453 6.091226577758789 2.799999237060547
    endloop
  endfacet
  facet normal 0.7901362790005535 -0.6129312038125971 0
    outer loop
      vertex -11.631153106689453 6.091226577758789 0
      vertex -11.642704963684082 6.0763349533081055 2.799999237060547
      vertex -11.642704963684082 6.0763349533081055 0
    endloop
  endfacet
  facet normal 0.9995061338808694 -0.03142432711320473 0
    outer loop
      vertex -11.699999809265137 5.899999618530273 2.59999942779541
      vertex -11.699407577514648 5.91883659362793 2.799999237060547
      vertex -11.699999809265137 5.899999618530273 2.799999237060547
    endloop
  endfacet
  facet normal 0.9995061338808694 -0.03142432711320473 0
    outer loop
      vertex -11.699999809265137 5.899999618530273 2.1999998092651367
      vertex -11.699407577514648 5.91883659362793 2.799999237060547
      vertex -11.699999809265137 5.899999618530273 2.59999942779541
    endloop
  endfacet
  facet normal 0.9995061338808694 -0.03142432711320473 0
    outer loop
      vertex -11.699407577514648 5.91883659362793 2.799999237060547
      vertex -11.699999809265137 5.899999618530273 2.1999998092651367
      vertex -11.699407577514648 5.91883659362793 0
    endloop
  endfacet
  facet normal 0.9995061338808693 -0.03142432711320473 0
    outer loop
      vertex -11.699407577514648 5.91883659362793 0
      vertex -11.699999809265137 5.899999618530273 2.1999998092651367
      vertex -11.699999809265137 5.899999618530273 0
    endloop
  endfacet
  facet normal -0.8910113062938652 0.4539811142068577 0
    outer loop
      vertex -11.137107849121094 -6.044526100158691 0
      vertex -11.128551483154297 -6.027732849121094 2.799999237060547
      vertex -11.128551483154297 -6.027732849121094 0
    endloop
  endfacet
  facet normal -0.8910113062938652 0.4539811142068577 0
    outer loop
      vertex -11.128551483154297 -6.027732849121094 2.799999237060547
      vertex -11.137107849121094 -6.044526100158691 0
      vertex -11.137107849121094 -6.044526100158691 2.799999237060547
    endloop
  endfacet
  facet normal -0.21814653069828524 0.9759160266868775 0
    outer loop
      vertex -11.325392723083496 -6.190574645996094 0
      vertex -11.343785285949707 -6.194685935974121 2.799999237060547
      vertex -11.325392723083496 -6.190574645996094 2.799999237060547
    endloop
  endfacet
  facet normal -0.21814653069828524 0.9759160266868775 0
    outer loop
      vertex -11.343785285949707 -6.194685935974121 2.799999237060547
      vertex -11.325392723083496 -6.190574645996094 0
      vertex -11.343785285949707 -6.194685935974121 0
    endloop
  endfacet
  facet normal -0.9759160266868775 0.21814653069828524 0
    outer loop
      vertex -11.109424591064453 -5.974606513977051 0
      vertex -11.105313301086426 -5.95621395111084 2.799999237060547
      vertex -11.105313301086426 -5.95621395111084 0
    endloop
  endfacet
  facet normal -0.9759160266868775 0.21814653069828524 0
    outer loop
      vertex -11.105313301086426 -5.95621395111084 2.799999237060547
      vertex -11.109424591064453 -5.974606513977051 0
      vertex -11.109424591064453 -5.974606513977051 2.799999237060547
    endloop
  endfacet
  facet normal -0.9177573557291627 0.3971415818131048 0
    outer loop
      vertex -11.128551483154297 -6.027732849121094 0
      vertex -11.12106704711914 -6.01043701171875 2.799999237060547
      vertex -11.12106704711914 -6.01043701171875 0
    endloop
  endfacet
  facet normal -0.9177573557291627 0.3971415818131048 0
    outer loop
      vertex -11.12106704711914 -6.01043701171875 2.799999237060547
      vertex -11.128551483154297 -6.027732849121094 0
      vertex -11.128551483154297 -6.027732849121094 2.799999237060547
    endloop
  endfacet
  facet normal 0.3387266356183068 -0.9408848315934861 0
    outer loop
      vertex -11.51043701171875 6.178932189941406 0
      vertex -11.492704391479492 6.18531608581543 2.799999237060547
      vertex -11.51043701171875 6.178932189941406 2.799999237060547
    endloop
  endfacet
  facet normal 0.3387266356183068 -0.9408848315934861 0
    outer loop
      vertex -11.492704391479492 6.18531608581543 2.799999237060547
      vertex -11.51043701171875 6.178932189941406 0
      vertex -11.492704391479492 6.18531608581543 0
    endloop
  endfacet
  facet normal -0.9177573557291627 -0.3971415818131048 0
    outer loop
      vertex -11.12106704711914 6.01043701171875 0
      vertex -11.128551483154297 6.027732849121094 2.799999237060547
      vertex -11.128551483154297 6.027732849121094 0
    endloop
  endfacet
  facet normal -0.9177573557291627 -0.3971415818131048 0
    outer loop
      vertex -11.128551483154297 6.027732849121094 2.799999237060547
      vertex -11.12106704711914 6.01043701171875 0
      vertex -11.12106704711914 6.01043701171875 2.799999237060547
    endloop
  endfacet
  facet normal -0.987692295522357 0.15640949256927125 0
    outer loop
      vertex -11.105313301086426 -5.95621395111084 0
      vertex -11.102365493774414 -5.937599182128906 2.799999237060547
      vertex -11.102365493774414 -5.937599182128906 0
    endloop
  endfacet
  facet normal -0.987692295522357 0.15640949256927125 0
    outer loop
      vertex -11.102365493774414 -5.937599182128906 2.799999237060547
      vertex -11.105313301086426 -5.95621395111084 0
      vertex -11.105313301086426 -5.95621395111084 2.799999237060547
    endloop
  endfacet
  facet normal -0.09411658449022786 0.9955611827124909 0
    outer loop
      vertex -11.362399101257324 -6.197633743286133 0
      vertex -11.381162643432617 -6.199407577514648 2.799999237060547
      vertex -11.362399101257324 -6.197633743286133 2.799999237060547
    endloop
  endfacet
  facet normal -0.09411658449022786 0.9955611827124909 0
    outer loop
      vertex -11.381162643432617 -6.199407577514648 2.799999237060547
      vertex -11.362399101257324 -6.197633743286133 0
      vertex -11.381162643432617 -6.199407577514648 0
    endloop
  endfacet
  facet normal -0.3387266356183068 0.9408848315934861 0
    outer loop
      vertex -11.289562225341797 -6.178932189941406 0
      vertex -11.307294845581055 -6.18531608581543 2.799999237060547
      vertex -11.289562225341797 -6.178932189941406 2.799999237060547
    endloop
  endfacet
  facet normal -0.3387266356183068 0.9408848315934861 0
    outer loop
      vertex -11.307294845581055 -6.18531608581543 2.799999237060547
      vertex -11.289562225341797 -6.178932189941406 0
      vertex -11.307294845581055 -6.18531608581543 0
    endloop
  endfacet
  facet normal 0.8910113062938652 -0.4539811142068577 0
    outer loop
      vertex -11.67144775390625 6.027732849121094 2.799999237060547
      vertex -11.662891387939453 6.044526100158691 0
      vertex -11.662891387939453 6.044526100158691 2.799999237060547
    endloop
  endfacet
  facet normal 0.8910113062938652 -0.4539811142068577 0
    outer loop
      vertex -11.662891387939453 6.044526100158691 0
      vertex -11.67144775390625 6.027732849121094 2.799999237060547
      vertex -11.67144775390625 6.027732849121094 0
    endloop
  endfacet
  facet normal -0.7901607852034909 -0.6128996112958489 0
    outer loop
      vertex -11.157294273376465 6.0763349533081055 0
      vertex -11.168845176696777 6.091226577758789 2.799999237060547
      vertex -11.168845176696777 6.091226577758789 0
    endloop
  endfacet
  facet normal -0.7901607852034909 -0.6128996112958489 0
    outer loop
      vertex -11.168845176696777 6.091226577758789 2.799999237060547
      vertex -11.157294273376465 6.0763349533081055 0
      vertex -11.157294273376465 6.0763349533081055 2.799999237060547
    endloop
  endfacet
  facet normal 0.3971415818131048 0.9177573557291627 0
    outer loop
      vertex -11.51043701171875 -6.178932189941406 0
      vertex -11.527732849121094 -6.17144775390625 2.799999237060547
      vertex -11.51043701171875 -6.178932189941406 2.799999237060547
    endloop
  endfacet
  facet normal 0.3971415818131048 0.9177573557291627 0
    outer loop
      vertex -11.527732849121094 -6.17144775390625 2.799999237060547
      vertex -11.51043701171875 -6.178932189941406 0
      vertex -11.527732849121094 -6.17144775390625 0
    endloop
  endfacet
  facet normal 0.9602845769652638 0.2790224565203386 0
    outer loop
      vertex -11.68531608581543 -5.992704391479492 2.799999237060547
      vertex -11.690574645996094 -5.974606513977051 0
      vertex -11.690574645996094 -5.974606513977051 2.799999237060547
    endloop
  endfacet
  facet normal 0.9602845769652638 0.2790224565203386 0
    outer loop
      vertex -11.690574645996094 -5.974606513977051 0
      vertex -11.68531608581543 -5.992704391479492 2.799999237060547
      vertex -11.68531608581543 -5.992704391479492 0
    endloop
  endfacet
  facet normal -0.9408687039569372 -0.33877143019208855 0
    outer loop
      vertex -11.1146821975708 5.992704391479492 0
      vertex -11.12106704711914 6.01043701171875 2.799999237060547
      vertex -11.12106704711914 6.01043701171875 0
    endloop
  endfacet
  facet normal -0.9408687039569372 -0.33877143019208855 0
    outer loop
      vertex -11.12106704711914 6.01043701171875 2.799999237060547
      vertex -11.1146821975708 5.992704391479492 0
      vertex -11.1146821975708 5.992704391479492 2.799999237060547
    endloop
  endfacet
  facet normal -0.2790224565203386 0.9602845769652638 0
    outer loop
      vertex -11.307294845581055 -6.18531608581543 0
      vertex -11.325392723083496 -6.190574645996094 2.799999237060547
      vertex -11.307294845581055 -6.18531608581543 2.799999237060547
    endloop
  endfacet
  facet normal -0.2790224565203386 0.9602845769652638 0
    outer loop
      vertex -11.325392723083496 -6.190574645996094 2.799999237060547
      vertex -11.307294845581055 -6.18531608581543 0
      vertex -11.325392723083496 -6.190574645996094 0
    endloop
  endfacet
  facet normal 0.9408848315934861 -0.3387266356183068 0
    outer loop
      vertex -11.68531608581543 5.992704391479492 2.799999237060547
      vertex -11.678932189941406 6.01043701171875 0
      vertex -11.678932189941406 6.01043701171875 2.799999237060547
    endloop
  endfacet
  facet normal 0.9408848315934861 -0.3387266356183068 0
    outer loop
      vertex -11.678932189941406 6.01043701171875 0
      vertex -11.68531608581543 5.992704391479492 2.799999237060547
      vertex -11.68531608581543 5.992704391479492 0
    endloop
  endfacet
  facet normal 0.8607441236376201 -0.5090378705197731 0
    outer loop
      vertex -11.662891387939453 6.044526100158691 2.799999237060547
      vertex -11.653298377990723 6.060747146606445 0
      vertex -11.653298377990723 6.060747146606445 2.799999237060547
    endloop
  endfacet
  facet normal 0.8607441236376201 -0.5090378705197731 0
    outer loop
      vertex -11.653298377990723 6.060747146606445 0
      vertex -11.662891387939453 6.044526100158691 2.799999237060547
      vertex -11.662891387939453 6.044526100158691 0
    endloop
  endfacet
  facet normal -0.6612801458526502 0.7501390329139643 0
    outer loop
      vertex -11.194635391235352 -6.118690490722656 0
      vertex -11.208772659301758 -6.131153106689453 2.799999237060547
      vertex -11.194635391235352 -6.118690490722656 2.799999237060547
    endloop
  endfacet
  facet normal -0.6612801458526502 0.7501390329139643 0
    outer loop
      vertex -11.208772659301758 -6.131153106689453 2.799999237060547
      vertex -11.194635391235352 -6.118690490722656 0
      vertex -11.208772659301758 -6.131153106689453 0
    endloop
  endfacet
  facet normal -0.7901607852034909 0.6128996112958489 0
    outer loop
      vertex -11.168845176696777 -6.091226577758789 0
      vertex -11.157294273376465 -6.0763349533081055 2.799999237060547
      vertex -11.157294273376465 -6.0763349533081055 0
    endloop
  endfacet
  facet normal -0.7901607852034909 0.6128996112958489 0
    outer loop
      vertex -11.157294273376465 -6.0763349533081055 2.799999237060547
      vertex -11.168845176696777 -6.091226577758789 0
      vertex -11.168845176696777 -6.091226577758789 2.799999237060547
    endloop
  endfacet
  facet normal 0.4539811142068577 0.8910113062938652 0
    outer loop
      vertex -11.527732849121094 -6.17144775390625 0
      vertex -11.544526100158691 -6.162891387939453 2.799999237060547
      vertex -11.527732849121094 -6.17144775390625 2.799999237060547
    endloop
  endfacet
  facet normal 0.4539811142068577 0.8910113062938652 0
    outer loop
      vertex -11.544526100158691 -6.162891387939453 2.799999237060547
      vertex -11.527732849121094 -6.17144775390625 0
      vertex -11.544526100158691 -6.162891387939453 0
    endloop
  endfacet
  facet normal -0.9602981345186157 0.27897579257001254 0
    outer loop
      vertex -11.1146821975708 -5.992704391479492 0
      vertex -11.109424591064453 -5.974606513977051 2.799999237060547
      vertex -11.109424591064453 -5.974606513977051 0
    endloop
  endfacet
  facet normal -0.9602981345186157 0.27897579257001254 0
    outer loop
      vertex -11.109424591064453 -5.974606513977051 2.799999237060547
      vertex -11.1146821975708 -5.992704391479492 0
      vertex -11.1146821975708 -5.992704391479492 2.799999237060547
    endloop
  endfacet
  facet normal 0.987692295522357 0.15640949256927125 0
    outer loop
      vertex -11.694685935974121 -5.95621395111084 2.799999237060547
      vertex -11.697633743286133 -5.937599182128906 0
      vertex -11.697633743286133 -5.937599182128906 2.799999237060547
    endloop
  endfacet
  facet normal 0.987692295522357 0.15640949256927125 0
    outer loop
      vertex -11.697633743286133 -5.937599182128906 0
      vertex -11.694685935974121 -5.95621395111084 2.799999237060547
      vertex -11.694685935974121 -5.95621395111084 0
    endloop
  endfacet
  facet normal 0.3387266356183068 0.9408848315934861 0
    outer loop
      vertex -11.492704391479492 -6.18531608581543 0
      vertex -11.51043701171875 -6.178932189941406 2.799999237060547
      vertex -11.492704391479492 -6.18531608581543 2.799999237060547
    endloop
  endfacet
  facet normal 0.3387266356183068 0.9408848315934861 0
    outer loop
      vertex -11.51043701171875 -6.178932189941406 2.799999237060547
      vertex -11.492704391479492 -6.18531608581543 0
      vertex -11.51043701171875 -6.178932189941406 0
    endloop
  endfacet
  facet normal -0.45400158273251634 0.8910008770345684 0
    outer loop
      vertex -11.255473136901855 -6.162891387939453 0
      vertex -11.272265434265137 -6.17144775390625 2.799999237060547
      vertex -11.255473136901855 -6.162891387939453 2.799999237060547
    endloop
  endfacet
  facet normal -0.45400158273251634 0.8910008770345684 0
    outer loop
      vertex -11.272265434265137 -6.17144775390625 2.799999237060547
      vertex -11.255473136901855 -6.162891387939453 0
      vertex -11.272265434265137 -6.17144775390625 0
    endloop
  endfacet
  facet normal 0.9955607344645039 0.09412132591765666 0
    outer loop
      vertex -11.697633743286133 -5.937599182128906 2.799999237060547
      vertex -11.699407577514648 -5.91883659362793 0
      vertex -11.699407577514648 -5.91883659362793 2.799999237060547
    endloop
  endfacet
  facet normal 0.9955607344645039 0.09412132591765666 0
    outer loop
      vertex -11.699407577514648 -5.91883659362793 0
      vertex -11.697633743286133 -5.937599182128906 2.799999237060547
      vertex -11.697633743286133 -5.937599182128906 0
    endloop
  endfacet
  facet normal 0 -1 0
    outer loop
      vertex -5.899999618530273 -11.09999942779541 0
      vertex 5.899999618530273 -11.09999942779541 2.799999237060547
      vertex -5.899999618530273 -11.09999942779541 2.799999237060547
    endloop
  endfacet
  facet normal 0 -1 0
    outer loop
      vertex 5.899999618530273 -11.09999942779541 2.799999237060547
      vertex -5.899999618530273 -11.09999942779541 0
      vertex 5.899999618530273 -11.09999942779541 0
    endloop
  endfacet
  facet normal -0.9876910575159983 -0.15641731011281643 0
    outer loop
      vertex 6.197633743286133 -11.362399101257324 0
      vertex 6.194685935974121 -11.343785285949707 2.799999237060547
      vertex 6.194685935974121 -11.343785285949707 0
    endloop
  endfacet
  facet normal -0.9876910575159983 -0.15641731011281643 0
    outer loop
      vertex 6.194685935974121 -11.343785285949707 2.799999237060547
      vertex 6.197633743286133 -11.362399101257324 0
      vertex 6.197633743286133 -11.362399101257324 2.799999237060547
    endloop
  endfacet
  facet normal 0.9955607344645039 0.09412132591765666 0
    outer loop
      vertex -6.197633743286133 -11.437599182128906 2.799999237060547
      vertex -6.199407577514648 -11.41883659362793 0
      vertex -6.199407577514648 -11.41883659362793 2.799999237060547
    endloop
  endfacet
  facet normal 0.9955607344645039 0.09412132591765666 0
    outer loop
      vertex -6.199407577514648 -11.41883659362793 0
      vertex -6.197633743286133 -11.437599182128906 2.799999237060547
      vertex -6.197633743286133 -11.437599182128906 0
    endloop
  endfacet
  facet normal 0.9602845769652638 0.2790224565203386 0
    outer loop
      vertex -6.18531608581543 -11.492704391479492 2.799999237060547
      vertex -6.190574645996094 -11.47460651397705 0
      vertex -6.190574645996094 -11.47460651397705 2.799999237060547
    endloop
  endfacet
  facet normal 0.9602845769652638 0.2790224565203386 0
    outer loop
      vertex -6.190574645996094 -11.47460651397705 0
      vertex -6.18531608581543 -11.492704391479492 2.799999237060547
      vertex -6.18531608581543 -11.492704391479492 0
    endloop
  endfacet
  facet normal 0.8607572355819642 -0.5090156985725443 0
    outer loop
      vertex -6.162891387939453 -11.255473136901855 2.799999237060547
      vertex -6.153298377990723 -11.239251136779785 0
      vertex -6.153298377990723 -11.239251136779785 2.799999237060547
    endloop
  endfacet
  facet normal 0.8607572355819642 -0.5090156985725443 0
    outer loop
      vertex -6.153298377990723 -11.239251136779785 0
      vertex -6.162891387939453 -11.255473136901855 2.799999237060547
      vertex -6.162891387939453 -11.255473136901855 0
    endloop
  endfacet
  facet normal 0.8910113062938652 0.4539811142068577 0
    outer loop
      vertex -6.162891387939453 -11.544526100158691 2.799999237060547
      vertex -6.17144775390625 -11.527732849121094 0
      vertex -6.17144775390625 -11.527732849121094 2.799999237060547
    endloop
  endfacet
  facet normal 0.8910113062938652 0.4539811142068577 0
    outer loop
      vertex -6.17144775390625 -11.527732849121094 0
      vertex -6.162891387939453 -11.544526100158691 2.799999237060547
      vertex -6.162891387939453 -11.544526100158691 0
    endloop
  endfacet
  facet normal 0.3971415818131048 0.9177573557291627 0
    outer loop
      vertex -6.01043701171875 -11.678932189941406 0
      vertex -6.027732849121094 -11.67144775390625 2.799999237060547
      vertex -6.01043701171875 -11.678932189941406 2.799999237060547
    endloop
  endfacet
  facet normal 0.3971415818131048 0.9177573557291627 0
    outer loop
      vertex -6.027732849121094 -11.67144775390625 2.799999237060547
      vertex -6.01043701171875 -11.678932189941406 0
      vertex -6.027732849121094 -11.67144775390625 0
    endloop
  endfacet
  facet normal 0.9408848315934861 -0.3387266356183068 0
    outer loop
      vertex -6.18531608581543 -11.307294845581055 2.799999237060547
      vertex -6.178932189941406 -11.289562225341797 0
      vertex -6.178932189941406 -11.289562225341797 2.799999237060547
    endloop
  endfacet
  facet normal 0.9408848315934861 -0.3387266356183068 0
    outer loop
      vertex -6.178932189941406 -11.289562225341797 0
      vertex -6.18531608581543 -11.307294845581055 2.799999237060547
      vertex -6.18531608581543 -11.307294845581055 0
    endloop
  endfacet
  facet normal 0 1 0
    outer loop
      vertex 5.899999618530273 -11.699999809265137 0
      vertex -5.899999618530273 -11.699999809265137 2.1999998092651367
      vertex 5.899999618530273 -11.699999809265137 2.1999998092651367
    endloop
  endfacet
  facet normal 0 1 0
    outer loop
      vertex -5.899999618530273 -11.699999809265137 2.1999998092651367
      vertex 5.899999618530273 -11.699999809265137 0
      vertex -5.899999618530273 -11.699999809265137 0
    endloop
  endfacet
  facet normal 0 1 0
    outer loop
      vertex 5.899999618530273 -11.699999809265137 2.59999942779541
      vertex -5.899999618530273 -11.699999809265137 2.799999237060547
      vertex 5.899999618530273 -11.699999809265137 2.799999237060547
    endloop
  endfacet
  facet normal 0 1 0
    outer loop
      vertex -5.899999618530273 -11.699999809265137 2.799999237060547
      vertex 5.899999618530273 -11.699999809265137 2.59999942779541
      vertex -5.899999618530273 -11.699999809265137 2.59999942779541
    endloop
  endfacet
  facet normal 0 -1 0
    outer loop
      vertex 5.899999618530273 -11.699999809265137 2.1999998092651367
      vertex 6 -11.699999809265137 2.59999942779541
      vertex 5.899999618530273 -11.699999809265137 2.59999942779541
    endloop
  endfacet
  facet normal 0 -1 0
    outer loop
      vertex 6 -11.699999809265137 2.59999942779541
      vertex 5.899999618530273 -11.699999809265137 2.1999998092651367
      vertex 6 -11.699999809265137 2.1999998092651367
    endloop
  endfacet
  facet normal 0 -1 0
    outer loop
      vertex -6 -11.699999809265137 2.1999998092651367
      vertex -5.899999618530273 -11.699999809265137 2.59999942779541
      vertex -6 -11.699999809265137 2.59999942779541
    endloop
  endfacet
  facet normal 0 -1 0
    outer loop
      vertex -5.899999618530273 -11.699999809265137 2.59999942779541
      vertex -6 -11.699999809265137 2.1999998092651367
      vertex -5.899999618530273 -11.699999809265137 2.1999998092651367
    endloop
  endfacet
  facet normal 0.15640949256927125 0.987692295522357 0
    outer loop
      vertex -5.937599182128906 -11.697633743286133 0
      vertex -5.95621395111084 -11.694685935974121 2.799999237060547
      vertex -5.937599182128906 -11.697633743286133 2.799999237060547
    endloop
  endfacet
  facet normal 0.15640949256927125 0.987692295522357 0
    outer loop
      vertex -5.95621395111084 -11.694685935974121 2.799999237060547
      vertex -5.937599182128906 -11.697633743286133 0
      vertex -5.95621395111084 -11.694685935974121 0
    endloop
  endfacet
  facet normal -0.9995061338808694 0.03142432711320473 0
    outer loop
      vertex 6.199407577514648 -11.41883659362793 0
      vertex 6.199999809265137 -11.399999618530273 2.799999237060547
      vertex 6.199999809265137 -11.399999618530273 0
    endloop
  endfacet
  facet normal -0.9995061338808694 0.03142432711320473 0
    outer loop
      vertex 6.199999809265137 -11.399999618530273 2.799999237060547
      vertex 6.199407577514648 -11.41883659362793 0
      vertex 6.199407577514648 -11.41883659362793 2.799999237060547
    endloop
  endfacet
  facet normal 0.5620816287937686 0.8270817629306938 0
    outer loop
      vertex -6.060747146606445 -11.653298377990723 0
      vertex -6.0763349533081055 -11.642704963684082 2.799999237060547
      vertex -6.060747146606445 -11.653298377990723 2.799999237060547
    endloop
  endfacet
  facet normal 0.5620816287937686 0.8270817629306938 0
    outer loop
      vertex -6.0763349533081055 -11.642704963684082 2.799999237060547
      vertex -6.060747146606445 -11.653298377990723 0
      vertex -6.0763349533081055 -11.642704963684082 0
    endloop
  endfacet
  facet normal -0.03142432711320473 -0.9995061338808694 0
    outer loop
      vertex 5.899999618530273 -11.09999942779541 0
      vertex 5.91883659362793 -11.100591659545898 2.799999237060547
      vertex 5.899999618530273 -11.09999942779541 2.799999237060547
    endloop
  endfacet
  facet normal -0.03142432711320473 -0.9995061338808694 0
    outer loop
      vertex 5.91883659362793 -11.100591659545898 2.799999237060547
      vertex 5.899999618530273 -11.09999942779541 0
      vertex 5.91883659362793 -11.100591659545898 0
    endloop
  endfacet
  facet normal 0.9995061338808694 0.03142432711320473 0
    outer loop
      vertex -6.199407577514648 -11.41883659362793 2.799999237060547
      vertex -6.199999809265137 -11.399999618530273 0
      vertex -6.199999809265137 -11.399999618530273 2.799999237060547
    endloop
  endfacet
  facet normal 0.9995061338808694 0.03142432711320473 0
    outer loop
      vertex -6.199999809265137 -11.399999618530273 0
      vertex -6.199407577514648 -11.41883659362793 2.799999237060547
      vertex -6.199407577514648 -11.41883659362793 0
    endloop
  endfacet
  facet normal -0.5620816287937686 0.8270817629306938 0
    outer loop
      vertex 6.0763349533081055 -11.642704963684082 0
      vertex 6.060747146606445 -11.653298377990723 2.799999237060547
      vertex 6.0763349533081055 -11.642704963684082 2.799999237060547
    endloop
  endfacet
  facet normal -0.5620816287937686 0.8270817629306938 0
    outer loop
      vertex 6.060747146606445 -11.653298377990723 2.799999237060547
      vertex 6.0763349533081055 -11.642704963684082 0
      vertex 6.060747146606445 -11.653298377990723 0
    endloop
  endfacet
  facet normal 0.21814653069828524 -0.9759160266868775 0
    outer loop
      vertex -5.974606513977051 -11.109424591064453 0
      vertex -5.95621395111084 -11.105313301086426 2.799999237060547
      vertex -5.974606513977051 -11.109424591064453 2.799999237060547
    endloop
  endfacet
  facet normal 0.21814653069828524 -0.9759160266868775 0
    outer loop
      vertex -5.95621395111084 -11.105313301086426 2.799999237060547
      vertex -5.974606513977051 -11.109424591064453 0
      vertex -5.95621395111084 -11.105313301086426 0
    endloop
  endfacet
  facet normal -0.9759160266868775 0.21814653069828524 0
    outer loop
      vertex 6.190574645996094 -11.47460651397705 0
      vertex 6.194685935974121 -11.45621395111084 2.799999237060547
      vertex 6.194685935974121 -11.45621395111084 0
    endloop
  endfacet
  facet normal -0.9759160266868775 0.21814653069828524 0
    outer loop
      vertex 6.194685935974121 -11.45621395111084 2.799999237060547
      vertex 6.190574645996094 -11.47460651397705 0
      vertex 6.190574645996094 -11.47460651397705 2.799999237060547
    endloop
  endfacet
  facet normal 0.27897579257001254 -0.9602981345186157 0
    outer loop
      vertex -5.992704391479492 -11.1146821975708 0
      vertex -5.974606513977051 -11.109424591064453 2.799999237060547
      vertex -5.992704391479492 -11.1146821975708 2.799999237060547
    endloop
  endfacet
  facet normal 0.27897579257001254 -0.9602981345186157 0
    outer loop
      vertex -5.974606513977051 -11.109424591064453 2.799999237060547
      vertex -5.992704391479492 -11.1146821975708 0
      vertex -5.974606513977051 -11.109424591064453 0
    endloop
  endfacet
  facet normal 0.5620816287937686 -0.8270817629306938 0
    outer loop
      vertex -6.0763349533081055 -11.157294273376465 0
      vertex -6.060747146606445 -11.146700859069824 2.799999237060547
      vertex -6.0763349533081055 -11.157294273376465 2.799999237060547
    endloop
  endfacet
  facet normal 0.5620816287937686 -0.8270817629306938 0
    outer loop
      vertex -6.060747146606445 -11.146700859069824 2.799999237060547
      vertex -6.0763349533081055 -11.157294273376465 0
      vertex -6.060747146606445 -11.146700859069824 0
    endloop
  endfacet
  facet normal 0.03142432711320473 -0.9995061338808694 0
    outer loop
      vertex -5.91883659362793 -11.100591659545898 0
      vertex -5.899999618530273 -11.09999942779541 2.799999237060547
      vertex -5.91883659362793 -11.100591659545898 2.799999237060547
    endloop
  endfacet
  facet normal 0.03142432711320473 -0.9995061338808694 0
    outer loop
      vertex -5.899999618530273 -11.09999942779541 2.799999237060547
      vertex -5.91883659362793 -11.100591659545898 0
      vertex -5.899999618530273 -11.09999942779541 0
    endloop
  endfacet
  facet normal 0.9759160266868775 -0.21814653069828524 0
    outer loop
      vertex -6.194685935974121 -11.343785285949707 2.799999237060547
      vertex -6.190574645996094 -11.325392723083496 0
      vertex -6.190574645996094 -11.325392723083496 2.799999237060547
    endloop
  endfacet
  facet normal 0.9759160266868775 -0.21814653069828524 0
    outer loop
      vertex -6.190574645996094 -11.325392723083496 0
      vertex -6.194685935974121 -11.343785285949707 2.799999237060547
      vertex -6.194685935974121 -11.343785285949707 0
    endloop
  endfacet
  facet normal -0.7071067811865476 0.7071067811865476 0
    outer loop
      vertex 6.105363845825195 -11.618690490722656 0
      vertex 6.118690490722656 -11.605363845825195 2.799999237060547
      vertex 6.118690490722656 -11.605363845825195 0
    endloop
  endfacet
  facet normal -0.7071067811865476 0.7071067811865476 0
    outer loop
      vertex 6.118690490722656 -11.605363845825195 2.799999237060547
      vertex 6.105363845825195 -11.618690490722656 0
      vertex 6.105363845825195 -11.618690490722656 2.799999237060547
    endloop
  endfacet
  facet normal -0.8270817629306938 0.5620816287937686 0
    outer loop
      vertex 6.142704963684082 -11.576334953308105 0
      vertex 6.153298377990723 -11.560747146606445 2.799999237060547
      vertex 6.153298377990723 -11.560747146606445 0
    endloop
  endfacet
  facet normal -0.8270817629306938 0.5620816287937686 0
    outer loop
      vertex 6.153298377990723 -11.560747146606445 2.799999237060547
      vertex 6.142704963684082 -11.576334953308105 0
      vertex 6.142704963684082 -11.576334953308105 2.799999237060547
    endloop
  endfacet
  facet normal 0.7071067811865476 -0.7071067811865476 0
    outer loop
      vertex -6.118690490722656 -11.194635391235352 2.799999237060547
      vertex -6.105363845825195 -11.18130874633789 0
      vertex -6.105363845825195 -11.18130874633789 2.799999237060547
    endloop
  endfacet
  facet normal 0.7071067811865476 -0.7071067811865476 0
    outer loop
      vertex -6.105363845825195 -11.18130874633789 0
      vertex -6.118690490722656 -11.194635391235352 2.799999237060547
      vertex -6.118690490722656 -11.194635391235352 0
    endloop
  endfacet
  facet normal 0.7901362790005535 -0.6129312038125971 0
    outer loop
      vertex -6.142704963684082 -11.223664283752441 2.799999237060547
      vertex -6.131153106689453 -11.208772659301758 0
      vertex -6.131153106689453 -11.208772659301758 2.799999237060547
    endloop
  endfacet
  facet normal 0.7901362790005535 -0.6129312038125971 0
    outer loop
      vertex -6.131153106689453 -11.208772659301758 0
      vertex -6.142704963684082 -11.223664283752441 2.799999237060547
      vertex -6.142704963684082 -11.223664283752441 0
    endloop
  endfacet
  facet normal 0 0 -1
    outer loop
      vertex 6.199407577514648 -11.41883659362793 2.799999237060547
      vertex 6.199407577514648 -11.381162643432617 2.799999237060547
      vertex 6.199999809265137 -11.399999618530273 2.799999237060547
    endloop
  endfacet
  facet normal 0 0 -1
    outer loop
      vertex 6.197633743286133 -11.437599182128906 2.799999237060547
      vertex 6.199407577514648 -11.381162643432617 2.799999237060547
      vertex 6.199407577514648 -11.41883659362793 2.799999237060547
    endloop
  endfacet
  facet normal 0 0 -1
    outer loop
      vertex 6.197633743286133 -11.437599182128906 2.799999237060547
      vertex 6.197633743286133 -11.362399101257324 2.799999237060547
      vertex 6.199407577514648 -11.381162643432617 2.799999237060547
    endloop
  endfacet
  facet normal 0 0 -1
    outer loop
      vertex 6.194685935974121 -11.45621395111084 2.799999237060547
      vertex 6.197633743286133 -11.362399101257324 2.799999237060547
      vertex 6.197633743286133 -11.437599182128906 2.799999237060547
    endloop
  endfacet
  facet normal 0 0 -1
    outer loop
      vertex 6.194685935974121 -11.45621395111084 2.799999237060547
      vertex 6.194685935974121 -11.343785285949707 2.799999237060547
      vertex 6.197633743286133 -11.362399101257324 2.799999237060547
    endloop
  endfacet
  facet normal 0 0 -1
    outer loop
      vertex 6.190574645996094 -11.47460651397705 2.799999237060547
      vertex 6.194685935974121 -11.343785285949707 2.799999237060547
      vertex 6.194685935974121 -11.45621395111084 2.799999237060547
    endloop
  endfacet
  facet normal 0 0 -1
    outer loop
      vertex 6.190574645996094 -11.47460651397705 2.799999237060547
      vertex 6.190574645996094 -11.325392723083496 2.799999237060547
      vertex 6.194685935974121 -11.343785285949707 2.799999237060547
    endloop
  endfacet
  facet normal 0 0 -1
    outer loop
      vertex 6.18531608581543 -11.492704391479492 2.799999237060547
      vertex 6.190574645996094 -11.325392723083496 2.799999237060547
      vertex 6.190574645996094 -11.47460651397705 2.799999237060547
    endloop
  endfacet
  facet normal 0 0 -1
    outer loop
      vertex 6.18531608581543 -11.492704391479492 2.799999237060547
      vertex 6.18531608581543 -11.307294845581055 2.799999237060547
      vertex 6.190574645996094 -11.325392723083496 2.799999237060547
    endloop
  endfacet
  facet normal 0 0 -1
    outer loop
      vertex 6.178932189941406 -11.51043701171875 2.799999237060547
      vertex 6.18531608581543 -11.307294845581055 2.799999237060547
      vertex 6.18531608581543 -11.492704391479492 2.799999237060547
    endloop
  endfacet
  facet normal 0 0 -1
    outer loop
      vertex 6.178932189941406 -11.51043701171875 2.799999237060547
      vertex 6.178932189941406 -11.289562225341797 2.799999237060547
      vertex 6.18531608581543 -11.307294845581055 2.799999237060547
    endloop
  endfacet
  facet normal 0 0 -1
    outer loop
      vertex 6.17144775390625 -11.527732849121094 2.799999237060547
      vertex 6.178932189941406 -11.289562225341797 2.799999237060547
      vertex 6.178932189941406 -11.51043701171875 2.799999237060547
    endloop
  endfacet
  facet normal 0 0 -1
    outer loop
      vertex 6.17144775390625 -11.527732849121094 2.799999237060547
      vertex 6.17144775390625 -11.272265434265137 2.799999237060547
      vertex 6.178932189941406 -11.289562225341797 2.799999237060547
    endloop
  endfacet
  facet normal 0 0 -1
    outer loop
      vertex 6.162891387939453 -11.544526100158691 2.799999237060547
      vertex 6.17144775390625 -11.272265434265137 2.799999237060547
      vertex 6.17144775390625 -11.527732849121094 2.799999237060547
    endloop
  endfacet
  facet normal 0 0 -1
    outer loop
      vertex 6.162891387939453 -11.544526100158691 2.799999237060547
      vertex 6.162891387939453 -11.255473136901855 2.799999237060547
      vertex 6.17144775390625 -11.272265434265137 2.799999237060547
    endloop
  endfacet
  facet normal 0 0 -1
    outer loop
      vertex 6.153298377990723 -11.560747146606445 2.799999237060547
      vertex 6.162891387939453 -11.255473136901855 2.799999237060547
      vertex 6.162891387939453 -11.544526100158691 2.799999237060547
    endloop
  endfacet
  facet normal 0 0 -1
    outer loop
      vertex 6.153298377990723 -11.560747146606445 2.799999237060547
      vertex 6.153298377990723 -11.239251136779785 2.799999237060547
      vertex 6.162891387939453 -11.255473136901855 2.799999237060547
    endloop
  endfacet
  facet normal 0 0 -1
    outer loop
      vertex 6.142704963684082 -11.576334953308105 2.799999237060547
      vertex 6.153298377990723 -11.239251136779785 2.799999237060547
      vertex 6.153298377990723 -11.560747146606445 2.799999237060547
    endloop
  endfacet
  facet normal 0 0 -1
    outer loop
      vertex 6.142704963684082 -11.576334953308105 2.799999237060547
      vertex 6.142704963684082 -11.223664283752441 2.799999237060547
      vertex 6.153298377990723 -11.239251136779785 2.799999237060547
    endloop
  endfacet
  facet normal 0 0 -1
    outer loop
      vertex 6.131153106689453 -11.591226577758789 2.799999237060547
      vertex 6.142704963684082 -11.223664283752441 2.799999237060547
      vertex 6.142704963684082 -11.576334953308105 2.799999237060547
    endloop
  endfacet
  facet normal 0 0 -1
    outer loop
      vertex 6.131153106689453 -11.591226577758789 2.799999237060547
      vertex 6.131153106689453 -11.208772659301758 2.799999237060547
      vertex 6.142704963684082 -11.223664283752441 2.799999237060547
    endloop
  endfacet
  facet normal 0 0 -1
    outer loop
      vertex 6.118690490722656 -11.605363845825195 2.799999237060547
      vertex 6.131153106689453 -11.208772659301758 2.799999237060547
      vertex 6.131153106689453 -11.591226577758789 2.799999237060547
    endloop
  endfacet
  facet normal 0 0 -1
    outer loop
      vertex 6.118690490722656 -11.605363845825195 2.799999237060547
      vertex 6.118690490722656 -11.194635391235352 2.799999237060547
      vertex 6.131153106689453 -11.208772659301758 2.799999237060547
    endloop
  endfacet
  facet normal 0 0 -1
    outer loop
      vertex 6.105363845825195 -11.618690490722656 2.799999237060547
      vertex 6.118690490722656 -11.194635391235352 2.799999237060547
      vertex 6.118690490722656 -11.605363845825195 2.799999237060547
    endloop
  endfacet
  facet normal 0 0 -1
    outer loop
      vertex 6.105363845825195 -11.618690490722656 2.799999237060547
      vertex 6.105363845825195 -11.18130874633789 2.799999237060547
      vertex 6.118690490722656 -11.194635391235352 2.799999237060547
    endloop
  endfacet
  facet normal 0 0 -1
    outer loop
      vertex 6.091226577758789 -11.631153106689453 2.799999237060547
      vertex 6.105363845825195 -11.18130874633789 2.799999237060547
      vertex 6.105363845825195 -11.618690490722656 2.799999237060547
    endloop
  endfacet
  facet normal 0 0 -1
    outer loop
      vertex 6.091226577758789 -11.631153106689453 2.799999237060547
      vertex 6.091226577758789 -11.168845176696777 2.799999237060547
      vertex 6.105363845825195 -11.18130874633789 2.799999237060547
    endloop
  endfacet
  facet normal 0 0 -1
    outer loop
      vertex 6.0763349533081055 -11.642704963684082 2.799999237060547
      vertex 6.091226577758789 -11.168845176696777 2.799999237060547
      vertex 6.091226577758789 -11.631153106689453 2.799999237060547
    endloop
  endfacet
  facet normal 0 0 -1
    outer loop
      vertex 6.0763349533081055 -11.642704963684082 2.799999237060547
      vertex 6.0763349533081055 -11.157294273376465 2.799999237060547
      vertex 6.091226577758789 -11.168845176696777 2.799999237060547
    endloop
  endfacet
  facet normal 0 0 -1
    outer loop
      vertex 6.060747146606445 -11.653298377990723 2.799999237060547
      vertex 6.0763349533081055 -11.157294273376465 2.799999237060547
      vertex 6.0763349533081055 -11.642704963684082 2.799999237060547
    endloop
  endfacet
  facet normal 0 0 -1
    outer loop
      vertex 6.060747146606445 -11.653298377990723 2.799999237060547
      vertex 6.060747146606445 -11.146700859069824 2.799999237060547
      vertex 6.0763349533081055 -11.157294273376465 2.799999237060547
    endloop
  endfacet
  facet normal 0 0 -1
    outer loop
      vertex 6.044526100158691 -11.662891387939453 2.799999237060547
      vertex 6.060747146606445 -11.146700859069824 2.799999237060547
      vertex 6.060747146606445 -11.653298377990723 2.799999237060547
    endloop
  endfacet
  facet normal 0 0 -1
    outer loop
      vertex 6.044526100158691 -11.662891387939453 2.799999237060547
      vertex 6.044526100158691 -11.137107849121094 2.799999237060547
      vertex 6.060747146606445 -11.146700859069824 2.799999237060547
    endloop
  endfacet
  facet normal 0 0 -1
    outer loop
      vertex 6.027732849121094 -11.67144775390625 2.799999237060547
      vertex 6.044526100158691 -11.137107849121094 2.799999237060547
      vertex 6.044526100158691 -11.662891387939453 2.799999237060547
    endloop
  endfacet
  facet normal 0 0 -1
    outer loop
      vertex 6.027732849121094 -11.67144775390625 2.799999237060547
      vertex 6.027732849121094 -11.128551483154297 2.799999237060547
      vertex 6.044526100158691 -11.137107849121094 2.799999237060547
    endloop
  endfacet
  facet normal 0 0 -1
    outer loop
      vertex 6.01043701171875 -11.678932189941406 2.799999237060547
      vertex 6.027732849121094 -11.128551483154297 2.799999237060547
      vertex 6.027732849121094 -11.67144775390625 2.799999237060547
    endloop
  endfacet
  facet normal 0 0 -1
    outer loop
      vertex 6.01043701171875 -11.678932189941406 2.799999237060547
      vertex 6.01043701171875 -11.12106704711914 2.799999237060547
      vertex 6.027732849121094 -11.128551483154297 2.799999237060547
    endloop
  endfacet
  facet normal 0 0 -1
    outer loop
      vertex 5.992704391479492 -11.68531608581543 2.799999237060547
      vertex 6.01043701171875 -11.12106704711914 2.799999237060547
      vertex 6.01043701171875 -11.678932189941406 2.799999237060547
    endloop
  endfacet
  facet normal 0 0 -1
    outer loop
      vertex 5.992704391479492 -11.68531608581543 2.799999237060547
      vertex 5.992704391479492 -11.1146821975708 2.799999237060547
      vertex 6.01043701171875 -11.12106704711914 2.799999237060547
    endloop
  endfacet
  facet normal 0 0 -1
    outer loop
      vertex 5.974606513977051 -11.690574645996094 2.799999237060547
      vertex 5.992704391479492 -11.1146821975708 2.799999237060547
      vertex 5.992704391479492 -11.68531608581543 2.799999237060547
    endloop
  endfacet
  facet normal 0 0 -1
    outer loop
      vertex 5.974606513977051 -11.690574645996094 2.799999237060547
      vertex 5.974606513977051 -11.109424591064453 2.799999237060547
      vertex 5.992704391479492 -11.1146821975708 2.799999237060547
    endloop
  endfacet
  facet normal 0 0 -1
    outer loop
      vertex 5.95621395111084 -11.694685935974121 2.799999237060547
      vertex 5.974606513977051 -11.109424591064453 2.799999237060547
      vertex 5.974606513977051 -11.690574645996094 2.799999237060547
    endloop
  endfacet
  facet normal 0 0 -1
    outer loop
      vertex 5.95621395111084 -11.694685935974121 2.799999237060547
      vertex 5.95621395111084 -11.105313301086426 2.799999237060547
      vertex 5.974606513977051 -11.109424591064453 2.799999237060547
    endloop
  endfacet
  facet normal 0 0 -1
    outer loop
      vertex 5.937599182128906 -11.697633743286133 2.799999237060547
      vertex 5.95621395111084 -11.105313301086426 2.799999237060547
      vertex 5.95621395111084 -11.694685935974121 2.799999237060547
    endloop
  endfacet
  facet normal 0 0 -1
    outer loop
      vertex 5.937599182128906 -11.697633743286133 2.799999237060547
      vertex 5.937599182128906 -11.102365493774414 2.799999237060547
      vertex 5.95621395111084 -11.105313301086426 2.799999237060547
    endloop
  endfacet
  facet normal 0 0 -1
    outer loop
      vertex 5.91883659362793 -11.699407577514648 2.799999237060547
      vertex 5.937599182128906 -11.102365493774414 2.799999237060547
      vertex 5.937599182128906 -11.697633743286133 2.799999237060547
    endloop
  endfacet
  facet normal 0 0 -1
    outer loop
      vertex 5.91883659362793 -11.699407577514648 2.799999237060547
      vertex 5.91883659362793 -11.100591659545898 2.799999237060547
      vertex 5.937599182128906 -11.102365493774414 2.799999237060547
    endloop
  endfacet
  facet normal 0 0 -1
    outer loop
      vertex 5.899999618530273 -11.699999809265137 2.799999237060547
      vertex 5.91883659362793 -11.100591659545898 2.799999237060547
      vertex 5.91883659362793 -11.699407577514648 2.799999237060547
    endloop
  endfacet
  facet normal 0 0 -1
    outer loop
      vertex 5.899999618530273 -11.699999809265137 2.799999237060547
      vertex 5.899999618530273 -11.09999942779541 2.799999237060547
      vertex 5.91883659362793 -11.100591659545898 2.799999237060547
    endloop
  endfacet
  facet normal 0 0 -1
    outer loop
      vertex -5.899999618530273 -11.699999809265137 2.799999237060547
      vertex 5.899999618530273 -11.09999942779541 2.799999237060547
      vertex 5.899999618530273 -11.699999809265137 2.799999237060547
    endloop
  endfacet
  facet normal 0 0 -1
    outer loop
      vertex -5.899999618530273 -11.699999809265137 2.799999237060547
      vertex -5.899999618530273 -11.09999942779541 2.799999237060547
      vertex 5.899999618530273 -11.09999942779541 2.799999237060547
    endloop
  endfacet
  facet normal 0 0 -1
    outer loop
      vertex -5.91883659362793 -11.699407577514648 2.799999237060547
      vertex -5.899999618530273 -11.09999942779541 2.799999237060547
      vertex -5.899999618530273 -11.699999809265137 2.799999237060547
    endloop
  endfacet
  facet normal 0 0 -1
    outer loop
      vertex -5.91883659362793 -11.699407577514648 2.799999237060547
      vertex -5.91883659362793 -11.100591659545898 2.799999237060547
      vertex -5.899999618530273 -11.09999942779541 2.799999237060547
    endloop
  endfacet
  facet normal 0 0 -1
    outer loop
      vertex -5.937599182128906 -11.697633743286133 2.799999237060547
      vertex -5.91883659362793 -11.100591659545898 2.799999237060547
      vertex -5.91883659362793 -11.699407577514648 2.799999237060547
    endloop
  endfacet
  facet normal 0 0 -1
    outer loop
      vertex -5.937599182128906 -11.697633743286133 2.799999237060547
      vertex -5.937599182128906 -11.102365493774414 2.799999237060547
      vertex -5.91883659362793 -11.100591659545898 2.799999237060547
    endloop
  endfacet
  facet normal 0 0 -1
    outer loop
      vertex -5.95621395111084 -11.694685935974121 2.799999237060547
      vertex -5.937599182128906 -11.102365493774414 2.799999237060547
      vertex -5.937599182128906 -11.697633743286133 2.799999237060547
    endloop
  endfacet
  facet normal 0 0 -1
    outer loop
      vertex -5.95621395111084 -11.694685935974121 2.799999237060547
      vertex -5.95621395111084 -11.105313301086426 2.799999237060547
      vertex -5.937599182128906 -11.102365493774414 2.799999237060547
    endloop
  endfacet
  facet normal 0 0 -1
    outer loop
      vertex -5.974606513977051 -11.690574645996094 2.799999237060547
      vertex -5.95621395111084 -11.105313301086426 2.799999237060547
      vertex -5.95621395111084 -11.694685935974121 2.799999237060547
    endloop
  endfacet
  facet normal 0 0 -1
    outer loop
      vertex -5.974606513977051 -11.690574645996094 2.799999237060547
      vertex -5.974606513977051 -11.109424591064453 2.799999237060547
      vertex -5.95621395111084 -11.105313301086426 2.799999237060547
    endloop
  endfacet
  facet normal 0 0 -1
    outer loop
      vertex -5.992704391479492 -11.68531608581543 2.799999237060547
      vertex -5.974606513977051 -11.109424591064453 2.799999237060547
      vertex -5.974606513977051 -11.690574645996094 2.799999237060547
    endloop
  endfacet
  facet normal 0 0 -1
    outer loop
      vertex -5.992704391479492 -11.68531608581543 2.799999237060547
      vertex -5.992704391479492 -11.1146821975708 2.799999237060547
      vertex -5.974606513977051 -11.109424591064453 2.799999237060547
    endloop
  endfacet
  facet normal 0 0 -1
    outer loop
      vertex -6.01043701171875 -11.678932189941406 2.799999237060547
      vertex -5.992704391479492 -11.1146821975708 2.799999237060547
      vertex -5.992704391479492 -11.68531608581543 2.799999237060547
    endloop
  endfacet
  facet normal 0 0 -1
    outer loop
      vertex -6.01043701171875 -11.678932189941406 2.799999237060547
      vertex -6.01043701171875 -11.12106704711914 2.799999237060547
      vertex -5.992704391479492 -11.1146821975708 2.799999237060547
    endloop
  endfacet
  facet normal 0 0 -1
    outer loop
      vertex -6.027732849121094 -11.67144775390625 2.799999237060547
      vertex -6.01043701171875 -11.12106704711914 2.799999237060547
      vertex -6.01043701171875 -11.678932189941406 2.799999237060547
    endloop
  endfacet
  facet normal 0 0 -1
    outer loop
      vertex -6.027732849121094 -11.67144775390625 2.799999237060547
      vertex -6.027732849121094 -11.128551483154297 2.799999237060547
      vertex -6.01043701171875 -11.12106704711914 2.799999237060547
    endloop
  endfacet
  facet normal 0 0 -1
    outer loop
      vertex -6.044526100158691 -11.662891387939453 2.799999237060547
      vertex -6.027732849121094 -11.128551483154297 2.799999237060547
      vertex -6.027732849121094 -11.67144775390625 2.799999237060547
    endloop
  endfacet
  facet normal 0 0 -1
    outer loop
      vertex -6.044526100158691 -11.662891387939453 2.799999237060547
      vertex -6.044526100158691 -11.137107849121094 2.799999237060547
      vertex -6.027732849121094 -11.128551483154297 2.799999237060547
    endloop
  endfacet
  facet normal 0 0 -1
    outer loop
      vertex -6.060747146606445 -11.653298377990723 2.799999237060547
      vertex -6.044526100158691 -11.137107849121094 2.799999237060547
      vertex -6.044526100158691 -11.662891387939453 2.799999237060547
    endloop
  endfacet
  facet normal 0 0 -1
    outer loop
      vertex -6.060747146606445 -11.653298377990723 2.799999237060547
      vertex -6.060747146606445 -11.146700859069824 2.799999237060547
      vertex -6.044526100158691 -11.137107849121094 2.799999237060547
    endloop
  endfacet
  facet normal 0 0 -1
    outer loop
      vertex -6.0763349533081055 -11.642704963684082 2.799999237060547
      vertex -6.060747146606445 -11.146700859069824 2.799999237060547
      vertex -6.060747146606445 -11.653298377990723 2.799999237060547
    endloop
  endfacet
  facet normal 0 0 -1
    outer loop
      vertex -6.0763349533081055 -11.642704963684082 2.799999237060547
      vertex -6.0763349533081055 -11.157294273376465 2.799999237060547
      vertex -6.060747146606445 -11.146700859069824 2.799999237060547
    endloop
  endfacet
  facet normal 0 0 -1
    outer loop
      vertex -6.091226577758789 -11.631153106689453 2.799999237060547
      vertex -6.0763349533081055 -11.157294273376465 2.799999237060547
      vertex -6.0763349533081055 -11.642704963684082 2.799999237060547
    endloop
  endfacet
  facet normal 0 0 -1
    outer loop
      vertex -6.091226577758789 -11.631153106689453 2.799999237060547
      vertex -6.091226577758789 -11.168845176696777 2.799999237060547
      vertex -6.0763349533081055 -11.157294273376465 2.799999237060547
    endloop
  endfacet
  facet normal 0 0 -1
    outer loop
      vertex -6.105363845825195 -11.618690490722656 2.799999237060547
      vertex -6.091226577758789 -11.168845176696777 2.799999237060547
      vertex -6.091226577758789 -11.631153106689453 2.799999237060547
    endloop
  endfacet
  facet normal 0 0 -1
    outer loop
      vertex -6.105363845825195 -11.618690490722656 2.799999237060547
      vertex -6.105363845825195 -11.18130874633789 2.799999237060547
      vertex -6.091226577758789 -11.168845176696777 2.799999237060547
    endloop
  endfacet
  facet normal 0 0 -1
    outer loop
      vertex -6.118690490722656 -11.605363845825195 2.799999237060547
      vertex -6.105363845825195 -11.18130874633789 2.799999237060547
      vertex -6.105363845825195 -11.618690490722656 2.799999237060547
    endloop
  endfacet
  facet normal 0 0 -1
    outer loop
      vertex -6.118690490722656 -11.605363845825195 2.799999237060547
      vertex -6.118690490722656 -11.194635391235352 2.799999237060547
      vertex -6.105363845825195 -11.18130874633789 2.799999237060547
    endloop
  endfacet
  facet normal 0 0 -1
    outer loop
      vertex -6.131153106689453 -11.591226577758789 2.799999237060547
      vertex -6.118690490722656 -11.194635391235352 2.799999237060547
      vertex -6.118690490722656 -11.605363845825195 2.799999237060547
    endloop
  endfacet
  facet normal 0 0 -1
    outer loop
      vertex -6.131153106689453 -11.591226577758789 2.799999237060547
      vertex -6.131153106689453 -11.208772659301758 2.799999237060547
      vertex -6.118690490722656 -11.194635391235352 2.799999237060547
    endloop
  endfacet
  facet normal 0 0 -1
    outer loop
      vertex -6.142704963684082 -11.576334953308105 2.799999237060547
      vertex -6.131153106689453 -11.208772659301758 2.799999237060547
      vertex -6.131153106689453 -11.591226577758789 2.799999237060547
    endloop
  endfacet
  facet normal 0 0 -1
    outer loop
      vertex -6.142704963684082 -11.576334953308105 2.799999237060547
      vertex -6.142704963684082 -11.223664283752441 2.799999237060547
      vertex -6.131153106689453 -11.208772659301758 2.799999237060547
    endloop
  endfacet
  facet normal 0 0 -1
    outer loop
      vertex -6.153298377990723 -11.560747146606445 2.799999237060547
      vertex -6.142704963684082 -11.223664283752441 2.799999237060547
      vertex -6.142704963684082 -11.576334953308105 2.799999237060547
    endloop
  endfacet
  facet normal 0 0 -1
    outer loop
      vertex -6.153298377990723 -11.560747146606445 2.799999237060547
      vertex -6.153298377990723 -11.239251136779785 2.799999237060547
      vertex -6.142704963684082 -11.223664283752441 2.799999237060547
    endloop
  endfacet
  facet normal 0 0 -1
    outer loop
      vertex -6.162891387939453 -11.544526100158691 2.799999237060547
      vertex -6.153298377990723 -11.239251136779785 2.799999237060547
      vertex -6.153298377990723 -11.560747146606445 2.799999237060547
    endloop
  endfacet
  facet normal 0 0 -1
    outer loop
      vertex -6.162891387939453 -11.544526100158691 2.799999237060547
      vertex -6.162891387939453 -11.255473136901855 2.799999237060547
      vertex -6.153298377990723 -11.239251136779785 2.799999237060547
    endloop
  endfacet
  facet normal 0 0 -1
    outer loop
      vertex -6.17144775390625 -11.527732849121094 2.799999237060547
      vertex -6.162891387939453 -11.255473136901855 2.799999237060547
      vertex -6.162891387939453 -11.544526100158691 2.799999237060547
    endloop
  endfacet
  facet normal 0 0 -1
    outer loop
      vertex -6.17144775390625 -11.527732849121094 2.799999237060547
      vertex -6.17144775390625 -11.272265434265137 2.799999237060547
      vertex -6.162891387939453 -11.255473136901855 2.799999237060547
    endloop
  endfacet
  facet normal 0 0 -1
    outer loop
      vertex -6.178932189941406 -11.51043701171875 2.799999237060547
      vertex -6.17144775390625 -11.272265434265137 2.799999237060547
      vertex -6.17144775390625 -11.527732849121094 2.799999237060547
    endloop
  endfacet
  facet normal 0 0 -1
    outer loop
      vertex -6.178932189941406 -11.51043701171875 2.799999237060547
      vertex -6.178932189941406 -11.289562225341797 2.799999237060547
      vertex -6.17144775390625 -11.272265434265137 2.799999237060547
    endloop
  endfacet
  facet normal 0 0 -1
    outer loop
      vertex -6.18531608581543 -11.492704391479492 2.799999237060547
      vertex -6.178932189941406 -11.289562225341797 2.799999237060547
      vertex -6.178932189941406 -11.51043701171875 2.799999237060547
    endloop
  endfacet
  facet normal 0 0 -1
    outer loop
      vertex -6.18531608581543 -11.492704391479492 2.799999237060547
      vertex -6.18531608581543 -11.307294845581055 2.799999237060547
      vertex -6.178932189941406 -11.289562225341797 2.799999237060547
    endloop
  endfacet
  facet normal 0 0 -1
    outer loop
      vertex -6.190574645996094 -11.47460651397705 2.799999237060547
      vertex -6.18531608581543 -11.307294845581055 2.799999237060547
      vertex -6.18531608581543 -11.492704391479492 2.799999237060547
    endloop
  endfacet
  facet normal 0 0 -1
    outer loop
      vertex -6.190574645996094 -11.47460651397705 2.799999237060547
      vertex -6.190574645996094 -11.325392723083496 2.799999237060547
      vertex -6.18531608581543 -11.307294845581055 2.799999237060547
    endloop
  endfacet
  facet normal 0 0 -1
    outer loop
      vertex -6.194685935974121 -11.45621395111084 2.799999237060547
      vertex -6.190574645996094 -11.325392723083496 2.799999237060547
      vertex -6.190574645996094 -11.47460651397705 2.799999237060547
    endloop
  endfacet
  facet normal 0 0 -1
    outer loop
      vertex -6.194685935974121 -11.45621395111084 2.799999237060547
      vertex -6.194685935974121 -11.343785285949707 2.799999237060547
      vertex -6.190574645996094 -11.325392723083496 2.799999237060547
    endloop
  endfacet
  facet normal 0 0 -1
    outer loop
      vertex -6.197633743286133 -11.437599182128906 2.799999237060547
      vertex -6.194685935974121 -11.343785285949707 2.799999237060547
      vertex -6.194685935974121 -11.45621395111084 2.799999237060547
    endloop
  endfacet
  facet normal 0 0 -1
    outer loop
      vertex -6.197633743286133 -11.437599182128906 2.799999237060547
      vertex -6.197633743286133 -11.362399101257324 2.799999237060547
      vertex -6.194685935974121 -11.343785285949707 2.799999237060547
    endloop
  endfacet
  facet normal 0 0 -1
    outer loop
      vertex -6.199407577514648 -11.41883659362793 2.799999237060547
      vertex -6.197633743286133 -11.362399101257324 2.799999237060547
      vertex -6.197633743286133 -11.437599182128906 2.799999237060547
    endloop
  endfacet
  facet normal 0 0 -1
    outer loop
      vertex -6.199407577514648 -11.41883659362793 2.799999237060547
      vertex -6.199407577514648 -11.381162643432617 2.799999237060547
      vertex -6.197633743286133 -11.362399101257324 2.799999237060547
    endloop
  endfacet
  facet normal 0 0 -1
    outer loop
      vertex -6.199407577514648 -11.381162643432617 2.799999237060547
      vertex -6.199407577514648 -11.41883659362793 2.799999237060547
      vertex -6.199999809265137 -11.399999618530273 2.799999237060547
    endloop
  endfacet
  facet normal 0.9177573557291627 0.3971415818131048 0
    outer loop
      vertex -6.17144775390625 -11.527732849121094 2.799999237060547
      vertex -6.178932189941406 -11.51043701171875 0
      vertex -6.178932189941406 -11.51043701171875 2.799999237060547
    endloop
  endfacet
  facet normal 0.9177573557291627 0.3971415818131048 0
    outer loop
      vertex -6.178932189941406 -11.51043701171875 0
      vertex -6.17144775390625 -11.527732849121094 2.799999237060547
      vertex -6.17144775390625 -11.527732849121094 0
    endloop
  endfacet
  facet normal -0.21814653069828524 0.9759160266868775 0
    outer loop
      vertex 5.974606513977051 -11.690574645996094 0
      vertex 5.95621395111084 -11.694685935974121 2.799999237060547
      vertex 5.974606513977051 -11.690574645996094 2.799999237060547
    endloop
  endfacet
  facet normal -0.21814653069828524 0.9759160266868775 0
    outer loop
      vertex 5.95621395111084 -11.694685935974121 2.799999237060547
      vertex 5.974606513977051 -11.690574645996094 0
      vertex 5.95621395111084 -11.694685935974121 0
    endloop
  endfacet
  facet normal -0.09412132591765666 -0.9955607344645039 0
    outer loop
      vertex 5.91883659362793 -11.100591659545898 0
      vertex 5.937599182128906 -11.102365493774414 2.799999237060547
      vertex 5.91883659362793 -11.100591659545898 2.799999237060547
    endloop
  endfacet
  facet normal -0.09412132591765666 -0.9955607344645039 0
    outer loop
      vertex 5.937599182128906 -11.102365493774414 2.799999237060547
      vertex 5.91883659362793 -11.100591659545898 0
      vertex 5.937599182128906 -11.102365493774414 0
    endloop
  endfacet
  facet normal -0.8607441236376201 0.5090378705197731 0
    outer loop
      vertex 6.153298377990723 -11.560747146606445 0
      vertex 6.162891387939453 -11.544526100158691 2.799999237060547
      vertex 6.162891387939453 -11.544526100158691 0
    endloop
  endfacet
  facet normal -0.8607441236376201 0.5090378705197731 0
    outer loop
      vertex 6.162891387939453 -11.544526100158691 2.799999237060547
      vertex 6.153298377990723 -11.560747146606445 0
      vertex 6.153298377990723 -11.560747146606445 2.799999237060547
    endloop
  endfacet
  facet normal -0.9759160266868775 -0.21814653069828524 0
    outer loop
      vertex 6.194685935974121 -11.343785285949707 0
      vertex 6.190574645996094 -11.325392723083496 2.799999237060547
      vertex 6.190574645996094 -11.325392723083496 0
    endloop
  endfacet
  facet normal -0.9759160266868775 -0.21814653069828524 0
    outer loop
      vertex 6.190574645996094 -11.325392723083496 2.799999237060547
      vertex 6.194685935974121 -11.343785285949707 0
      vertex 6.194685935974121 -11.343785285949707 2.799999237060547
    endloop
  endfacet
  facet normal -0.7901362790005535 -0.6129312038125971 0
    outer loop
      vertex 6.142704963684082 -11.223664283752441 0
      vertex 6.131153106689453 -11.208772659301758 2.799999237060547
      vertex 6.131153106689453 -11.208772659301758 0
    endloop
  endfacet
  facet normal -0.7901362790005535 -0.6129312038125971 0
    outer loop
      vertex 6.131153106689453 -11.208772659301758 2.799999237060547
      vertex 6.142704963684082 -11.223664283752441 0
      vertex 6.142704963684082 -11.223664283752441 2.799999237060547
    endloop
  endfacet
  facet normal 0.8270657750990594 -0.5621051535609614 0
    outer loop
      vertex -6.153298377990723 -11.239251136779785 2.799999237060547
      vertex -6.142704963684082 -11.223664283752441 0
      vertex -6.142704963684082 -11.223664283752441 2.799999237060547
    endloop
  endfacet
  facet normal 0.8270657750990594 -0.5621051535609614 0
    outer loop
      vertex -6.142704963684082 -11.223664283752441 0
      vertex -6.153298377990723 -11.239251136779785 2.799999237060547
      vertex -6.153298377990723 -11.239251136779785 0
    endloop
  endfacet
  facet normal -0.3971415818131048 -0.9177573557291627 0
    outer loop
      vertex 6.01043701171875 -11.12106704711914 0
      vertex 6.027732849121094 -11.128551483154297 2.799999237060547
      vertex 6.01043701171875 -11.12106704711914 2.799999237060547
    endloop
  endfacet
  facet normal -0.3971415818131048 -0.9177573557291627 0
    outer loop
      vertex 6.027732849121094 -11.128551483154297 2.799999237060547
      vertex 6.01043701171875 -11.12106704711914 0
      vertex 6.027732849121094 -11.128551483154297 0
    endloop
  endfacet
  facet normal -0.9602845769652638 0.2790224565203386 0
    outer loop
      vertex 6.18531608581543 -11.492704391479492 0
      vertex 6.190574645996094 -11.47460651397705 2.799999237060547
      vertex 6.190574645996094 -11.47460651397705 0
    endloop
  endfacet
  facet normal -0.9602845769652638 0.2790224565203386 0
    outer loop
      vertex 6.190574645996094 -11.47460651397705 2.799999237060547
      vertex 6.18531608581543 -11.492704391479492 0
      vertex 6.18531608581543 -11.492704391479492 2.799999237060547
    endloop
  endfacet
  facet normal -0.9955607344645039 0.09412132591765666 0
    outer loop
      vertex 6.197633743286133 -11.437599182128906 0
      vertex 6.199407577514648 -11.41883659362793 2.799999237060547
      vertex 6.199407577514648 -11.41883659362793 0
    endloop
  endfacet
  facet normal -0.9955607344645039 0.09412132591765666 0
    outer loop
      vertex 6.199407577514648 -11.41883659362793 2.799999237060547
      vertex 6.197633743286133 -11.437599182128906 0
      vertex 6.197633743286133 -11.437599182128906 2.799999237060547
    endloop
  endfacet
  facet normal -0.9177653365366643 -0.3971231383988389 0
    outer loop
      vertex 6.178932189941406 -11.289562225341797 0
      vertex 6.17144775390625 -11.272265434265137 2.799999237060547
      vertex 6.17144775390625 -11.272265434265137 0
    endloop
  endfacet
  facet normal -0.9177653365366643 -0.3971231383988389 0
    outer loop
      vertex 6.17144775390625 -11.272265434265137 2.799999237060547
      vertex 6.178932189941406 -11.289562225341797 0
      vertex 6.178932189941406 -11.289562225341797 2.799999237060547
    endloop
  endfacet
  facet normal -0.3387266356183068 0.9408848315934861 0
    outer loop
      vertex 6.01043701171875 -11.678932189941406 0
      vertex 5.992704391479492 -11.68531608581543 2.799999237060547
      vertex 6.01043701171875 -11.678932189941406 2.799999237060547
    endloop
  endfacet
  facet normal -0.3387266356183068 0.9408848315934861 0
    outer loop
      vertex 5.992704391479492 -11.68531608581543 2.799999237060547
      vertex 6.01043701171875 -11.678932189941406 0
      vertex 5.992704391479492 -11.68531608581543 0
    endloop
  endfacet
  facet normal 0.5090378705197731 0.8607441236376201 0
    outer loop
      vertex -6.044526100158691 -11.662891387939453 0
      vertex -6.060747146606445 -11.653298377990723 2.799999237060547
      vertex -6.044526100158691 -11.662891387939453 2.799999237060547
    endloop
  endfacet
  facet normal 0.5090378705197731 0.8607441236376201 0
    outer loop
      vertex -6.060747146606445 -11.653298377990723 2.799999237060547
      vertex -6.044526100158691 -11.662891387939453 0
      vertex -6.060747146606445 -11.653298377990723 0
    endloop
  endfacet
  facet normal 0.8910008770345684 -0.45400158273251634 0
    outer loop
      vertex -6.17144775390625 -11.272265434265137 2.799999237060547
      vertex -6.162891387939453 -11.255473136901855 0
      vertex -6.162891387939453 -11.255473136901855 2.799999237060547
    endloop
  endfacet
  facet normal 0.8910008770345684 -0.45400158273251634 0
    outer loop
      vertex -6.162891387939453 -11.255473136901855 0
      vertex -6.17144775390625 -11.272265434265137 2.799999237060547
      vertex -6.17144775390625 -11.272265434265137 0
    endloop
  endfacet
  facet normal -0.6129312038125971 0.7901362790005535 0
    outer loop
      vertex 6.091226577758789 -11.631153106689453 0
      vertex 6.0763349533081055 -11.642704963684082 2.799999237060547
      vertex 6.091226577758789 -11.631153106689453 2.799999237060547
    endloop
  endfacet
  facet normal -0.6129312038125971 0.7901362790005535 0
    outer loop
      vertex 6.0763349533081055 -11.642704963684082 2.799999237060547
      vertex 6.091226577758789 -11.631153106689453 0
      vertex 6.0763349533081055 -11.642704963684082 0
    endloop
  endfacet
  facet normal -0.9408848315934861 -0.3387266356183068 0
    outer loop
      vertex 6.18531608581543 -11.307294845581055 0
      vertex 6.178932189941406 -11.289562225341797 2.799999237060547
      vertex 6.178932189941406 -11.289562225341797 0
    endloop
  endfacet
  facet normal -0.9408848315934861 -0.3387266356183068 0
    outer loop
      vertex 6.178932189941406 -11.289562225341797 2.799999237060547
      vertex 6.18531608581543 -11.307294845581055 0
      vertex 6.18531608581543 -11.307294845581055 2.799999237060547
    endloop
  endfacet
  facet normal 0.7501390329139643 -0.6612801458526502 0
    outer loop
      vertex -6.131153106689453 -11.208772659301758 2.799999237060547
      vertex -6.118690490722656 -11.194635391235352 0
      vertex -6.118690490722656 -11.194635391235352 2.799999237060547
    endloop
  endfacet
  facet normal 0.7501390329139643 -0.6612801458526502 0
    outer loop
      vertex -6.118690490722656 -11.194635391235352 0
      vertex -6.131153106689453 -11.208772659301758 2.799999237060547
      vertex -6.131153106689453 -11.208772659301758 0
    endloop
  endfacet
  facet normal 0.987692295522357 0.15640949256927125 0
    outer loop
      vertex -6.194685935974121 -11.45621395111084 2.799999237060547
      vertex -6.197633743286133 -11.437599182128906 0
      vertex -6.197633743286133 -11.437599182128906 2.799999237060547
    endloop
  endfacet
  facet normal 0.987692295522357 0.15640949256927125 0
    outer loop
      vertex -6.197633743286133 -11.437599182128906 0
      vertex -6.194685935974121 -11.45621395111084 2.799999237060547
      vertex -6.194685935974121 -11.45621395111084 0
    endloop
  endfacet
  facet normal -0.4539811142068577 0.8910113062938652 0
    outer loop
      vertex 6.044526100158691 -11.662891387939453 0
      vertex 6.027732849121094 -11.67144775390625 2.799999237060547
      vertex 6.044526100158691 -11.662891387939453 2.799999237060547
    endloop
  endfacet
  facet normal -0.4539811142068577 0.8910113062938652 0
    outer loop
      vertex 6.027732849121094 -11.67144775390625 2.799999237060547
      vertex 6.044526100158691 -11.662891387939453 0
      vertex 6.027732849121094 -11.67144775390625 0
    endloop
  endfacet
  facet normal 0.7901362790005535 0.6129312038125971 0
    outer loop
      vertex -6.131153106689453 -11.591226577758789 2.799999237060547
      vertex -6.142704963684082 -11.576334953308105 0
      vertex -6.142704963684082 -11.576334953308105 2.799999237060547
    endloop
  endfacet
  facet normal 0.7901362790005535 0.6129312038125971 0
    outer loop
      vertex -6.142704963684082 -11.576334953308105 0
      vertex -6.131153106689453 -11.591226577758789 2.799999237060547
      vertex -6.131153106689453 -11.591226577758789 0
    endloop
  endfacet
  facet normal -0.15640949256927125 -0.987692295522357 0
    outer loop
      vertex 5.937599182128906 -11.102365493774414 0
      vertex 5.95621395111084 -11.105313301086426 2.799999237060547
      vertex 5.937599182128906 -11.102365493774414 2.799999237060547
    endloop
  endfacet
  facet normal -0.15640949256927125 -0.987692295522357 0
    outer loop
      vertex 5.95621395111084 -11.105313301086426 2.799999237060547
      vertex 5.937599182128906 -11.102365493774414 0
      vertex 5.95621395111084 -11.105313301086426 0
    endloop
  endfacet
  facet normal -0.33877143019208855 -0.9408687039569372 0
    outer loop
      vertex 5.992704391479492 -11.1146821975708 0
      vertex 6.01043701171875 -11.12106704711914 2.799999237060547
      vertex 5.992704391479492 -11.1146821975708 2.799999237060547
    endloop
  endfacet
  facet normal -0.33877143019208855 -0.9408687039569372 0
    outer loop
      vertex 6.01043701171875 -11.12106704711914 2.799999237060547
      vertex 5.992704391479492 -11.1146821975708 0
      vertex 6.01043701171875 -11.12106704711914 0
    endloop
  endfacet
  facet normal 0.8607441236376201 0.5090378705197731 0
    outer loop
      vertex -6.153298377990723 -11.560747146606445 2.799999237060547
      vertex -6.162891387939453 -11.544526100158691 0
      vertex -6.162891387939453 -11.544526100158691 2.799999237060547
    endloop
  endfacet
  facet normal 0.8607441236376201 0.5090378705197731 0
    outer loop
      vertex -6.162891387939453 -11.544526100158691 0
      vertex -6.153298377990723 -11.560747146606445 2.799999237060547
      vertex -6.153298377990723 -11.560747146606445 0
    endloop
  endfacet
  facet normal 0.9995061338808694 -0.03142432711320473 0
    outer loop
      vertex -6.199999809265137 -11.399999618530273 2.799999237060547
      vertex -6.199407577514648 -11.381162643432617 0
      vertex -6.199407577514648 -11.381162643432617 2.799999237060547
    endloop
  endfacet
  facet normal 0.9995061338808694 -0.03142432711320473 0
    outer loop
      vertex -6.199407577514648 -11.381162643432617 0
      vertex -6.199999809265137 -11.399999618530273 2.799999237060547
      vertex -6.199999809265137 -11.399999618530273 0
    endloop
  endfacet
  facet normal 0.2790224565203386 0.9602845769652638 0
    outer loop
      vertex -5.974606513977051 -11.690574645996094 0
      vertex -5.992704391479492 -11.68531608581543 2.799999237060547
      vertex -5.974606513977051 -11.690574645996094 2.799999237060547
    endloop
  endfacet
  facet normal 0.2790224565203386 0.9602845769652638 0
    outer loop
      vertex -5.992704391479492 -11.68531608581543 2.799999237060547
      vertex -5.974606513977051 -11.690574645996094 0
      vertex -5.992704391479492 -11.68531608581543 0
    endloop
  endfacet
  facet normal -0.9995061338808694 -0.03142432711320473 0
    outer loop
      vertex 6.199999809265137 -11.399999618530273 0
      vertex 6.199407577514648 -11.381162643432617 2.799999237060547
      vertex 6.199407577514648 -11.381162643432617 0
    endloop
  endfacet
  facet normal -0.9995061338808694 -0.03142432711320473 0
    outer loop
      vertex 6.199407577514648 -11.381162643432617 2.799999237060547
      vertex 6.199999809265137 -11.399999618530273 0
      vertex 6.199999809265137 -11.399999618530273 2.799999237060547
    endloop
  endfacet
  facet normal -0.5090378705197731 0.8607441236376201 0
    outer loop
      vertex 6.060747146606445 -11.653298377990723 0
      vertex 6.044526100158691 -11.662891387939453 2.799999237060547
      vertex 6.060747146606445 -11.653298377990723 2.799999237060547
    endloop
  endfacet
  facet normal -0.5090378705197731 0.8607441236376201 0
    outer loop
      vertex 6.044526100158691 -11.662891387939453 2.799999237060547
      vertex 6.060747146606445 -11.653298377990723 0
      vertex 6.044526100158691 -11.662891387939453 0
    endloop
  endfacet
  facet normal -0.987692295522357 0.15640949256927125 0
    outer loop
      vertex 6.194685935974121 -11.45621395111084 0
      vertex 6.197633743286133 -11.437599182128906 2.799999237060547
      vertex 6.197633743286133 -11.437599182128906 0
    endloop
  endfacet
  facet normal -0.987692295522357 0.15640949256927125 0
    outer loop
      vertex 6.197633743286133 -11.437599182128906 2.799999237060547
      vertex 6.194685935974121 -11.45621395111084 0
      vertex 6.194685935974121 -11.45621395111084 2.799999237060547
    endloop
  endfacet
  facet normal 0.8270817629306938 0.5620816287937686 0
    outer loop
      vertex -6.142704963684082 -11.576334953308105 2.799999237060547
      vertex -6.153298377990723 -11.560747146606445 0
      vertex -6.153298377990723 -11.560747146606445 2.799999237060547
    endloop
  endfacet
  facet normal 0.8270817629306938 0.5620816287937686 0
    outer loop
      vertex -6.153298377990723 -11.560747146606445 0
      vertex -6.142704963684082 -11.576334953308105 2.799999237060547
      vertex -6.142704963684082 -11.576334953308105 0
    endloop
  endfacet
  facet normal -0.03142432711320473 0.9995061338808694 0
    outer loop
      vertex 5.91883659362793 -11.699407577514648 2.799999237060547
      vertex 5.899999618530273 -11.699999809265137 2.59999942779541
      vertex 5.899999618530273 -11.699999809265137 2.799999237060547
    endloop
  endfacet
  facet normal -0.03142432711320473 0.9995061338808694 0
    outer loop
      vertex 5.91883659362793 -11.699407577514648 2.799999237060547
      vertex 5.899999618530273 -11.699999809265137 2.1999998092651367
      vertex 5.899999618530273 -11.699999809265137 2.59999942779541
    endloop
  endfacet
  facet normal -0.03142432711320473 0.9995061338808694 0
    outer loop
      vertex 5.91883659362793 -11.699407577514648 0
      vertex 5.899999618530273 -11.699999809265137 2.1999998092651367
      vertex 5.91883659362793 -11.699407577514648 2.799999237060547
    endloop
  endfacet
  facet normal -0.03142432711320473 0.9995061338808693 0
    outer loop
      vertex 5.899999618530273 -11.699999809265137 2.1999998092651367
      vertex 5.91883659362793 -11.699407577514648 0
      vertex 5.899999618530273 -11.699999809265137 0
    endloop
  endfacet
  facet normal -0.6613086191712378 -0.750113931486298 0
    outer loop
      vertex 6.091226577758789 -11.168845176696777 0
      vertex 6.105363845825195 -11.18130874633789 2.799999237060547
      vertex 6.091226577758789 -11.168845176696777 2.799999237060547
    endloop
  endfacet
  facet normal -0.6613086191712378 -0.750113931486298 0
    outer loop
      vertex 6.105363845825195 -11.18130874633789 2.799999237060547
      vertex 6.091226577758789 -11.168845176696777 0
      vertex 6.105363845825195 -11.18130874633789 0
    endloop
  endfacet
  facet normal 0.9177653365366643 -0.3971231383988389 0
    outer loop
      vertex -6.178932189941406 -11.289562225341797 2.799999237060547
      vertex -6.17144775390625 -11.272265434265137 0
      vertex -6.17144775390625 -11.272265434265137 2.799999237060547
    endloop
  endfacet
  facet normal 0.9177653365366643 -0.3971231383988389 0
    outer loop
      vertex -6.17144775390625 -11.272265434265137 0
      vertex -6.178932189941406 -11.289562225341797 2.799999237060547
      vertex -6.178932189941406 -11.289562225341797 0
    endloop
  endfacet
  facet normal -0.3971415818131048 0.9177573557291627 0
    outer loop
      vertex 6.027732849121094 -11.67144775390625 0
      vertex 6.01043701171875 -11.678932189941406 2.799999237060547
      vertex 6.027732849121094 -11.67144775390625 2.799999237060547
    endloop
  endfacet
  facet normal -0.3971415818131048 0.9177573557291627 0
    outer loop
      vertex 6.01043701171875 -11.678932189941406 2.799999237060547
      vertex 6.027732849121094 -11.67144775390625 0
      vertex 6.01043701171875 -11.678932189941406 0
    endloop
  endfacet
  facet normal 0.09412132591765666 -0.9955607344645039 0
    outer loop
      vertex -5.937599182128906 -11.102365493774414 0
      vertex -5.91883659362793 -11.100591659545898 2.799999237060547
      vertex -5.937599182128906 -11.102365493774414 2.799999237060547
    endloop
  endfacet
  facet normal 0.09412132591765666 -0.9955607344645039 0
    outer loop
      vertex -5.91883659362793 -11.100591659545898 2.799999237060547
      vertex -5.937599182128906 -11.102365493774414 0
      vertex -5.91883659362793 -11.100591659545898 0
    endloop
  endfacet
  facet normal -0.8607572355819642 -0.5090156985725443 0
    outer loop
      vertex 6.162891387939453 -11.255473136901855 0
      vertex 6.153298377990723 -11.239251136779785 2.799999237060547
      vertex 6.153298377990723 -11.239251136779785 0
    endloop
  endfacet
  facet normal -0.8607572355819642 -0.5090156985725443 0
    outer loop
      vertex 6.153298377990723 -11.239251136779785 2.799999237060547
      vertex 6.162891387939453 -11.255473136901855 0
      vertex 6.162891387939453 -11.255473136901855 2.799999237060547
    endloop
  endfacet
  facet normal 0.7071067811865476 0.7071067811865476 0
    outer loop
      vertex -6.105363845825195 -11.618690490722656 2.799999237060547
      vertex -6.118690490722656 -11.605363845825195 0
      vertex -6.118690490722656 -11.605363845825195 2.799999237060547
    endloop
  endfacet
  facet normal 0.7071067811865476 0.7071067811865476 0
    outer loop
      vertex -6.118690490722656 -11.605363845825195 0
      vertex -6.105363845825195 -11.618690490722656 2.799999237060547
      vertex -6.105363845825195 -11.618690490722656 0
    endloop
  endfacet
  facet normal -0.6612801458526502 0.7501390329139643 0
    outer loop
      vertex 6.105363845825195 -11.618690490722656 0
      vertex 6.091226577758789 -11.631153106689453 2.799999237060547
      vertex 6.105363845825195 -11.618690490722656 2.799999237060547
    endloop
  endfacet
  facet normal -0.6612801458526502 0.7501390329139643 0
    outer loop
      vertex 6.091226577758789 -11.631153106689453 2.799999237060547
      vertex 6.105363845825195 -11.618690490722656 0
      vertex 6.091226577758789 -11.631153106689453 0
    endloop
  endfacet
  facet normal 0.9759160266868775 0.21814653069828524 0
    outer loop
      vertex -6.190574645996094 -11.47460651397705 2.799999237060547
      vertex -6.194685935974121 -11.45621395111084 0
      vertex -6.194685935974121 -11.45621395111084 2.799999237060547
    endloop
  endfacet
  facet normal 0.9759160266868775 0.21814653069828524 0
    outer loop
      vertex -6.194685935974121 -11.45621395111084 0
      vertex -6.190574645996094 -11.47460651397705 2.799999237060547
      vertex -6.190574645996094 -11.47460651397705 0
    endloop
  endfacet
  facet normal -0.7901362790005535 0.6129312038125971 0
    outer loop
      vertex 6.131153106689453 -11.591226577758789 0
      vertex 6.142704963684082 -11.576334953308105 2.799999237060547
      vertex 6.142704963684082 -11.576334953308105 0
    endloop
  endfacet
  facet normal -0.7901362790005535 0.6129312038125971 0
    outer loop
      vertex 6.142704963684082 -11.576334953308105 2.799999237060547
      vertex 6.131153106689453 -11.591226577758789 0
      vertex 6.131153106689453 -11.591226577758789 2.799999237060547
    endloop
  endfacet
  facet normal -0.8270657750990594 -0.5621051535609614 0
    outer loop
      vertex 6.153298377990723 -11.239251136779785 0
      vertex 6.142704963684082 -11.223664283752441 2.799999237060547
      vertex 6.142704963684082 -11.223664283752441 0
    endloop
  endfacet
  facet normal -0.8270657750990594 -0.5621051535609614 0
    outer loop
      vertex 6.142704963684082 -11.223664283752441 2.799999237060547
      vertex 6.153298377990723 -11.239251136779785 0
      vertex 6.153298377990723 -11.239251136779785 2.799999237060547
    endloop
  endfacet
  facet normal -0.7071067811865476 -0.7071067811865476 0
    outer loop
      vertex 6.118690490722656 -11.194635391235352 0
      vertex 6.105363845825195 -11.18130874633789 2.799999237060547
      vertex 6.105363845825195 -11.18130874633789 0
    endloop
  endfacet
  facet normal -0.7071067811865476 -0.7071067811865476 0
    outer loop
      vertex 6.105363845825195 -11.18130874633789 2.799999237060547
      vertex 6.118690490722656 -11.194635391235352 0
      vertex 6.118690490722656 -11.194635391235352 2.799999237060547
    endloop
  endfacet
  facet normal -0.7501390329139643 0.6612801458526502 0
    outer loop
      vertex 6.118690490722656 -11.605363845825195 0
      vertex 6.131153106689453 -11.591226577758789 2.799999237060547
      vertex 6.131153106689453 -11.591226577758789 0
    endloop
  endfacet
  facet normal -0.7501390329139643 0.6612801458526502 0
    outer loop
      vertex 6.131153106689453 -11.591226577758789 2.799999237060547
      vertex 6.118690490722656 -11.605363845825195 0
      vertex 6.118690490722656 -11.605363845825195 2.799999237060547
    endloop
  endfacet
  facet normal 0.09412132591765666 0.9955607344645039 0
    outer loop
      vertex -5.91883659362793 -11.699407577514648 0
      vertex -5.937599182128906 -11.697633743286133 2.799999237060547
      vertex -5.91883659362793 -11.699407577514648 2.799999237060547
    endloop
  endfacet
  facet normal 0.09412132591765666 0.9955607344645039 0
    outer loop
      vertex -5.937599182128906 -11.697633743286133 2.799999237060547
      vertex -5.91883659362793 -11.699407577514648 0
      vertex -5.937599182128906 -11.697633743286133 0
    endloop
  endfacet
  facet normal 0.4539811142068577 -0.8910113062938652 0
    outer loop
      vertex -6.044526100158691 -11.137107849121094 0
      vertex -6.027732849121094 -11.128551483154297 2.799999237060547
      vertex -6.044526100158691 -11.137107849121094 2.799999237060547
    endloop
  endfacet
  facet normal 0.4539811142068577 -0.8910113062938652 0
    outer loop
      vertex -6.027732849121094 -11.128551483154297 2.799999237060547
      vertex -6.044526100158691 -11.137107849121094 0
      vertex -6.027732849121094 -11.128551483154297 0
    endloop
  endfacet
  facet normal 0.15640949256927125 -0.987692295522357 0
    outer loop
      vertex -5.95621395111084 -11.105313301086426 0
      vertex -5.937599182128906 -11.102365493774414 2.799999237060547
      vertex -5.95621395111084 -11.105313301086426 2.799999237060547
    endloop
  endfacet
  facet normal 0.15640949256927125 -0.987692295522357 0
    outer loop
      vertex -5.937599182128906 -11.102365493774414 2.799999237060547
      vertex -5.95621395111084 -11.105313301086426 0
      vertex -5.937599182128906 -11.102365493774414 0
    endloop
  endfacet
  facet normal 0.9602845769652638 -0.2790224565203386 0
    outer loop
      vertex -6.190574645996094 -11.325392723083496 2.799999237060547
      vertex -6.18531608581543 -11.307294845581055 0
      vertex -6.18531608581543 -11.307294845581055 2.799999237060547
    endloop
  endfacet
  facet normal 0.9602845769652638 -0.2790224565203386 0
    outer loop
      vertex -6.18531608581543 -11.307294845581055 0
      vertex -6.190574645996094 -11.325392723083496 2.799999237060547
      vertex -6.190574645996094 -11.325392723083496 0
    endloop
  endfacet
  facet normal 0.6613086191712378 -0.750113931486298 0
    outer loop
      vertex -6.105363845825195 -11.18130874633789 0
      vertex -6.091226577758789 -11.168845176696777 2.799999237060547
      vertex -6.105363845825195 -11.18130874633789 2.799999237060547
    endloop
  endfacet
  facet normal 0.6613086191712378 -0.750113931486298 0
    outer loop
      vertex -6.091226577758789 -11.168845176696777 2.799999237060547
      vertex -6.105363845825195 -11.18130874633789 0
      vertex -6.091226577758789 -11.168845176696777 0
    endloop
  endfacet
  facet normal 0.4539811142068577 0.8910113062938652 0
    outer loop
      vertex -6.027732849121094 -11.67144775390625 0
      vertex -6.044526100158691 -11.662891387939453 2.799999237060547
      vertex -6.027732849121094 -11.67144775390625 2.799999237060547
    endloop
  endfacet
  facet normal 0.4539811142068577 0.8910113062938652 0
    outer loop
      vertex -6.044526100158691 -11.662891387939453 2.799999237060547
      vertex -6.027732849121094 -11.67144775390625 0
      vertex -6.044526100158691 -11.662891387939453 0
    endloop
  endfacet
  facet normal 0.21814653069828524 0.9759160266868775 0
    outer loop
      vertex -5.95621395111084 -11.694685935974121 0
      vertex -5.974606513977051 -11.690574645996094 2.799999237060547
      vertex -5.95621395111084 -11.694685935974121 2.799999237060547
    endloop
  endfacet
  facet normal 0.21814653069828524 0.9759160266868775 0
    outer loop
      vertex -5.974606513977051 -11.690574645996094 2.799999237060547
      vertex -5.95621395111084 -11.694685935974121 0
      vertex -5.974606513977051 -11.690574645996094 0
    endloop
  endfacet
  facet normal 0.9876910575159983 -0.15641731011281643 0
    outer loop
      vertex -6.197633743286133 -11.362399101257324 2.799999237060547
      vertex -6.194685935974121 -11.343785285949707 0
      vertex -6.194685935974121 -11.343785285949707 2.799999237060547
    endloop
  endfacet
  facet normal 0.9876910575159983 -0.15641731011281643 0
    outer loop
      vertex -6.194685935974121 -11.343785285949707 0
      vertex -6.197633743286133 -11.362399101257324 2.799999237060547
      vertex -6.197633743286133 -11.362399101257324 0
    endloop
  endfacet
  facet normal 0.9955611827124909 -0.09411658449022786 0
    outer loop
      vertex -6.199407577514648 -11.381162643432617 2.799999237060547
      vertex -6.197633743286133 -11.362399101257324 0
      vertex -6.197633743286133 -11.362399101257324 2.799999237060547
    endloop
  endfacet
  facet normal 0.9955611827124909 -0.09411658449022786 0
    outer loop
      vertex -6.197633743286133 -11.362399101257324 0
      vertex -6.199407577514648 -11.381162643432617 2.799999237060547
      vertex -6.199407577514648 -11.381162643432617 0
    endloop
  endfacet
  facet normal 0.6129312038125971 0.7901362790005535 0
    outer loop
      vertex -6.0763349533081055 -11.642704963684082 0
      vertex -6.091226577758789 -11.631153106689453 2.799999237060547
      vertex -6.0763349533081055 -11.642704963684082 2.799999237060547
    endloop
  endfacet
  facet normal 0.6129312038125971 0.7901362790005535 0
    outer loop
      vertex -6.091226577758789 -11.631153106689453 2.799999237060547
      vertex -6.0763349533081055 -11.642704963684082 0
      vertex -6.091226577758789 -11.631153106689453 0
    endloop
  endfacet
  facet normal 0.6612801458526502 0.7501390329139643 0
    outer loop
      vertex -6.091226577758789 -11.631153106689453 0
      vertex -6.105363845825195 -11.618690490722656 2.799999237060547
      vertex -6.091226577758789 -11.631153106689453 2.799999237060547
    endloop
  endfacet
  facet normal 0.6612801458526502 0.7501390329139643 0
    outer loop
      vertex -6.105363845825195 -11.618690490722656 2.799999237060547
      vertex -6.091226577758789 -11.631153106689453 0
      vertex -6.105363845825195 -11.618690490722656 0
    endloop
  endfacet
  facet normal 0.03142432711320473 0.9995061338808694 0
    outer loop
      vertex -5.899999618530273 -11.699999809265137 2.59999942779541
      vertex -5.91883659362793 -11.699407577514648 2.799999237060547
      vertex -5.899999618530273 -11.699999809265137 2.799999237060547
    endloop
  endfacet
  facet normal 0.03142432711320473 0.9995061338808694 0
    outer loop
      vertex -5.899999618530273 -11.699999809265137 2.1999998092651367
      vertex -5.91883659362793 -11.699407577514648 2.799999237060547
      vertex -5.899999618530273 -11.699999809265137 2.59999942779541
    endloop
  endfacet
  facet normal 0.03142432711320473 0.9995061338808693 0
    outer loop
      vertex -5.91883659362793 -11.699407577514648 0
      vertex -5.899999618530273 -11.699999809265137 2.1999998092651367
      vertex -5.899999618530273 -11.699999809265137 0
    endloop
  endfacet
  facet normal 0.03142432711320473 0.9995061338808694 0
    outer loop
      vertex -5.899999618530273 -11.699999809265137 2.1999998092651367
      vertex -5.91883659362793 -11.699407577514648 0
      vertex -5.91883659362793 -11.699407577514648 2.799999237060547
    endloop
  endfacet
  facet normal -0.4539811142068577 -0.8910113062938652 0
    outer loop
      vertex 6.027732849121094 -11.128551483154297 0
      vertex 6.044526100158691 -11.137107849121094 2.799999237060547
      vertex 6.027732849121094 -11.128551483154297 2.799999237060547
    endloop
  endfacet
  facet normal -0.4539811142068577 -0.8910113062938652 0
    outer loop
      vertex 6.044526100158691 -11.137107849121094 2.799999237060547
      vertex 6.027732849121094 -11.128551483154297 0
      vertex 6.044526100158691 -11.137107849121094 0
    endloop
  endfacet
  facet normal 0.7501390329139643 0.6612801458526502 0
    outer loop
      vertex -6.118690490722656 -11.605363845825195 2.799999237060547
      vertex -6.131153106689453 -11.591226577758789 0
      vertex -6.131153106689453 -11.591226577758789 2.799999237060547
    endloop
  endfacet
  facet normal 0.7501390329139643 0.6612801458526502 0
    outer loop
      vertex -6.131153106689453 -11.591226577758789 0
      vertex -6.118690490722656 -11.605363845825195 2.799999237060547
      vertex -6.118690490722656 -11.605363845825195 0
    endloop
  endfacet
  facet normal -0.21814653069828524 -0.9759160266868775 0
    outer loop
      vertex 5.95621395111084 -11.105313301086426 0
      vertex 5.974606513977051 -11.109424591064453 2.799999237060547
      vertex 5.95621395111084 -11.105313301086426 2.799999237060547
    endloop
  endfacet
  facet normal -0.21814653069828524 -0.9759160266868775 0
    outer loop
      vertex 5.974606513977051 -11.109424591064453 2.799999237060547
      vertex 5.95621395111084 -11.105313301086426 0
      vertex 5.974606513977051 -11.109424591064453 0
    endloop
  endfacet
  facet normal 0.9408848315934861 0.3387266356183068 0
    outer loop
      vertex -6.178932189941406 -11.51043701171875 2.799999237060547
      vertex -6.18531608581543 -11.492704391479492 0
      vertex -6.18531608581543 -11.492704391479492 2.799999237060547
    endloop
  endfacet
  facet normal 0.9408848315934861 0.3387266356183068 0
    outer loop
      vertex -6.18531608581543 -11.492704391479492 0
      vertex -6.178932189941406 -11.51043701171875 2.799999237060547
      vertex -6.178932189941406 -11.51043701171875 0
    endloop
  endfacet
  facet normal 0.3971415818131048 -0.9177573557291627 0
    outer loop
      vertex -6.027732849121094 -11.128551483154297 0
      vertex -6.01043701171875 -11.12106704711914 2.799999237060547
      vertex -6.027732849121094 -11.128551483154297 2.799999237060547
    endloop
  endfacet
  facet normal 0.3971415818131048 -0.9177573557291627 0
    outer loop
      vertex -6.01043701171875 -11.12106704711914 2.799999237060547
      vertex -6.027732849121094 -11.128551483154297 0
      vertex -6.01043701171875 -11.12106704711914 0
    endloop
  endfacet
  facet normal -0.9955611827124909 -0.09411658449022786 0
    outer loop
      vertex 6.199407577514648 -11.381162643432617 0
      vertex 6.197633743286133 -11.362399101257324 2.799999237060547
      vertex 6.197633743286133 -11.362399101257324 0
    endloop
  endfacet
  facet normal -0.9955611827124909 -0.09411658449022786 0
    outer loop
      vertex 6.197633743286133 -11.362399101257324 2.799999237060547
      vertex 6.199407577514648 -11.381162643432617 0
      vertex 6.199407577514648 -11.381162643432617 2.799999237060547
    endloop
  endfacet
  facet normal -0.5620816287937686 -0.8270817629306938 0
    outer loop
      vertex 6.060747146606445 -11.146700859069824 0
      vertex 6.0763349533081055 -11.157294273376465 2.799999237060547
      vertex 6.060747146606445 -11.146700859069824 2.799999237060547
    endloop
  endfacet
  facet normal -0.5620816287937686 -0.8270817629306938 0
    outer loop
      vertex 6.0763349533081055 -11.157294273376465 2.799999237060547
      vertex 6.060747146606445 -11.146700859069824 0
      vertex 6.0763349533081055 -11.157294273376465 0
    endloop
  endfacet
  facet normal 0.6128996112958489 -0.7901607852034909 0
    outer loop
      vertex -6.091226577758789 -11.168845176696777 0
      vertex -6.0763349533081055 -11.157294273376465 2.799999237060547
      vertex -6.091226577758789 -11.168845176696777 2.799999237060547
    endloop
  endfacet
  facet normal 0.6128996112958489 -0.7901607852034909 0
    outer loop
      vertex -6.0763349533081055 -11.157294273376465 2.799999237060547
      vertex -6.091226577758789 -11.168845176696777 0
      vertex -6.0763349533081055 -11.157294273376465 0
    endloop
  endfacet
  facet normal -0.9177573557291627 0.3971415818131048 0
    outer loop
      vertex 6.17144775390625 -11.527732849121094 0
      vertex 6.178932189941406 -11.51043701171875 2.799999237060547
      vertex 6.178932189941406 -11.51043701171875 0
    endloop
  endfacet
  facet normal -0.9177573557291627 0.3971415818131048 0
    outer loop
      vertex 6.178932189941406 -11.51043701171875 2.799999237060547
      vertex 6.17144775390625 -11.527732849121094 0
      vertex 6.17144775390625 -11.527732849121094 2.799999237060547
    endloop
  endfacet
  facet normal -0.2790224565203386 0.9602845769652638 0
    outer loop
      vertex 5.992704391479492 -11.68531608581543 0
      vertex 5.974606513977051 -11.690574645996094 2.799999237060547
      vertex 5.992704391479492 -11.68531608581543 2.799999237060547
    endloop
  endfacet
  facet normal -0.2790224565203386 0.9602845769652638 0
    outer loop
      vertex 5.974606513977051 -11.690574645996094 2.799999237060547
      vertex 5.992704391479492 -11.68531608581543 0
      vertex 5.974606513977051 -11.690574645996094 0
    endloop
  endfacet
  facet normal 0.33877143019208855 -0.9408687039569372 0
    outer loop
      vertex -6.01043701171875 -11.12106704711914 0
      vertex -5.992704391479492 -11.1146821975708 2.799999237060547
      vertex -6.01043701171875 -11.12106704711914 2.799999237060547
    endloop
  endfacet
  facet normal 0.33877143019208855 -0.9408687039569372 0
    outer loop
      vertex -5.992704391479492 -11.1146821975708 2.799999237060547
      vertex -6.01043701171875 -11.12106704711914 0
      vertex -5.992704391479492 -11.1146821975708 0
    endloop
  endfacet
  facet normal -0.9602845769652638 -0.2790224565203386 0
    outer loop
      vertex 6.190574645996094 -11.325392723083496 0
      vertex 6.18531608581543 -11.307294845581055 2.799999237060547
      vertex 6.18531608581543 -11.307294845581055 0
    endloop
  endfacet
  facet normal -0.9602845769652638 -0.2790224565203386 0
    outer loop
      vertex 6.18531608581543 -11.307294845581055 2.799999237060547
      vertex 6.190574645996094 -11.325392723083496 0
      vertex 6.190574645996094 -11.325392723083496 2.799999237060547
    endloop
  endfacet
  facet normal 0.3387266356183068 0.9408848315934861 0
    outer loop
      vertex -5.992704391479492 -11.68531608581543 0
      vertex -6.01043701171875 -11.678932189941406 2.799999237060547
      vertex -5.992704391479492 -11.68531608581543 2.799999237060547
    endloop
  endfacet
  facet normal 0.3387266356183068 0.9408848315934861 0
    outer loop
      vertex -6.01043701171875 -11.678932189941406 2.799999237060547
      vertex -5.992704391479492 -11.68531608581543 0
      vertex -6.01043701171875 -11.678932189941406 0
    endloop
  endfacet
  facet normal -0.7501390329139643 -0.6612801458526502 0
    outer loop
      vertex 6.131153106689453 -11.208772659301758 0
      vertex 6.118690490722656 -11.194635391235352 2.799999237060547
      vertex 6.118690490722656 -11.194635391235352 0
    endloop
  endfacet
  facet normal -0.7501390329139643 -0.6612801458526502 0
    outer loop
      vertex 6.118690490722656 -11.194635391235352 2.799999237060547
      vertex 6.131153106689453 -11.208772659301758 0
      vertex 6.131153106689453 -11.208772659301758 2.799999237060547
    endloop
  endfacet
  facet normal 0.5090378705197731 -0.8607441236376201 0
    outer loop
      vertex -6.060747146606445 -11.146700859069824 0
      vertex -6.044526100158691 -11.137107849121094 2.799999237060547
      vertex -6.060747146606445 -11.146700859069824 2.799999237060547
    endloop
  endfacet
  facet normal 0.5090378705197731 -0.8607441236376201 0
    outer loop
      vertex -6.044526100158691 -11.137107849121094 2.799999237060547
      vertex -6.060747146606445 -11.146700859069824 0
      vertex -6.044526100158691 -11.137107849121094 0
    endloop
  endfacet
  facet normal -0.6128996112958489 -0.7901607852034909 0
    outer loop
      vertex 6.0763349533081055 -11.157294273376465 0
      vertex 6.091226577758789 -11.168845176696777 2.799999237060547
      vertex 6.0763349533081055 -11.157294273376465 2.799999237060547
    endloop
  endfacet
  facet normal -0.6128996112958489 -0.7901607852034909 0
    outer loop
      vertex 6.091226577758789 -11.168845176696777 2.799999237060547
      vertex 6.0763349533081055 -11.157294273376465 0
      vertex 6.091226577758789 -11.168845176696777 0
    endloop
  endfacet
  facet normal -0.8910113062938652 0.4539811142068577 0
    outer loop
      vertex 6.162891387939453 -11.544526100158691 0
      vertex 6.17144775390625 -11.527732849121094 2.799999237060547
      vertex 6.17144775390625 -11.527732849121094 0
    endloop
  endfacet
  facet normal -0.8910113062938652 0.4539811142068577 0
    outer loop
      vertex 6.17144775390625 -11.527732849121094 2.799999237060547
      vertex 6.162891387939453 -11.544526100158691 0
      vertex 6.162891387939453 -11.544526100158691 2.799999237060547
    endloop
  endfacet
  facet normal -0.15640949256927125 0.987692295522357 0
    outer loop
      vertex 5.95621395111084 -11.694685935974121 0
      vertex 5.937599182128906 -11.697633743286133 2.799999237060547
      vertex 5.95621395111084 -11.694685935974121 2.799999237060547
    endloop
  endfacet
  facet normal -0.15640949256927125 0.987692295522357 0
    outer loop
      vertex 5.937599182128906 -11.697633743286133 2.799999237060547
      vertex 5.95621395111084 -11.694685935974121 0
      vertex 5.937599182128906 -11.697633743286133 0
    endloop
  endfacet
  facet normal -0.27897579257001254 -0.9602981345186157 0
    outer loop
      vertex 5.974606513977051 -11.109424591064453 0
      vertex 5.992704391479492 -11.1146821975708 2.799999237060547
      vertex 5.974606513977051 -11.109424591064453 2.799999237060547
    endloop
  endfacet
  facet normal -0.27897579257001254 -0.9602981345186157 0
    outer loop
      vertex 5.992704391479492 -11.1146821975708 2.799999237060547
      vertex 5.974606513977051 -11.109424591064453 0
      vertex 5.992704391479492 -11.1146821975708 0
    endloop
  endfacet
  facet normal -0.5090378705197731 -0.8607441236376201 0
    outer loop
      vertex 6.044526100158691 -11.137107849121094 0
      vertex 6.060747146606445 -11.146700859069824 2.799999237060547
      vertex 6.044526100158691 -11.137107849121094 2.799999237060547
    endloop
  endfacet
  facet normal -0.5090378705197731 -0.8607441236376201 0
    outer loop
      vertex 6.060747146606445 -11.146700859069824 2.799999237060547
      vertex 6.044526100158691 -11.137107849121094 0
      vertex 6.060747146606445 -11.146700859069824 0
    endloop
  endfacet
  facet normal -0.9408848315934861 0.3387266356183068 0
    outer loop
      vertex 6.178932189941406 -11.51043701171875 0
      vertex 6.18531608581543 -11.492704391479492 2.799999237060547
      vertex 6.18531608581543 -11.492704391479492 0
    endloop
  endfacet
  facet normal -0.9408848315934861 0.3387266356183068 0
    outer loop
      vertex 6.18531608581543 -11.492704391479492 2.799999237060547
      vertex 6.178932189941406 -11.51043701171875 0
      vertex 6.178932189941406 -11.51043701171875 2.799999237060547
    endloop
  endfacet
  facet normal -0.8910008770345684 -0.45400158273251634 0
    outer loop
      vertex 6.17144775390625 -11.272265434265137 0
      vertex 6.162891387939453 -11.255473136901855 2.799999237060547
      vertex 6.162891387939453 -11.255473136901855 0
    endloop
  endfacet
  facet normal -0.8910008770345684 -0.45400158273251634 0
    outer loop
      vertex 6.162891387939453 -11.255473136901855 2.799999237060547
      vertex 6.17144775390625 -11.272265434265137 0
      vertex 6.17144775390625 -11.272265434265137 2.799999237060547
    endloop
  endfacet
  facet normal -0.09412132591765666 0.9955607344645039 0
    outer loop
      vertex 5.937599182128906 -11.697633743286133 0
      vertex 5.91883659362793 -11.699407577514648 2.799999237060547
      vertex 5.937599182128906 -11.697633743286133 2.799999237060547
    endloop
  endfacet
  facet normal -0.09412132591765666 0.9955607344645039 0
    outer loop
      vertex 5.91883659362793 -11.699407577514648 2.799999237060547
      vertex 5.937599182128906 -11.697633743286133 0
      vertex 5.91883659362793 -11.699407577514648 0
    endloop
  endfacet
  facet normal 0 0 -1
    outer loop
      vertex 11.699999809265137 -5.899999618530273 2.59999942779541
      vertex 12.399999618530273 -6 2.59999942779541
      vertex 11.699999809265137 -6 2.59999942779541
    endloop
  endfacet
  facet normal 0 0 -1
    outer loop
      vertex 12.399999618530273 -6 2.59999942779541
      vertex 11.699999809265137 -5.899999618530273 2.59999942779541
      vertex 12.399999618530273 6 2.59999942779541
    endloop
  endfacet
  facet normal 0 0 -1
    outer loop
      vertex 11.699999809265137 5.899999618530273 2.59999942779541
      vertex 12.399999618530273 6 2.59999942779541
      vertex 11.699999809265137 -5.899999618530273 2.59999942779541
    endloop
  endfacet
  facet normal 0 0 -1
    outer loop
      vertex 12.399999618530273 6 2.59999942779541
      vertex 11.699999809265137 5.899999618530273 2.59999942779541
      vertex 11.699999809265137 6 2.59999942779541
    endloop
  endfacet
  facet normal 0 0 1
    outer loop
      vertex 11.699999809265137 5.899999618530273 2.1999998092651367
      vertex 12.399999618530273 6 2.1999998092651367
      vertex 11.699999809265137 6 2.1999998092651367
    endloop
  endfacet
  facet normal 0 0 1
    outer loop
      vertex 12.399999618530273 6 2.1999998092651367
      vertex 11.699999809265137 5.899999618530273 2.1999998092651367
      vertex 12.399999618530273 -6 2.1999998092651367
    endloop
  endfacet
  facet normal 0 0 1
    outer loop
      vertex 11.699999809265137 -5.899999618530273 2.1999998092651367
      vertex 12.399999618530273 -6 2.1999998092651367
      vertex 11.699999809265137 5.899999618530273 2.1999998092651367
    endloop
  endfacet
  facet normal 0 0 1
    outer loop
      vertex 12.399999618530273 -6 2.1999998092651367
      vertex 11.699999809265137 -5.899999618530273 2.1999998092651367
      vertex 11.699999809265137 -6 2.1999998092651367
    endloop
  endfacet
  facet normal 0 -1 0
    outer loop
      vertex 11.699999809265137 6 2.1999998092651367
      vertex 12.399999618530273 6 2.59999942779541
      vertex 11.699999809265137 6 2.59999942779541
    endloop
  endfacet
  facet normal 0 -1 0
    outer loop
      vertex 12.399999618530273 6 2.59999942779541
      vertex 11.699999809265137 6 2.1999998092651367
      vertex 12.399999618530273 6 2.1999998092651367
    endloop
  endfacet
  facet normal 0 1 0
    outer loop
      vertex 12.399999618530273 -6 2.1999998092651367
      vertex 11.699999809265137 -6 2.59999942779541
      vertex 12.399999618530273 -6 2.59999942779541
    endloop
  endfacet
  facet normal 0 1 0
    outer loop
      vertex 11.699999809265137 -6 2.59999942779541
      vertex 12.399999618530273 -6 2.1999998092651367
      vertex 11.699999809265137 -6 2.1999998092651367
    endloop
  endfacet
  facet normal 0 0 -1
    outer loop
      vertex 5.899999618530273 11.699999809265137 2.59999942779541
      vertex 6 12.399999618530273 2.59999942779541
      vertex 6 11.699999809265137 2.59999942779541
    endloop
  endfacet
  facet normal 0 0 -1
    outer loop
      vertex -5.899999618530273 11.699999809265137 2.59999942779541
      vertex 6 12.399999618530273 2.59999942779541
      vertex 5.899999618530273 11.699999809265137 2.59999942779541
    endloop
  endfacet
  facet normal 0 0 -1
    outer loop
      vertex -6 12.399999618530273 2.59999942779541
      vertex -5.899999618530273 11.699999809265137 2.59999942779541
      vertex -6 11.699999809265137 2.59999942779541
    endloop
  endfacet
  facet normal 0 0 -1
    outer loop
      vertex -5.899999618530273 11.699999809265137 2.59999942779541
      vertex -6 12.399999618530273 2.59999942779541
      vertex 6 12.399999618530273 2.59999942779541
    endloop
  endfacet
  facet normal 1 0 0
    outer loop
      vertex -6 11.699999809265137 2.59999942779541
      vertex -6 12.399999618530273 2.1999998092651367
      vertex -6 12.399999618530273 2.59999942779541
    endloop
  endfacet
  facet normal 1 0 0
    outer loop
      vertex -6 12.399999618530273 2.1999998092651367
      vertex -6 11.699999809265137 2.59999942779541
      vertex -6 11.699999809265137 2.1999998092651367
    endloop
  endfacet
  facet normal 0 0 1
    outer loop
      vertex 6 12.399999618530273 2.1999998092651367
      vertex 5.899999618530273 11.699999809265137 2.1999998092651367
      vertex 6 11.699999809265137 2.1999998092651367
    endloop
  endfacet
  facet normal 0 0 1
    outer loop
      vertex 6 12.399999618530273 2.1999998092651367
      vertex -5.899999618530273 11.699999809265137 2.1999998092651367
      vertex 5.899999618530273 11.699999809265137 2.1999998092651367
    endloop
  endfacet
  facet normal 0 0 1
    outer loop
      vertex -6 12.399999618530273 2.1999998092651367
      vertex -5.899999618530273 11.699999809265137 2.1999998092651367
      vertex 6 12.399999618530273 2.1999998092651367
    endloop
  endfacet
  facet normal 0 0 1
    outer loop
      vertex -5.899999618530273 11.699999809265137 2.1999998092651367
      vertex -6 12.399999618530273 2.1999998092651367
      vertex -6 11.699999809265137 2.1999998092651367
    endloop
  endfacet
  facet normal -1 0 0
    outer loop
      vertex 6 11.699999809265137 2.1999998092651367
      vertex 6 12.399999618530273 2.59999942779541
      vertex 6 12.399999618530273 2.1999998092651367
    endloop
  endfacet
  facet normal -1 0 0
    outer loop
      vertex 6 12.399999618530273 2.59999942779541
      vertex 6 11.699999809265137 2.1999998092651367
      vertex 6 11.699999809265137 2.59999942779541
    endloop
  endfacet
  facet normal 0 0 -1
    outer loop
      vertex -12.399999618530273 -6 2.59999942779541
      vertex -11.699999809265137 -5.899999618530273 2.59999942779541
      vertex -11.699999809265137 -6 2.59999942779541
    endloop
  endfacet
  facet normal 0 0 -1
    outer loop
      vertex -11.699999809265137 -5.899999618530273 2.59999942779541
      vertex -12.399999618530273 -6 2.59999942779541
      vertex -11.699999809265137 5.899999618530273 2.59999942779541
    endloop
  endfacet
  facet normal 0 0 -1
    outer loop
      vertex -12.399999618530273 6 2.59999942779541
      vertex -11.699999809265137 5.899999618530273 2.59999942779541
      vertex -12.399999618530273 -6 2.59999942779541
    endloop
  endfacet
  facet normal 0 0 -1
    outer loop
      vertex -11.699999809265137 5.899999618530273 2.59999942779541
      vertex -12.399999618530273 6 2.59999942779541
      vertex -11.699999809265137 6 2.59999942779541
    endloop
  endfacet
  facet normal 0 1 0
    outer loop
      vertex -11.699999809265137 -6 2.1999998092651367
      vertex -12.399999618530273 -6 2.59999942779541
      vertex -11.699999809265137 -6 2.59999942779541
    endloop
  endfacet
  facet normal 0 1 0
    outer loop
      vertex -12.399999618530273 -6 2.59999942779541
      vertex -11.699999809265137 -6 2.1999998092651367
      vertex -12.399999618530273 -6 2.1999998092651367
    endloop
  endfacet
  facet normal 0 0 1
    outer loop
      vertex -12.399999618530273 6 2.1999998092651367
      vertex -11.699999809265137 5.899999618530273 2.1999998092651367
      vertex -11.699999809265137 6 2.1999998092651367
    endloop
  endfacet
  facet normal 0 0 1
    outer loop
      vertex -11.699999809265137 5.899999618530273 2.1999998092651367
      vertex -12.399999618530273 6 2.1999998092651367
      vertex -11.699999809265137 -5.899999618530273 2.1999998092651367
    endloop
  endfacet
  facet normal 0 0 1
    outer loop
      vertex -12.399999618530273 -6 2.1999998092651367
      vertex -11.699999809265137 -5.899999618530273 2.1999998092651367
      vertex -12.399999618530273 6 2.1999998092651367
    endloop
  endfacet
  facet normal 0 0 1
    outer loop
      vertex -11.699999809265137 -5.899999618530273 2.1999998092651367
      vertex -12.399999618530273 -6 2.1999998092651367
      vertex -11.699999809265137 -6 2.1999998092651367
    endloop
  endfacet
  facet normal 0 -1 0
    outer loop
      vertex -12.399999618530273 6 2.1999998092651367
      vertex -11.699999809265137 6 2.59999942779541
      vertex -12.399999618530273 6 2.59999942779541
    endloop
  endfacet
  facet normal 0 -1 0
    outer loop
      vertex -11.699999809265137 6 2.59999942779541
      vertex -12.399999618530273 6 2.1999998092651367
      vertex -11.699999809265137 6 2.1999998092651367
    endloop
  endfacet
  facet normal 0 0 -1
    outer loop
      vertex 6 -12.399999618530273 2.59999942779541
      vertex 5.899999618530273 -11.699999809265137 2.59999942779541
      vertex 6 -11.699999809265137 2.59999942779541
    endloop
  endfacet
  facet normal 0 0 -1
    outer loop
      vertex 6 -12.399999618530273 2.59999942779541
      vertex -5.899999618530273 -11.699999809265137 2.59999942779541
      vertex 5.899999618530273 -11.699999809265137 2.59999942779541
    endloop
  endfacet
  facet normal 0 0 -1
    outer loop
      vertex -6 -12.399999618530273 2.59999942779541
      vertex -5.899999618530273 -11.699999809265137 2.59999942779541
      vertex 6 -12.399999618530273 2.59999942779541
    endloop
  endfacet
  facet normal 0 0 -1
    outer loop
      vertex -5.899999618530273 -11.699999809265137 2.59999942779541
      vertex -6 -12.399999618530273 2.59999942779541
      vertex -6 -11.699999809265137 2.59999942779541
    endloop
  endfacet
  facet normal 0 0 1
    outer loop
      vertex 5.899999618530273 -11.699999809265137 2.1999998092651367
      vertex 6 -12.399999618530273 2.1999998092651367
      vertex 6 -11.699999809265137 2.1999998092651367
    endloop
  endfacet
  facet normal 0 0 1
    outer loop
      vertex -5.899999618530273 -11.699999809265137 2.1999998092651367
      vertex 6 -12.399999618530273 2.1999998092651367
      vertex 5.899999618530273 -11.699999809265137 2.1999998092651367
    endloop
  endfacet
  facet normal 0 0 1
    outer loop
      vertex -6 -12.399999618530273 2.1999998092651367
      vertex -5.899999618530273 -11.699999809265137 2.1999998092651367
      vertex -6 -11.699999809265137 2.1999998092651367
    endloop
  endfacet
  facet normal 0 0 1
    outer loop
      vertex -5.899999618530273 -11.699999809265137 2.1999998092651367
      vertex -6 -12.399999618530273 2.1999998092651367
      vertex 6 -12.399999618530273 2.1999998092651367
    endloop
  endfacet
  facet normal 1 0 0
    outer loop
      vertex -6 -12.399999618530273 2.59999942779541
      vertex -6 -11.699999809265137 2.1999998092651367
      vertex -6 -11.699999809265137 2.59999942779541
    endloop
  endfacet
  facet normal 1 0 0
    outer loop
      vertex -6 -11.699999809265137 2.1999998092651367
      vertex -6 -12.399999618530273 2.59999942779541
      vertex -6 -12.399999618530273 2.1999998092651367
    endloop
  endfacet
  facet normal -1 0 0
    outer loop
      vertex 6 -12.399999618530273 2.1999998092651367
      vertex 6 -11.699999809265137 2.59999942779541
      vertex 6 -11.699999809265137 2.1999998092651367
    endloop
  endfacet
  facet normal -1 0 0
    outer loop
      vertex 6 -11.699999809265137 2.59999942779541
      vertex 6 -12.399999618530273 2.1999998092651367
      vertex 6 -12.399999618530273 2.59999942779541
    endloop
  endfacet
endsolid OpenSCAD_Model
